# Extracted from the Cocos Creator 3.8.3 playable build
# Geometry-only OBJ preview for Unity; rig and animation stay in the raw assets.
o enemy_soldier_elite
v -1.93084693 1.76466179 3.74993849
v -1.88779151 1.32378829 3.9259901
v -1.61408746 1.50443268 3.75843287
v -1.75410247 0.995765448 3.63978958
v -1.83218133 0.820717216 3.32696319
v -1.6009295 0.69469285 3.05560136
v -1.83218133 0.820717216 3.32696319
v -1.78734064 0.823646128 2.81719971
v -1.6009295 0.69469285 3.05560136
v -1.29568017 1.00316596 2.6353488
v -1.78734064 0.823646128 2.81719971
v -1.80056977 1.05397713 2.63491845
v -1.29568017 1.00316596 2.6353488
v -1.09619761 1.25788558 2.65911055
v -1.86430538 1.44539475 2.68303061
v -1.15134513 1.69956231 2.81122756
v -1.86430538 1.44539475 2.68303061
v -1.9210552 1.8635931 3.27864742
v -1.15134513 1.69956231 2.81122756
v -1.33888793 1.83161843 3.52217484
v -1.61408746 1.50443268 3.75843287
v -1.93084693 1.76466179 3.74993849
v -2.55652165 1.68077648 3.66338491
v -2.02053809 1.38893723 3.84869504
v -1.75915039 0.710435629 3.70646477
v -1.75915039 0.710435629 3.70646477
v -2.13803411 0.30966261 3.31211329
v -2.52403474 0.419418275 3.13509488
v -2.85907125 0.853990555 3.12864494
v -2.85907125 0.853990555 3.12864494
v -2.88125777 1.49950814 3.39576888
v -1.93419898 1.37798917 4.21523714
v -1.38936722 1.07125926 4.58605623
v -1.50489318 1.25222898 4.67555952
v -2.38068008 0.301125735 3.57580018
v -2.0170188 0.437240511 3.81596375
v -2.50618434 0.66743505 4.57243872
v -2.12412214 0.876618683 4.64425611
v -2.79704309 0.411338568 3.31558061
v -2.52403474 0.419418275 3.13509488
v -2.82018542 1.17984986 5.27902269
v -2.38870382 1.24352169 5.30407286
v -2.78943682 1.47336853 4.58971691
v -2.25921535 1.4396013 4.66106415
v -3.19921875 0.970539391 5.13144827
v -3.2085824 1.09821784 4.50154638
v -2.24065924 0.883448005 5.258389
v -2.17362309 1.08661103 5.24496031
v -2.6578567 0.782306969 5.20142221
v -3.04924774 0.593039334 5.06272745
v -3.04924774 0.593039334 5.06272745
v -3.19921875 0.970539391 5.13144827
v -3.25572777 0.722247958 4.98733139
v -3.25572777 0.722247958 4.98733139
v -3.26416397 0.770558774 4.42863655
v -3.04924774 0.593039334 5.06272745
v -3.25572777 0.722247958 4.98733139
v -3.0568018 0.533580363 4.45313692
v -3.26416397 0.770558774 4.42863655
v -2.6578567 0.782306969 5.20142221
v -3.04924774 0.593039334 5.06272745
v -2.50618434 0.66743505 4.57243872
v -2.24065924 0.883448005 5.258389
v -2.04128027 1.14740741 4.69391918
v -2.17362309 1.08661103 5.24496031
v -2.17362309 1.08661103 5.24496031
v -2.04128027 1.14740741 4.69391918
v -3.08534694 1.0129596 3.40499663
v -1.44099605 0.906084061 4.69609308
v -1.38936722 1.07125926 4.58605623
v -1.65180695 1.03924012 4.79775763
v -1.50489318 1.25222898 4.67555952
v -1.65180695 1.03924012 4.79775763
v -1.65180695 1.03924012 4.79775763
v -1.50489318 1.25222898 4.67555952
v -1.90505934 0.978165269 4.48267651
v -1.93419898 1.37798917 4.21523714
v -1.65180695 1.03924012 4.79775763
v -1.90505934 0.978165269 4.48267651
v -3.08534694 1.0129596 3.40499663
v -1.90505934 0.978165269 4.48267651
v -2.13803411 0.30966261 3.31211329
v -2.24065924 0.883448005 5.258389
v -0.47344479 -1.07788205 3.51699018
v -1.17103767 -0.326986611 3.67222261
v -0.429651797 -0.816287816 3.18845367
v -1.2484504 0.0357877761 3.45403194
v -1.15553927 0.414012492 4.04513788
v -1.23194134 0.469226748 3.89063072
v -0.824509382 1.27018487 4.2180438
v -0.768639266 1.1361655 4.37576199
v -0.406108856 1.46778381 4.2756114
v 0.235800683 1.50193322 4.3519907
v -0.151875526 2.09441519 3.80697036
v 0.614843309 1.74697089 3.84824657
v -0.448301762 -0.807513714 2.62209082
v -0.517380834 -0.938584626 2.83389306
v -1.12212479 -0.219285905 2.44154334
v -1.45443738 -0.320328146 2.6436832
v -1.63961983 1.55467308 4.03499889
v -1.80229378 1.00603878 3.94859195
v -0.824509382 1.27018487 4.2180438
v -1.23194134 0.469226748 3.89063072
v 0.614843309 1.74697089 3.84824657
v -0.0640060529 2.15632558 2.98508906
v 0.76755631 1.75008118 3.05635023
v -1.25192094 2.14775181 3.77746511
v -1.06086993 2.09507704 2.8339889
v -0.568924069 1.93463111 1.77828813
v 0.106657475 1.76285982 1.87175894
v 0.76755631 1.75008118 3.05635023
v 0.886135221 1.30356717 1.95927715
v -1.45443738 -0.320328146 2.6436832
v -1.2484504 0.0357877761 3.45403194
v -1.85953641 0.402126104 3.25437975
v -1.2484504 0.0357877761 3.45403194
v -1.23194134 0.469226748 3.89063072
v -1.80229378 1.00603878 3.94859195
v -0.429651797 -0.816287816 3.18845367
v -0.517380834 -0.938584626 2.83389306
v 0.125544459 0.347936004 3.72768426
v -1.17103767 -0.326986611 3.67222261
v -0.47344479 -1.07788205 3.51699018
v -0.768639266 1.1361655 4.37576199
v -1.15553927 0.414012492 4.04513788
v 0.125544459 0.347936004 3.72768426
v 0.235800683 1.50193322 4.3519907
v -0.406108856 1.46778381 4.2756114
v 0.192811102 1.40600145 4.57156229
v -0.42057249 1.3625561 4.51059198
v -1.75410247 0.995765448 3.63978958
v -1.80229378 1.00603878 3.94859195
v -1.61408746 1.50443268 3.75843287
v -1.63961983 1.55467308 4.03499889
v -1.33888793 1.83161843 3.52217484
v -1.25192094 2.14775181 3.77746511
v -1.06086993 2.09507704 2.8339889
v -1.15134513 1.69956231 2.81122756
v -0.568924069 1.93463111 1.77828813
v 0.106657475 1.76285982 1.87175894
v -0.234906644 1.50475061 1.90870559
v -1.09619761 1.25788558 2.65911055
v -0.568924069 1.93463111 1.77828813
v -0.234906644 1.50475061 1.90870559
v 0.716201305 1.05931497 2.03740406
v 0.886135221 1.30356717 1.95927715
v -1.6009295 0.69469285 3.05560136
v -1.85953641 0.402126104 3.25437975
v 0.125544459 0.347936004 3.72768426
v -1.15553927 0.414012492 4.04513788
v -1.17103767 -0.326986611 3.67222261
v -1.42953408 0.613871157 2.03757668
v -1.13975835 1.30953014 1.8721031
v -1.22800696 0.594536185 2.05766821
v -1.01120234 1.23797715 1.8853687
v -1.32081103 -0.0817448869 2.32098603
v -1.1469146 -0.0457159616 2.30029774
v -1.32081103 -0.0817448869 2.32098603
v -1.45443738 -0.320328146 2.6436832
v -1.42953408 0.613871157 2.03757668
v -1.85953641 0.402126104 3.25437975
v -0.824509382 1.27018487 4.2180438
v -0.824509382 1.27018487 4.2180438
v -1.6009295 0.69469285 3.05560136
v -1.42953408 0.613871157 2.03757668
v -1.29568017 1.00316596 2.6353488
v -1.13975835 1.30953014 1.8721031
v -0.234906644 1.50475061 1.90870559
v -0.42057249 1.3625561 4.51059198
v 0.125544459 0.347936004 3.72768426
v 0.192811102 1.40600145 4.57156229
v -0.824509382 1.27018487 4.2180438
v -0.768639266 1.1361655 4.37576199
v -0.406108856 1.46778381 4.2756114
v -0.42057249 1.3625561 4.51059198
v -0.42057249 1.3625561 4.51059198
v -0.768639266 1.1361655 4.37576199
v 0.125544459 0.347936004 3.72768426
v -1.80229378 1.00603878 3.94859195
v -1.1469146 -0.0457159616 2.30029774
v -1.22800696 0.594536185 2.05766821
v -1.14566851 -0.13926895 2.07130504
v -1.22800696 0.594536185 2.05766821
v -1.01120234 1.23797715 1.8853687
v -1.09309816 0.993894994 1.81656027
v -0.234906644 1.50475061 1.90870559
v -0.179469541 1.38842022 1.64392269
v -1.01120234 1.23797715 1.8853687
v -1.09309816 0.993894994 1.81656027
v -0.234906644 1.50475061 1.90870559
v 0.716201305 1.05931497 2.03740406
v -0.179469541 1.38842022 1.64392269
v 0.688422918 0.944250524 1.66047084
v -1.16070282 0.88192296 1.28253281
v -1.14848351 -0.169930011 1.29388857
v -1.09309816 0.993894994 1.81656027
v -1.14566851 -0.13926895 2.07130504
v -0.179469541 1.38842022 1.64392269
v -0.222877115 1.23829377 1.24270344
v -1.09309816 0.993894994 1.81656027
v -1.16070282 0.88192296 1.28253281
v 0.688422918 0.944250524 1.66047084
v 0.534401357 0.819156468 1.21929991
v -0.179469541 1.38842022 1.64392269
v -0.222877115 1.23829377 1.24270344
v -1.14848351 -0.169930011 1.29388857
v -1.16070282 0.88192296 1.28253281
v -1.27307999 0.0770921633 0.539874434
v -1.22870123 1.19785845 0.567052543
v -0.22074376 1.52309251 0.560080647
v -1.22870123 1.19785845 0.567052543
v -0.222877115 1.23829377 1.24270344
v -1.16070282 0.88192296 1.28253281
v -0.22074376 1.52309251 0.560080647
v -0.222877115 1.23829377 1.24270344
v 0.429433823 0.911900461 0.509215117
v 0.534401357 0.819156468 1.21929991
v -1.14566851 -0.13926895 2.07130504
v -1.14848351 -0.169930011 1.29388857
v -0.59177351 -0.814202011 2.16816688
v -0.5423311 -0.91755718 1.30257964
v -0.448301762 -0.807513714 2.62209082
v -1.12212479 -0.219285905 2.44154334
v -0.59177351 -0.814202011 2.16816688
v -1.1469146 -0.0457159616 2.30029774
v -1.27307999 0.0770921633 0.539874434
v -0.359508544 -1.04476619 0.48116684
v -1.14848351 -0.169930011 1.29388857
v -0.5423311 -0.91755718 1.30257964
v 0.429433823 0.911900461 0.509215117
v 0.0436097123 -0.0445512198 0.499975264
v -0.22074376 1.52309251 0.560080647
v -0.22074376 1.52309251 0.560080647
v 0.0436097123 -0.0445512198 0.499975264
v -1.22870123 1.19785845 0.567052543
v -1.22870123 1.19785845 0.567052543
v 0.0436097123 -0.0445512198 0.499975264
v -1.27307999 0.0770921633 0.539874434
v -1.27307999 0.0770921633 0.539874434
v 0.0436097123 -0.0445512198 0.499975264
v -0.359508544 -1.04476619 0.48116684
v -1.22800696 0.594536185 2.05766821
v -1.09309816 0.993894994 1.81656027
v -1.14566851 -0.13926895 2.07130504
v -0.373549491 -0.570006967 2.28237844
v -0.709201157 -0.385964155 2.12099075
v -0.565984964 -0.858473659 2.35364223
v -0.90163666 -0.674430847 2.19225454
v -0.879750192 -0.365637422 1.74273217
v -1.07218575 -0.654104114 1.81399596
v -0.785291195 -0.520933986 1.36918116
v -0.977726698 -0.809400618 1.44044495
v -0.481157154 -0.760883152 1.21915913
v -0.673592567 -1.0493499 1.2904228
v -0.565984964 -0.858473659 2.35364223
v -0.90163666 -0.674430847 2.19225454
v -0.619788826 -0.953911722 1.82203269
v -1.07218575 -0.654104114 1.81399596
v -0.977726698 -0.809400618 1.44044495
v -0.673592567 -1.0493499 1.2904228
v -0.568924069 1.93463111 1.77828813
v -1.13975835 1.30953014 1.8721031
v -1.09619761 1.25788558 2.65911055
v -1.29568017 1.00316596 2.6353488
v 1.79712045 -0.612396121 3.39899182
v 2.13721013 -0.587272465 2.68566442
v 2.13279939 -0.170260772 3.61623859
v 2.58613944 -0.257712871 2.77117968
v 1.45070863 -0.605230689 2.91577411
v 1.6400187 -0.515904307 2.46984339
v 1.45070863 -0.605230689 2.91577411
v 1.62886763 -0.031280905 2.65748644
v 1.6400187 -0.515904307 2.46984339
v 1.71837366 0.0853349641 2.19451571
v 1.62886763 -0.031280905 2.65748644
v 1.7872622 0.474424928 2.69313598
v 1.71837366 0.0853349641 2.19451571
v 1.97111928 0.462412864 2.17222452
v 2.35464334 0.571248949 2.31657267
v 2.10484314 0.535042405 3.01377797
v 2.35464334 0.571248949 2.31657267
v 2.10484314 0.535042405 3.01377797
v 2.71183896 0.238015041 2.58365512
v 2.23694324 0.320723146 3.47640395
v 2.58613944 -0.257712871 2.77117968
v 2.13279939 -0.170260772 3.61623859
v 2.31251407 -0.901531041 2.12369037
v 2.85474348 -0.532868683 2.03344274
v 1.62086833 -0.722802579 1.96760368
v 1.62086833 -0.722802579 1.96760368
v 1.52046907 -0.0562759824 1.67725134
v 1.83095717 0.276370168 1.57478142
v 2.37080216 0.338217646 1.61246884
v 2.37080216 0.338217646 1.61246884
v 2.89795256 -0.0700723156 1.84512854
v 1.57353497 -0.803739369 1.54666007
v 1.66724038 -0.282803535 1.33557749
v 2.04894257 -0.708928943 0.775404274
v 2.02198267 -1.11993015 0.934270024
v 1.99785316 0.197182819 1.2242465
v 1.83095717 0.276370168 1.57478142
v 2.37080216 0.338217646 1.61246884
v 2.88057089 -0.87033087 0.886775017
v 2.78717399 -0.349454254 0.676633358
v 2.67555332 -1.06752491 0.192999765
v 2.49775338 -1.4258821 0.36857149
v 2.5692904 -1.28122187 1.0338763
v 2.69797063 -0.620096982 0.100473002
v 2.67555332 -1.06752491 0.192999765
v 2.24766064 -1.48359001 0.46075806
v 2.11322117 -1.35022545 0.360312581
v 2.67555332 -1.06752491 0.192999765
v 2.25060463 -0.969332099 0.206771821
v 2.69797063 -0.620096982 0.100473002
v 2.29687762 -0.526318491 0.107559167
v 2.29687762 -0.526318491 0.107559167
v 2.51403761 -0.394003451 0.126201525
v 2.53856325 -0.124792099 0.617596865
v 2.51403761 -0.394003451 0.126201525
v 2.29687762 -0.526318491 0.107559167
v 2.2283175 -0.18358539 0.610576212
v 2.51403761 -0.394003451 0.126201525
v 2.53856325 -0.124792099 0.617596865
v 2.25060463 -0.969332099 0.206771821
v 2.04894257 -0.708928943 0.775404274
v 2.29687762 -0.526318491 0.107559167
v 2.11322117 -1.35022545 0.360312581
v 2.25060463 -0.969332099 0.206771821
v 2.20717835 -1.32732511 1.00738358
v 2.24766064 -1.48359001 0.46075806
v 2.24766064 -1.48359001 0.46075806
v 2.20717835 -1.32732511 1.00738358
v 2.64832687 0.12656571 1.31545818
v 1.68088114 -1.66155481 1.18025589
v 1.91025281 -1.61803067 1.04608524
v 1.78805971 -1.71737397 1.34594691
v 1.98353279 -1.2440542 1.19412196
v 1.66724038 -0.282803535 1.33557749
v 2.00592685 -1.75908077 1.2759366
v 1.78805971 -1.71737397 1.34594691
v 1.91025281 -1.61803067 1.04608524
v 1.98353279 -1.2440542 1.19412196
v 2.00592685 -1.75908077 1.2759366
v 2.32591057 -1.26536107 1.53258288
v 2.32591057 -1.26536107 1.53258288
v 2.37080216 0.338217646 1.61246884
v 1.52046907 -0.0562759824 1.67725134
v 2.32591057 -1.26536107 1.53258288
v 2.64832687 0.12656571 1.31545818
v 2.67555332 -1.06752491 0.192999765
v 2.25060463 -0.969332099 0.206771821
v 0.746371269 -0.834186614 3.62213516
v 0.504265666 -0.912824512 3.8498559
v -0.429651797 -0.816287816 3.18845367
v -0.47344479 -1.07788205 3.51699018
v 1.17392004 -0.432073325 3.97917223
v 1.06032383 -0.29695034 4.17512035
v 1.29345453 0.588450849 4.33701944
v 1.07206345 0.619883001 4.5046134
v 1.4648906 1.33693767 3.98651576
v 0.614843309 1.74697089 3.84824657
v 0.880972445 1.15751767 4.36235857
v 0.235800683 1.50193322 4.3519907
v 1.61425209 1.33940971 3.15391779
v 0.76755631 1.75008118 3.05635023
v 0.614843309 1.74697089 3.84824657
v 2.44602251 0.545262873 3.79446244
v 2.26409698 0.73606503 3.22638726
v 2.02099824 0.281796068 2.07517624
v 1.57244849 0.833272278 2.04051852
v 0.886135221 1.30356717 1.95927715
v 0.76755631 1.75008118 3.05635023
v 0.508262813 -1.34365356 2.90899777
v 1.30976558 -1.11030853 3.19174361
v 0.746371269 -0.834186614 3.62213516
v 0.746371269 -0.834186614 3.62213516
v 1.83521831 -0.721316338 3.70250773
v 1.17392004 -0.432073325 3.97917223
v 1.07206345 0.619883001 4.5046134
v 0.125544459 0.347936004 3.72768426
v 1.06032383 -0.29695034 4.17512035
v 0.192811102 1.40600145 4.57156229
v 0.768796206 1.09311914 4.59246349
v 0.235800683 1.50193322 4.3519907
v 0.880972445 1.15751767 4.36235857
v 1.79712045 -0.612396121 3.39899182
v 2.13279939 -0.170260772 3.61623859
v 1.83521831 -0.721316338 3.70250773
v 2.19018292 -0.225382611 3.89716339
v 2.23694324 0.320723146 3.47640395
v 2.44602251 0.545262873 3.79446244
v 2.10484314 0.535042405 3.01377797
v 2.26409698 0.73606503 3.22638726
v 2.02099824 0.281796068 2.07517624
v 1.48044097 0.402610987 2.10440946
v 1.57244849 0.833272278 2.04051852
v 2.02099824 0.281796068 2.07517624
v 1.7872622 0.474424928 2.69313598
v 1.48044097 0.402610987 2.10440946
v 0.716201305 1.05931497 2.03740406
v 0.886135221 1.30356717 1.95927715
v 1.45070863 -0.605230689 2.91577411
v 1.30976558 -1.11030853 3.19174361
v 0.125544459 0.347936004 3.72768426
v 0.504265666 -0.912824512 3.8498559
v 1.06032383 -0.29695034 4.17512035
v -0.429651797 -0.816287816 3.18845367
v -0.517380834 -0.938584626 2.83389306
v 1.5507921 -0.430078089 2.17493367
v 1.66890776 -0.517223597 2.18978477
v 1.02857113 -0.876914024 2.31243515
v 1.13361955 -1.04998124 2.32788968
v 0.39910835 -1.04025483 2.47653461
v 0.440140635 -1.20947456 2.52235651
v 0.385868341 -1.04802895 2.64217401
v 0.508262813 -1.34365356 2.90899777
v 0.125544459 0.347936004 3.72768426
v -0.47344479 -1.07788205 3.51699018
v 0.504265666 -0.912824512 3.8498559
v -0.517380834 -0.938584626 2.83389306
v -0.448301762 -0.807513714 2.62209082
v 1.30976558 -1.11030853 3.19174361
v 0.508262813 -1.34365356 2.90899777
v 1.13361955 -1.04998124 2.32788968
v 0.440140635 -1.20947456 2.52235651
v 1.29345453 0.588450849 4.33701944
v 2.19018292 -0.225382611 3.89716339
v 1.29345453 0.588450849 4.33701944
v 1.13361955 -1.04998124 2.32788968
v 1.45070863 -0.605230689 2.91577411
v 1.66890776 -0.517223597 2.18978477
v 1.62886763 -0.031280905 2.65748644
v 1.48044097 0.402610987 2.10440946
v 0.768796206 1.09311914 4.59246349
v 0.192811102 1.40600145 4.57156229
v 0.125544459 0.347936004 3.72768426
v 0.768796206 1.09311914 4.59246349
v 1.07206345 0.619883001 4.5046134
v 0.880972445 1.15751767 4.36235857
v 1.29345453 0.588450849 4.33701944
v 0.768796206 1.09311914 4.59246349
v 0.125544459 0.347936004 3.72768426
v 1.07206345 0.619883001 4.5046134
v 1.83521831 -0.721316338 3.70250773
v 1.29345453 0.588450849 4.33701944
v 1.17392004 -0.432073325 3.97917223
v 1.83521831 -0.721316338 3.70250773
v 0.39910835 -1.04025483 2.47653461
v 0.233326182 -1.11661351 2.15747571
v 1.02857113 -0.876914024 2.31243515
v 1.02857113 -0.876914024 2.31243515
v 1.30490983 -0.705662012 1.96640718
v 1.5507921 -0.430078089 2.17493367
v 1.48044097 0.402610987 2.10440946
v 1.5507921 -0.430078089 2.17493367
v 1.39213502 0.274565905 1.74212921
v 1.30490983 -0.705662012 1.96640718
v 1.39213502 0.274565905 1.74212921
v 0.688422918 0.944250524 1.66047084
v 1.48044097 0.402610987 2.10440946
v 0.716201305 1.05931497 2.03740406
v 1.31199729 -0.660058558 1.31087577
v 1.30490983 -0.705662012 1.96640718
v 0.4201141 -1.18935966 1.32693923
v 0.233326182 -1.11661351 2.15747571
v 1.30490983 -0.705662012 1.96640718
v 1.31199729 -0.660058558 1.31087577
v 1.39213502 0.274565905 1.74212921
v 1.14596903 0.312716931 1.22886074
v 1.39213502 0.274565905 1.74212921
v 1.14596903 0.312716931 1.22886074
v 0.688422918 0.944250524 1.66047084
v 0.534401357 0.819156468 1.21929991
v 1.64456463 -0.452871799 0.639852941
v 1.31199729 -0.660058558 1.31087577
v 0.903032064 -1.28999054 0.549379945
v 0.4201141 -1.18935966 1.32693923
v 1.14702737 0.481153935 0.596779943
v 1.14596903 0.312716931 1.22886074
v 1.64456463 -0.452871799 0.639852941
v 1.31199729 -0.660058558 1.31087577
v 0.429433823 0.911900461 0.509215117
v 0.534401357 0.819156468 1.21929991
v 1.14702737 0.481153935 0.596779943
v 1.14596903 0.312716931 1.22886074
v -0.59177351 -0.814202011 2.16816688
v -0.5423311 -0.91755718 1.30257964
v 0.233326182 -1.11661351 2.15747571
v 0.4201141 -1.18935966 1.32693923
v 0.385868341 -1.04802895 2.64217401
v -0.448301762 -0.807513714 2.62209082
v 0.39910835 -1.04025483 2.47653461
v -0.59177351 -0.814202011 2.16816688
v -0.5423311 -0.91755718 1.30257964
v -0.359508544 -1.04476619 0.48116684
v 0.4201141 -1.18935966 1.32693923
v 0.903032064 -1.28999054 0.549379945
v 0.429433823 0.911900461 0.509215117
v 1.14702737 0.481153935 0.596779943
v 0.0436097123 -0.0445512198 0.499975264
v 1.14702737 0.481153935 0.596779943
v 1.64456463 -0.452871799 0.639852941
v 0.0436097123 -0.0445512198 0.499975264
v 1.64456463 -0.452871799 0.639852941
v 0.903032064 -1.28999054 0.549379945
v 0.0436097123 -0.0445512198 0.499975264
v 0.903032064 -1.28999054 0.549379945
v -0.359508544 -1.04476619 0.48116684
v 0.0436097123 -0.0445512198 0.499975264
v 1.30490983 -0.705662012 1.96640718
v -0.373549491 -0.570006967 2.28237844
v -0.565984964 -0.858473659 2.35364223
v -0.069415383 -0.809956133 2.13235641
v -0.261850864 -1.09842277 2.2036202
v 0.0250436254 -0.965252578 1.75880563
v -0.167391911 -1.25371933 1.83006942
v -0.145505413 -0.944925904 1.38054681
v -0.337940931 -1.2333926 1.45181048
v -0.481157154 -0.760883152 1.21915913
v -0.673592567 -1.0493499 1.2904228
v -0.261850864 -1.09842277 2.2036202
v -0.167391911 -1.25371933 1.83006942
v -0.337940931 -1.2333926 1.45181048
v 1.7872622 0.474424928 2.69313598
v 1.62886763 -0.031280905 2.65748644
v 2.02099824 0.281796068 2.07517624
v 1.66890776 -0.517223597 2.18978477
v -0.59177351 -0.814202011 2.16816688
v -1.1469146 -0.0457159616 2.30029774
v -1.14566851 -0.13926895 2.07130504
v -0.59177351 -0.814202011 2.16816688
v 0.233326182 -1.11661351 2.15747571
v 1.51710296 -0.534068882 0.117075011
v 1.39030695 -0.547336638 0.634911716
v 1.22837794 -1.07414615 0.0805082396
v 1.05371094 -0.984898567 0.588361859
v 0.987251341 0.300200105 0.0665122569
v 0.517949462 0.129009336 0.0152346771
v 0.925565541 0.271175027 0.590378761
v 0.472600818 0.107751161 0.539006233
v 0.331133068 -0.40822643 -0.00955218449
v 0.473022312 -0.989235818 0.000983362901
v 0.277319491 -0.459966391 0.512174726
v 0.289450765 -0.919728458 0.679673195
v 1.33592451 -0.0207509901 0.635223091
v 1.42869925 0.0218185149 0.111781873
v 0.925565541 0.271175027 0.590378761
v 0.987251341 0.300200105 0.0665122569
v 1.39030695 -0.547336638 0.634911716
v 1.51710296 -0.534068882 0.117075011
v 1.33592451 -0.0207509901 0.635223091
v 1.42869925 0.0218185149 0.111781873
v 0.517949462 0.129009336 0.0152346771
v 0.331133068 -0.40822643 -0.00955218449
v 0.472600818 0.107751161 0.539006233
v 0.277319491 -0.459966391 0.512174726
v 1.51710296 -0.534068882 0.117075011
v 1.22837794 -1.07414615 0.0805082396
v 0.923983991 -0.493859231 0.0537476726
v 0.923983991 -0.493859231 0.0537476726
v 0.875403821 -1.18820167 0.0419646874
v 0.473022312 -0.989235818 0.000983362901
v 0.473022312 -0.989235818 0.000983362901
v 0.331133068 -0.40822643 -0.00955218449
v 0.923983991 -0.493859231 0.0537476726
v 0.331133068 -0.40822643 -0.00955218449
v 0.517949462 0.129009336 0.0152346771
v 0.923983991 -0.493859231 0.0537476726
v 0.517949462 0.129009336 0.0152346771
v 0.987251341 0.300200105 0.0665122569
v 0.923983991 -0.493859231 0.0537476726
v 0.987251341 0.300200105 0.0665122569
v 1.42869925 0.0218185149 0.111781873
v 0.923983991 -0.493859231 0.0537476726
v 1.42869925 0.0218185149 0.111781873
v 1.51710296 -0.534068882 0.117075011
v 0.923983991 -0.493859231 0.0537476726
v 0.875403821 -1.18820167 0.0419646874
v 1.22837794 -1.07414615 0.0805082396
v 1.05371094 -0.984898567 0.588361859
v 0.875403821 -1.18820167 0.0419646874
v 0.875403821 -1.18820167 0.0419646874
v 0.289450765 -0.919728458 0.679673195
v 0.473022312 -0.989235818 0.000983362901
v 0.875403821 -1.18820167 0.0419646874
v 1.05371094 -0.984898567 0.588361859
v 0.289450765 -0.919728458 0.679673195
v -1.17144585 0.403168887 0.565358818
v -1.11161661 0.953656614 0.582917273
v -1.33091509 0.429997742 0.0455138758
v -1.16500139 1.02053523 0.0565282516
v 0.00697260723 0.78433615 0.558157861
v 0.0178958718 0.800255239 0.0323515162
v -0.207328066 1.21838427 0.572347224
v -0.202726781 1.25119126 0.0451032147
v -0.800950885 0.0157765802 0.580266953
v -0.72566539 -0.0362715609 0.0264671743
v -0.24571012 0.239144161 0.549469769
v -0.219803631 0.28297323 0.0248939432
v -0.706925333 1.29493248 0.58536756
v -0.207328066 1.21838427 0.572347224
v -0.715246022 1.35902321 0.0559969358
v -0.202726781 1.25119126 0.0451032147
v -1.11161661 0.953656614 0.582917273
v -0.706925333 1.29493248 0.58536756
v -1.16500139 1.02053523 0.0565282516
v -0.715246022 1.35902321 0.0559969358
v -0.24571012 0.239144161 0.549469769
v -0.219803631 0.28297323 0.0248939432
v 0.00697260723 0.78433615 0.558157861
v 0.0178958718 0.800255239 0.0323515162
v -1.16500139 1.02053523 0.0565282516
v -0.708077848 0.635319114 0.0408039689
v -1.33091509 0.429997742 0.0455138758
v -0.708077848 0.635319114 0.0408039689
v -0.72566539 -0.0362715609 0.0264671743
v -1.15477073 0.101416484 0.0358845443
v -0.72566539 -0.0362715609 0.0264671743
v -0.708077848 0.635319114 0.0408039689
v -0.219803631 0.28297323 0.0248939432
v -0.219803631 0.28297323 0.0248939432
v -0.708077848 0.635319114 0.0408039689
v 0.0178958718 0.800255239 0.0323515162
v 0.0178958718 0.800255239 0.0323515162
v -0.708077848 0.635319114 0.0408039689
v -0.202726781 1.25119126 0.0451032147
v -0.202726781 1.25119126 0.0451032147
v -0.708077848 0.635319114 0.0408039689
v -0.715246022 1.35902321 0.0559969358
v -0.715246022 1.35902321 0.0559969358
v -0.708077848 0.635319114 0.0408039689
v -1.16500139 1.02053523 0.0565282516
v -1.15477073 0.101416484 0.0358845443
v -1.17144585 0.403168887 0.565358818
v -1.33091509 0.429997742 0.0455138758
v -1.15477073 0.101416484 0.0358845443
v -1.15477073 0.101416484 0.0358845443
v -0.72566539 -0.0362715609 0.0264671743
v -0.800950885 0.0157765802 0.580266953
v -1.15477073 0.101416484 0.0358845443
v -0.800950885 0.0157765802 0.580266953
v -1.17144585 0.403168887 0.565358818
v -0.826813161 0.198666975 3.76625204
v 0.00158121204 -0.313377291 3.5515759
v -0.798558116 -0.295165807 3.8384769
v -0.0128633808 -0.638483286 3.73888326
v -0.798558116 -0.295165807 3.8384769
v -0.877712369 0.111560591 3.94833755
v -0.826813161 0.198666975 3.76625204
v -0.850398004 0.62408036 4.15283728
v -0.826813161 0.198666975 3.76625204
v -0.877712369 0.111560591 3.94833755
v -0.798558116 -0.295165807 3.8384769
v -0.186529592 -0.600506008 4.38851357
v -0.527765751 -0.345132709 4.63615227
v -0.850398004 0.62408036 4.15283728
v -0.613891363 1.014184 3.88994527
v -0.826813161 0.198666975 3.76625204
v 0.0768772662 1.25280285 4.30983639
v 0.0755161718 1.25471354 3.8882103
v -0.568974912 1.03678238 4.28134108
v -0.613891363 1.014184 3.88994527
v -0.613891363 1.014184 3.88994527
v -0.850398004 0.62408036 4.15283728
v -0.945551336 0.23403962 4.7911787
v -1.11599362 0.148096889 4.00127792
v -0.683566809 -0.423080921 4.7160511
v -0.901356399 -0.41678068 3.95900869
v -0.71564579 0.219505548 5.05119896
v -0.529953361 0.883079827 5.00731277
v -0.945551336 0.23403962 4.7911787
v -0.680229008 1.07818675 4.84780073
v -1.11599362 0.148096889 4.00127792
v -0.945551336 0.23403962 4.7911787
v -1.08896828 0.605744898 4.21763182
v -1.08896828 0.605744898 4.21763182
v -0.945551336 0.23403962 4.7911787
v -0.760923445 1.13534462 4.38595533
v 0.0775112733 1.22768021 4.83331394
v 0.0825515166 1.36644983 4.42608595
v -0.680229008 1.07818675 4.84780073
v -0.226242483 -0.700624585 4.72341919
v -0.217608005 -0.489068121 4.65359354
v -0.167186961 -0.76089555 4.43808556
v -0.186529592 -0.600506008 4.38851357
v -1.11599362 0.148096889 4.00127792
v -0.877712369 0.111560591 3.94833755
v -0.901356399 -0.41678068 3.95900869
v -0.798558116 -0.295165807 3.8384769
v -0.683566809 -0.423080921 4.7160511
v -0.901356399 -0.41678068 3.95900869
v -0.527765751 -0.345132709 4.63615227
v -0.798558116 -0.295165807 3.8384769
v -0.850398004 0.62408036 4.15283728
v -1.08896828 0.605744898 4.21763182
v -0.568974912 1.03678238 4.28134108
v -0.850398004 0.62408036 4.15283728
v -0.760923445 1.13534462 4.38595533
v -1.08896828 0.605744898 4.21763182
v -0.529953361 0.883079827 5.00731277
v 0.0413755327 0.425508022 5.15155029
v 0.0701067299 1.04999232 5.07824993
v 0.0768772662 1.25280285 4.30983639
v 0.0825515166 1.36644983 4.42608595
v 4.44642683e-05 -0.462618351 5.11903763
v 0.0413755327 0.425508022 5.15155029
v -0.426835239 -0.310689867 5.10045147
v 0.0413755327 0.425508022 5.15155029
v -0.71564579 0.219505548 5.05119896
v -0.426835239 -0.310689867 5.10045147
v -0.529953361 0.883079827 5.00731277
v -0.71564579 0.219505548 5.05119896
v 0.0413755327 0.425508022 5.15155029
v -0.683566809 -0.423080921 4.7160511
v -0.226242483 -0.700624585 4.72341919
v -0.426835239 -0.310689867 5.10045147
v -0.945551336 0.23403962 4.7911787
v 0.0775112733 1.22768021 4.83331394
v 0.0701067299 1.04999232 5.07824993
v -0.167186961 -0.76089555 4.43808556
v -0.0164669231 -0.767890632 4.43756819
v -0.226242483 -0.700624585 4.72341919
v -0.00901510008 -0.645621419 4.95439625
v -0.226242483 -0.700624585 4.72341919
v -0.217608005 -0.489068121 4.65359354
v -0.0130240628 -0.689251482 4.37739706
v -0.0164669231 -0.767890632 4.43756819
v 0.801917613 -0.36944595 3.83297348
v 0.875294864 0.119669922 3.76039934
v 0.919155657 0.0281656012 3.94215941
v 0.94083339 0.54094696 4.14667797
v 0.875294864 0.119669922 3.76039934
v 0.875294864 0.119669922 3.76039934
v 0.801917613 -0.36944595 3.83297348
v 0.00158121204 -0.313377291 3.5515759
v -0.0128633808 -0.638483286 3.73888326
v 0.94083339 0.54094696 4.14667797
v 0.875294864 0.119669922 3.76039934
v 0.73967731 0.951363146 3.8852911
v 0.16802761 -0.616961479 4.38729429
v 0.533141494 -0.394370794 4.63250399
v 0.21111238 -0.508965611 4.65211964
v 0.73967731 0.951363146 3.8852911
v 0.0755161718 1.25471354 3.8882103
v 0.699734032 0.977899909 4.27697849
v 0.0768772662 1.25280285 4.30983639
v 0.94083339 0.54094696 4.14667797
v 0.73967731 0.951363146 3.8852911
v 1.16015434 0.0424579047 3.99345136
v 1.17711878 0.50057286 4.20983982
v 1.00382936 0.143566325 4.7844758
v 1.17711878 0.50057286 4.20983982
v 0.900699854 1.05822647 4.38024139
v 1.00382936 0.143566325 4.7844758
v 0.16802761 -0.616961479 4.38729429
v 0.21111238 -0.508965611 4.65211964
v 0.134253114 -0.774885774 4.43704891
v 0.200593814 -0.720434606 4.72195148
v 1.16015434 0.0424579047 3.99345136
v 0.893834531 -0.500097811 3.9528358
v 0.919155657 0.0281656012 3.94215941
v 0.801917613 -0.36944595 3.83297348
v 0.94083339 0.54094696 4.14667797
v 1.17711878 0.50057286 4.20983982
v 1.17711878 0.50057286 4.20983982
v 0.94083339 0.54094696 4.14667797
v 0.900699854 1.05822647 4.38024139
v 0.699734032 0.977899909 4.27697849
v 4.44642683e-05 -0.462618351 5.11903763
v 0.439023465 -0.350875497 5.0974741
v 0.0413755327 0.425508022 5.15155029
v 0.0413755327 0.425508022 5.15155029
v 0.439023465 -0.350875497 5.0974741
v 0.775355637 0.150306225 5.04607201
v 0.651626468 0.828241169 5.00325012
v 0.0413755327 0.425508022 5.15155029
v 0.775355637 0.150306225 5.04607201
v 0.68159765 -0.486440003 4.71135712
v 0.533141494 -0.394370794 4.63250399
v 0.893834531 -0.500097811 3.9528358
v 0.801917613 -0.36944595 3.83297348
v 0.893834531 -0.500097811 3.9528358
v 1.16015434 0.0424579047 3.99345136
v 0.68159765 -0.486440003 4.71135712
v 1.00382936 0.143566325 4.7844758
v 0.818229258 1.00864136 4.84264803
v 1.00382936 0.143566325 4.7844758
v 0.0825515166 1.36644983 4.42608595
v 0.0775112733 1.22768021 4.83331394
v 0.439023465 -0.350875497 5.0974741
v 4.44642683e-05 -0.462618351 5.11903763
v 0.200593814 -0.720434606 4.72195148
v -0.00901510008 -0.645621419 4.95439625
v 0.775355637 0.150306225 5.04607201
v 1.00382936 0.143566325 4.7844758
v 0.651626468 0.828241169 5.00325012
v 0.818229258 1.00864136 4.84264803
v 0.68159765 -0.486440003 4.71135712
v 0.439023465 -0.350875497 5.0974741
v 0.200593814 -0.720434606 4.72195148
v 0.0775112733 1.22768021 4.83331394
v 0.0701067299 1.04999232 5.07824993
v 0.651626468 0.828241169 5.00325012
v 0.0701067299 1.04999232 5.07824993
v 0.0413755327 0.425508022 5.15155029
v -0.00901510008 -0.645621419 4.95439625
v -0.0164669231 -0.767890632 4.43756819
v 0.200593814 -0.720434606 4.72195148
v 0.134253114 -0.774885774 4.43704891
v 0.68159765 -0.486440003 4.71135712
v 0.533141494 -0.394370794 4.63250399
v -0.0164669231 -0.767890632 4.43756819
v -0.0130240628 -0.689251482 4.37739706
v 0.0825515166 1.36644983 4.42608595
v 0.0768772662 1.25280285 4.30983639
v -0.945551336 0.23403962 4.7911787
v -0.71564579 0.219505548 5.05119896
v -0.426835239 -0.310689867 5.10045147
v -0.527765751 -0.345132709 4.63615227
v -0.186529592 -0.600506008 4.38851357
v -0.217608005 -0.489068121 4.65359354
v 0.16802761 -0.616961479 4.38729429
v 0.801917613 -0.36944595 3.83297348
v 0.533141494 -0.394370794 4.63250399
v -0.426835239 -0.310689867 5.10045147
v -0.226242483 -0.700624585 4.72341919
v 4.44642683e-05 -0.462618351 5.11903763
v -0.00901510008 -0.645621419 4.95439625
v 1.00382936 0.143566325 4.7844758
v 0.775355637 0.150306225 5.04607201
v 0.68159765 -0.486440003 4.71135712
v 0.439023465 -0.350875497 5.0974741
v -0.0130240628 -0.689251482 4.37739706
v -0.0128633808 -0.638483286 3.73888326
v -0.0128633808 -0.638483286 3.73888326
v -0.0130240628 -0.689251482 4.37739706
vt 0.0619035922 0.173594475
vt 0.069494158 0.11153245
vt 0.0129841529 0.173045754
vt 0.0129841529 0.110305548
vt 0.0753845572 0.0370969772
vt 0.0129841529 0.036935389
vt 0.272223741 0.349228859
vt 0.275593549 0.405152798
vt 0.347206801 0.349228859
vt 0.347206801 0.402736664
vt 0.275593549 0.405152798
vt 0.2788454 0.458791614
vt 0.347206801 0.402736664
vt 0.347206801 0.45675087
vt 0.2809892 0.516711354
vt 0.347206801 0.516711354
vt 0.0663788468 0.299049735
vt 0.0631972551 0.230263591
vt 0.0129841529 0.299049735
vt 0.0129841529 0.231323838
vt 0.0129841529 0.173045754
vt 0.0619035922 0.173594475
vt 0.127230614 0.177994132
vt 0.135733157 0.111363053
vt 0.132889271 0.034856081
vt 0.205839366 0.349228859
vt 0.215877563 0.410480261
vt 0.219121844 0.459834337
vt 0.217703253 0.516711354
vt 0.121671267 0.299049735
vt 0.124062449 0.228364348
vt 0.212119341 0.0947804451
vt 0.248271704 0.0189456344
vt 0.256992042 0.0429063439
vt 0.169566184 0.420529366
vt 0.155954212 0.374039888
vt 0.0796237066 0.443018556
vt 0.0709650591 0.401573658
vt 0.17574808 0.468123078
vt 0.219121844 0.459834337
vt 0.307740122 0.21402514
vt 0.314655572 0.17340517
vt 0.240301996 0.194985271
vt 0.254135996 0.140274644
vt 0.305242926 0.260052204
vt 0.23993817 0.24925518
vt 0.346338302 0.163590789
vt 0.32751441 0.15204525
vt 0.346338302 0.221927404
vt 0.346338302 0.281489849
vt 0.346338302 0.281489849
vt 0.305242926 0.260052204
vt 0.307373434 0.289766014
vt 0.307373434 0.289766014
vt 0.238164008 0.286554098
vt 0.0156636313 0.494035482
vt 0.0156636313 0.516711354
vt 0.0856889561 0.495481253
vt 0.0856990814 0.516711354
vt 0.0156636313 0.448898196
vt 0.0156636313 0.494035482
vt 0.0796237066 0.443018556
vt 0.0156636313 0.402865887
vt 0.0637210682 0.38802743
vt 0.0156636313 0.38802743
vt 0.32751441 0.15204525
vt 0.278332233 0.107819855
vt 0.165634662 0.516711354
vt 0.078645125 0.323558688
vt 0.0857854038 0.311270714
vt 0.0554653183 0.33855927
vt 0.256992042 0.0429063439
vt 0.281295091 0.0563679934
vt 0.281295091 0.0563679934
vt 0.256992042 0.0429063439
vt 0.264782757 0.0936188698
vt 0.212119341 0.0947804451
vt 0.0554653183 0.33855927
vt 0.073776409 0.37562418
vt 0.166940659 0.281769931
vt 0.073776409 0.37562418
vt 0.215877563 0.410480261
vt 0.346338302 0.163590789
vt 0.228256911 0.947364986
vt 0.374047816 0.940458953
vt 0.228256911 0.914257169
vt 0.360084742 0.879245996
vt 0.449230701 0.931119204
vt 0.443160981 0.911421478
vt 0.553735137 0.898079753
vt 0.560404241 0.920874596
vt 0.624227285 0.89490819
vt 0.70047003 0.888018012
vt 0.621174216 0.790152252
vt 0.70047003 0.797944129
vt 0.228256911 0.837353885
vt 0.228256911 0.862865627
vt 0.284125835 0.802678287
vt 0.312466264 0.827323794
vt 0.489810705 0.83821249
vt 0.442990601 0.854715228
vt 0.553735137 0.898079753
vt 0.443160981 0.911421478
vt 0.70047003 0.797944129
vt 0.610703111 0.706403136
vt 0.70047003 0.711067319
vt 0.531914592 0.793213189
vt 0.521300793 0.707132876
vt 0.517332375 0.60369432
vt 0.595652282 0.596867144
vt 0.70047003 0.711067319
vt 0.70047003 0.595580578
vt 0.312466264 0.827323794
vt 0.360084742 0.879245996
vt 0.38168022 0.813247025
vt 0.360084742 0.879245996
vt 0.443160981 0.911421478
vt 0.442990601 0.854715228
vt 0.228256911 0.914257169
vt 0.228256911 0.862865627
vt 0.485501111 0.976501226
vt 0.374047816 0.940458953
vt 0.228256911 0.947364986
vt 0.560404241 0.920874596
vt 0.449230701 0.931119204
vt 0.485501111 0.976501226
vt 0.70047003 0.888018012
vt 0.624227285 0.89490819
vt 0.70047003 0.902693331
vt 0.62406373 0.909534037
vt 0.433101654 0.814166963
vt 0.442990601 0.854715228
vt 0.474873364 0.810246706
vt 0.489810705 0.83821249
vt 0.499478459 0.76745832
vt 0.531914592 0.793213189
vt 0.521300793 0.707132876
vt 0.487013876 0.694754243
vt 0.517332375 0.60369432
vt 0.595652282 0.596867144
vt 0.555682361 0.563525677
vt 0.476306498 0.651093543
vt 0.517332375 0.60369432
vt 0.555682361 0.563525677
vt 0.70047003 0.563525677
vt 0.70047003 0.595580578
vt 0.402025253 0.749552965
vt 0.38168022 0.813247025
vt 0.485501111 0.976501226
vt 0.449230701 0.931119204
vt 0.374047816 0.940458953
vt 0.35164097 0.709891021
vt 0.420042932 0.634596348
vt 0.334137529 0.700784624
vt 0.412451208 0.619497538
vt 0.299994081 0.776676536
vt 0.285809964 0.7692132
vt 0.299994081 0.776676536
vt 0.312466264 0.827323794
vt 0.35164097 0.709891021
vt 0.38168022 0.813247025
vt 0.553735137 0.898079753
vt 0.553735137 0.898079753
vt 0.402025253 0.749552965
vt 0.35164097 0.709891021
vt 0.439825475 0.671644092
vt 0.420042932 0.634596348
vt 0.555682361 0.563525677
vt 0.62406373 0.909534037
vt 0.485501111 0.976501226
vt 0.70047003 0.902693331
vt 0.553735137 0.898079753
vt 0.560404241 0.920874596
vt 0.624227285 0.89490819
vt 0.62406373 0.909534037
vt 0.62406373 0.909534037
vt 0.560404241 0.920874596
vt 0.485501111 0.976501226
vt 0.442990601 0.854715228
vt 0.481221378 0.285432994
vt 0.525959194 0.285432994
vt 0.456046671 0.251434624
vt 0.525959194 0.285432994
vt 0.60201472 0.285432994
vt 0.57462728 0.251434624
vt 0.6952672 0.285432994
vt 0.696090579 0.251434684
vt 0.60201472 0.285432994
vt 0.57462728 0.251434624
vt 0.6952672 0.285432994
vt 0.797041059 0.285432994
vt 0.696090579 0.251434684
vt 0.797864497 0.251434684
vt 0.57462728 0.178322554
vt 0.456046671 0.178322554
vt 0.57462728 0.251434624
vt 0.456046671 0.251434624
vt 0.696090579 0.251434684
vt 0.696090579 0.178322554
vt 0.57462728 0.251434624
vt 0.57462728 0.178322554
vt 0.797864497 0.251434684
vt 0.797864497 0.178322554
vt 0.696090579 0.251434684
vt 0.696090579 0.178322554
vt 0.456046671 0.178322554
vt 0.57462728 0.178322554
vt 0.4560467 0.108938813
vt 0.57462728 0.108938813
vt 0.696090579 0.108938813
vt 0.57462728 0.108938813
vt 0.696090579 0.178322554
vt 0.57462728 0.178322554
vt 0.696090579 0.108938813
vt 0.696090579 0.178322554
vt 0.797864497 0.108938813
vt 0.797864497 0.178322554
vt 0.456046671 0.251434624
vt 0.456046671 0.178322554
vt 0.369661272 0.251434624
vt 0.369661272 0.178322554
vt 0.369661272 0.314525902
vt 0.481221378 0.314525902
vt 0.369661272 0.251434624
vt 0.481221378 0.285432994
vt 0.4560467 0.108938813
vt 0.369661272 0.108938813
vt 0.456046671 0.178322554
vt 0.369661272 0.178322554
vt 0.519643784 0.538477123
vt 0.519607186 0.43726182
vt 0.430262178 0.519908965
vt 0.430262178 0.519908965
vt 0.519607186 0.43726182
vt 0.376770228 0.436339259
vt 0.376770228 0.436339259
vt 0.519607186 0.43726182
vt 0.440367192 0.352696657
vt 0.440367192 0.352696657
vt 0.519607186 0.43726182
vt 0.519643784 0.331256866
vt 0.525959194 0.285432994
vt 0.57462728 0.251434624
vt 0.456046671 0.251434624
vt 0.263226569 0.695305824
vt 0.236245558 0.665776432
vt 0.27079618 0.67682749
vt 0.254662812 0.658054113
vt 0.238035172 0.625824571
vt 0.256523937 0.633374989
vt 0.267543733 0.598828435
vt 0.27528733 0.617234409
vt 0.307509065 0.600595713
vt 0.29997462 0.619084597
vt 0.27079618 0.67682749
vt 0.254662812 0.658054113
vt 0.285403281 0.647966266
vt 0.256523937 0.633374989
vt 0.27528733 0.617234409
vt 0.29997462 0.619084597
vt 0.517332375 0.60369432
vt 0.420042932 0.634596348
vt 0.476306498 0.651093543
vt 0.439825475 0.671644092
vt 0.0129841529 0.110305548
vt 0.069494158 0.11153245
vt 0.0129841529 0.173045754
vt 0.0619035922 0.173594475
vt 0.0129841529 0.036935389
vt 0.0753845572 0.0370969772
vt 0.347206801 0.349228859
vt 0.347206801 0.402736664
vt 0.272223741 0.349228859
vt 0.275593549 0.405152798
vt 0.347206801 0.402736664
vt 0.347206801 0.45675087
vt 0.275593549 0.405152798
vt 0.2788454 0.458791614
vt 0.2809892 0.516711354
vt 0.347206801 0.516711354
vt 0.0663788468 0.299049735
vt 0.0129841529 0.299049735
vt 0.0631972551 0.230263591
vt 0.0129841529 0.231323838
vt 0.0619035922 0.173594475
vt 0.0129841529 0.173045754
vt 0.135733157 0.111363053
vt 0.127230614 0.177994132
vt 0.132889271 0.034856081
vt 0.205839366 0.349228859
vt 0.215877563 0.410480261
vt 0.219121844 0.459834337
vt 0.217703253 0.516711354
vt 0.121671267 0.299049735
vt 0.124062449 0.228364348
vt 0.155954212 0.374039888
vt 0.169566184 0.420529366
vt 0.0796237066 0.443018556
vt 0.0709650591 0.401573658
vt 0.17574808 0.468123078
vt 0.219121844 0.459834337
vt 0.217703253 0.516711354
vt 0.240301996 0.194985271
vt 0.23993817 0.24925518
vt 0.307740122 0.21402514
vt 0.314655572 0.17340517
vt 0.254135996 0.140274644
vt 0.305242926 0.260052204
vt 0.307740122 0.21402514
vt 0.32751441 0.15204525
vt 0.346338302 0.163590789
vt 0.307740122 0.21402514
vt 0.346338302 0.221927404
vt 0.305242926 0.260052204
vt 0.346338302 0.281489849
vt 0.346338302 0.281489849
vt 0.307373434 0.289766014
vt 0.238164008 0.286554098
vt 0.307373434 0.289766014
vt 0.0156636313 0.494035482
vt 0.0856889561 0.495481253
vt 0.0156636313 0.516711354
vt 0.0856990814 0.516711354
vt 0.0156636313 0.448898196
vt 0.0796237066 0.443018556
vt 0.0156636313 0.494035482
vt 0.0156636313 0.402865887
vt 0.0156636313 0.448898196
vt 0.0637210682 0.38802743
vt 0.0156636313 0.38802743
vt 0.32751441 0.15204525
vt 0.278332233 0.107819855
vt 0.165634662 0.516711354
vt 0.078645125 0.323558688
vt 0.0554653183 0.33855927
vt 0.0857854038 0.311270714
vt 0.073776409 0.37562418
vt 0.169566184 0.420529366
vt 0.256992042 0.0429063439
vt 0.248271704 0.0189456344
vt 0.281295091 0.0563679934
vt 0.264782757 0.0936188698
vt 0.256992042 0.0429063439
vt 0.212119341 0.0947804451
vt 0.212119341 0.0947804451
vt 0.217703253 0.516711354
vt 0.215877563 0.410480261
vt 0.212119341 0.0947804451
vt 0.166940659 0.281769931
vt 0.307740122 0.21402514
vt 0.346338302 0.221927404
vt 0.360084742 0.879245996
vt 0.374047816 0.940458953
vt 0.228256911 0.914257169
vt 0.228256911 0.947364986
vt 0.443160981 0.911421478
vt 0.449230701 0.931119204
vt 0.553735137 0.898079753
vt 0.560404241 0.920874596
vt 0.621174216 0.790152252
vt 0.70047003 0.797944129
vt 0.624227285 0.89490819
vt 0.70047003 0.888018012
vt 0.610703111 0.706403136
vt 0.70047003 0.711067319
vt 0.70047003 0.797944129
vt 0.531914592 0.793213189
vt 0.521300793 0.707132876
vt 0.517332375 0.60369432
vt 0.595652282 0.596867144
vt 0.70047003 0.595580578
vt 0.70047003 0.711067319
vt 0.312466264 0.827323794
vt 0.38168022 0.813247025
vt 0.360084742 0.879245996
vt 0.360084742 0.879245996
vt 0.442990601 0.854715228
vt 0.443160981 0.911421478
vt 0.560404241 0.920874596
vt 0.485501111 0.976501226
vt 0.449230701 0.931119204
vt 0.70047003 0.902693331
vt 0.62406373 0.909534037
vt 0.70047003 0.888018012
vt 0.624227285 0.89490819
vt 0.433101654 0.814166963
vt 0.474873364 0.810246706
vt 0.442990601 0.854715228
vt 0.489810705 0.83821249
vt 0.499478459 0.76745832
vt 0.531914592 0.793213189
vt 0.487013876 0.694754243
vt 0.521300793 0.707132876
vt 0.517332375 0.60369432
vt 0.555682361 0.563525677
vt 0.595652282 0.596867144
vt 0.517332375 0.60369432
vt 0.476306498 0.651093543
vt 0.555682361 0.563525677
vt 0.70047003 0.563525677
vt 0.70047003 0.595580578
vt 0.402025253 0.749552965
vt 0.38168022 0.813247025
vt 0.485501111 0.976501226
vt 0.374047816 0.940458953
vt 0.449230701 0.931119204
vt 0.228256911 0.914257169
vt 0.228256911 0.862865627
vt 0.412451208 0.619497538
vt 0.420042932 0.634596348
vt 0.334137529 0.700784624
vt 0.35164097 0.709891021
vt 0.285809964 0.7692132
vt 0.299994081 0.776676536
vt 0.284125835 0.802678287
vt 0.312466264 0.827323794
vt 0.485501111 0.976501226
vt 0.228256911 0.947364986
vt 0.374047816 0.940458953
vt 0.228256911 0.862865627
vt 0.228256911 0.837353885
vt 0.38168022 0.813247025
vt 0.312466264 0.827323794
vt 0.35164097 0.709891021
vt 0.299994081 0.776676536
vt 0.553735137 0.898079753
vt 0.489810705 0.83821249
vt 0.553735137 0.898079753
vt 0.35164097 0.709891021
vt 0.402025253 0.749552965
vt 0.420042932 0.634596348
vt 0.439825475 0.671644092
vt 0.555682361 0.563525677
vt 0.62406373 0.909534037
vt 0.70047003 0.902693331
vt 0.485501111 0.976501226
vt 0.62406373 0.909534037
vt 0.560404241 0.920874596
vt 0.624227285 0.89490819
vt 0.553735137 0.898079753
vt 0.62406373 0.909534037
vt 0.485501111 0.976501226
vt 0.560404241 0.920874596
vt 0.442990601 0.854715228
vt 0.553735137 0.898079753
vt 0.443160981 0.911421478
vt 0.442990601 0.854715228
vt 0.481221378 0.285432994
vt 0.456046671 0.251434624
vt 0.525959194 0.285432994
vt 0.525959194 0.285432994
vt 0.57462728 0.251434624
vt 0.60201472 0.285432994
vt 0.6952672 0.285432994
vt 0.60201472 0.285432994
vt 0.696090579 0.251434684
vt 0.57462728 0.251434624
vt 0.696090579 0.251434684
vt 0.797864497 0.251434684
vt 0.6952672 0.285432994
vt 0.797041059 0.285432994
vt 0.57462728 0.178322554
vt 0.57462728 0.251434624
vt 0.456046671 0.178322554
vt 0.456046671 0.251434624
vt 0.57462728 0.251434624
vt 0.57462728 0.178322554
vt 0.696090579 0.251434684
vt 0.696090579 0.178322554
vt 0.696090579 0.251434684
vt 0.696090579 0.178322554
vt 0.797864497 0.251434684
vt 0.797864497 0.178322554
vt 0.57462728 0.108938813
vt 0.57462728 0.178322554
vt 0.4560467 0.108938813
vt 0.456046671 0.178322554
vt 0.696090579 0.108938813
vt 0.696090579 0.178322554
vt 0.57462728 0.108938813
vt 0.57462728 0.178322554
vt 0.797864497 0.108938813
vt 0.797864497 0.178322554
vt 0.696090579 0.108938813
vt 0.696090579 0.178322554
vt 0.369661272 0.251434624
vt 0.369661272 0.178322554
vt 0.456046671 0.251434624
vt 0.456046671 0.178322554
vt 0.481221378 0.314525902
vt 0.369661272 0.314525902
vt 0.481221378 0.285432994
vt 0.369661272 0.251434624
vt 0.369661272 0.178322554
vt 0.369661272 0.108938813
vt 0.456046671 0.178322554
vt 0.4560467 0.108938813
vt 0.519643784 0.538477123
vt 0.430262178 0.519908965
vt 0.519607186 0.43726182
vt 0.430262178 0.519908965
vt 0.376770228 0.436339259
vt 0.519607186 0.43726182
vt 0.376770228 0.436339259
vt 0.440367192 0.352696657
vt 0.519607186 0.43726182
vt 0.440367192 0.352696657
vt 0.519643784 0.331256866
vt 0.519607186 0.43726182
vt 0.57462728 0.251434624
vt 0.263226569 0.695305824
vt 0.27079618 0.67682749
vt 0.236245558 0.665776432
vt 0.254662812 0.658054113
vt 0.238035172 0.625824571
vt 0.256523937 0.633374989
vt 0.267543733 0.598828435
vt 0.27528733 0.617234409
vt 0.307509065 0.600595713
vt 0.29997462 0.619084597
vt 0.254662812 0.658054113
vt 0.256523937 0.633374989
vt 0.27528733 0.617234409
vt 0.476306498 0.651093543
vt 0.439825475 0.671644092
vt 0.517332375 0.60369432
vt 0.420042932 0.634596348
vt 0.369661272 0.251434624
vt 0.481221378 0.285432994
vt 0.456046671 0.251434624
vt 0.369661272 0.251434624
vt 0.456046671 0.251434624
vt 0.51281929 0.0252071023
vt 0.509869933 0.0804815292
vt 0.454850256 0.0252071023
vt 0.450169384 0.0803836584
vt 0.619887114 0.0252071023
vt 0.670633078 0.0252071023
vt 0.619297266 0.0804815292
vt 0.669721842 0.0804815292
vt 0.329648912 0.0252071023
vt 0.384601414 0.0252071023
vt 0.329648912 0.0803836584
vt 0.393945634 0.0803836584
vt 0.566123962 0.0804815292
vt 0.567890406 0.0252071023
vt 0.619297266 0.0804815292
vt 0.619887114 0.0252071023
vt 0.509869933 0.0804815292
vt 0.51281929 0.0252071023
vt 0.566123962 0.0804815292
vt 0.567890406 0.0252071023
vt 0.670633078 0.0252071023
vt 0.730892539 0.0252071023
vt 0.669721842 0.0804815292
vt 0.730892539 0.0804815292
vt 0.813204944 0.0677217245
vt 0.79336673 0.0937110186
vt 0.782147765 0.0606094599
vt 0.782147765 0.0606094599
vt 0.773723602 0.0967400074
vt 0.754103124 0.0828801394
vt 0.754103124 0.0828801394
vt 0.751485169 0.0511088371
vt 0.782147765 0.0606094599
vt 0.751485169 0.0511088371
vt 0.765900373 0.0244103074
vt 0.782147765 0.0606094599
vt 0.765900373 0.0244103074
vt 0.792181015 0.0193542838
vt 0.782147765 0.0606094599
vt 0.792181015 0.0193542838
vt 0.813204944 0.0377228856
vt 0.782147765 0.0606094599
vt 0.813204944 0.0377228856
vt 0.813204944 0.0677217245
vt 0.782147765 0.0606094599
vt 0.423405111 0.0252071023
vt 0.454850256 0.0252071023
vt 0.450169384 0.0803836584
vt 0.773723602 0.0967400074
vt 0.423405111 0.0252071023
vt 0.393945634 0.0803836584
vt 0.384601414 0.0252071023
vt 0.423405111 0.0252071023
vt 0.450169384 0.0803836584
vt 0.393945634 0.0803836584
vt 0.450169384 0.0803836584
vt 0.509869933 0.0804815292
vt 0.454850256 0.0252071023
vt 0.51281929 0.0252071023
vt 0.669721842 0.0804815292
vt 0.670633078 0.0252071023
vt 0.619297266 0.0804815292
vt 0.619887114 0.0252071023
vt 0.393945634 0.0803836584
vt 0.384601414 0.0252071023
vt 0.329648912 0.0803836584
vt 0.329648912 0.0252071023
vt 0.566123962 0.0804815292
vt 0.619297266 0.0804815292
vt 0.567890406 0.0252071023
vt 0.619887114 0.0252071023
vt 0.509869933 0.0804815292
vt 0.566123962 0.0804815292
vt 0.51281929 0.0252071023
vt 0.567890406 0.0252071023
vt 0.730892539 0.0804815292
vt 0.730892539 0.0252071023
vt 0.669721842 0.0804815292
vt 0.670633078 0.0252071023
vt 0.813204944 0.0677217245
vt 0.782147765 0.0606094599
vt 0.79336673 0.0937110186
vt 0.782147765 0.0606094599
vt 0.754103124 0.0828801394
vt 0.773723602 0.0967400074
vt 0.754103124 0.0828801394
vt 0.782147765 0.0606094599
vt 0.751485169 0.0511088371
vt 0.751485169 0.0511088371
vt 0.782147765 0.0606094599
vt 0.765900373 0.0244103074
vt 0.765900373 0.0244103074
vt 0.782147765 0.0606094599
vt 0.792181015 0.0193542838
vt 0.792181015 0.0193542838
vt 0.782147765 0.0606094599
vt 0.813204944 0.0377228856
vt 0.813204944 0.0377228856
vt 0.782147765 0.0606094599
vt 0.813204944 0.0677217245
vt 0.423405111 0.0252071023
vt 0.450169384 0.0803836584
vt 0.454850256 0.0252071023
vt 0.773723602 0.0967400074
vt 0.423405111 0.0252071023
vt 0.384601414 0.0252071023
vt 0.393945634 0.0803836584
vt 0.423405111 0.0252071023
vt 0.393945634 0.0803836584
vt 0.450169384 0.0803836584
vt 0.176723331 0.532039881
vt 0.0162526816 0.532039881
vt 0.122796722 0.564711273
vt 0.0162526816 0.583824873
vt 0.122796722 0.564711273
vt 0.17515327 0.57471633
vt 0.176723331 0.532039881
vt 0.245693415 0.57471633
vt 0.176723331 0.532039881
vt 0.17515327 0.57471633
vt 0.122796722 0.564711273
vt 0.0494532287 0.671859741
vt 0.11922048 0.685100198
vt 0.245693415 0.57471633
vt 0.300828934 0.532039881
vt 0.176723331 0.532039881
vt 0.406346381 0.57471633
vt 0.406364381 0.532039881
vt 0.313206464 0.57471633
vt 0.300828934 0.532039881
vt 0.300828934 0.532039881
vt 0.245693415 0.57471633
vt 0.120279521 0.834072948
vt 0.195769519 0.819126964
vt 0.0987329185 0.756859004
vt 0.187742203 0.744886458
vt 0.0846209228 0.833323777
vt 0.0756811798 0.890487015
vt 0.120279521 0.834072948
vt 0.0963828266 0.913754642
vt 0.195769519 0.819126964
vt 0.120279521 0.834072948
vt 0.175786704 0.884311855
vt 0.175786704 0.884311855
vt 0.120279521 0.834072948
vt 0.134403437 0.942347348
vt 0.0117904842 0.940687358
vt 0.0117904842 0.975429475
vt 0.0963828266 0.913754642
vt 0.0337207019 0.741159558
vt 0.0471527278 0.733389914
vt 0.0308851898 0.707251608
vt 0.0471527278 0.700787723
vt 0.195769519 0.819126964
vt 0.222586125 0.811168373
vt 0.187742203 0.744886458
vt 0.196940392 0.733389914
vt 0.0987329185 0.756859004
vt 0.187742203 0.744886458
vt 0.0951934755 0.733389914
vt 0.196940392 0.733389914
vt 0.186346024 0.905172884
vt 0.175786704 0.884311855
vt 0.131098241 0.986218452
vt 0.186346024 0.905172884
vt 0.134403437 0.942347348
vt 0.175786704 0.884311855
vt 0.0756811798 0.890487015
vt 0.0117904842 0.857037783
vt 0.0117904842 0.913257062
vt 0.0117904842 0.986218452
vt 0.0117904842 0.975429475
vt 0.0117904842 0.778300762
vt 0.0117904842 0.857037783
vt 0.052433461 0.789226711
vt 0.0117904842 0.857037783
vt 0.0846209228 0.833323777
vt 0.052433461 0.789226711
vt 0.0756811798 0.890487015
vt 0.0846209228 0.833323777
vt 0.0117904842 0.857037783
vt 0.0987329185 0.756859004
vt 0.0337207019 0.741159558
vt 0.052433461 0.789226711
vt 0.120279521 0.834072948
vt 0.0117904842 0.940687358
vt 0.0117904842 0.913257062
vt 0.0308851898 0.707251608
vt 0.0117904842 0.706104875
vt 0.0337207019 0.741159558
vt 0.0117904842 0.754728258
vt 0.0337207019 0.741159558
vt 0.0471527278 0.733389914
vt 0.0117904842 0.70395714
vt 0.0117904842 0.706104875
vt 0.122796722 0.564711273
vt 0.176723331 0.532039881
vt 0.17515327 0.57471633
vt 0.245693415 0.57471633
vt 0.176723331 0.532039881
vt 0.176723331 0.532039881
vt 0.122796722 0.564711273
vt 0.0162526816 0.532039881
vt 0.0162526816 0.583824873
vt 0.245693415 0.57471633
vt 0.176723331 0.532039881
vt 0.300828934 0.532039881
vt 0.0494532287 0.671859741
vt 0.11922048 0.685100198
vt 0.0720972493 0.685100198
vt 0.300828934 0.532039881
vt 0.406364381 0.532039881
vt 0.313206464 0.57471633
vt 0.406346381 0.57471633
vt 0.245693415 0.57471633
vt 0.300828934 0.532039881
vt 0.195769519 0.819126964
vt 0.175786704 0.884311855
vt 0.120279521 0.834072948
vt 0.175786704 0.884311855
vt 0.134403437 0.942347348
vt 0.120279521 0.834072948
vt 0.0471527278 0.700787723
vt 0.0471527278 0.733389914
vt 0.0308851898 0.707251608
vt 0.0337207019 0.741159558
vt 0.195769519 0.819126964
vt 0.187742203 0.744886458
vt 0.222586125 0.811168373
vt 0.196940392 0.733389914
vt 0.186346024 0.905172884
vt 0.175786704 0.884311855
vt 0.175786704 0.884311855
vt 0.186346024 0.905172884
vt 0.134403437 0.942347348
vt 0.131098241 0.986218452
vt 0.0117904842 0.778300762
vt 0.052433461 0.789226711
vt 0.0117904842 0.857037783
vt 0.0117904842 0.857037783
vt 0.052433461 0.789226711
vt 0.0846209228 0.833323777
vt 0.0756811798 0.890487015
vt 0.0117904842 0.857037783
vt 0.0846209228 0.833323777
vt 0.0987329185 0.756859004
vt 0.0951934755 0.733389914
vt 0.187742203 0.744886458
vt 0.196940392 0.733389914
vt 0.187742203 0.744886458
vt 0.195769519 0.819126964
vt 0.0987329185 0.756859004
vt 0.120279521 0.834072948
vt 0.0963828266 0.913754642
vt 0.120279521 0.834072948
vt 0.0117904842 0.975429475
vt 0.0117904842 0.940687358
vt 0.052433461 0.789226711
vt 0.0117904842 0.778300762
vt 0.0337207019 0.741159558
vt 0.0117904842 0.754728258
vt 0.0846209228 0.833323777
vt 0.120279521 0.834072948
vt 0.0756811798 0.890487015
vt 0.0963828266 0.913754642
vt 0.0987329185 0.756859004
vt 0.052433461 0.789226711
vt 0.0337207019 0.741159558
vt 0.0117904842 0.940687358
vt 0.0117904842 0.913257062
vt 0.0756811798 0.890487015
vt 0.0117904842 0.913257062
vt 0.0117904842 0.857037783
vt 0.0117904842 0.754728258
vt 0.0117904842 0.706104875
vt 0.0337207019 0.741159558
vt 0.0308851898 0.707251608
vt 0.0987329185 0.756859004
vt 0.0951934755 0.733389914
vt 0.0117904842 0.706104875
vt 0.0117904842 0.70395714
vt 0.0117904842 0.975429475
vt 0.0117904842 0.986218452
vt 0.120279521 0.834072948
vt 0.0846209228 0.833323777
vt 0.052433461 0.789226711
vt 0.11922048 0.685100198
vt 0.0494532287 0.671859741
vt 0.0720972493 0.685100198
vt 0.0494532287 0.671859741
vt 0.122796722 0.564711273
vt 0.11922048 0.685100198
vt 0.052433461 0.789226711
vt 0.0337207019 0.741159558
vt 0.0117904842 0.778300762
vt 0.0117904842 0.754728258
vt 0.120279521 0.834072948
vt 0.0846209228 0.833323777
vt 0.0987329185 0.756859004
vt 0.052433461 0.789226711
vt 0.0162526816 0.673885047
vt 0.0162526816 0.583824873
vt 0.0162526816 0.583824873
vt 0.0162526816 0.673885047
vn 0.0370870046 0.211650416 0.976641536
vn 0.528881133 0.0773074552 0.845167577
vn 0.523015618 -0.00187552173 0.852321088
vn -0.0210579317 -0.693423867 0.720222175
vn 0.710128129 -0.702571988 0.0459432267
vn -0.178212523 -0.944072127 -0.277431369
vn 0.710128129 -0.702571988 0.0459432267
vn -0.162870184 -0.915508926 -0.367854029
vn -0.178212523 -0.944072127 -0.277431369
vn -0.162870184 -0.915508986 -0.367854029
vn 0.235845253 -0.671159923 -0.702795386
vn -0.214500502 -0.143513232 -0.966122866
vn -0.0294076465 -0.30028674 -0.953395605
vn 0.0205309838 0.169462815 -0.985322595
vn -0.303972542 0.464912772 -0.831538856
vn -0.0205631759 0.747663796 -0.663758934
vn -0.303972542 0.464912772 -0.831538856
vn -0.280773461 0.857501388 -0.431112111
vn -0.0205631759 0.747663796 -0.663758934
vn 0.000594264944 0.989118218 -0.147121698
vn 0.116417602 0.82939887 0.546392083
vn -0.105464853 0.95910114 0.262682647
vn -0.284940988 0.951604605 0.115140073
vn 0.33926627 0.844384313 0.414624363
vn 0.928565741 -0.329696238 -0.170487776
vn 0.928565741 -0.329696238 -0.170487776
vn 0.516998649 -0.776837289 -0.359494299
vn -0.264011025 -0.339499384 -0.902794659
vn -0.518514812 0.195678353 -0.832377493
vn -0.518514812 0.195678353 -0.832377493
vn -0.645879626 0.653955698 -0.393930703
vn 0.593779147 0.774228096 -0.219082534
vn 0.912191927 0.130619884 -0.388386786
vn 0.415314287 0.874568701 -0.250286907
vn 0.0675781146 -0.978842735 0.193132147
vn 0.414518207 -0.869382381 0.268977433
vn 0.13161768 -0.951090574 0.279470056
vn 0.483761698 -0.800792933 0.353136331
vn -0.504580438 -0.858651459 -0.0900895819
vn -0.238690957 -0.905469477 -0.350929588
vn -0.362288922 0.654254615 0.663850605
vn 0.145282909 0.73769176 0.659320712
vn -0.295872599 0.936623037 0.187608153
vn 0.266943514 0.92931366 0.255180627
vn -0.7345801 0.4585087 0.500161946
vn -0.821773529 0.568798959 0.0340014771
vn 0.251933247 -0.0191737581 0.967554569
vn 0.893222809 0.272506922 0.357621342
vn 0.146306559 -0.781142414 0.606968641
vn 0.148132101 -0.864546895 0.48022458
vn -0.674256861 -0.729608238 0.114234403
vn -0.50467211 -0.344588131 0.791558623
vn -0.948018432 -0.298528731 0.110189199
vn -0.948018432 -0.298528731 0.110189199
vn -0.974133074 -0.180143461 -0.136429638
vn -0.674256861 -0.729608238 0.114234403
vn -0.948018432 -0.298528731 0.110189199
vn -0.420374244 -0.906536341 0.0384367481
vn -0.974133074 -0.180143461 -0.136429638
vn 0.146306559 -0.781142414 0.606968641
vn 0.148132101 -0.864546895 0.48022458
vn 0.334170729 -0.928314149 0.162981197
vn 0.465006113 -0.73070091 0.499845356
vn 0.907766879 0.166127026 0.385176957
vn 0.893222809 0.272506922 0.357621342
vn 0.893222809 0.272506922 0.357621342
vn 0.907766879 0.166127026 0.385176957
vn -0.96687609 -0.0633306652 -0.247264728
vn 0.352970958 -0.877285123 0.325242013
vn 0.912191927 0.130619884 -0.388386786
vn 0.609960675 0.147865519 0.77851367
vn 0.626696825 0.014729728 0.779123962
vn 0.609960675 0.147865519 0.77851367
vn -0.629157782 0.499543756 0.595497012
vn 0.415314287 0.874568701 -0.250286907
vn -0.358273327 0.601341546 0.714162886
vn 0.593779147 0.774228096 -0.219082534
vn -0.379408181 -0.71917069 0.58210218
vn -0.379408211 -0.71917069 0.58210218
vn -0.96687609 -0.0633306652 -0.247264728
vn 0.638290882 -0.589785933 0.494709224
vn -0.150148422 -0.966005147 -0.210450843
vn 0.465006113 -0.73070091 0.499845356
vn -0.680047631 -0.503381789 -0.533049643
vn -0.777141511 -0.467263132 -0.421564043
vn -0.680047572 -0.503381789 -0.533049643
vn -0.913674593 -0.365905851 -0.176950887
vn -0.921960831 0.0542910993 0.383458883
vn -0.939065754 -0.00228699367 0.343730032
vn -0.745637238 0.427890122 0.510818064
vn -0.751088619 0.418594062 0.510533929
vn -0.0360169336 0.576343238 0.816413701
vn 0.0990703404 0.708021104 0.699207544
vn 0.11786364 0.922594309 0.367325515
vn 0.0990703478 0.708021104 0.699207544
vn -0.329623252 -0.650407672 -0.684337974
vn -0.329623252 -0.650407612 -0.684337854
vn -0.286453307 -0.669335544 -0.685517669
vn -0.302266866 -0.662606835 -0.68526417
vn -0.165191174 0.00305746985 0.986256897
vn -0.208064109 -0.20533976 0.956318438
vn -0.143658817 0.23964344 0.960173488
vn -0.208064094 -0.205339774 0.956318498
vn 0.418731987 0.902719676 0.0987960547
vn 0.241566226 0.964256346 -0.108882912
vn 0.418731958 0.902719736 0.0987960473
vn -0.0463054031 0.890224814 0.453161865
vn 0.0417761393 0.994340003 -0.097686246
vn 0.0961414278 0.971063793 -0.218613669
vn 0.319193482 0.915359378 -0.245423868
vn 0.476911366 0.840537071 -0.257007837
vn 0.476911396 0.840537012 -0.257007837
vn -0.567295492 -0.699617088 0.434409857
vn -0.564944804 -0.683927059 0.461607099
vn -0.556930721 -0.641506016 0.52753973
vn -0.504771054 -0.603006601 0.617729187
vn -0.504770994 -0.603006482 0.617729127
vn -0.504770994 -0.603006542 0.617729127
vn -0.56834203 -0.700806677 0.431111693
vn -0.56834197 -0.700806677 0.431111634
vn 0.0430707484 -0.16373159 0.985564291
vn 0.0430707484 -0.163731575 0.985564291
vn 0.0430707484 -0.163731575 0.985564291
vn 0.185850784 -0.489601701 0.851909399
vn 0.185850784 -0.489601701 0.851909399
vn 0.185850784 -0.489601701 0.851909339
vn -0.0994364917 0.914513648 0.392144352
vn -0.0994364619 0.914513588 0.392144293
vn -0.0994364843 0.914513648 0.392144322
vn -0.0994364768 0.914513648 0.392144322
vn -0.893909156 0.349678367 -0.280448526
vn -0.92029053 0.325636566 -0.216855288
vn -0.893096685 0.403779268 -0.198344454
vn -0.89277494 0.404358536 -0.198613033
vn -0.892592788 0.380168647 -0.242383838
vn -0.887615561 0.392100751 -0.241652116
vn -0.900199413 0.211283892 -0.380788743
vn -0.891752183 0.179936126 -0.415212005
vn 0.0816425607 -0.208562627 -0.974595368
vn 0.0133584691 -0.227967545 -0.973577082
vn 0.0482938588 -0.219715491 -0.974367917
vn -0.875959396 0.133775204 -0.463464469
vn -0.875959337 0.133775204 -0.463464499
vn 0.0482938588 -0.219715491 -0.974367917
vn 0.00329679111 -0.22646898 -0.974012852
vn 0.00329679088 -0.226468951 -0.974012792
vn -0.862941444 0.480889827 -0.155167997
vn -0.869688272 0.448120117 -0.206955284
vn 0.193834051 -0.444247812 0.874684155
vn 0.193834022 -0.444247782 0.874684036
vn 0.193834022 -0.444247782 0.874684036
vn 0.0210065283 -0.311900795 -0.949882448
vn 0.0651728734 -0.219717711 -0.973384142
vn 0.0209221821 -0.312618285 -0.94964838
vn 0.0689181611 -0.216221973 -0.973908782
vn -0.034735281 -0.536911309 -0.842923284
vn -0.0211713649 -0.491313308 -0.870725513
vn -0.889699161 -0.231561854 -0.393464804
vn -0.889699161 -0.23156184 -0.393464744
vn -0.889699161 -0.23156184 -0.393464774
vn -0.889699101 -0.231561825 -0.393464804
vn -0.143658817 0.23964344 0.960173488
vn -0.143658817 0.23964344 0.960173488
vn -0.862941444 0.480889827 -0.155167997
vn -0.857823431 0.498162359 -0.12638551
vn -0.857823372 0.498162329 -0.126385495
vn -0.857823372 0.498162419 -0.12638551
vn 0.0482938588 -0.219715491 -0.974367917
vn -0.0337240137 -0.621868432 0.782395244
vn -0.0337240137 -0.621868372 0.782395303
vn -0.0337240137 -0.621868432 0.782395303
vn -0.745637238 0.427890122 0.510818064
vn -0.751088619 0.418594062 0.510533929
vn -0.513344407 0.707767606 0.485327035
vn -0.513344467 0.707767606 0.485327125
vn 0.068478249 -0.586103857 0.807336926
vn 0.068478249 -0.586103857 0.807336926
vn 0.068478249 -0.586103976 0.807336986
vn -0.550919175 -0.606624246 0.573144913
vn -0.993057251 -0.11068847 0.0398166478
vn -0.993057191 -0.110688485 0.039816644
vn -0.993057191 -0.110688478 0.039816644
vn -0.947846651 0.318717301 -0.00244838931
vn -0.947846591 0.318717271 -0.00244838907
vn -0.947846651 0.318717301 -0.00244838931
vn 0.128586352 0.85207659 -0.507376611
vn 0.0872472003 0.92381978 -0.372753203
vn -0.317386687 0.656595349 -0.684213459
vn -0.382685423 0.869581282 -0.312058032
vn 0.128586352 0.85207659 -0.507376611
vn 0.439186245 0.851005614 -0.287932247
vn 0.0872472003 0.92381978 -0.372753203
vn 0.439186215 0.851005554 -0.287932217
vn -0.998398185 0.0246399473 0.050930474
vn -0.998398185 0.0246399511 0.050930474
vn -0.998398304 0.0246399529 0.0509304814
vn -0.998398244 0.0246399492 0.050930474
vn 0.0872472003 0.92381978 -0.372753203
vn -0.0198668633 0.951177716 -0.308003575
vn -0.382685423 0.869581282 -0.312058032
vn -0.38797918 0.898415089 -0.205724433
vn 0.434596151 0.821063936 -0.370108485
vn 0.434596121 0.821063876 -0.370108426
vn 0.0872472003 0.92381978 -0.372753203
vn -0.0198668633 0.951177716 -0.308003575
vn -0.904957831 -0.425498664 -0.00147293496
vn -0.990738928 0.0136814518 0.135089442
vn -0.955603659 -0.291433722 0.0434532389
vn -0.990738869 0.0136814509 0.135089442
vn 0.0931499004 0.93896091 0.331173003
vn -0.296246052 0.872392893 0.388804376
vn 0.105212495 0.938628256 0.328492731
vn -0.296246111 0.872392952 0.388804376
vn 0.0931499004 0.93896091 0.331173003
vn 0.105212495 0.938628256 0.328492731
vn 0.587853134 0.790700555 0.170941845
vn 0.587853253 0.790700674 0.170941859
vn -0.776598692 -0.627419591 0.0569134988
vn -0.775720775 -0.630390882 0.0294052064
vn -0.775911808 -0.629920304 0.0340790451
vn -0.775720775 -0.630390823 0.0294052027
vn -0.741348624 -0.670775235 0.0215073302
vn -0.741348684 -0.670775354 0.0215073321
vn -0.741348803 -0.670775354 0.021507334
vn -0.741348684 -0.670775354 0.021507334
vn -0.955603659 -0.291433722 0.0434532389
vn -0.774691105 -0.627711177 -0.0763700008
vn -0.904957831 -0.425498664 -0.00147293496
vn -0.774691105 -0.627711177 -0.0763700008
vn -0.050053861 0.0298354216 -0.998300791
vn -0.050053861 0.0298354197 -0.998300731
vn -0.050053861 0.0298354216 -0.998300791
vn -0.0182785634 0.0352286771 -0.999212146
vn -0.0182785615 0.0352286734 -0.999212086
vn -0.0182785653 0.0352286771 -0.999212146
vn -0.0279401504 0.0253386647 -0.99928838
vn -0.0279401504 0.0253386628 -0.99928838
vn -0.0279401504 0.0253386665 -0.99928844
vn -0.0275171418 0.02987919 -0.999174654
vn -0.0275171418 0.0298791919 -0.999174654
vn -0.027517138 0.0298791882 -0.999174595
vn -0.788731694 -0.0997744948 -0.606586754
vn -0.788731635 -0.0997744799 -0.606586695
vn -0.788731635 -0.0997744873 -0.606586695
vn -0.227377579 0.373823702 0.899196982
vn -0.519265354 0.514904618 0.682082653
vn -0.227377594 0.373823732 0.899197102
vn -0.519265294 0.514904618 0.682082713
vn -0.833478451 0.552353621 -0.0148065649
vn -0.833478451 0.552353621 -0.014806495
vn -0.659450829 0.266241342 -0.703022063
vn -0.659451008 0.266241372 -0.703022003
vn -0.410538912 0.0489296019 -0.910529315
vn -0.410538942 0.0489296056 -0.910529375
vn -0.543587923 -0.81485498 0.201304317
vn -0.543587983 -0.81485498 0.201304421
vn -0.543588042 -0.81485498 0.201304331
vn -0.543587923 -0.81485492 0.201304406
vn -0.543588042 -0.814855039 0.201304212
vn -0.543588102 -0.81485492 0.201304287
vn -0.746327102 0.660176754 0.0846310854
vn -0.746327162 0.660176694 0.0846310928
vn -0.746327162 0.660176694 0.0846310854
vn -0.746327162 0.660176694 0.0846310854
vn 0.438457876 -0.873196185 0.21279861
vn 0.297791481 -0.891610205 0.341103584
vn 0.593454719 -0.733437419 0.331483006
vn 0.550678968 -0.724936485 0.413787246
vn -0.29968825 -0.936461449 -0.182282701
vn -0.772854269 -0.625397623 0.107583374
vn -0.29968825 -0.936461449 -0.182282701
vn -0.957820654 0.0843285024 -0.274715036
vn -0.772854269 -0.625397623 0.107583374
vn -0.957820654 0.0843285024 -0.274715066
vn -0.886624873 0.415987909 -0.202114403
vn -0.543097436 0.829861164 -0.127967238
vn -0.931575954 0.362113446 0.0322499238
vn -0.44906491 0.877071619 -0.170546696
vn 0.392514765 0.916287661 -0.0796821266
vn 0.401316732 0.899304271 0.173771888
vn 0.392514765 0.916287661 -0.0796821266
vn 0.401316732 0.899304271 0.173771888
vn 0.877663374 0.422160894 0.22690779
vn 0.868601322 0.21471782 0.446573704
vn 0.910819709 -0.0468797944 0.410133779
vn 0.879124761 -0.047450114 0.474223673
vn 0.336113602 -0.82874614 0.447445452
vn 0.882350206 -0.386530876 0.268425256
vn -0.786755741 -0.475713044 0.393334985
vn -0.786755741 -0.475713044 0.393334985
vn -0.976521671 0.205290645 0.0652781874
vn -0.519560397 0.846415162 -0.116783462
vn -0.117326215 0.948507667 -0.294223756
vn 0.676529944 0.723127365 -0.139262572
vn 0.959279835 0.282347679 -0.00786269736
vn -0.968026102 -0.138573885 -0.209099725
vn -0.93158412 -0.0817943662 -0.354204386
vn -0.894896686 -0.0326936394 -0.445074171
vn -0.906666517 -0.214614674 -0.363175452
vn -0.499896795 0.645741224 -0.577166677
vn -0.624452829 0.602220058 -0.49738279
vn -0.091887258 0.960998416 -0.260842681
vn 0.942983627 -0.329342127 0.0481213257
vn 0.948896527 0.24867481 -0.19430989
vn 0.837098897 -0.546056151 -0.0329869837
vn 0.56720984 -0.772883117 -0.284472615
vn 0.663273692 -0.718630552 0.208897486
vn 0.934494436 0.176137105 -0.309347451
vn 0.974133074 0.000773440348 -0.225973815
vn -0.238300577 -0.960603416 0.143016934
vn -0.0892049819 -0.397835225 -0.913109839
vn -0.0722049922 -0.204630017 -0.976172686
vn -0.0722049847 -0.204630002 -0.976172566
vn -0.0722049773 -0.204630002 -0.976172566
vn -0.0722049847 -0.204629987 -0.976172566
vn -0.246938244 0.763904095 -0.59621489
vn 0.263220161 0.774186611 -0.575630307
vn 0.382474631 0.822497427 -0.420964509
vn 0.263220161 0.774186611 -0.575630307
vn -0.246938244 0.763904095 -0.59621489
vn -0.593652725 0.580464363 -0.557348728
vn 0.263220161 0.774186611 -0.575630307
vn 0.382474631 0.822497427 -0.420964509
vn -0.940426111 0.133927867 -0.312509328
vn -0.863685191 0.195728108 -0.464476258
vn -0.940426171 0.133927882 -0.312509328
vn -0.973170102 -0.164713278 -0.160652921
vn -0.955395758 0.0869279057 -0.282245696
vn -0.298646837 -0.948983431 0.101196058
vn -0.238300577 -0.960603416 0.143016934
vn -0.238300577 -0.960603416 0.143016934
vn -0.298646837 -0.948983431 0.101196058
vn 0.54935354 0.774322033 -0.314063758
vn -0.929004073 -0.0474670827 -0.367012471
vn 0.109798439 0.138887018 -0.984202564
vn -0.305003405 -0.57234174 0.761181831
vn -0.313071758 -0.172824696 -0.933872402
vn -0.770658493 0.302292198 -0.560985684
vn 0.456839442 -0.635036647 0.622917414
vn -0.305003405 -0.57234174 0.761181831
vn 0.109798439 0.138887018 -0.984202564
vn -0.313071758 -0.172824696 -0.933872402
vn 0.456839442 -0.635036647 0.622917414
vn 0.311367333 -0.700724185 0.641900301
vn 0.311367333 -0.700724185 0.641900301
vn 0.160081029 0.868424952 -0.469267637
vn -0.730164409 0.438086241 -0.524347663
vn 0.311367333 -0.700724185 0.641900301
vn 0.54935354 0.774322033 -0.314063758
vn -0.0866375417 -0.374122888 -0.923323333
vn -0.0866375491 -0.374122947 -0.923323333
vn 0.365660012 -0.9307127 -0.00815969147
vn 0.29391849 -0.92742455 -0.231290862
vn 0.212391645 -0.878412545 -0.428113639
vn 0.212391645 -0.878412545 -0.42811358
vn 0.521816194 -0.634962618 0.569675624
vn 0.592053473 -0.459082305 0.662356555
vn 0.678141415 -0.12178956 0.724770069
vn 0.705070078 0.082838282 0.704282761
vn 0.517741382 0.699759781 0.492219687
vn 0.288254291 0.700006366 0.653376162
vn 0.361135215 0.533885002 0.76455754
vn 0.288254291 0.700006425 0.653376162
vn 0.5844993 0.795876622 -0.157926887
vn 0.424695373 0.901608646 0.082070142
vn 0.424695402 0.901608765 0.0820701495
vn 0.626037002 0.490512818 0.606197
vn 0.691158831 0.71003741 -0.134708062
vn 0.69399631 0.627308071 -0.353346407
vn 0.609057188 0.714297235 -0.344715893
vn 0.499133766 0.801935673 -0.328275383
vn 0.499133736 0.801935673 -0.328275383
vn -0.220395252 -0.799214065 0.559180498
vn 0.0394800268 -0.816732883 0.575663745
vn -0.134784833 -0.811169922 0.569066226
vn 0.0151501372 -0.672834635 0.739637852
vn 0.0151501372 -0.672834516 0.739637852
vn 0.0151501345 -0.672834516 0.739637792
vn -0.562170625 -0.273317754 0.78055203
vn -0.562170684 -0.273317784 0.780552149
vn -0.562170684 -0.273317754 0.780552089
vn 0.419389784 0.799608648 0.429811925
vn 0.419389784 0.799608588 0.429811895
vn 0.419389784 0.799608588 0.429811925
vn 0.419389814 0.799608648 0.429812014
vn 0.756887138 -0.522357881 -0.392764628
vn 0.870188117 -0.394923687 -0.294631839
vn 0.782042742 -0.512837589 -0.354128182
vn 0.869727194 -0.39612329 -0.294382066
vn 0.889175892 -0.301874012 -0.343857884
vn 0.890127063 -0.303450584 -0.339987665
vn 0.486623943 -0.870470643 0.0740140453
vn 0.837759197 -0.465366632 -0.285645574
vn -0.0592250451 -0.107839078 -0.992402792
vn -0.0572481863 -0.141619742 -0.988264382
vn -0.0515154935 -0.179806098 -0.982352257
vn 0.257490933 -0.938458025 0.230206087
vn 0.257490963 -0.938458085 0.230206087
vn -0.0572481863 -0.141619742 -0.988264382
vn -0.0461931787 -0.188495055 -0.980987191
vn -0.0461931713 -0.18849501 -0.980987132
vn 0.881314993 -0.47224015 -0.0165257528
vn 0.862409651 -0.493958622 -0.110700607
vn -0.46033597 -0.0524053909 0.886196554
vn -0.46033603 -0.0524053946 0.886196613
vn -0.460336 -0.0524053909 0.886196613
vn -0.278426856 -0.786956131 0.550616443
vn -0.278426826 -0.786956191 0.550616443
vn -0.0617372654 -0.124318168 -0.990319967
vn -0.0637076348 -0.129890487 -0.989479542
vn -0.142193466 -0.221302018 -0.964783072
vn -0.139971778 -0.21996285 -0.965414047
vn -0.450134575 -0.319031835 -0.834024966
vn -0.596513212 -0.348060399 -0.723205328
vn -0.37752232 -0.728644073 -0.571449697
vn -0.303595692 -0.736595273 -0.604364991
vn -0.321551919 -0.00483596651 0.946879566
vn -0.321551949 -0.00483596697 0.946879566
vn -0.321551979 -0.00483596697 0.946879566
vn -0.224293813 -0.739699304 -0.634458065
vn -0.224293843 -0.739699304 -0.634458065
vn 0.260031611 -0.945123315 -0.197801471
vn 0.260031611 -0.945123315 -0.197801501
vn 0.260031641 -0.945123315 -0.197801486
vn 0.260031641 -0.945123374 -0.197801501
vn 0.373513669 0.0864297748 0.923589468
vn 0.239173546 -0.277006656 0.93062526
vn 0.373513669 0.0864297748 0.923589468
vn 0.890446067 -0.450999945 0.0608679764
vn 0.881314993 -0.47224015 -0.0165257528
vn 0.890446126 -0.450999916 0.0608679838
vn 0.890446007 -0.450999886 0.0608679689
vn -0.0572481863 -0.141619742 -0.988264382
vn -0.338579059 -0.573457062 0.745996714
vn -0.338579088 -0.573457062 0.745996654
vn -0.338579148 -0.573457122 0.745996714
vn 0.684158027 0.403860182 0.607309461
vn 0.705070078 0.082838282 0.704282761
vn 0.684157968 0.403860182 0.607309461
vn 0.678141415 -0.12178956 0.724770069
vn -0.485635012 -0.450301975 0.749257565
vn -0.485635012 -0.450302005 0.749257445
vn -0.485635042 -0.450302035 0.749257505
vn 0.041852057 -0.815141618 0.577747703
vn 0.373513669 0.0864297748 0.923589468
vn 0.150885552 -0.379744232 0.912703633
vn 0.150885552 -0.379744262 0.912703633
vn 0.0498355329 -0.976880252 0.207897231
vn -0.103367075 -0.963498652 0.246952534
vn 0.314374357 -0.934288681 -0.168147281
vn 0.66623652 -0.72538203 0.173060372
vn 0.66623646 -0.72538197 0.173060358
vn 0.66623646 -0.72538203 0.173060372
vn 0.817945778 0.395509243 -0.417776257
vn 0.88445729 -0.082903415 -0.459197551
vn 0.833314359 0.35184443 -0.426371515
vn 0.88445729 -0.082903415 -0.459197551
vn 0.833314359 0.35184443 -0.426371515
vn 0.651516736 0.684358895 -0.327381849
vn 0.817945778 0.395509243 -0.417776257
vn 0.651516736 0.684358776 -0.327381849
vn 0.437027872 -0.896449029 0.0733889341
vn 0.437027872 -0.89644897 0.0733889341
vn 0.119740538 -0.990275979 0.070822008
vn -0.00507906172 -0.99768579 0.0678030252
vn 0.97979629 0.00819486845 -0.199830547
vn 0.984238505 0.16940479 0.0507613309
vn 0.933792472 0.245659307 -0.260159701
vn 0.869173706 0.494113803 0.0197129007
vn 0.933792472 0.245659307 -0.260159701
vn 0.869173706 0.494113803 0.0197129007
vn 0.641462862 0.691612303 -0.331960618
vn 0.641462862 0.691612244 -0.331960678
vn 0.606887341 -0.741108179 0.287134767
vn 0.606887341 -0.741108239 0.287134767
vn 0.606887341 -0.74110806 0.287134737
vn 0.606887341 -0.741108239 0.287134767
vn 0.756613672 0.614016294 0.224765882
vn 0.869173706 0.494113803 0.0197129007
vn 0.887296557 0.329919875 0.322269559
vn 0.984238505 0.16940479 0.0507613309
vn 0.566819608 0.815794587 0.114868261
vn 0.566819668 0.815794647 0.114868276
vn 0.756613672 0.614016294 0.224765882
vn 0.869173706 0.494113803 0.0197129007
vn -0.305745482 -0.950459123 0.0560989864
vn -0.305745512 -0.950459123 0.0560989939
vn -0.00507906172 -0.99768579 0.0678030252
vn 0.119740538 -0.990275979 0.070822008
vn -0.256143212 -0.965231121 0.0521495007
vn -0.256143212 -0.965231061 0.0521494932
vn -0.256143183 -0.965231061 0.0521494932
vn -0.256143183 -0.965231061 0.052149497
vn -0.227852091 -0.972713053 0.0437358022
vn -0.227852032 -0.972712934 0.0437357947
vn -0.227852076 -0.972713053 0.0437358059
vn -0.227852061 -0.972712994 0.0437357984
vn 0.102314621 -0.0316678584 -0.994247854
vn 0.102314629 -0.0316678621 -0.994247913
vn 0.102314621 -0.0316678584 -0.994247913
vn 0.0871640071 0.000490665843 -0.996193826
vn 0.0871639997 0.000490665843 -0.996193886
vn 0.0871639997 0.000490665785 -0.996193826
vn 0.0933162421 0.024910396 -0.99532479
vn 0.093316257 0.0249103978 -0.99532479
vn 0.0933162645 0.0249104016 -0.99532485
vn 0.0534167327 -0.00275115971 -0.998568475
vn 0.0534167364 -0.00275115995 -0.998568475
vn 0.053416729 -0.00275115971 -0.998568475
vn 0.318706125 -0.92572242 -0.203627959
vn 0.410538852 -0.0489294119 0.910529375
vn 0.410538852 -0.0489294119 0.910529375
vn 0.659450889 -0.266241401 0.703022003
vn 0.659450829 -0.266241401 0.703022003
vn 0.833478332 -0.55235374 0.0148064317
vn 0.833478332 -0.55235374 0.0148065174
vn 0.519265771 -0.514904618 -0.682082415
vn 0.519265652 -0.514904559 -0.682082534
vn 0.227377936 -0.373823494 -0.899197042
vn 0.227377936 -0.373823494 -0.899197042
vn -0.543587983 -0.81485498 0.201304525
vn -0.543587923 -0.814855099 0.201304287
vn -0.543587983 -0.814855039 0.201304153
vn 0.857387841 -0.310626477 0.410362393
vn 0.8573879 -0.310626447 0.410362393
vn 0.8573879 -0.310626447 0.410362422
vn 0.857387841 -0.310626447 0.410362393
vn -0.775911808 -0.629920304 0.0340790451
vn -0.767151237 -0.595272303 0.239018574
vn -0.776598692 -0.627419591 0.0569134988
vn -0.315086752 -0.872856498 0.37261492
vn -0.103367075 -0.963498652 0.246952534
vn 0.799287438 -0.534582138 0.274520427
vn 0.799287498 -0.534582138 0.274520427
vn 0.799287438 -0.534582138 0.274520427
vn 0.799287438 -0.534582138 0.274520457
vn -0.342044175 0.939629078 0.0101534398
vn -0.342044145 0.939629018 0.0101534398
vn -0.342044145 0.939629018 0.0101534398
vn -0.342044145 0.939629078 0.0101534398
vn -0.966311514 -0.175245538 -0.188496411
vn -0.966311634 -0.175245568 -0.188496426
vn -0.966311574 -0.175245553 -0.188496411
vn -0.966311574 -0.175245553 -0.188496426
vn 0.541121006 0.829787493 0.136531174
vn 0.541121006 0.829787493 0.136531189
vn 0.541121006 0.829787493 0.136531174
vn 0.541121006 0.829787493 0.136531174
vn 0.968918324 0.128779441 0.211218178
vn 0.968918324 0.128779441 0.211218178
vn 0.968918324 0.128779441 0.211218163
vn 0.968918324 0.128779441 0.211218178
vn -0.942041218 0.328863263 -0.0663879141
vn -0.942041218 0.328863233 -0.0663879141
vn -0.942041218 0.328863233 -0.0663879141
vn -0.942041278 0.328863233 -0.0663879141
vn 0.10684453 0.0101964204 -0.994223416
vn 0.106169961 0.00983905327 -0.994299412
vn 0.106469013 0.00999747775 -0.994265795
vn 0.105947308 0.00946106482 -0.994326711
vn 0.105947316 0.00946106389 -0.994326651
vn 0.105947316 0.00946106575 -0.99432677
vn 0.107333712 0.00818432402 -0.994189382
vn 0.107333712 0.00818432495 -0.994189382
vn 0.10733372 0.00818432495 -0.994189382
vn 0.107382566 0.00852847658 -0.994181275
vn 0.107382558 0.00852847751 -0.994181216
vn 0.107382566 0.00852847751 -0.994181216
vn 0.105893046 0.00754715642 -0.994348884
vn 0.105893046 0.00754715642 -0.994348943
vn 0.105893046 0.00754715735 -0.994348884
vn 0.106678925 0.0074831876 -0.994265318
vn 0.106678925 0.0074831876 -0.994265378
vn 0.10667894 0.0074831876 -0.994265318
vn 0.106666043 0.00749591691 -0.994266689
vn 0.106666036 0.00749591598 -0.994266629
vn 0.106666043 0.00749591598 -0.994266689
vn 0.27172032 -0.92757535 0.256460428
vn 0.27172038 -0.927575409 0.256460428
vn 0.27172038 -0.927575409 0.256460398
vn 0.105514914 0.00949205365 -0.994372427
vn -0.440838069 -0.89716965 -0.027355006
vn -0.440838069 -0.897169709 -0.027355006
vn -0.440838128 -0.897169709 -0.0273550078
vn -0.0366389118 -0.932630062 0.358968884
vn -0.0366389118 -0.932630122 0.358968973
vn -0.0366389081 -0.932630122 0.358968943
vn -0.959729075 0.184571385 0.21178627
vn -0.959729135 0.1845714 0.21178627
vn -0.959729135 0.1845714 0.21178627
vn -0.959729135 0.184571385 0.21178627
vn 0.897374272 0.439989954 0.0335883982
vn 0.897374272 0.439989895 0.0335883982
vn 0.897374272 0.439989895 0.0335883982
vn 0.897374272 0.439989924 0.0335883982
vn 0.455929935 -0.88863498 0.0495561957
vn 0.455929995 -0.88863498 0.0495561957
vn 0.455929875 -0.88863492 0.049556192
vn 0.455929995 -0.888635039 0.0495561995
vn 0.180548266 0.979513824 0.0891916305
vn 0.18054828 0.979513764 0.0891916305
vn 0.180548251 0.979513705 0.089191623
vn 0.180548251 0.979513824 0.0891916305
vn -0.617284775 0.775538504 0.132285208
vn -0.617284834 0.775538504 0.132285222
vn -0.617284894 0.775538564 0.132285222
vn -0.617284894 0.775538564 0.132285237
vn 0.907881081 -0.419151634 0.00799091905
vn 0.907881141 -0.419151664 0.00799091998
vn 0.907881081 -0.419151664 0.00799091998
vn 0.907880962 -0.419151634 0.00799091905
vn -0.0151043208 0.0228880495 -0.999623895
vn -0.0149707319 0.0224825554 -0.99963516
vn -0.0148643525 0.0221596546 -0.999643922
vn -0.0149656832 0.0217320081 -0.99965179
vn -0.0149656832 0.0217320062 -0.99965179
vn -0.0149656842 0.0217320081 -0.999651849
vn -0.0168544911 0.0217808038 -0.999620676
vn -0.0168544911 0.0217808057 -0.999620736
vn -0.0168544911 0.0217808057 -0.999620676
vn -0.0166509766 0.0220627226 -0.999617934
vn -0.0166509766 0.0220627207 -0.999617815
vn -0.0166509766 0.0220627207 -0.999617934
vn -0.0162546467 0.0203160513 -0.999661446
vn -0.0162546448 0.0203160476 -0.999661446
vn -0.0162546448 0.0203160476 -0.999661386
vn -0.0168674272 0.0208187345 -0.999641001
vn -0.016867429 0.0208187345 -0.999641001
vn -0.0168674272 0.0208187327 -0.999640882
vn -0.0168493539 0.0208189115 -0.99964124
vn -0.016849352 0.0208189134 -0.999641299
vn -0.016849352 0.0208189134 -0.99964124
vn -0.853156686 -0.464324087 0.237753496
vn -0.853156686 -0.464324087 0.237753496
vn -0.853156745 -0.464324087 0.237753525
vn -0.0146313403 0.0214523897 -0.999662817
vn -0.304219753 -0.951388896 0.0480583273
vn -0.304219782 -0.951388955 0.0480583273
vn -0.304219753 -0.951388836 0.0480583273
vn -0.685093582 -0.641961992 0.344284117
vn -0.685093582 -0.641961932 0.344284147
vn -0.685093641 -0.641961932 0.344284117
vn -0.328831345 -0.290339261 -0.898650646
vn -0.328831375 -0.290339261 -0.898650706
vn -0.328831315 -0.290339231 -0.898650646
vn -0.328831345 -0.290339261 -0.898650706
vn -0.510423303 -0.00704068551 -0.859894395
vn -0.474162757 0.15761964 -0.866213381
vn -0.944902122 -0.0996668339 -0.311811835
vn -0.969156384 0.134141356 -0.206741065
vn -0.969156444 0.134141356 -0.206741065
vn -0.969156444 0.134141371 -0.20674108
vn -0.454244316 -0.890877008 -0.000623594096
vn -0.445298314 -0.895269454 -0.0142110549
vn -0.532759368 -0.836459637 0.128463238
vn -0.883843958 0.286810845 -0.369539589
vn -0.883843899 0.286810815 -0.369539589
vn -0.883843839 0.286810786 -0.369539559
vn -0.323422819 0.946237504 -0.00566763431
vn -0.323422849 0.946237564 -0.00566763477
vn -0.433249474 0.90124172 0.00763935409
vn -0.446503609 0.894733667 0.00929009821
vn -0.446503609 0.894733667 0.00929009821
vn -0.833664477 0.548550606 0.0639989004
vn -0.854235888 -0.371079028 0.364117384
vn -0.895350218 -0.372647703 0.243888631
vn -0.854448497 -0.371099144 0.363597333
vn -0.895350218 -0.372647673 0.243888602
vn -0.675836682 0.196165606 0.710467339
vn -0.494820863 0.435784012 0.751827598
vn -0.675836682 0.196165621 0.710467398
vn -0.473992109 0.457787573 0.752171576
vn -0.975546658 -0.0441780128 0.215307087
vn -0.975546539 -0.0441780053 0.215307042
vn -0.975546658 -0.0441780165 0.215307087
vn -0.818604052 0.366507858 0.442221045
vn -0.874956906 0.335986674 0.348659337
vn -0.581727147 0.757085621 0.297346532
vn -0.22841695 0.945273221 0.232990175
vn -0.228416935 0.945273101 0.232990161
vn -0.534421206 0.807557583 0.249488994
vn -0.987603664 -0.0730343983 -0.138942391
vn -0.987603605 -0.0730343908 -0.138942406
vn -0.88716805 -0.201803267 -0.414979964
vn -0.936793506 -0.154713497 -0.31381771
vn -0.291235536 0.279910088 -0.914785266
vn -0.474162757 0.15761964 -0.866213381
vn -0.453791261 0.00230994029 -0.891104996
vn -0.510423303 -0.00704068551 -0.859894395
vn 0.351781934 -0.813529193 -0.463054866
vn 0.503995478 -0.842799127 -0.188886344
vn 0.274995208 -0.775906205 -0.567756295
vn 0.503995538 -0.842799187 -0.188886344
vn -0.205394149 0.399138123 -0.893589377
vn -0.205394179 0.399138153 -0.893589437
vn -0.20056738 0.56230849 -0.802235425
vn -0.257383227 0.437824816 -0.861431003
vn -0.222750321 0.51633954 -0.826907337
vn -0.257383227 0.437824816 -0.861430943
vn -0.149938419 0.122060783 0.981131792
vn -0.149938449 0.122060791 0.981131852
vn -0.149938449 0.122060791 0.981131792
vn -0.158166468 0.641984224 -0.750226438
vn -0.158166483 0.641984224 -0.750226438
vn -0.0555274747 -0.0339461677 0.997879922
vn -0.0555274785 -0.0339461677 0.997879982
vn -0.0555274747 -0.033946164 0.997879863
vn -0.13616167 0.0178444739 0.990525961
vn -0.136161655 0.0178444721 0.990525901
vn -0.136161655 0.0178444721 0.990525961
vn -0.159875035 0.109620772 0.981031716
vn -0.159875035 0.109620772 0.981031775
vn -0.15987502 0.109620772 0.981031775
vn -0.450943559 -0.729388714 0.514433742
vn -0.450943559 -0.729388714 0.514433682
vn -0.45094353 -0.729388654 0.514433622
vn -0.874956906 0.335986674 0.348659337
vn -0.189399019 0.687736928 0.700818121
vn -0.189398959 0.687736809 0.700818002
vn -0.0112994863 -0.975166976 0.221182361
vn -0.0112994853 -0.975166976 0.221182331
vn -0.0112994844 -0.975166976 0.221182346
vn -0.0112994853 -0.975167036 0.221182346
vn -0.174883738 -0.372107416 -0.911565483
vn -0.174883768 -0.372107476 -0.911565542
vn -0.156288505 -0.42068702 -0.893642128
vn -0.15628852 -0.42068702 -0.893642187
vn 0.501664579 -0.0540127382 -0.863374412
vn 0.929447174 -0.186657801 -0.31825617
vn 0.594834149 0.106705822 -0.79673475
vn 0.32181263 0.364952296 -0.873639822
vn 0.97597295 0.0438656099 -0.213430598
vn 0.294351548 -0.319262087 -0.900793493
vn 0.294351578 -0.319262087 -0.900793433
vn 0.294351548 -0.319262087 -0.900793493
vn 0.294351548 -0.319262058 -0.900793433
vn 0.904052794 0.203831613 -0.375687778
vn 0.904052734 0.203831583 -0.375687718
vn 0.904052734 0.203831598 -0.375687718
vn 0.868867636 -0.461153269 -0.180018991
vn 0.335535407 -0.890115201 0.308400661
vn 0.556353629 -0.632916749 -0.538411498
vn 0.527509212 0.849528611 0.00594040332
vn 0.409628272 0.912215829 -0.00818887819
vn 0.514903724 0.857236803 0.00437856093
vn 0.409628183 0.912215769 -0.00818887632
vn 0.881307781 0.468956977 0.0581018887
vn 0.527509212 0.849528611 0.00594040332
vn 0.968715608 -0.134413645 0.208621651
vn 0.968715668 -0.13441366 0.208621651
vn 0.968715668 -0.134413645 0.208621636
vn 0.852046728 0.288970828 0.436477005
vn 0.651376188 0.699855387 0.293106735
vn 0.904687405 0.253390849 0.342540234
vn 0.868867636 -0.461153269 -0.180018991
vn 0.556353629 -0.632916749 -0.538411498
vn 0.861793935 -0.282974482 -0.420994699
vn 0.668264627 -0.341261923 -0.661031485
vn 0.309624642 0.25202319 -0.91685164
vn 0.445928901 -0.0394468978 -0.894198775
vn 0.594834149 0.106705822 -0.79673475
vn 0.501664579 -0.0540127382 -0.863374412
vn 0.32181263 0.364952296 -0.873639822
vn 0.235342547 0.378682733 -0.895105243
vn 0.290912777 0.412377954 -0.86331588
vn 0.290912777 0.412377954 -0.863315761
vn 0.263938218 0.493751764 -0.828580558
vn 0.246277988 0.541569889 -0.803771913
vn 0.0589950643 -0.0392613187 0.997485876
vn 0.0589950643 -0.0392613187 0.997485876
vn 0.0589950681 -0.0392613262 0.997485876
vn 0.14402166 0.00484084338 0.989562631
vn 0.144021675 0.00484084338 0.98956275
vn 0.14402166 0.00484084338 0.98956269
vn 0.176069498 0.0940287113 0.979876578
vn 0.176069483 0.0940286964 0.979876578
vn 0.176069483 0.0940286964 0.979876578
vn -0.581175208 -0.792434812 -0.185155034
vn -0.581175268 -0.792434931 -0.185155034
vn -0.581175268 -0.792434871 -0.185155019
vn -0.581175208 -0.792434812 -0.185155034
vn 0.858638167 -0.454053104 0.237857684
vn 0.858638227 -0.454053134 0.237857699
vn 0.858638167 -0.454053104 0.237857699
vn 0.858638227 -0.454053104 0.237857684
vn 0.608621299 0.754507184 0.245558813
vn 0.904687405 0.253390849 0.342540234
vn 0.316581845 0.919978857 0.23111634
vn 0.316581875 0.919978857 0.231116354
vn 0.284085363 -0.732276678 0.618923664
vn 0.284085333 -0.732276618 0.618923664
vn 0.284085333 -0.732276559 0.618923604
vn 0.284085363 -0.732276678 0.618923604
vn 0.69595921 0.132498726 0.7057513
vn 0.69595927 0.132498726 0.7057513
vn 0.538203716 0.387840152 0.748275936
vn 0.519505322 0.411678225 0.748755813
vn 0.384968042 -0.768184185 0.511559248
vn 0.384968013 -0.768184125 0.511559188
vn 0.384967983 -0.768184066 0.511559188
vn 0.25708881 0.667015195 0.699282587
vn 0.25708881 0.667015195 0.699282587
vn 0.167329431 0.107335903 0.980040669
vn 0.167329445 0.10733591 0.980040729
vn 0.16732946 0.107335918 0.980040789
vn -0.0775527656 -0.972092092 0.221410379
vn -0.0775527656 -0.972092032 0.221410379
vn -0.0775527582 -0.972092092 0.221410364
vn -0.0775527582 -0.972092092 0.221410379
vn 0.133406222 -0.386414945 -0.912625968
vn 0.133406237 -0.386414975 -0.912625968
vn 0.110517003 -0.433068156 -0.894560277
vn 0.110517003 -0.433068156 -0.894560277
vn 0.211796463 0.624813437 -0.751498699
vn 0.211796448 0.624813497 -0.75149864
vn -0.854235888 -0.371079028 0.364117384
vn -0.72198379 -0.347961307 0.598048687
vn -0.72198379 -0.347961336 0.598048747
vn -0.414413899 -0.855308592 0.310979456
vn -0.414413899 -0.855308652 0.310979486
vn -0.414413869 -0.855308652 0.310979456
vn 0.360354394 -0.932660997 -0.0169813931
vn 0.369761765 -0.929120183 -0.00345705706
vn 0.453863561 -0.882250071 0.12507081
vn -0.346435755 -0.703012884 0.621091902
vn -0.346435755 -0.703012943 0.621091902
vn -0.346435755 -0.703012943 0.621091843
vn -0.346435726 -0.703012884 0.621091902
vn 0.69073844 -0.413527548 0.593190968
vn 0.69073838 -0.413527548 0.593190908
vn 0.69073838 -0.413527519 0.593190908
vn 0.69073844 -0.413527489 0.593190908
vn -0.415567517 -0.90770942 -0.0580293089
vn -0.415567547 -0.90770942 -0.0580293126
vn 0.329299122 -0.942279577 -0.0605906658
vn 0.329299092 -0.942279577 -0.0605906658
f 1/1/1 2/2/2 3/3/3
f 3/3/3 2/2/2 4/4/4
f 2/2/2 5/5/5 4/4/4
f 4/4/4 5/5/5 6/6/6
f 7/7/7 8/8/8 9/9/9
f 9/9/9 8/8/8 10/10/10
f 11/11/11 12/12/12 13/13/13
f 13/13/13 12/12/12 14/14/14
f 12/12/12 15/15/15 14/14/14
f 14/14/14 15/15/15 16/16/16
f 17/17/17 18/18/18 19/19/19
f 19/19/19 18/18/18 20/20/20
f 21/21/21 20/20/20 22/22/22
f 22/22/22 20/20/20 18/18/18
f 23/23/23 24/24/24 1/1/1
f 1/1/1 24/24/24 2/2/2
f 5/5/5 2/2/2 25/25/25
f 2/2/2 24/24/24 25/25/25
f 26/26/26 27/27/27 7/7/7
f 7/7/7 27/27/27 11/11/11
f 28/28/28 29/29/29 12/12/12
f 12/12/12 29/29/29 15/15/15
f 30/30/30 31/31/31 17/17/17
f 17/17/17 31/31/31 18/18/18
f 31/31/31 23/23/23 18/18/18
f 18/18/18 23/23/23 22/22/22
f 25/25/25 32/32/32 33/33/33
f 33/33/33 32/32/32 34/34/34
f 35/35/35 27/27/27 36/36/36
f 36/36/36 27/27/27 26/26/26
f 35/35/35 36/36/36 37/37/37
f 37/37/37 36/36/36 38/38/38
f 39/39/39 29/29/29 40/40/40
f 41/41/41 42/42/42 43/43/43
f 43/43/43 42/42/42 44/44/44
f 41/41/41 43/43/43 45/45/45
f 45/45/45 43/43/43 46/46/46
f 42/42/42 47/47/47 48/48/48
f 41/41/41 45/45/45 49/49/49
f 49/49/49 45/45/45 50/50/50
f 51/51/51 52/52/52 53/53/53
f 45/45/45 46/46/46 54/54/54
f 54/54/54 46/46/46 55/55/55
f 56/56/56 57/57/57 58/58/58
f 58/58/58 57/57/57 59/59/59
f 60/60/60 61/61/61 37/37/37
f 37/37/37 61/61/61 58/58/58
f 60/60/60 62/62/62 63/63/63
f 63/63/63 62/62/62 38/38/38
f 64/64/64 65/65/65 38/38/38
f 38/38/38 65/65/65 63/63/63
f 42/42/42 66/66/66 44/44/44
f 44/44/44 66/66/66 67/67/67
f 43/43/43 44/44/44 23/23/23
f 23/23/23 44/44/44 24/24/24
f 46/46/46 43/43/43 31/31/31
f 31/31/31 43/43/43 23/23/23
f 44/44/44 67/67/67 32/32/32
f 59/59/59 68/68/68 58/58/58
f 58/58/58 68/68/68 39/39/39
f 69/69/69 70/70/70 71/71/71
f 72/72/72 73/73/73 33/33/33
f 74/74/74 75/75/75 76/76/76
f 76/76/76 75/75/75 77/77/77
f 78/78/78 79/79/79 69/69/69
f 69/69/69 79/79/79 36/36/36
f 36/36/36 26/26/26 69/69/69
f 69/69/69 26/26/26 70/70/70
f 55/55/55 46/46/46 80/80/80
f 80/80/80 46/46/46 31/31/31
f 36/36/36 81/81/81 38/38/38
f 38/38/38 81/81/81 64/64/64
f 39/39/39 35/35/35 58/58/58
f 58/58/58 35/35/35 37/37/37
f 76/76/76 77/77/77 67/67/67
f 39/39/39 68/68/68 29/29/29
f 82/82/82 35/35/35 40/40/40
f 40/40/40 35/35/35 39/39/39
f 32/32/32 25/25/25 24/24/24
f 80/80/80 31/31/31 30/30/30
f 41/41/41 49/49/49 42/42/42
f 42/42/42 49/49/49 83/83/83
f 12/12/12 11/11/11 28/28/28
f 28/28/28 11/11/11 27/27/27
f 84/84/84 85/85/85 86/86/86
f 86/86/86 85/85/85 87/87/87
f 85/85/85 88/88/88 87/87/87
f 87/87/87 88/88/88 89/89/89
f 89/89/89 88/88/88 90/90/90
f 90/90/90 88/88/88 91/91/91
f 92/92/92 93/93/93 94/94/94
f 94/94/94 93/93/93 95/95/95
f 96/96/96 97/97/97 98/98/98
f 98/98/98 97/97/97 99/99/99
f 100/100/100 101/101/101 102/102/102
f 102/102/102 101/101/101 103/103/103
f 94/94/94 104/104/104 105/105/105
f 105/105/105 104/104/104 106/106/106
f 107/107/107 94/94/94 108/108/108
f 108/108/108 94/94/94 105/105/105
f 108/108/108 105/105/105 109/109/109
f 109/109/109 105/105/105 110/110/110
f 105/105/105 111/111/111 110/110/110
f 110/110/110 111/111/111 112/112/112
f 113/113/113 114/114/114 115/115/115
f 116/116/116 117/117/117 118/118/118
f 114/114/114 113/113/113 119/119/119
f 119/119/119 113/113/113 120/120/120
f 121/121/121 122/122/122 123/123/123
f 124/124/124 125/125/125 126/126/126
f 127/127/127 128/128/128 129/129/129
f 129/129/129 128/128/128 130/130/130
f 131/131/131 132/132/132 133/133/133
f 133/133/133 132/132/132 134/134/134
f 133/133/133 134/134/134 135/135/135
f 135/135/135 134/134/134 136/136/136
f 136/136/136 137/137/137 135/135/135
f 135/135/135 137/137/137 138/138/138
f 139/139/139 140/140/140 141/141/141
f 142/142/142 138/138/138 143/143/143
f 138/138/138 137/137/137 143/143/143
f 144/144/144 140/140/140 145/145/145
f 145/145/145 140/140/140 146/146/146
f 147/147/147 148/148/148 131/131/131
f 131/131/131 148/148/148 132/132/132
f 149/149/149 150/150/150 151/151/151
f 152/152/152 153/153/153 154/154/154
f 154/154/154 153/153/153 155/155/155
f 99/99/99 156/156/156 98/98/98
f 98/98/98 156/156/156 157/157/157
f 158/158/158 159/159/159 160/160/160
f 160/160/160 159/159/159 161/161/161
f 92/92/92 94/94/94 162/162/162
f 162/162/162 94/94/94 107/107/107
f 100/100/100 163/163/163 107/107/107
f 148/148/148 164/164/164 165/165/165
f 164/164/164 166/166/166 165/165/165
f 165/165/165 166/166/166 167/167/167
f 153/153/153 139/139/139 155/155/155
f 155/155/155 139/139/139 168/168/168
f 169/169/169 170/170/170 171/171/171
f 172/172/172 173/173/173 174/174/174
f 174/174/174 173/173/173 175/175/175
f 176/176/176 177/177/177 178/178/178
f 157/157/157 156/156/156 154/154/154
f 154/154/154 156/156/156 152/152/152
f 115/115/115 114/114/114 179/179/179
f 180/180/180 181/181/181 182/182/182
f 183/183/183 184/184/184 185/185/185
f 186/186/186 187/187/187 188/188/188
f 188/188/188 187/187/187 189/189/189
f 190/190/190 191/191/191 192/192/192
f 192/192/192 191/191/191 193/193/193
f 194/194/194 195/195/195 196/196/196
f 196/196/196 195/195/195 197/197/197
f 198/198/198 199/199/199 200/200/200
f 200/200/200 199/199/199 201/201/201
f 202/202/202 203/203/203 204/204/204
f 204/204/204 203/203/203 205/205/205
f 206/206/206 207/207/207 208/208/208
f 208/208/208 207/207/207 209/209/209
f 210/210/210 211/211/211 212/212/212
f 212/212/212 211/211/211 213/213/213
f 214/214/214 215/215/215 216/216/216
f 216/216/216 215/215/215 217/217/217
f 218/218/218 219/219/219 220/220/220
f 220/220/220 219/219/219 221/221/221
f 222/222/222 223/223/223 224/224/224
f 224/224/224 223/223/223 225/225/225
f 226/226/226 227/227/227 228/228/228
f 228/228/228 227/227/227 229/229/229
f 230/230/230 231/231/231 232/232/232
f 233/233/233 234/234/234 235/235/235
f 236/236/236 237/237/237 238/238/238
f 239/239/239 240/240/240 241/241/241
f 242/242/242 243/243/243 244/244/244
f 245/245/245 246/246/246 247/247/247
f 247/247/247 246/246/246 248/248/248
f 246/246/246 249/249/249 248/248/248
f 248/248/248 249/249/249 250/250/250
f 249/249/249 251/251/251 250/250/250
f 250/250/250 251/251/251 252/252/252
f 251/251/251 253/253/253 252/252/252
f 252/252/252 253/253/253 254/254/254
f 255/255/255 256/256/256 257/257/257
f 256/256/256 258/258/258 257/257/257
f 258/258/258 259/259/259 257/257/257
f 259/259/259 260/260/260 257/257/257
f 261/261/261 262/262/262 263/263/263
f 263/263/263 262/262/262 264/264/264
f 265/265/265 266/266/266 267/267/267
f 267/267/267 266/266/266 268/268/268
f 265/265/265 269/269/269 266/266/266
f 266/266/266 269/269/269 270/270/270
f 271/271/271 272/272/272 273/273/273
f 273/273/273 272/272/272 274/274/274
f 275/275/275 276/276/276 277/277/277
f 277/277/277 276/276/276 278/278/278
f 278/278/278 276/276/276 279/279/279
f 279/279/279 276/276/276 280/280/280
f 281/281/281 282/282/282 283/283/283
f 283/283/283 282/282/282 284/284/284
f 283/283/283 284/284/284 285/285/285
f 285/285/285 284/284/284 286/286/286
f 266/266/266 287/287/287 268/268/268
f 268/268/268 287/287/287 288/288/288
f 266/266/266 270/270/270 287/287/287
f 287/287/287 270/270/270 289/289/289
f 273/273/273 277/277/277 290/290/290
f 290/290/290 277/277/277 291/291/291
f 292/292/292 278/278/278 293/293/293
f 293/293/293 278/278/278 279/279/279
f 294/294/294 281/281/281 295/295/295
f 295/295/295 281/281/281 283/283/283
f 295/295/295 283/283/283 288/288/288
f 288/288/288 283/283/283 285/285/285
f 290/290/290 291/291/291 296/296/296
f 296/296/296 291/291/291 297/297/297
f 297/297/297 298/298/298 296/296/296
f 296/296/296 298/298/298 299/299/299
f 300/300/300 301/301/301 302/302/302
f 288/288/288 303/303/303 295/295/295
f 295/295/295 303/303/303 304/304/304
f 305/305/305 303/303/303 306/306/306
f 306/306/306 303/303/303 307/307/307
f 304/304/304 303/303/303 308/308/308
f 308/308/308 303/303/303 309/309/309
f 306/306/306 310/310/310 311/311/311
f 312/312/312 313/313/313 314/314/314
f 314/314/314 313/313/313 315/315/315
f 316/316/316 317/317/317 308/308/308
f 318/318/318 304/304/304 319/319/319
f 319/319/319 304/304/304 308/308/308
f 320/320/320 321/321/321 322/322/322
f 322/322/322 321/321/321 323/323/323
f 324/324/324 325/325/325 326/326/326
f 326/326/326 325/325/325 321/321/321
f 299/299/299 298/298/298 327/327/327
f 327/327/327 298/298/298 328/328/328
f 329/329/329 299/299/299 330/330/330
f 330/330/330 299/299/299 327/327/327
f 306/306/306 307/307/307 331/331/331
f 331/331/331 307/307/307 332/332/332
f 321/321/321 300/300/300 323/323/323
f 323/323/323 300/300/300 333/333/333
f 334/334/334 335/335/335 336/336/336
f 296/296/296 299/299/299 337/337/337
f 337/337/337 299/299/299 329/329/329
f 325/325/325 338/338/338 321/321/321
f 321/321/321 338/338/338 300/300/300
f 334/334/334 336/336/336 296/296/296
f 296/296/296 336/336/336 290/290/290
f 339/339/339 340/340/340 341/341/341
f 341/341/341 342/342/342 343/343/343
f 343/343/343 342/342/342 344/344/344
f 289/289/289 340/340/340 345/345/345
f 345/345/345 340/340/340 339/339/339
f 342/342/342 332/332/332 344/344/344
f 300/300/300 346/346/346 333/333/333
f 300/300/300 338/338/338 301/301/301
f 301/301/301 338/338/338 347/347/347
f 345/345/345 287/287/287 289/289/289
f 307/307/307 287/287/287 348/348/348
f 295/295/295 304/304/304 349/349/349
f 349/349/349 304/304/304 318/318/318
f 349/349/349 294/294/294 295/295/295
f 287/287/287 307/307/307 288/288/288
f 288/288/288 307/307/307 303/303/303
f 350/350/350 306/306/306 351/351/351
f 351/351/351 306/306/306 311/311/311
f 291/291/291 277/277/277 292/292/292
f 292/292/292 277/277/277 278/278/278
f 296/296/296 337/337/337 334/334/334
f 334/334/334 337/337/337 335/335/335
f 352/352/352 353/353/353 354/354/354
f 354/354/354 353/353/353 355/355/355
f 356/356/356 357/357/357 352/352/352
f 352/352/352 357/357/357 353/353/353
f 356/356/356 358/358/358 357/357/357
f 357/357/357 358/358/358 359/359/359
f 360/360/360 361/361/361 362/362/362
f 362/362/362 361/361/361 363/363/363
f 364/364/364 365/365/365 360/360/360
f 360/360/360 365/365/365 366/366/366
f 367/367/367 368/368/368 360/360/360
f 360/360/360 368/368/368 364/364/364
f 369/369/369 370/370/370 368/368/368
f 368/368/368 370/370/370 364/364/364
f 370/370/370 371/371/371 364/364/364
f 364/364/364 371/371/371 372/372/372
f 373/373/373 374/374/374 375/375/375
f 376/376/376 377/377/377 378/378/378
f 379/379/379 380/380/380 381/381/381
f 382/382/382 383/383/383 384/384/384
f 384/384/384 383/383/383 385/385/385
f 386/386/386 387/387/387 388/388/388
f 388/388/388 387/387/387 389/389/389
f 387/387/387 390/390/390 389/389/389
f 389/389/389 390/390/390 391/391/391
f 392/392/392 393/393/393 390/390/390
f 390/390/390 393/393/393 391/391/391
f 394/394/394 395/395/395 396/396/396
f 393/393/393 392/392/392 397/397/397
f 398/398/398 397/397/397 392/392/392
f 399/399/399 400/400/400 396/396/396
f 396/396/396 400/400/400 401/401/401
f 402/402/402 386/386/386 403/403/403
f 403/403/403 386/386/386 388/388/388
f 404/404/404 405/405/405 406/406/406
f 375/375/375 407/407/407 373/373/373
f 373/373/373 407/407/407 408/408/408
f 409/409/409 410/410/410 411/411/411
f 411/411/411 410/410/410 412/412/412
f 413/413/413 414/414/414 415/415/415
f 415/415/415 414/414/414 416/416/416
f 417/417/417 418/418/418 419/419/419
f 416/416/416 420/420/420 415/415/415
f 415/415/415 420/420/420 421/421/421
f 422/422/422 423/423/423 424/424/424
f 424/424/424 423/423/423 425/425/425
f 362/362/362 426/426/426 360/360/360
f 360/360/360 426/426/426 367/367/367
f 427/427/427 367/367/367 428/428/428
f 403/403/403 429/429/429 430/430/430
f 429/429/429 431/431/431 430/430/430
f 431/431/431 432/432/432 430/430/430
f 410/410/410 409/409/409 394/394/394
f 394/394/394 409/409/409 433/433/433
f 434/434/434 435/435/435 436/436/436
f 437/437/437 438/438/438 439/439/439
f 439/439/439 438/438/438 440/440/440
f 441/441/441 442/442/442 443/443/443
f 412/412/412 414/414/414 411/411/411
f 411/411/411 414/414/414 413/413/413
f 374/374/374 444/444/444 375/375/375
f 445/445/445 446/446/446 427/427/427
f 427/427/427 446/446/446 447/447/447
f 448/448/448 449/449/449 450/450/450
f 451/451/451 452/452/452 453/453/453
f 454/454/454 455/455/455 456/456/456
f 456/456/456 455/455/455 457/457/457
f 458/458/458 459/459/459 460/460/460
f 460/460/460 459/459/459 461/461/461
f 462/462/462 463/463/463 464/464/464
f 464/464/464 463/463/463 465/465/465
f 466/466/466 467/467/467 468/468/468
f 468/468/468 467/467/467 469/469/469
f 470/470/470 471/471/471 472/472/472
f 472/472/472 471/471/471 473/473/473
f 474/474/474 475/475/475 476/476/476
f 476/476/476 475/475/475 477/477/477
f 478/478/478 479/479/479 480/480/480
f 480/480/480 479/479/479 481/481/481
f 482/482/482 483/483/483 484/484/484
f 484/484/484 483/483/483 485/485/485
f 486/486/486 487/487/487 488/488/488
f 488/488/488 487/487/487 489/489/489
f 490/490/490 491/491/491 492/492/492
f 492/492/492 491/491/491 493/493/493
f 494/494/494 495/495/495 496/496/496
f 496/496/496 495/495/495 497/497/497
f 498/498/498 499/499/499 500/500/500
f 501/501/501 502/502/502 503/503/503
f 504/504/504 505/505/505 506/506/506
f 507/507/507 508/508/508 509/509/509
f 450/450/450 449/449/449 510/510/510
f 511/511/511 512/512/512 513/513/513
f 513/513/513 512/512/512 514/514/514
f 513/513/513 514/514/514 515/515/515
f 515/515/515 514/514/514 516/516/516
f 515/515/515 516/516/516 517/517/517
f 517/517/517 516/516/516 518/518/518
f 517/517/517 518/518/518 519/519/519
f 519/519/519 518/518/518 520/520/520
f 255/255/255 257/257/257 521/521/521
f 521/521/521 257/257/257 522/522/522
f 522/522/522 257/257/257 523/523/523
f 523/523/523 257/257/257 260/260/260
f 524/524/524 525/525/525 526/526/526
f 526/526/526 525/525/525 527/527/527
f 44/44/44 32/32/32 24/24/24
f 307/307/307 348/348/348 332/332/332
f 528/528/528 529/529/529 530/530/530
f 448/448/448 531/531/531 532/532/532
f 533/533/533 534/534/534 535/535/535
f 535/535/535 534/534/534 536/536/536
f 537/537/537 538/538/538 539/539/539
f 539/539/539 538/538/538 540/540/540
f 541/541/541 542/542/542 543/543/543
f 543/543/543 542/542/542 544/544/544
f 545/545/545 546/546/546 547/547/547
f 547/547/547 546/546/546 548/548/548
f 549/549/549 550/550/550 551/551/551
f 551/551/551 550/550/550 552/552/552
f 553/553/553 554/554/554 555/555/555
f 555/555/555 554/554/554 556/556/556
f 557/557/557 558/558/558 559/559/559
f 560/560/560 561/561/561 562/562/562
f 563/563/563 564/564/564 565/565/565
f 566/566/566 567/567/567 568/568/568
f 569/569/569 570/570/570 571/571/571
f 572/572/572 573/573/573 574/574/574
f 575/575/575 576/576/576 577/577/577
f 578/578/578 579/579/579 580/580/580
f 558/558/558 581/581/581 559/559/559
f 582/582/582 583/583/583 584/584/584
f 585/585/585 586/586/586 587/587/587
f 588/588/588 589/589/589 590/590/590
f 590/590/590 589/589/589 591/591/591
f 592/592/592 593/593/593 594/594/594
f 594/594/594 593/593/593 595/595/595
f 596/596/596 597/597/597 598/598/598
f 598/598/598 597/597/597 599/599/599
f 600/600/600 601/601/601 602/602/602
f 602/602/602 601/601/601 603/603/603
f 604/604/604 605/605/605 606/606/606
f 606/606/606 605/605/605 607/607/607
f 608/608/608 609/609/609 610/610/610
f 610/610/610 609/609/609 611/611/611
f 612/612/612 613/613/613 614/614/614
f 615/615/615 616/616/616 617/617/617
f 618/618/618 619/619/619 620/620/620
f 621/621/621 622/622/622 623/623/623
f 624/624/624 625/625/625 626/626/626
f 627/627/627 628/628/628 629/629/629
f 630/630/630 631/631/631 632/632/632
f 633/633/633 634/634/634 635/635/635
f 614/614/614 613/613/613 636/636/636
f 637/637/637 638/638/638 639/639/639
f 640/640/640 641/641/641 642/642/642
f 643/643/643 644/644/644 645/645/645
f 645/645/645 644/644/644 646/646/646
f 647/647/647 648/648/648 649/649/649
f 650/650/650 651/651/651 652/652/652
f 653/653/653 654/654/654 655/655/655
f 656/656/656 657/657/657 658/658/658
f 659/659/659 660/660/660 661/661/661
f 661/661/661 660/660/660 662/662/662
f 661/661/661 663/663/663 664/664/664
f 665/665/665 666/666/666 667/667/667
f 667/667/667 666/666/666 668/668/668
f 669/669/669 670/670/670 671/671/671
f 671/671/671 670/670/670 672/672/672
f 673/673/673 674/674/674 675/675/675
f 676/676/676 677/677/677 678/678/678
f 679/679/679 680/680/680 681/681/681
f 681/681/681 680/680/680 678/678/678
f 682/682/682 683/683/683 684/684/684
f 684/684/684 683/683/683 685/685/685
f 686/686/686 687/687/687 688/688/688
f 688/688/688 687/687/687 689/689/689
f 690/690/690 691/691/691 692/692/692
f 692/692/692 691/691/691 693/693/693
f 687/687/687 686/686/686 694/694/694
f 694/694/694 686/686/686 695/695/695
f 696/696/696 697/697/697 698/698/698
f 698/698/698 697/697/697 699/699/699
f 700/700/700 701/701/701 702/702/702
f 703/703/703 696/696/696 704/704/704
f 704/704/704 696/696/696 698/698/698
f 705/705/705 706/706/706 707/707/707
f 708/708/708 709/709/709 710/710/710
f 711/711/711 712/712/712 713/713/713
f 714/714/714 715/715/715 716/716/716
f 681/681/681 678/678/678 717/717/717
f 672/672/672 670/670/670 718/718/718
f 718/718/718 670/670/670 719/719/719
f 720/720/720 721/721/721 722/722/722
f 722/722/722 721/721/721 723/723/723
f 690/690/690 692/692/692 724/724/724
f 724/724/724 692/692/692 725/725/725
f 685/685/685 726/726/726 684/684/684
f 684/684/684 726/726/726 727/727/727
f 728/728/728 729/729/729 730/730/730
f 731/731/731 730/730/730 732/732/732
f 733/733/733 734/734/734 735/735/735
f 735/735/735 734/734/734 736/736/736
f 737/737/737 738/738/738 739/739/739
f 740/740/740 741/741/741 742/742/742
f 743/743/743 744/744/744 745/745/745
f 745/745/745 744/744/744 746/746/746
f 745/745/745 747/747/747 748/748/748
f 749/749/749 750/750/750 751/751/751
f 752/752/752 753/753/753 754/754/754
f 755/755/755 756/756/756 757/757/757
f 757/757/757 756/756/756 758/758/758
f 759/759/759 760/760/760 761/761/761
f 761/761/761 760/760/760 762/762/762
f 761/761/761 763/763/763 759/759/759
f 759/759/759 763/763/763 764/764/764
f 765/765/765 766/766/766 767/767/767
f 767/767/767 766/766/766 768/768/768
f 769/769/769 770/770/770 771/771/771
f 772/772/772 773/773/773 774/774/774
f 775/775/775 776/776/776 777/777/777
f 778/778/778 779/779/779 780/780/780
f 780/780/780 779/779/779 781/781/781
f 782/782/782 783/783/783 784/784/784
f 784/784/784 783/783/783 785/785/785
f 786/786/786 787/787/787 753/753/753
f 753/753/753 788/788/788 786/786/786
f 786/786/786 788/788/788 789/789/789
f 790/790/790 791/791/791 792/792/792
f 792/792/792 791/791/791 793/793/793
f 794/794/794 795/795/795 796/796/796
f 796/796/796 795/795/795 797/797/797
f 798/798/798 799/799/799 800/800/800
f 797/797/797 801/801/801 796/796/796
f 796/796/796 801/801/801 802/802/802
f 803/803/803 804/804/804 805/805/805
f 806/806/806 807/807/807 808/808/808
f 808/808/808 807/807/807 809/809/809
f 810/810/810 758/758/758 811/811/811
f 811/811/811 758/758/758 756/756/756
f 812/812/812 813/813/813 757/757/757
f 757/757/757 813/813/813 755/755/755
f 767/767/767 768/768/768 814/814/814
f 814/814/814 768/768/768 815/815/815
f 816/816/816 667/667/667 817/817/817
f 817/817/817 667/667/667 818/818/818
f 819/819/819 820/820/820 821/821/821
f 822/822/822 823/823/823 824/824/824
f 825/825/825 826/826/826 827/827/827
f 827/827/827 826/826/826 828/828/828
f 829/829/829 830/830/830 831/831/831
f 831/831/831 830/830/830 832/832/832
f 833/833/833 654/654/654 834/834/834
f 834/834/834 654/654/654 653/653/653
f 823/823/823 822/822/822 835/835/835
f 835/835/835 822/822/822 836/836/836
