# Extracted from the Cocos Creator 3.8.3 playable build
# Geometry-only OBJ preview for Unity; rig and animation stay in the raw assets.
o Engineer_Battalion
v 2.00834346 1.84284425 0.00756251393
v 0.943956375 1.84284437 0.00756251393
v 2.00834322 0.90752995 0.0075627272
v 0.943956316 0.907530069 0.0075627272
v 0.943956077 -0.963098705 0.00756315049
v 2.00834298 -1.89841318 0.00756336283
v 2.00834322 -0.963098824 0.00756315049
v 0.943956017 -1.89841306 0.00756336283
v 2.00834322 -0.0277844351 0.00756293861
v 0.943956196 -0.0277843084 0.00756293861
v 0.943956077 -0.963098705 0.00756315049
v 2.00834322 -0.963098824 0.00756315049
v 2.00834322 0.90752995 0.0075627272
v 0.943956196 -0.0277843084 0.00756293861
v 2.00834322 -0.0277844351 0.00756293861
v 0.943956316 0.907530069 0.0075627272
v -0.120430686 0.907530189 0.0075627272
v -0.120430566 1.84284449 0.00756251393
v -0.120430566 1.84284449 0.00756251393
v -1.18481755 1.84284461 0.00756251393
v -1.18481767 0.907530367 0.0075627272
v -0.120430686 0.907530189 0.0075627272
v -2.24921536 1.84284472 0.00756251393
v -1.18481767 0.907530367 0.0075627272
v -1.18481755 1.84284461 0.00756251393
v -2.2492156 0.907530487 0.0075627272
v -2.2492156 0.907530487 0.0075627272
v -2.2492156 -0.0277839284 0.00756293861
v -1.18481767 0.907530367 0.0075627272
v -1.18481779 -0.0277840551 0.00756293861
v -1.18481767 0.907530367 0.0075627272
v -1.18481779 -0.0277840551 0.00756293861
v -0.120430686 0.907530189 0.0075627272
v -0.12043079 -0.0277841818 0.00756293861
v -2.2492156 -0.0277839284 0.00756293861
v -1.18482876 -0.963098407 0.00756315049
v -1.18481779 -0.0277840551 0.00756293861
v -2.2492156 -0.963098288 0.00756315049
v -0.120430686 0.907530189 0.0075627272
v 0.943956196 -0.0277843084 0.00756293861
v 0.943956316 0.907530069 0.0075627272
v -0.12043079 -0.0277841818 0.00756293861
v -0.12043079 -0.0277841818 0.00756293861
v 0.943956077 -0.963098705 0.00756315049
v 0.943956196 -0.0277843084 0.00756293861
v -0.120430909 -0.963098586 0.00756315049
v -2.2492156 -0.963098288 0.00756315049
v -1.18482888 -1.89841282 0.00756336283
v -1.18482876 -0.963098407 0.00756315049
v -2.24921584 -1.8984127 0.00756336283
v -0.120430909 -0.963098586 0.00756315049
v -1.18482888 -1.89841282 0.00756336283
v -0.120431013 -1.89841294 0.00756336283
v -1.18482876 -0.963098407 0.00756315049
v 0.943956077 -0.963098705 0.00756315049
v -0.120430909 -0.963098586 0.00756315049
v -0.120431013 -1.89841294 0.00756336283
v 0.943956017 -1.89841306 0.00756336283
v -0.12043079 -0.0277841818 0.00756293861
v -1.18481779 -0.0277840551 0.00756293861
v -0.120430909 -0.963098586 0.00756315049
v -1.18482876 -0.963098407 0.00756315049
v -2.614856 1.57326472 2.28218293
v -2.91218805 2.38705087 2.677356
v -2.63673735 2.38705039 2.28218222
v -2.91218805 2.38705087 2.677356
v -2.614856 1.57326472 2.28218293
v -2.89030671 1.57326484 2.67735648
v -2.89030671 1.57326484 2.67735648
v -0.357944131 2.18860459 4.54380131
v -2.91218805 2.38705087 2.677356
v -0.357944131 2.18860459 4.54380131
v -2.89030671 1.57326484 2.67735648
v -0.35794425 1.27659583 4.54380178
v -2.614856 1.57326472 2.28218293
v -0.357944131 2.18860435 4.00175381
v -0.35794425 1.27659571 4.00175428
v -0.357944131 2.18860435 4.00175381
v -2.614856 1.57326472 2.28218293
v -2.63673735 2.38705039 2.28218222
v -2.89030671 1.57326484 2.67735648
v -0.35794425 1.27659571 4.00175428
v -0.35794425 1.27659583 4.54380178
v -0.35794425 1.27659571 4.00175428
v -2.89030671 1.57326484 2.67735648
v -2.614856 1.57326472 2.28218293
v -2.91218805 2.38705087 2.677356
v -0.357944131 2.18860459 4.54380131
v -0.357944131 2.18860435 4.00175381
v -0.357944131 2.18860435 4.00175381
v -2.63673735 2.38705039 2.28218222
v -2.91218805 2.38705087 2.677356
v 2.09825802 -0.70000124 2.19594216
v 1.83859086 -0.700001776 -0.0141916564
v 2.09825802 -0.700001895 -0.0141916564
v 1.83859086 -0.70000118 2.19594216
v 1.83859086 -0.700001776 -0.0141916564
v 2.09825802 -0.70000124 2.19594216
v 1.83859086 -0.70000118 2.19594216
v 2.09825802 -0.527282536 2.19594216
v 1.83859086 -0.527282476 2.19594216
v 1.83859086 -0.70000118 2.19594216
v 2.09825802 -0.70000124 2.19594216
v 2.09825802 -0.527282536 2.19594216
v 2.09825802 -0.70000124 2.19594216
v 2.09825802 -0.700001895 -0.0141916564
v 2.09825802 -0.527282536 2.19594216
v 2.09825802 -0.527283072 -0.0141916955
v 1.83859086 -0.527282953 -0.0141916955
v 2.09825802 -0.527282536 2.19594216
v 2.09825802 -0.527283072 -0.0141916955
v 2.09825802 -0.527282536 2.19594216
v 1.83859086 -0.527282953 -0.0141916955
v 1.83859086 -0.527282476 2.19594216
v 1.83859086 -0.700001776 -0.0141916564
v 1.83859086 -0.527282476 2.19594216
v 1.83859086 -0.527282953 -0.0141916955
v 1.83859086 -0.70000118 2.19594216
v 1.20417786 1.8084079 0.881863892
v 0.79512161 1.8084079 0.40729323
v 1.20466697 1.80840778 0.40729323
v 0.795610905 1.8084079 0.881863892
v 0.79512161 1.8084079 0.40729323
v 1.20417786 1.8084079 0.881863892
v 1.20417786 1.8084079 0.881863892
v 0.856788337 1.8084079 1.00310183
v 0.795610905 1.8084079 0.881863892
v 1.14301121 1.8084079 1.00310183
v 0.856788337 1.8084079 1.00310183
v -0.0510649271 1.96880865 1.18438637
v -0.460610062 1.96880865 1.18438637
v -0.460120946 1.96880865 1.65895689
v -0.0510649271 1.96880865 1.18438637
v -0.460120946 1.96880865 1.65895689
v -0.0515540913 1.96880865 1.65895689
v -0.460120946 1.96880865 1.65895689
v -0.112720631 1.96880865 1.78838551
v -0.0515540913 1.96880865 1.65895689
v -0.460120946 1.96880865 1.65895689
v -0.398943514 1.96880865 1.78838551
v -0.112720631 1.96880865 1.78838551
v -2.57795191 0.515247703 2.32103586
v -2.71987295 1.51543534 2.73522234
v -2.55504823 1.51778316 2.32103705
v -2.71987295 1.51543534 2.73522234
v -2.57795191 0.515247703 2.32103586
v -2.74277639 0.512943327 2.73522234
v -2.74277639 0.512943327 2.73522234
v -0.294179708 1.25633383 4.58115149
v -2.71987295 1.51543534 2.73522234
v -0.294179708 1.25633383 4.58115149
v -2.74277639 0.512943327 2.73522234
v -0.294179797 0.43746084 4.58115149
v -2.57795191 0.515247703 2.32103586
v -0.214055553 1.25868165 4.01018953
v -0.214055657 0.439765215 4.01018953
v -0.214055553 1.25868165 4.01018953
v -2.57795191 0.515247703 2.32103586
v -2.55504823 1.51778316 2.32103705
v -2.74277639 0.512943327 2.73522234
v -0.214055657 0.439765215 4.01018953
v -0.294179797 0.43746084 4.58115149
v -0.214055657 0.439765215 4.01018953
v -2.74277639 0.512943327 2.73522234
v -2.57795191 0.515247703 2.32103586
v -2.71987295 1.51543534 2.73522234
v -0.294179708 1.25633383 4.58115149
v -0.214055553 1.25868165 4.01018953
v -0.214055553 1.25868165 4.01018953
v -2.55504823 1.51778316 2.32103705
v -2.71987295 1.51543534 2.73522234
v -2.69334984 -2.54327512 2.23030329
v -2.86442471 -1.50451982 2.83167148
v -2.67780542 -1.50186765 2.23030257
v -2.86442471 -1.50451982 2.83167148
v -2.69334984 -2.54327512 2.23030329
v -2.87996936 -2.54592705 2.83167195
v -0.259721637 -2.37891746 4.52582026
v -2.86442471 -1.50451982 2.83167148
v -2.87996936 -2.54592705 2.83167195
v -2.86442471 -1.50451982 2.83167148
v -0.259721637 -2.37891746 4.52582026
v -0.259721547 -1.42429769 4.52582216
v -0.259721637 -2.37630892 3.97155714
v -2.67780542 -1.50186765 2.23030257
v -0.259721547 -1.42168903 3.9715569
v -2.67780542 -1.50186765 2.23030257
v -0.259721637 -2.37630892 3.97155714
v -2.69334984 -2.54327512 2.23030329
v -2.87996936 -2.54592705 2.83167195
v -0.259721637 -2.37630892 3.97155714
v -0.259721637 -2.37891746 4.52582026
v -0.259721637 -2.37630892 3.97155714
v -2.87996936 -2.54592705 2.83167195
v -2.69334984 -2.54327512 2.23030329
v -2.86442471 -1.50451982 2.83167148
v -0.259721547 -1.42429769 4.52582216
v -0.259721547 -1.42168903 3.9715569
v -0.259721547 -1.42168903 3.9715569
v -2.67780542 -1.50186765 2.23030257
v -2.86442471 -1.50451982 2.83167148
v 2.54485178 -1.59404731 2.60140944
v 2.48553324 -1.59404731 2.26241207
v 2.54485202 -1.3068136 2.6014092
v 2.48553324 -1.59404731 2.26241207
v 2.41693163 -1.3068136 2.26241183
v 2.54485202 -1.3068136 2.6014092
v 2.39164758 -0.724215031 2.62659931
v -0.00160886603 -0.658732355 4.09456396
v 0.126931101 -0.658732235 4.56029701
v -0.00160886603 -0.658732355 4.09456396
v 2.39164758 -0.724215031 2.62659931
v 2.2808044 -0.724215031 2.32232141
v 2.54485178 -1.59404731 2.60140944
v -0.00160897942 -1.60978675 4.09456444
v 2.48553324 -1.59404731 2.26241207
v -0.00160897942 -1.60978675 4.09456444
v 2.54485178 -1.59404731 2.60140944
v 0.126930982 -1.60978663 4.56029749
v 2.29133749 -1.17111027 2.32232165
v 2.39164758 -0.724215031 2.62659931
v 2.40218091 -1.17111027 2.62659979
v 2.39164758 -0.724215031 2.62659931
v 2.29133749 -1.17111027 2.32232165
v 2.2808044 -0.724215031 2.32232141
v 2.12844777 -1.19093728 2.8233254
v 2.41693163 -1.3068136 2.26241183
v 1.91376126 -1.1909374 2.5190475
v 2.41693163 -1.3068136 2.26241183
v 2.12844777 -1.19093728 2.8233254
v 2.54485202 -1.3068136 2.6014092
v 2.40218091 -1.17111027 2.62659979
v 1.91376126 -1.1909374 2.5190475
v 2.29133749 -1.17111027 2.32232165
v 1.91376126 -1.1909374 2.5190475
v 2.40218091 -1.17111027 2.62659979
v 2.12844777 -1.19093728 2.8233254
v 2.55462408 -2.42879057 2.83606458
v 2.35009074 -1.62339699 2.30337238
v 2.46046662 -1.62104881 2.87995434
v 2.35009074 -1.62339699 2.30337238
v 2.55462408 -2.42879057 2.83606458
v 2.39273453 -2.43113875 2.29420233
v 2.46046662 -1.62104881 2.87995434
v 0.165802673 -2.30852246 4.6435523
v 2.55462408 -2.42879057 2.83606458
v 0.165802673 -2.30852246 4.6435523
v 2.46046662 -1.62104881 2.87995434
v 0.165802762 -1.60374272 4.64355516
v -0.000348037429 -1.6060909 4.08931398
v 2.35009074 -1.62339699 2.30337238
v -0.000348121481 -2.31087041 4.08931398
v 2.39273453 -2.43113875 2.29420233
v -0.000348121481 -2.31087041 4.08931398
v 2.35009074 -1.62339699 2.30337238
v 2.46046662 -1.62104881 2.87995434
v -0.000348037429 -1.6060909 4.08931398
v 0.165802762 -1.60374272 4.64355516
v -0.000348037429 -1.6060909 4.08931398
v 2.46046662 -1.62104881 2.87995434
v 2.35009074 -1.62339699 2.30337238
v 2.55462408 -2.42879057 2.83606458
v -0.000348121481 -2.31087041 4.08931398
v 2.39273453 -2.43113875 2.29420233
v -0.000348121481 -2.31087041 4.08931398
v 2.55462408 -2.42879057 2.83606458
v 0.165802673 -2.30852246 4.6435523
v 2.39551711 -0.679299414 2.66242099
v 2.30989289 0.40541476 2.29530883
v 2.4171164 0.411502093 2.66242099
v 2.30989289 0.40541476 2.29530883
v 2.39551711 -0.679299414 2.66242099
v 2.28828311 -0.685386777 2.29530883
v 2.4171164 0.411502093 2.66242099
v 0.0955923274 -0.64629668 4.56491995
v 2.39551711 -0.679299414 2.66242099
v 0.0955923274 -0.64629668 4.56491995
v 2.4171164 0.411502093 2.66242099
v 0.095592469 0.510899842 4.56491995
v 0.0125768669 0.510899663 4.11785603
v 2.30989289 0.40541476 2.29530883
v 0.01257673 -0.646296918 4.11785603
v 2.28828311 -0.685386777 2.29530883
v 0.01257673 -0.646296918 4.11785603
v 2.30989289 0.40541476 2.29530883
v 2.4171164 0.411502093 2.66242099
v 0.0125768669 0.510899663 4.11785603
v 0.095592469 0.510899842 4.56491995
v 0.0125768669 0.510899663 4.11785603
v 2.4171164 0.411502093 2.66242099
v 2.30989289 0.40541476 2.29530883
v 2.39551711 -0.679299414 2.66242099
v 0.01257673 -0.646296918 4.11785603
v 2.28828311 -0.685386777 2.29530883
v 2.39551711 -0.679299414 2.66242099
v 0.0955923274 -0.64629668 4.56491995
v 0.01257673 -0.646296918 4.11785603
v 2.56052661 0.408893228 2.63450289
v 2.53362322 1.53887081 2.1659162
v 2.62217164 1.54221892 2.63527822
v 2.53362322 1.53887081 2.1659162
v 2.56052661 0.408893228 2.63450289
v 2.47197843 0.405588597 2.1651392
v 2.62217164 1.54221892 2.63527822
v 0.120278768 1.30524969 4.52212715
v 2.56052661 0.408893228 2.63450289
v 0.120278671 0.524770141 4.48060846
v 2.56052661 0.408893228 2.63450289
v 0.120278768 1.30524969 4.52212715
v 0.0477854908 1.30237949 3.85960531
v 2.47197843 0.405588597 2.1651392
v 0.0477854013 0.521030724 3.85960531
v 2.47197843 0.405588597 2.1651392
v 0.0477854908 1.30237949 3.85960531
v 2.53362322 1.53887081 2.1659162
v 2.62217164 1.54221892 2.63527822
v 0.0477854908 1.30237949 3.85960531
v 0.120278768 1.30524969 4.52212715
v 0.0477854908 1.30237949 3.85960531
v 2.62217164 1.54221892 2.63527822
v 2.53362322 1.53887081 2.1659162
v 2.56052661 0.408893228 2.63450289
v 0.0477854013 0.521030724 3.85960531
v 2.47197843 0.405588597 2.1651392
v 2.56052661 0.408893228 2.63450289
v 0.120278671 0.524770141 4.48060846
v 0.0477854013 0.521030724 3.85960531
v 2.47128248 1.56043732 2.5985992
v 2.40402913 2.37504911 2.14239049
v 2.54746127 2.37504911 2.59859872
v 2.40402913 2.37504911 2.14239049
v 2.47128248 1.56043732 2.5985992
v 2.32786131 1.56043732 2.14239097
v 2.54746127 2.37504911 2.59859872
v 0.104408406 2.14738464 4.62988472
v 2.47128248 1.56043732 2.5985992
v 0.104408301 1.32403338 4.6298852
v 2.47128248 1.56043732 2.5985992
v 0.104408406 2.14738464 4.62988472
v 0.0237190034 2.14738464 4.00412321
v 2.32786131 1.56043732 2.14239097
v 0.0237189066 1.32403326 4.00412416
v 2.32786131 1.56043732 2.14239097
v 0.0237190034 2.14738464 4.00412321
v 2.40402913 2.37504911 2.14239049
v 2.54746127 2.37504911 2.59859872
v 0.0237190034 2.14738464 4.00412321
v 0.104408406 2.14738464 4.62988472
v 0.0237190034 2.14738464 4.00412321
v 2.54746127 2.37504911 2.59859872
v 2.40402913 2.37504911 2.14239049
v 2.47128248 1.56043732 2.5985992
v 0.0237189066 1.32403326 4.00412416
v 2.32786131 1.56043732 2.14239097
v 2.47128248 1.56043732 2.5985992
v 0.104408301 1.32403338 4.6298852
v 0.0237189066 1.32403326 4.00412416
v -0.456917703 -2.56566715 4.88310671
v 0.155802086 -2.49235892 4.0977087
v 0.250731438 -2.56566739 4.88310671
v 0.155802086 -2.49235892 4.0977087
v -0.456917703 -2.56566715 4.88310671
v -0.361988395 -2.49235892 4.0977087
v -0.361987829 2.24573803 4.09771061
v -0.456917137 2.34904861 4.88310862
v 0.155802652 2.24573803 4.09771061
v 0.155802652 2.24573803 4.09771061
v -0.456917137 2.34904861 4.88310862
v 0.250732005 2.34904838 4.88310862
v 2.13262224 1.96498215 2.3504734
v -2.22320294 1.89437008 2.3504734
v 2.13262224 1.96498215 2.6473856
v -2.22320294 1.89437008 2.6473856
v 2.13262224 1.96498215 2.6473856
v -2.22320294 1.89437008 2.3504734
v -2.22320294 1.89437008 2.6473856
v 0.178466976 1.89436996 4.22975063
v 2.13262224 1.96498215 2.6473856
v 0.178466976 1.89436996 4.22975063
v -2.22320294 1.89437008 2.6473856
v -0.295951486 1.89436996 4.22975063
v -0.359824926 -0.131093338 4.77652645
v 0.250732005 2.34904838 4.88310862
v -0.456917137 2.34904861 4.88310862
v 0.250732005 2.34904838 4.88310862
v -0.359824926 -0.131093338 4.77652645
v 0.153639212 -0.131093398 4.77652645
v -0.456917703 -2.56566715 4.88310671
v 0.153639212 -0.131093398 4.77652645
v -0.359824926 -0.131093338 4.77652645
v 0.250731438 -2.56566739 4.88310671
v 0.153639212 -0.131093398 4.77652645
v -0.456917703 -2.56566715 4.88310671
v -0.361987829 2.24573803 4.09771061
v -0.359824926 -0.131093338 4.77652645
v -0.456917137 2.34904861 4.88310862
v -0.359824926 -0.131093338 4.77652645
v -0.361987829 2.24573803 4.09771061
v -0.323485851 -0.131093472 4.15285826
v -0.361988395 -2.49235892 4.0977087
v -0.359824926 -0.131093338 4.77652645
v -0.323485851 -0.131093472 4.15285826
v -0.456917703 -2.56566715 4.88310671
v -0.359824926 -0.131093338 4.77652645
v -0.361988395 -2.49235892 4.0977087
v 0.153639212 -0.131093398 4.77652645
v 0.155802652 2.24573803 4.09771061
v 0.250732005 2.34904838 4.88310862
v 0.155802652 2.24573803 4.09771061
v 0.153639212 -0.131093398 4.77652645
v 0.117321916 -0.131093532 4.15285826
v 0.153639212 -0.131093398 4.77652645
v 0.155802086 -2.49235892 4.0977087
v 0.117321916 -0.131093532 4.15285826
v 0.155802086 -2.49235892 4.0977087
v 0.153639212 -0.131093398 4.77652645
v 0.250731438 -2.56566739 4.88310671
v 0.155802652 2.24573803 4.09771061
v -0.323485851 -0.131093472 4.15285826
v -0.361987829 2.24573803 4.09771061
v -0.323485851 -0.131093472 4.15285826
v 0.155802652 2.24573803 4.09771061
v 0.117321916 -0.131093532 4.15285826
v 0.155802086 -2.49235892 4.0977087
v -0.323485851 -0.131093472 4.15285826
v 0.117321916 -0.131093532 4.15285826
v -0.361988395 -2.49235892 4.0977087
v -0.323485851 -0.131093472 4.15285826
v 0.155802086 -2.49235892 4.0977087
v -0.295951962 -1.87501931 4.22975159
v 1.99131989 -1.87501991 2.64738393
v 0.178466514 -1.87501931 4.22975159
v 1.99131989 -1.87501991 2.64738393
v -0.295951962 -1.87501931 4.22975159
v -2.22320342 -1.87501931 2.64738393
v -2.22320342 -1.87501931 2.35047293
v 1.99131989 -1.87501991 2.64738393
v -2.22320342 -1.87501931 2.64738393
v 1.99131989 -1.87501991 2.64738393
v -2.22320342 -1.87501931 2.35047293
v 1.99131989 -1.87501991 2.35047293
v 1.91376126 -1.1909374 2.5190475
v 2.41693163 -1.3068136 2.26241183
v 2.48553324 -1.59404731 2.26241207
v 1.91376126 -1.1909374 2.5190475
v 2.48553324 -1.59404731 2.26241207
v -0.00160897942 -1.60978675 4.09456444
v 1.91376126 -1.1909374 2.5190475
v -0.00160897942 -1.60978675 4.09456444
v -0.00160886603 -0.658732355 4.09456396
v 1.91376126 -1.1909374 2.5190475
v -0.00160886603 -0.658732355 4.09456396
v 2.2808044 -0.724215031 2.32232141
v 1.91376126 -1.1909374 2.5190475
v 2.2808044 -0.724215031 2.32232141
v 2.29133749 -1.17111027 2.32232165
v 2.12844777 -1.19093728 2.8233254
v 2.40218091 -1.17111027 2.62659979
v 2.39164758 -0.724215031 2.62659931
v 2.12844777 -1.19093728 2.8233254
v 2.39164758 -0.724215031 2.62659931
v 0.126931101 -0.658732235 4.56029701
v 2.12844777 -1.19093728 2.8233254
v 0.126931101 -0.658732235 4.56029701
v 0.126930982 -1.60978663 4.56029749
v 2.12844777 -1.19093728 2.8233254
v 0.126930982 -1.60978663 4.56029749
v 2.54485178 -1.59404731 2.60140944
v 2.12844777 -1.19093728 2.8233254
v 2.54485178 -1.59404731 2.60140944
v 2.54485202 -1.3068136 2.6014092
v -2.34946036 -1.92432654 2.39607978
v -2.15275335 1.82371378 2.39608049
v -2.34945989 1.82371378 2.39608049
v -2.15275383 -1.92432654 2.39607978
v -2.15275335 1.82371378 2.39608049
v -2.34946036 -1.92432654 2.39607978
v -2.15275383 -1.92432654 2.19937873
v -2.34945989 1.82371378 2.19937897
v -2.15275335 1.82371378 2.19937897
v -2.34946036 -1.92432654 2.19937873
v -2.34945989 1.82371378 2.19937897
v -2.15275383 -1.92432654 2.19937873
v -2.34945989 1.82371378 2.19937897
v -2.34946036 -1.92432654 2.39607978
v -2.34945989 1.82371378 2.39608049
v -2.34946036 -1.92432654 2.39607978
v -2.34945989 1.82371378 2.19937897
v -2.34946036 -1.92432654 2.19937873
v 1.9217515 1.96967816 2.39608049
v -2.21978974 1.96967876 2.19937897
v -2.21978974 1.96967876 2.39608049
v 1.9217515 1.96967816 2.19937897
v -2.21978974 1.96967876 2.39608049
v 1.9217515 1.77292752 2.39608049
v 1.9217515 1.96967816 2.39608049
v -2.21978974 1.77292812 2.39608049
v 1.9217515 1.96967816 2.19937897
v -2.21978974 1.77292812 2.19937897
v -2.21978974 1.96967876 2.19937897
v 1.9217515 1.77292752 2.19937897
v 2.14084005 1.73553419 2.50820374
v 2.14084005 1.73553383 -0.0260643847
v 2.14084005 1.99520123 2.50820374
v 2.14084005 1.99520087 -0.0260644443
v 2.14084005 1.73553419 2.50820374
v 2.14084005 1.99520123 2.50820374
v 1.88117301 1.99520123 2.50820374
v 1.88117301 1.73553419 2.50820374
v 2.14084005 1.99520123 2.50820374
v 1.88117301 1.99520087 -0.0260644443
v 1.88117301 1.99520123 2.50820374
v 1.88117301 1.99520087 -0.0260644443
v 2.14084005 1.99520123 2.50820374
v 2.14084005 1.99520087 -0.0260644443
v 2.10944653 -1.85023582 2.39607978
v 2.109447 1.81145155 2.19937897
v 2.109447 1.81145155 2.39608049
v 2.109447 1.81145155 2.19937897
v 2.10944653 -1.85023582 2.39607978
v 2.10944653 -1.85023582 2.19937873
v 1.91275024 -1.85023582 2.39607978
v 2.109447 1.81145155 2.39608049
v 1.91275072 1.81145155 2.39608049
v 2.10944653 -1.85023582 2.39607978
v 2.109447 1.81145155 2.39608049
v 1.91275024 -1.85023582 2.39607978
v 2.10944653 -1.85023582 2.19937873
v 1.91275072 1.81145155 2.19937897
v 2.109447 1.81145155 2.19937897
v 1.91275024 -1.85023582 2.19937873
v 2.14083958 -2.03933358 2.50820351
v 1.88117254 -2.0393343 -0.0260648876
v 2.14083958 -2.0393343 -0.0260648876
v 1.88117254 -2.03933358 2.50820351
v 1.88117254 -2.0393343 -0.0260648876
v 2.14083958 -2.03933358 2.50820351
v 1.88117254 -2.03933358 2.50820351
v 2.14083958 -1.77962315 2.50820351
v 1.88117254 -1.77962315 2.50820351
v 2.14083958 -2.03933358 2.50820351
v 2.14083958 -2.03933358 2.50820351
v 2.14083958 -2.0393343 -0.0260648876
v 2.14083958 -1.77962315 2.50820351
v 2.14083958 -1.77962375 -0.0260649472
v -2.18125534 -1.81366813 2.39607978
v 1.8998909 -2.01041889 2.39607978
v 1.8998909 -1.81366873 2.39607978
v -2.18125534 -2.01041865 2.39607978
v 1.8998909 -1.81366873 2.19937873
v -2.18125534 -2.01041889 2.19937873
v -2.18125534 -1.81366813 2.19937873
v 1.8998909 -2.01041913 2.19937873
v 1.8998909 -2.01041889 2.39607978
v -2.18125534 -2.01041865 2.39607978
v 1.8998909 -2.01041913 2.19937873
v -2.18125534 -2.01041889 2.19937873
v 1.8998909 -2.01041913 2.19937873
v -2.18125534 -2.01041865 2.39607978
v -0.246456534 1.98741841 1.77053511
v -0.414781392 1.91645777 1.71217608
v -0.414781392 1.98741841 1.71217573
v -0.414781392 1.91645777 1.71217608
v -0.246456534 1.98741841 1.77053511
v -0.246456534 1.91645777 1.77053511
v -0.414781392 1.98741841 1.71217573
v -0.424684137 1.91645765 1.18028963
v -0.424684137 1.98741829 1.18028951
v -0.424684137 1.91645765 1.18028963
v -0.414781392 1.98741841 1.71217573
v -0.414781392 1.91645777 1.71217608
v -0.0781099498 1.98741841 1.71217573
v -0.246456534 1.91645777 1.77053511
v -0.246456534 1.98741841 1.77053511
v -0.246456534 1.91645777 1.77053511
v -0.0781099498 1.98741841 1.71217573
v -0.0781099647 1.91628385 1.71217608
v 0.0511365719 2.01737642 1.19445741
v 0.051136557 1.91650093 1.10063696
v 0.0511365719 2.01737642 1.10063684
v 0.051136557 1.91650093 1.10063696
v 0.0511365719 2.01737642 1.19445741
v 0.051136557 1.91637075 1.19445753
v 0.00253595412 1.91597939 1.7397455
v 0.0160802174 1.98741829 1.1802882
v 0.0025359625 1.98741841 1.73974538
v 0.00253595412 1.91597939 1.7397455
v 0.0160802081 1.91589224 1.18028831
v 0.0160802174 1.98741829 1.1802882
v 0.0025359625 1.98741841 1.73974538
v -0.246456534 1.91624045 1.85212553
v 0.00253595412 1.91597939 1.7397455
v -0.246456534 1.91624045 1.85212553
v 0.0025359625 1.98741841 1.73974538
v -0.246456534 1.98741841 1.85212553
v -0.246456534 1.98741841 1.85212553
v -0.495438129 1.91624045 1.7397455
v -0.246456534 1.91624045 1.85212553
v -0.495438129 1.91624045 1.7397455
v -0.246456534 1.98741841 1.85212553
v -0.495438129 1.98741841 1.73974538
v -0.0682180822 1.98741829 1.1802882
v -0.0781099647 1.91628385 1.71217608
v -0.0781099498 1.98741841 1.71217573
v -0.0781099647 1.91628385 1.71217608
v -0.0682180822 1.98741829 1.1802882
v -0.0682180971 1.91624033 1.18028831
v -0.50898242 1.98741829 1.18028951
v -0.495438129 1.91624045 1.7397455
v -0.495438129 1.98741841 1.73974538
v -0.495438129 1.91624045 1.7397455
v -0.50898242 1.98741829 1.18028951
v -0.50898248 1.91624033 1.18028963
v -0.54404968 1.91624045 1.19445753
v 0.051136557 1.91637075 1.19445753
v -0.544049621 2.01737666 1.19445741
v 0.0511365719 2.01737642 1.19445741
v -0.544049621 2.01737666 1.19445741
v 0.051136557 1.91637075 1.19445753
v -0.544049621 2.01737666 1.10063684
v -0.54404968 1.91624045 1.19445753
v -0.544049621 2.01737666 1.19445741
v -0.54404968 1.91624045 1.19445753
v -0.544049621 2.01737666 1.10063684
v -0.54404968 1.91624033 1.10063696
v 0.0511365719 2.01737642 1.10063684
v -0.544049621 2.01737666 1.10063684
v 0.0511365719 2.01737642 1.19445741
v -0.544049621 2.01737666 1.19445741
v -2.12142539 1.74075258 2.50820374
v -2.12142539 2.00041938 2.50820374
v -2.38109255 2.00041962 2.50820374
v -2.38109255 1.74075258 2.50820374
v -2.12142539 1.74075258 2.50820374
v -2.38109255 2.00041962 2.50820374
v -2.38109255 1.74075198 -0.0260643866
v -2.38109255 2.00041962 2.50820374
v -2.38109255 2.0004189 -0.0260644443
v -2.38109255 1.74075258 2.50820374
v -2.12142539 2.00041938 2.50820374
v -2.38109255 2.0004189 -0.0260644443
v -2.38109255 2.00041962 2.50820374
v -2.38109255 2.0004189 -0.0260644443
v -2.12142539 2.00041938 2.50820374
v -2.12142539 2.0004189 -0.0260644443
v -2.38072348 -2.03933311 2.50820351
v -2.38072348 -2.03933382 -0.0260648876
v -2.12104559 -2.03933382 -0.0260648876
v -2.12104559 -2.03933382 -0.0260648876
v -2.12104559 -2.03933334 2.50820351
v -2.38072348 -2.03933311 2.50820351
v -2.12104559 -2.03933334 2.50820351
v -2.12104559 -1.77962255 2.50820351
v -2.38072348 -1.77962255 2.50820351
v -2.38072348 -2.03933311 2.50820351
v -2.12104559 -2.03933334 2.50820351
v -2.38072348 -1.77962255 2.50820351
v -2.38072348 -2.03933382 -0.0260648876
v -2.38072348 -1.77962255 2.50820351
v -2.38072348 -1.77962327 -0.0260649472
v -2.38072348 -2.03933311 2.50820351
v -2.12142539 1.74075258 2.50820374
v -2.12142539 1.74075198 -0.0260643866
v -2.12142539 2.00041938 2.50820374
v -2.12142539 2.0004189 -0.0260644443
v -2.12142539 1.74075258 2.50820374
v -2.38109255 1.74075198 -0.0260643866
v -2.12142539 1.74075198 -0.0260643866
v -2.38109255 1.74075258 2.50820374
v -2.38109255 1.74075198 -0.0260643866
v -2.12142539 1.74075258 2.50820374
v -2.12104559 -1.77962327 -0.0260649472
v -2.38072348 -1.77962255 2.50820351
v -2.12104559 -1.77962255 2.50820351
v -2.38072348 -1.77962327 -0.0260649472
v -2.12104559 -2.03933334 2.50820351
v -2.12104559 -2.03933382 -0.0260648876
v -2.12104559 -1.77962255 2.50820351
v -2.12104559 -1.77962327 -0.0260649472
v 1.17760026 1.85397577 0.935082972
v 1.00926447 1.78297162 0.993442237
v 1.00926447 1.85397577 0.993442237
v 1.00926447 1.78297162 0.993442237
v 1.17760026 1.85397577 0.935082972
v 1.17760026 1.78297162 0.935082972
v 1.18749213 1.78297162 0.403196514
v 1.17760026 1.85397577 0.935082972
v 1.18749213 1.85397577 0.403196514
v 1.18749213 1.78297162 0.403196514
v 1.17760026 1.78297162 0.935082972
v 1.17760026 1.85397577 0.935082972
v 1.00926447 1.85397577 0.993442237
v 0.840928733 1.78297162 0.935082972
v 0.840928733 1.85410607 0.935082972
v 0.840928733 1.78297162 0.935082972
v 1.00926447 1.85397577 0.993442237
v 1.00926447 1.78297162 0.993442237
v 0.7116822 1.85388863 0.323543847
v 0.7116822 1.75301325 0.417364448
v 0.7116822 1.85401917 0.417364419
v 0.7116822 1.75301325 0.417364448
v 0.7116822 1.85388863 0.323543847
v 0.7116822 1.75301325 0.323543876
v 0.746738434 1.78297162 0.403195143
v 0.760271907 1.85441053 0.962652445
v 0.746738434 1.85449731 0.403195143
v 0.746738434 1.78297162 0.403195143
v 0.760271907 1.78297162 0.962652445
v 0.760271907 1.85441053 0.962652445
v 0.760271907 1.78297162 0.962652445
v 1.00926447 1.85414958 1.07503259
v 0.760271907 1.85441053 0.962652445
v 1.00926447 1.85414958 1.07503259
v 0.760271907 1.78297162 0.962652445
v 1.00926447 1.78297162 1.07503259
v 1.00926447 1.78297162 1.07503259
v 1.25825691 1.85414958 0.962652445
v 1.00926447 1.85414958 1.07503259
v 1.25825691 1.85414958 0.962652445
v 1.00926447 1.78297162 1.07503259
v 1.25825691 1.78297162 0.962652445
v 0.840928733 1.78297162 0.935082972
v 0.831025958 1.78297162 0.403195143
v 0.840928733 1.85410607 0.935082972
v 0.831025958 1.85414958 0.403195143
v 0.840928733 1.85410607 0.935082972
v 0.831025958 1.78297162 0.403195143
v 1.25825691 1.78297162 0.962652445
v 1.27179039 1.7829715 0.403196514
v 1.25825691 1.85414958 0.962652445
v 1.27179039 1.85414946 0.403196514
v 1.27179039 1.7829715 0.403196514
v 0.7116822 1.85401917 0.417364419
v 1.30686831 1.75301313 0.417364448
v 1.30686831 1.85414946 0.417364419
v 1.30686831 1.75301313 0.417364448
v 0.7116822 1.85401917 0.417364419
v 0.7116822 1.75301325 0.417364448
v 1.30686831 1.75301313 0.417364448
v 1.30686831 1.85414946 0.323543847
v 1.30686831 1.85414946 0.417364419
v 1.30686831 1.75301313 0.417364448
v 1.30686831 1.75301313 0.323543876
v 1.30686831 1.85414946 0.323543847
v 1.30686831 1.75301313 0.323543876
v 0.7116822 1.75301325 0.417364448
v 0.7116822 1.75301325 0.323543876
v 0.7116822 1.75301325 0.417364448
v 1.30686831 1.75301313 0.323543876
v 1.30686831 1.75301313 0.417364448
v -2.21978974 1.77292812 2.19937897
v 1.9217515 1.77292752 2.19937897
v -2.21978974 1.77292812 2.39608049
v 1.9217515 1.77292752 2.39608049
v -2.15275335 1.82371378 2.19937897
v -2.15275383 -1.92432654 2.39607978
v -2.15275383 -1.92432654 2.19937873
v -2.15275335 1.82371378 2.39608049
v 1.88117301 1.73553383 -0.0260643847
v 1.88117301 1.99520123 2.50820374
v 1.88117301 1.99520087 -0.0260644443
v 1.88117301 1.99520123 2.50820374
v 1.88117301 1.73553383 -0.0260643847
v 1.88117301 1.73553419 2.50820374
v 1.88117301 1.73553419 2.50820374
v 1.88117301 1.73553383 -0.0260643847
v 2.14084005 1.73553419 2.50820374
v 2.14084005 1.73553419 2.50820374
v 1.88117301 1.73553383 -0.0260643847
v 2.14084005 1.73553383 -0.0260643847
v 1.91275024 -1.85023582 2.39607978
v 1.91275072 1.81145155 2.19937897
v 1.91275024 -1.85023582 2.19937873
v 1.91275072 1.81145155 2.19937897
v 1.91275024 -1.85023582 2.39607978
v 1.91275072 1.81145155 2.39608049
v 1.88117254 -1.77962375 -0.0260649472
v 2.14083958 -1.77962315 2.50820351
v 2.14083958 -1.77962375 -0.0260649472
v 2.14083958 -1.77962315 2.50820351
v 1.88117254 -1.77962375 -0.0260649472
v 1.88117254 -1.77962315 2.50820351
v 1.88117254 -2.0393343 -0.0260648876
v 1.88117254 -1.77962315 2.50820351
v 1.88117254 -1.77962375 -0.0260649472
v 1.88117254 -2.03933358 2.50820351
v -2.18125534 -1.81366813 2.19937873
v 1.8998909 -1.81366873 2.39607978
v 1.8998909 -1.81366873 2.19937873
v 1.8998909 -1.81366873 2.39607978
v -2.18125534 -1.81366813 2.19937873
v -2.18125534 -1.81366813 2.39607978
v 1.17760026 1.78297162 0.935082972
v 1.18749213 1.78297162 0.403196514
v 1.27179039 1.7829715 0.403196514
v 1.27179039 1.7829715 0.403196514
v 1.25825691 1.78297162 0.962652445
v 1.17760026 1.78297162 0.935082972
v 1.00926447 1.78297162 1.07503259
v 1.17760026 1.78297162 0.935082972
v 1.25825691 1.78297162 0.962652445
v 1.00926447 1.78297162 0.993442237
v 0.840928733 1.78297162 0.935082972
v 1.00926447 1.78297162 1.07503259
v 0.760271907 1.78297162 0.962652445
v 0.840928733 1.78297162 0.935082972
v 0.746738434 1.78297162 0.403195143
v 0.840928733 1.78297162 0.935082972
v 0.760271907 1.78297162 0.962652445
v 0.746738434 1.78297162 0.403195143
v 0.831025958 1.78297162 0.403195143
v -0.50898242 1.98741829 1.18028951
v -0.414781392 1.98741841 1.71217573
v -0.424684137 1.98741829 1.18028951
v -0.50898242 1.98741829 1.18028951
v -0.495438129 1.98741841 1.73974538
v -0.414781392 1.98741841 1.71217573
v -0.246456534 1.98741841 1.85212553
v -0.414781392 1.98741841 1.71217573
v -0.495438129 1.98741841 1.73974538
v -0.414781392 1.98741841 1.71217573
v -0.246456534 1.98741841 1.85212553
v -0.246456534 1.98741841 1.77053511
v -0.246456534 1.98741841 1.85212553
v -0.0781099498 1.98741841 1.71217573
v -0.246456534 1.98741841 1.77053511
v -0.246456534 1.98741841 1.85212553
v 0.0025359625 1.98741841 1.73974538
v -0.0781099498 1.98741841 1.71217573
v 0.0160802174 1.98741829 1.1802882
v -0.0781099498 1.98741841 1.71217573
v 0.0025359625 1.98741841 1.73974538
v -0.0781099498 1.98741841 1.71217573
v 0.0160802174 1.98741829 1.1802882
v -0.0682180822 1.98741829 1.1802882
v 2.09825802 0.543885112 2.19594216
v 1.83859086 0.543884695 -0.0141919376
v 2.09825802 0.543884575 -0.0141919376
v 1.83859086 0.543885171 2.19594216
v 1.83859086 0.543884695 -0.0141919376
v 2.09825802 0.543885112 2.19594216
v 1.83859086 0.543885171 2.19594216
v 2.09825802 0.716603875 2.19594216
v 1.83859086 0.716603935 2.19594216
v 1.83859086 0.543885171 2.19594216
v 2.09825802 0.543885112 2.19594216
v 2.09825802 0.716603875 2.19594216
v 2.09825802 0.543885112 2.19594216
v 2.09825802 0.543884575 -0.0141919376
v 2.09825802 0.716603875 2.19594216
v 2.09825802 0.71660322 -0.0141919767
v 2.09825802 0.716603875 2.19594216
v 2.09825802 0.543884575 -0.0141919376
v 1.83859086 0.716603339 -0.0141919767
v 2.09825802 0.716603875 2.19594216
v 2.09825802 0.71660322 -0.0141919767
v 2.09825802 0.716603875 2.19594216
v 1.83859086 0.716603339 -0.0141919767
v 1.83859086 0.716603935 2.19594216
v 1.83859086 0.543884695 -0.0141919376
v 1.83859086 0.716603935 2.19594216
v 1.83859086 0.716603339 -0.0141919767
v 1.83859086 0.716603935 2.19594216
v 1.83859086 0.543884695 -0.0141919376
v 1.83859086 0.543885171 2.19594216
v -2.49049854 -0.440199107 2.28218317
v -2.80570817 0.498392552 2.67735648
v -2.53053451 0.510747075 2.28218317
v -2.80570817 0.498392552 2.67735648
v -2.49049854 -0.440199107 2.28218317
v -2.76567173 -0.45255354 2.67735648
v -2.76567173 -0.45255354 2.67735648
v -0.375232011 0.445084453 4.54380178
v -2.80570817 0.498392552 2.67735648
v -0.375232011 0.445084453 4.54380178
v -2.76567173 -0.45255354 2.67735648
v -0.334326535 -0.466006398 4.54380178
v -2.49049854 -0.440199107 2.28218317
v -0.375232011 0.445084304 4.00175428
v -0.334326535 -0.466006547 4.00175428
v -0.375232011 0.445084304 4.00175428
v -2.49049854 -0.440199107 2.28218317
v -2.53053451 0.510747075 2.28218317
v -2.76567173 -0.45255354 2.67735648
v -0.334326535 -0.466006547 4.00175428
v -0.334326535 -0.466006398 4.54380178
v -0.334326535 -0.466006547 4.00175428
v -2.76567173 -0.45255354 2.67735648
v -2.49049854 -0.440199107 2.28218317
v -2.80570817 0.498392552 2.67735648
v -0.375232011 0.445084453 4.54380178
v -0.375232011 0.445084304 4.00175428
v -0.375232011 0.445084304 4.00175428
v -2.53053451 0.510747075 2.28218317
v -2.80570817 0.498392552 2.67735648
v -2.48441172 -1.47060204 2.28218341
v -2.68426418 -0.454761803 2.67735648
v -2.409091 -0.442407459 2.28218317
v -2.68426418 -0.454761803 2.67735648
v -2.48441172 -1.47060204 2.28218341
v -2.75958514 -1.48295665 2.67735648
v -2.75958514 -1.48295665 2.67735648
v -0.33318612 -0.491407484 4.54380178
v -2.68426418 -0.454761803 2.67735648
v -0.33318612 -0.491407484 4.54380178
v -2.75958514 -1.48295665 2.67735648
v -0.292280644 -1.40249836 4.54380178
v -2.48441172 -1.47060204 2.28218341
v -0.33318612 -0.491407633 4.00175428
v -0.292280644 -1.40249836 4.00175428
v -0.33318612 -0.491407633 4.00175428
v -2.48441172 -1.47060204 2.28218341
v -2.409091 -0.442407459 2.28218317
v -2.75958514 -1.48295665 2.67735648
v -0.292280644 -1.40249836 4.00175428
v -0.292280644 -1.40249836 4.54380178
v -0.292280644 -1.40249836 4.00175428
v -2.75958514 -1.48295665 2.67735648
v -2.48441172 -1.47060204 2.28218341
v -2.68426418 -0.454761803 2.67735648
v -0.33318612 -0.491407484 4.54380178
v -0.33318612 -0.491407633 4.00175428
v -0.33318612 -0.491407633 4.00175428
v -2.409091 -0.442407459 2.28218317
v -2.68426418 -0.454761803 2.67735648
v 2.01122403 1.82797408 2.29789829
v 2.01122379 1.51045895 2.18223572
v 2.01122403 1.82797408 2.18223548
v 2.01122355 -1.93650138 2.18223619
v 2.01122379 -0.557950258 0.487931997
v 2.01122379 -0.557949841 2.18223596
v 2.01122355 -1.9365021 -0.0142395059
v 2.01122355 -1.9365021 -0.0142395059
v 0.428425431 -1.93650186 0.506228805
v 0.428425431 -1.93650186 -0.0142395059
v -2.17639637 -1.93650126 2.30360198
v -0.437430799 -1.93650174 0.790946662
v -0.437430799 -1.9365015 2.30360246
v 0.428425431 -1.93650186 0.506228805
v -0.437430799 -1.93650186 -0.0142395059
v 0.428425431 -1.93650186 -0.0142395059
v -0.437430799 -1.93650174 0.790946662
v 2.01122355 -1.93650186 2.30360341
v 0.428425431 -1.93650186 0.506228805
v 2.01122355 -1.9365021 -0.0142395059
v 0.428425431 -1.93650162 2.3036027
v 0.428425431 -1.93650162 2.3036027
v -0.437430799 -1.93650174 0.790946662
v 0.428425431 -1.93650186 0.506228805
v -0.437430799 -1.9365015 2.30360246
v -0.437430799 -1.93650174 0.790946662
v -2.17639637 -1.93650162 -0.0142395059
v -0.437430799 -1.93650186 -0.0142395059
v -2.17639637 -1.93650126 2.30360198
v 2.01122379 0.560719967 2.18223596
v 2.01122379 1.51045895 2.18223572
v 2.01122379 0.560719967 2.29789782
v 2.01122403 1.82797408 2.29789829
v 2.01122379 -0.557949841 2.18223596
v 2.01122379 0.560719967 2.18223596
v 2.01122379 -0.557949841 2.2978971
v 2.01122379 0.560719967 2.29789782
v 2.01122379 -0.557950199 -0.0142398188
v 2.01122379 -0.557950258 0.487931997
v 2.01122355 -1.9365021 -0.0142395059
v 2.01122379 1.51045895 2.18223572
v 2.01122403 1.82797384 -0.0142403571
v 2.01122403 1.82797408 2.18223548
v 2.01122379 0.560719669 0.895435035
v 2.01122379 0.56071943 -0.0142400702
v 2.01122379 -0.557949841 2.2978971
v 2.01122355 -1.93650186 2.29789662
v 2.01122355 -1.93650138 2.18223619
v 2.01122379 -0.557949841 2.18223596
v 2.01122379 1.51045895 2.18223572
v 2.01122379 0.560719967 2.18223596
v 2.01122379 0.560719669 0.895435035
v 2.04209542 1.87467194 -0.0142403692
v -2.06555939 1.87467313 2.29789829
v 2.04209542 1.87467253 2.29789829
v -2.06555939 1.87467241 -0.0142403692
v -2.06555939 1.87467313 2.29789829
v 2.04209542 1.87467194 -0.0142403692
v -2.27548862 1.82797432 -0.0142403571
v -2.27548909 -1.93650126 2.30360198
v -2.27548862 1.82797468 2.30360389
v -2.27548909 -1.93650126 2.30360198
v -2.27548862 1.82797432 -0.0142403571
v -2.27548909 -1.93650162 -0.0142395059
v -0.382081985 -1.75714278 5.70836258
v -0.259661078 -1.72203076 5.00296068
v -0.320030928 -1.94500351 5.66929817
v -0.287644744 -1.63730836 5.02057743
v -0.140687644 -2.03331351 5.64267683
v -0.259661078 -1.72203076 5.00296068
v -0.178785443 -1.76184559 4.99095583
v -0.320030928 -1.94500351 5.66929817
v -0.0923970938 -1.733446 4.99159575
v 0.0508888364 -1.97032559 5.64409542
v -0.140687644 -2.03331351 5.64267683
v -0.178785443 -1.76184559 4.99095583
v -0.0923970938 -1.733446 4.99159575
v 0.142476022 -1.7929498 5.67272186
v 0.0508888364 -1.97032559 5.64409542
v -0.0510959625 -1.65345085 5.00450373
v 0.142476022 -1.7929498 5.67272186
v -0.0790803432 -1.56874013 5.02212048
v 0.0804194212 -1.60508275 5.71178722
v -0.0510959625 -1.65345085 5.00450373
v -0.0790803432 -1.56874013 5.02212048
v -0.0989243388 -1.51678467 5.73840809
v 0.0804194212 -1.60508275 5.71178722
v -0.159955144 -1.52891362 5.0341258
v -0.0989243388 -1.51678467 5.73840809
v -0.159955144 -1.52891362 5.0341258
v -0.290500522 -1.57976675 5.73698997
v -0.246343851 -1.5573194 5.03348589
v -0.290500522 -1.57976675 5.73698997
v -0.246343851 -1.5573194 5.03348589
v -0.382081985 -1.75714278 5.70836258
v -0.287644744 -1.63730836 5.02057743
v 0.0508888364 -1.97032559 5.64409542
v 0.142476022 -1.7929498 5.67272186
v 0.0804194212 -1.60508275 5.71178722
v -0.140687644 -2.03331351 5.64267683
v -0.0989243388 -1.51678467 5.73840809
v -0.290500522 -1.57976675 5.73698997
v -0.320030928 -1.94500351 5.66929817
v 0.0508888364 -1.97032559 5.64409542
v 0.0804194212 -1.60508275 5.71178722
v -0.0989243388 -1.51678467 5.73840809
v -0.140687644 -2.03331351 5.64267683
v -0.320030928 -1.94500351 5.66929817
v -0.290500522 -1.57976675 5.73698997
v -0.382081985 -1.75714278 5.70836258
v 0.0415019989 1.80392706 5.0286727
v -0.0676426888 1.84012866 5.63166046
v -0.15730238 1.99507284 5.58541012
v 0.00739389658 1.86286652 5.01107788
v 0.108965933 1.78645051 5.03815031
v 0.10971272 1.79417741 5.65657568
v -0.0676426888 1.84012866 5.63166046
v 0.0415019989 1.80392706 5.0286727
v 0.17027247 1.82067907 5.03395987
v 0.270867109 1.88414621 5.64556122
v 0.10971272 1.79417741 5.65657568
v 0.108965933 1.78645051 5.03815031
v 0.321421862 2.05731988 5.60507107
v 0.17027247 1.82067907 5.03395987
v 0.189503789 1.88654947 5.01855707
v 0.270867109 1.88414621 5.64556122
v 0.321421862 2.05731988 5.60507107
v 0.155396104 1.94549453 5.00096273
v 0.23176229 2.21226978 5.55881977
v 0.189503789 1.88654947 5.01855707
v 0.23176229 2.21226978 5.55881977
v 0.155396104 1.94549453 5.00096273
v 0.0544123054 2.25821495 5.53390312
v 0.0879322886 1.96297705 4.99148369
v 0.0544123054 2.25821495 5.53390312
v 0.0266199708 1.92874873 4.99567509
v -0.106747508 2.16825199 5.54491806
v 0.0879322886 1.96297705 4.99148369
v 0.0266199708 1.92874873 4.99567509
v -0.15730238 1.99507284 5.58541012
v -0.106747508 2.16825199 5.54491806
v 0.00739389658 1.86286652 5.01107788
v 0.270867109 1.88414621 5.64556122
v 0.321421862 2.05731988 5.60507107
v 0.23176229 2.21226978 5.55881977
v 0.10971272 1.79417741 5.65657568
v 0.0544123054 2.25821495 5.53390312
v -0.106747508 2.16825199 5.54491806
v -0.0676426888 1.84012866 5.63166046
v 0.0544123054 2.25821495 5.53390312
v 0.10971272 1.79417741 5.65657568
v 0.270867109 1.88414621 5.64556122
v 0.23176229 2.21226978 5.55881977
v -0.0676426888 1.84012866 5.63166046
v -0.106747508 2.16825199 5.54491806
v -0.15730238 1.99507284 5.58541012
v 2.36345863 -0.281342149 3.75387144
v 2.15708971 -0.146348596 3.21359587
v 2.37977791 -0.442640483 3.69122672
v 2.16391706 -0.213824958 3.18739176
v 2.37977791 -0.442640483 3.69122672
v 2.16391706 -0.213824958 3.18739176
v 2.49418449 -0.523564935 3.58841848
v 2.2117734 -0.247673899 3.14438581
v 2.49418449 -0.523564935 3.58841848
v 2.2726326 -0.228068173 3.10977006
v 2.63966846 -0.476717114 3.50566864
v 2.2117734 -0.247673899 3.14438581
v 2.31083345 -0.166497156 3.10382414
v 2.63966846 -0.476717114 3.50566864
v 2.2726326 -0.228068173 3.10977006
v 2.73099756 -0.329528272 3.4914515
v 2.73099756 -0.329528272 3.4914515
v 2.30401134 -0.0990270078 3.13002777
v 2.71467876 -0.168224081 3.55409575
v 2.31083345 -0.166497156 3.10382414
v 2.25614882 -0.0651777089 3.17303467
v 2.71467876 -0.168224081 3.55409575
v 2.30401134 -0.0990270078 3.13002777
v 2.6002717 -0.0873053968 3.65690517
v 2.25614882 -0.0651777089 3.17303467
v 2.4547925 -0.134165332 3.73965454
v 2.6002717 -0.0873053968 3.65690517
v 2.19529629 -0.0847779065 3.20764947
v 2.4547925 -0.134165332 3.73965454
v 2.15708971 -0.146348596 3.21359587
v 2.36345863 -0.281342149 3.75387144
v 2.19529629 -0.0847779065 3.20764947
v 2.63966846 -0.476717114 3.50566864
v 2.73099756 -0.329528272 3.4914515
v 2.71467876 -0.168224081 3.55409575
v 2.49418449 -0.523564935 3.58841848
v 2.6002717 -0.0873053968 3.65690517
v 2.4547925 -0.134165332 3.73965454
v 2.37977791 -0.442640483 3.69122672
v 2.63966846 -0.476717114 3.50566864
v 2.71467876 -0.168224081 3.55409575
v 2.6002717 -0.0873053968 3.65690517
v 2.49418449 -0.523564935 3.58841848
v 2.37977791 -0.442640483 3.69122672
v 2.4547925 -0.134165332 3.73965454
v 2.36345863 -0.281342149 3.75387144
v 2.61552095 -0.303905308 3.0930624
v 2.53636599 1.22929978 3.46878958
v -0.0990089178 2.19384146 5.42530632
v 2.61552095 -0.303905308 3.0930624
v -0.0990089178 2.19384146 5.42530632
v 0.192639172 0.14055872 5.35828733
v 0.973484039 -1.61785352 4.47829247
v 2.61552095 -0.303905308 3.0930624
v 0.192639172 0.14055872 5.35828733
v 0.973484039 -1.61785352 4.47829247
v 0.192639172 0.14055872 5.35828733
v -0.459394455 -2.0622375 5.38982344
vt 0.299361199 0.807023764
vt 0.299361199 0.86107415
vt 0.234201863 0.807023764
vt 0.234201878 0.86107415
vt 0.49841103 0.86534673
vt 0.563570261 0.919397414
vt 0.49841103 0.919397473
vt 0.56357038 0.865346789
vt 0.433251649 0.919397473
vt 0.433251649 0.865346789
vt 0.49841103 0.86534673
vt 0.49841103 0.919397473
vt 0.234201863 0.807023764
vt 0.169042617 0.86107415
vt 0.169042617 0.807023764
vt 0.234201878 0.86107415
vt 0.234201878 0.91512531
vt 0.299361199 0.915125251
vt 0.771773756 0.555753648
vt 0.71772331 0.555753648
vt 0.71772331 0.490594447
vt 0.771773756 0.490594447
vt 0.663671672 0.555753648
vt 0.71772331 0.490594447
vt 0.71772331 0.555753648
vt 0.663671672 0.490594447
vt 0.663671672 0.490594447
vt 0.663671672 0.425435185
vt 0.71772331 0.490594447
vt 0.71772331 0.425435185
vt 0.71772331 0.490594447
vt 0.71772331 0.425435185
vt 0.771773756 0.490594447
vt 0.771773756 0.425435185
vt 0.30798763 0.650469005
vt 0.25393644 0.715628266
vt 0.25393644 0.650469005
vt 0.30798763 0.715628266
vt 0.234201878 0.91512531
vt 0.169042617 0.86107415
vt 0.234201878 0.86107415
vt 0.169042602 0.91512531
vt 0.433251649 0.811296046
vt 0.49841103 0.86534673
vt 0.433251649 0.865346789
vt 0.49841103 0.811296046
vt 0.30798763 0.715628266
vt 0.25393644 0.780787528
vt 0.25393644 0.715628266
vt 0.30798763 0.780787528
vt 0.199885532 0.715628266
vt 0.25393644 0.780787528
vt 0.199885532 0.780787528
vt 0.25393644 0.715628266
vt 0.49841103 0.86534673
vt 0.49841103 0.811296046
vt 0.56357038 0.811296105
vt 0.56357038 0.865346789
vt 0.199885532 0.650469005
vt 0.25393644 0.650469005
vt 0.199885532 0.715628266
vt 0.25393644 0.715628266
vt 0.591521859 0.179338455
vt 0.537184536 0.206270576
vt 0.537184536 0.179338455
vt 0.537184536 0.206270576
vt 0.591521859 0.179338455
vt 0.591521859 0.206270576
vt 0.620243013 0.179338455
vt 0.671669006 0.0078125
vt 0.671669006 0.179338455
vt 0.671669006 0.0078125
vt 0.620243013 0.179338455
vt 0.620243013 0.0078125
vt 0.591521859 0.179338455
vt 0.537184536 0.0078125
vt 0.591521859 0.0078125
vt 0.537184536 0.0078125
vt 0.591521859 0.179338455
vt 0.537184536 0.179338455
vt 0.620243013 0.179338455
vt 0.591521859 0.0078125
vt 0.620243013 0.0078125
vt 0.591521859 0.0078125
vt 0.620243013 0.179338455
vt 0.591521859 0.179338455
vt 0.671669006 0.179338455
vt 0.671669006 0.0078125
vt 0.7003901 0.0078125
vt 0.7003901 0.0078125
vt 0.7003901 0.179338455
vt 0.671669006 0.179338455
vt 0.94004935 0.482581615
vt 0.926015317 0.362667561
vt 0.94004935 0.362667561
vt 0.926015317 0.482581615
vt 0.926015317 0.362667561
vt 0.94004935 0.482581615
vt 0.816795468 0.148497164
vt 0.804212928 0.161106944
vt 0.804212928 0.148497164
vt 0.816795468 0.148497164
vt 0.816795468 0.161106944
vt 0.804212928 0.161106944
vt 0.94004935 0.482581615
vt 0.94004935 0.362667561
vt 0.954083025 0.482581615
vt 0.954083025 0.362667561
vt 0.968367517 0.362667561
vt 0.954083025 0.482581615
vt 0.954083025 0.362667561
vt 0.954083025 0.482581615
vt 0.968367517 0.362667561
vt 0.968367517 0.482581615
vt 0.982401252 0.362667561
vt 0.968367517 0.482581615
vt 0.968367517 0.362667561
vt 0.982401252 0.482581615
vt 0.10859365 0.363471746
vt 0.0827678293 0.338436604
vt 0.10859365 0.338436604
vt 0.0827678293 0.363471746
vt 0.0827678293 0.338436604
vt 0.10859365 0.363471746
vt 0.10859365 0.363471746
vt 0.0865232274 0.372045934
vt 0.0827678293 0.363471746
vt 0.104830772 0.372045934
vt 0.0865232274 0.372045934
vt 0.799528182 0.104283094
vt 0.82450819 0.104283094
vt 0.82450819 0.132389188
vt 0.799528182 0.104283094
vt 0.82450819 0.132389188
vt 0.799528182 0.132389188
vt 0.82450819 0.132389188
vt 0.803175926 0.139127731
vt 0.799528182 0.132389188
vt 0.82450819 0.132389188
vt 0.820856333 0.139127731
vt 0.803175926 0.139127731
vt 0.562251985 0.624590576
vt 0.616048813 0.600833595
vt 0.616048813 0.624590576
vt 0.616048813 0.600833595
vt 0.562251985 0.624590576
vt 0.562251985 0.600833595
vt 0.562251985 0.600833595
vt 0.616048813 0.420006096
vt 0.616048813 0.600833595
vt 0.616048813 0.420006096
vt 0.562251985 0.600833595
vt 0.562251985 0.420006096
vt 0.534764767 0.600833595
vt 0.480968028 0.420006096
vt 0.534764767 0.420006096
vt 0.480968028 0.420006096
vt 0.534764767 0.600833595
vt 0.480968028 0.600833595
vt 0.562251985 0.600833595
vt 0.534764767 0.420006096
vt 0.562251985 0.420006096
vt 0.534764767 0.420006096
vt 0.562251985 0.600833595
vt 0.534764767 0.600833595
vt 0.616048813 0.600833595
vt 0.616048813 0.420006096
vt 0.643536091 0.420006096
vt 0.643536091 0.420006096
vt 0.643536091 0.600833595
vt 0.616048813 0.600833595
vt 0.263082415 0.218031585
vt 0.325256735 0.192379236
vt 0.325256735 0.218031585
vt 0.325256735 0.192379236
vt 0.263082415 0.218031585
vt 0.263082415 0.192379236
vt 0.263082415 0.0078125
vt 0.325256735 0.192379236
vt 0.263082415 0.192379236
vt 0.325256735 0.192379236
vt 0.263082415 0.0078125
vt 0.325256735 0.0078125
vt 0.233951733 0.0078125
vt 0.171777293 0.192379236
vt 0.171777293 0.0078125
vt 0.171777293 0.192379236
vt 0.233951733 0.0078125
vt 0.233951733 0.192379236
vt 0.263082415 0.192379236
vt 0.233951733 0.0078125
vt 0.263082415 0.0078125
vt 0.233951733 0.0078125
vt 0.263082415 0.192379236
vt 0.233951733 0.192379236
vt 0.325256735 0.192379236
vt 0.325256735 0.0078125
vt 0.354387462 0.0078125
vt 0.354387462 0.0078125
vt 0.354387462 0.192379236
vt 0.325256735 0.192379236
vt 0.791212201 0.5834077
vt 0.791212201 0.605658472
vt 0.773768604 0.5834077
vt 0.791212201 0.605658472
vt 0.77608043 0.603793204
vt 0.773768604 0.5834077
vt 0.699371934 0.611253917
vt 0.728373945 0.781379044
vt 0.70273453 0.781379044
vt 0.728373945 0.781379044
vt 0.699371934 0.611253917
vt 0.728373945 0.611253917
vt 0.648933411 0.611253917
vt 0.628337622 0.781379044
vt 0.628337622 0.611253917
vt 0.628337622 0.781379044
vt 0.648933411 0.611253917
vt 0.647252083 0.781379044
vt 0.742664993 0.602689922
vt 0.728373945 0.5834077
vt 0.746027589 0.5834077
vt 0.728373945 0.5834077
vt 0.742664993 0.602689922
vt 0.728373945 0.611253917
vt 0.759057581 0.5834077
vt 0.77608043 0.603793204
vt 0.758637309 0.621972144
vt 0.77608043 0.603793204
vt 0.759057581 0.5834077
vt 0.773768604 0.5834077
vt 0.746027589 0.5834077
vt 0.758637309 0.621972144
vt 0.742664993 0.602689922
vt 0.758637309 0.621972144
vt 0.746027589 0.5834077
vt 0.759057581 0.5834077
vt 0.747075021 0.357304215
vt 0.689716458 0.379969239
vt 0.689716458 0.357304215
vt 0.689716458 0.379969239
vt 0.747075021 0.357304215
vt 0.747075021 0.379969239
vt 0.689716458 0.357304215
vt 0.747075021 0.188707888
vt 0.747075021 0.357304215
vt 0.747075021 0.188707888
vt 0.689716458 0.357304215
vt 0.689716458 0.188707888
vt 0.82600522 0.188707888
vt 0.82600522 0.357304215
vt 0.773119867 0.188707888
vt 0.773119867 0.357304215
vt 0.773119867 0.188707888
vt 0.82600522 0.357304215
vt 0.689716458 0.357304215
vt 0.663671672 0.188707888
vt 0.689716458 0.188707888
vt 0.663671672 0.188707888
vt 0.689716458 0.357304215
vt 0.663671672 0.357304215
vt 0.747075021 0.357304215
vt 0.773119867 0.188707888
vt 0.773119867 0.357304215
vt 0.773119867 0.188707888
vt 0.747075021 0.357304215
vt 0.747075021 0.188707888
vt 0.171777293 0.430956721
vt 0.231130019 0.402673125
vt 0.231130019 0.430956721
vt 0.231130019 0.402673125
vt 0.171777293 0.430956721
vt 0.171777293 0.402673125
vt 0.261127681 0.402673125
vt 0.319837332 0.227401018
vt 0.319837332 0.402673125
vt 0.319837332 0.227401018
vt 0.261127681 0.402673125
vt 0.261127681 0.227401018
vt 0.231130019 0.227401018
vt 0.231130019 0.402673125
vt 0.171777293 0.227401018
vt 0.171777293 0.402673125
vt 0.171777293 0.227401018
vt 0.231130019 0.402673125
vt 0.261127681 0.402673125
vt 0.231130019 0.227401018
vt 0.261127681 0.227401018
vt 0.231130019 0.227401018
vt 0.261127681 0.402673125
vt 0.231130019 0.402673125
vt 0.319837332 0.402673125
vt 0.349835098 0.227401018
vt 0.349835098 0.402673125
vt 0.319837332 0.402673125
vt 0.319837332 0.227401018
vt 0.349835098 0.227401018
vt 0.444050044 0.206761062
vt 0.394423723 0.233332753
vt 0.394423723 0.206761062
vt 0.394423723 0.233332753
vt 0.444050044 0.206761062
vt 0.444050044 0.233332753
vt 0.394423723 0.206761062
vt 0.394423723 0.0078125
vt 0.444050044 0.206761062
vt 0.444050044 0.0078125
vt 0.444050044 0.206761062
vt 0.394423723 0.0078125
vt 0.524249852 0.0078125
vt 0.475066483 0.206761062
vt 0.475066483 0.0078125
vt 0.475066483 0.206761062
vt 0.524249852 0.0078125
vt 0.524249852 0.206761062
vt 0.394423723 0.206761062
vt 0.363850325 0.0078125
vt 0.394423723 0.0078125
vt 0.363850325 0.0078125
vt 0.394423723 0.206761062
vt 0.363850325 0.206761062
vt 0.444050044 0.206761062
vt 0.475066483 0.0078125
vt 0.475066483 0.206761062
vt 0.444050044 0.206761062
vt 0.444050044 0.0078125
vt 0.475066483 0.0078125
vt 0.363850325 0.586017966
vt 0.4172979 0.612547398
vt 0.4172979 0.586017966
vt 0.4172979 0.612547398
vt 0.363850325 0.586017966
vt 0.363850325 0.612547398
vt 0.445692658 0.612547398
vt 0.445692658 0.787683487
vt 0.497559935 0.612547398
vt 0.497559935 0.787683487
vt 0.497559935 0.612547398
vt 0.445692658 0.787683487
vt 0.4172979 0.787683487
vt 0.363850325 0.612547398
vt 0.363850325 0.787683487
vt 0.363850325 0.612547398
vt 0.4172979 0.787683487
vt 0.4172979 0.612547398
vt 0.445692658 0.612547398
vt 0.4172979 0.787683487
vt 0.445692658 0.787683487
vt 0.4172979 0.787683487
vt 0.445692658 0.612547398
vt 0.4172979 0.612547398
vt 0.497559935 0.612547398
vt 0.525954783 0.787683487
vt 0.525954783 0.612547398
vt 0.497559935 0.612547398
vt 0.497559935 0.787683487
vt 0.525954783 0.787683487
vt 0.125830814 0.367124915
vt 0.161612958 0.329067111
vt 0.161612958 0.367124915
vt 0.161612958 0.329067111
vt 0.125830814 0.367124915
vt 0.125830814 0.329067111
vt 0.125830814 0.0461056828
vt 0.125830814 0.0078125
vt 0.161612958 0.0461056828
vt 0.161612958 0.0461056828
vt 0.125830814 0.0078125
vt 0.161612958 0.0078125
vt 0.0733984113 0.881100118
vt 0.0733984113 0.625380158
vt 0.0913078785 0.879745185
vt 0.0913078785 0.6267941
vt 0.0913078785 0.879745185
vt 0.0733984113 0.625380158
vt 0.0913078785 0.6267941
vt 0.18745321 0.768734157
vt 0.0913078785 0.879745185
vt 0.18745321 0.768734157
vt 0.0913078785 0.6267941
vt 0.18745321 0.739906311
vt 0.0869098529 0.188606501
vt 0.0470472872 0.0461056828
vt 0.0869098529 0.0461056828
vt 0.0470472872 0.0461056828
vt 0.0869098529 0.188606501
vt 0.0470472872 0.188606501
vt 0.0869098529 0.329067111
vt 0.0470472872 0.188606501
vt 0.0869098529 0.188606501
vt 0.0470472872 0.329067111
vt 0.0470472872 0.188606501
vt 0.0869098529 0.329067111
vt 0.125830814 0.0461056828
vt 0.0869098529 0.188606501
vt 0.0869098529 0.0461056828
vt 0.0869098529 0.188606501
vt 0.125830814 0.0461056828
vt 0.125830814 0.188606501
vt 0.125830814 0.329067111
vt 0.0869098529 0.188606501
vt 0.125830814 0.188606501
vt 0.0869098529 0.329067111
vt 0.0869098529 0.188606501
vt 0.125830814 0.329067111
vt 0.0470472872 0.188606501
vt 0.0078125 0.0461056828
vt 0.0470472872 0.0461056828
vt 0.0078125 0.0461056828
vt 0.0470472872 0.188606501
vt 0.0078125 0.188606501
vt 0.0470472872 0.188606501
vt 0.0078125 0.329067111
vt 0.0078125 0.188606501
vt 0.0078125 0.329067111
vt 0.0470472872 0.188606501
vt 0.0470472872 0.329067111
vt 0.161612958 0.0461056828
vt 0.125830814 0.188606501
vt 0.125830814 0.0461056828
vt 0.125830814 0.188606501
vt 0.161612958 0.0461056828
vt 0.161612958 0.188606501
vt 0.161612958 0.329067111
vt 0.125830814 0.188606501
vt 0.161612958 0.188606501
vt 0.125830814 0.329067111
vt 0.125830814 0.188606501
vt 0.161612958 0.329067111
vt 0.911648393 0.789788425
vt 0.817229211 0.649663985
vt 0.911648393 0.76143384
vt 0.817229211 0.649663985
vt 0.911648393 0.789788425
vt 0.817229211 0.899250209
vt 0.799528182 0.899909616
vt 0.817229211 0.649663985
vt 0.817229211 0.899250209
vt 0.817229211 0.649663985
vt 0.799528182 0.899909616
vt 0.799528182 0.649004638
vt 0.758637309 0.621972144
vt 0.77608043 0.603793204
vt 0.791212201 0.605658472
vt 0.758637309 0.621972144
vt 0.791212201 0.605658472
vt 0.791212201 0.781379044
vt 0.758637309 0.621972144
vt 0.791212201 0.781379044
vt 0.728373945 0.781379044
vt 0.758637309 0.621972144
vt 0.728373945 0.781379044
vt 0.728373945 0.611253917
vt 0.758637309 0.621972144
vt 0.728373945 0.611253917
vt 0.742664993 0.602689922
vt 0.676254094 0.634266496
vt 0.674152493 0.611253917
vt 0.699371934 0.611253917
vt 0.676254094 0.634266496
vt 0.699371934 0.611253917
vt 0.70273453 0.781379044
vt 0.676254094 0.634266496
vt 0.70273453 0.781379044
vt 0.647252083 0.781379044
vt 0.676254094 0.634266496
vt 0.647252083 0.781379044
vt 0.648933411 0.611253917
vt 0.676254094 0.634266496
vt 0.648933411 0.611253917
vt 0.66532594 0.611253917
vt 0.947718263 0.649006009
vt 0.961135507 0.846688509
vt 0.947718263 0.846688509
vt 0.961135507 0.649006009
vt 0.961135507 0.846688509
vt 0.947718263 0.649006009
vt 0.921330631 0.649006009
vt 0.934747934 0.846688509
vt 0.921330631 0.846688509
vt 0.934747934 0.649006009
vt 0.934747934 0.846688509
vt 0.921330631 0.649006009
vt 0.934747934 0.846688509
vt 0.947718263 0.649006009
vt 0.947718263 0.846688509
vt 0.947718263 0.649006009
vt 0.934747934 0.846688509
vt 0.934747934 0.649006009
vt 0.902274072 0.0078125
vt 0.915908933 0.215625107
vt 0.902274072 0.215625107
vt 0.915908933 0.0078125
vt 0.902274072 0.215625107
vt 0.888169169 0.0078125
vt 0.902274072 0.0078125
vt 0.888169169 0.215625107
vt 0.860429406 0.0078125
vt 0.874534488 0.215625107
vt 0.860429406 0.215625107
vt 0.874534488 0.0078125
vt 0.942484915 0.353298128
vt 0.942484915 0.212571979
vt 0.958954215 0.353298128
vt 0.958954215 0.212571979
vt 0.107565224 0.023273766
vt 0.0921372473 0.023273766
vt 0.0921372473 0.0078125
vt 0.107565224 0.0078125
vt 0.958954215 0.353298128
vt 0.975717902 0.212571979
vt 0.975717902 0.353298128
vt 0.975717902 0.212571979
vt 0.958954215 0.353298128
vt 0.958954215 0.212571979
vt 0.965358675 0.0078125
vt 0.978178144 0.203202546
vt 0.965358675 0.203202546
vt 0.978178144 0.203202546
vt 0.965358675 0.0078125
vt 0.978178144 0.0078125
vt 0.952096999 0.0078125
vt 0.965358675 0.203202546
vt 0.952096999 0.203202546
vt 0.965358675 0.0078125
vt 0.965358675 0.203202546
vt 0.952096999 0.0078125
vt 0.926015317 0.0078125
vt 0.939277232 0.203202546
vt 0.926015317 0.203202546
vt 0.939277232 0.0078125
vt 0.611351967 0.823081732
vt 0.752083838 0.806611419
vt 0.752083838 0.823081732
vt 0.611351967 0.806611419
vt 0.752083838 0.806611419
vt 0.611351967 0.823081732
vt 0.0513499938 0.0078125
vt 0.0359207503 0.0232750773
vt 0.0359207503 0.0078125
vt 0.0513499938 0.0232750773
vt 0.611351967 0.823081732
vt 0.752083838 0.823081732
vt 0.611351967 0.839551806
vt 0.752083838 0.839551747
vt 0.0493508577 0.859260619
vt 0.0353491306 0.652968526
vt 0.0493508577 0.652968526
vt 0.0353491306 0.859260619
vt 0.0078125 0.652968526
vt 0.0218141079 0.859260619
vt 0.0078125 0.859260619
vt 0.0218141079 0.652968526
vt 0.0353491306 0.652968526
vt 0.0353491306 0.859260619
vt 0.0218141079 0.652968526
vt 0.0218141079 0.859260619
vt 0.0218141079 0.652968526
vt 0.0353491306 0.859260619
vt 0.0643281341 0.380711198
vt 0.0688663125 0.394498587
vt 0.0643281341 0.394498587
vt 0.0688663125 0.394498587
vt 0.0643281341 0.380711198
vt 0.0688663125 0.380711198
vt 0.0643281341 0.394498587
vt 0.0688663125 0.423016787
vt 0.0643281341 0.423016787
vt 0.0688663125 0.423016787
vt 0.0643281341 0.394498587
vt 0.0688663125 0.394498587
vt 0.0643281341 0.366948485
vt 0.0688663125 0.380711198
vt 0.0643281341 0.380711198
vt 0.0688663125 0.380711198
vt 0.0643281341 0.366948485
vt 0.0688663125 0.366948485
vt 0.626959026 0.194859385
vt 0.621516049 0.188707888
vt 0.626959026 0.188707888
vt 0.621516049 0.188707888
vt 0.626959026 0.194859385
vt 0.621509254 0.194859385
vt 0.054659605 0.366948485
vt 0.0591977239 0.338436604
vt 0.0591977239 0.366948485
vt 0.054659605 0.366948485
vt 0.054659605 0.338436604
vt 0.0591977239 0.338436604
vt 0.0591977239 0.366948485
vt 0.054659605 0.380711198
vt 0.054659605 0.366948485
vt 0.054659605 0.380711198
vt 0.0591977239 0.366948485
vt 0.0591977239 0.380711198
vt 0.0591977239 0.380711198
vt 0.054659605 0.394498587
vt 0.054659605 0.380711198
vt 0.054659605 0.394498587
vt 0.0591977239 0.380711198
vt 0.0591977239 0.394498587
vt 0.0643281341 0.338436604
vt 0.0688663125 0.366948485
vt 0.0643281341 0.366948485
vt 0.0688663125 0.366948485
vt 0.0643281341 0.338436604
vt 0.0688663125 0.338436604
vt 0.0591977239 0.423016787
vt 0.054659605 0.394498587
vt 0.0591977239 0.394498587
vt 0.054659605 0.394498587
vt 0.0591977239 0.423016787
vt 0.054659605 0.423016787
vt 0.893222332 0.313740611
vt 0.893222332 0.281799793
vt 0.89982456 0.313740611
vt 0.89982456 0.281799793
vt 0.89982456 0.313740611
vt 0.893222332 0.281799793
vt 0.786244452 0.176633835
vt 0.78079623 0.170476437
vt 0.786244452 0.170476437
vt 0.78079623 0.170476437
vt 0.786244452 0.176633835
vt 0.780789375 0.176633835
vt 0.906069934 0.281799793
vt 0.906069934 0.313740611
vt 0.89982456 0.281799793
vt 0.89982456 0.313740611
vt 0.0794568285 0.0232739449
vt 0.0640290007 0.0232739449
vt 0.0640290007 0.0078125
vt 0.0794568285 0.0078125
vt 0.0794568285 0.0232739449
vt 0.0640290007 0.0078125
vt 0.842450857 0.915170729
vt 0.983177185 0.931639969
vt 0.842450857 0.931639969
vt 0.983177185 0.91517061
vt 0.983177185 0.948403895
vt 0.842450857 0.931639969
vt 0.983177185 0.931639969
vt 0.842450857 0.931639969
vt 0.983177185 0.948403895
vt 0.842450857 0.948403895
vt 0.537184536 0.774693668
vt 0.537184536 0.633960009
vt 0.553655148 0.633960009
vt 0.553655148 0.633960009
vt 0.553655148 0.774693668
vt 0.537184536 0.774693668
vt 0.0232420284 0.0232754946
vt 0.0078125 0.0232754946
vt 0.0078125 0.0078125
vt 0.0232420284 0.0078125
vt 0.0232420284 0.0232754946
vt 0.0078125 0.0078125
vt 0.603360116 0.633960009
vt 0.586889803 0.774693668
vt 0.586889803 0.633960009
vt 0.603360116 0.774693668
vt 0.983177185 0.964873314
vt 0.842450857 0.964873254
vt 0.983177185 0.948403895
vt 0.842450857 0.948403895
vt 0.983177185 0.964873314
vt 0.842450857 0.981342971
vt 0.842450857 0.964873254
vt 0.983177185 0.981342912
vt 0.842450857 0.981342971
vt 0.983177185 0.964873314
vt 0.570125163 0.633960009
vt 0.586889803 0.774693668
vt 0.570125163 0.774693668
vt 0.586889803 0.633960009
vt 0.553655148 0.774693668
vt 0.553655148 0.633960009
vt 0.570125163 0.774693668
vt 0.570125163 0.633960009
vt 0.724726081 0.0638780594
vt 0.720187604 0.0500898957
vt 0.724726081 0.0500898957
vt 0.720187604 0.0500898957
vt 0.724726081 0.0638780594
vt 0.720187604 0.0638780594
vt 0.720187604 0.0923980474
vt 0.724726081 0.0638780594
vt 0.724726081 0.0923980474
vt 0.720187604 0.0923980474
vt 0.720187604 0.0638780594
vt 0.724726081 0.0638780594
vt 0.724726081 0.0500898957
vt 0.720187604 0.0363262892
vt 0.724726081 0.0363262892
vt 0.720187604 0.0363262892
vt 0.724726081 0.0500898957
vt 0.720187604 0.0500898957
vt 0.602777302 0.188707888
vt 0.608220339 0.194859266
vt 0.602770448 0.194859266
vt 0.608220339 0.194859266
vt 0.602777302 0.188707888
vt 0.608220339 0.188707888
vt 0.715057135 0.0078125
vt 0.710518718 0.0363262892
vt 0.710518718 0.0078125
vt 0.715057135 0.0078125
vt 0.715057135 0.0363262892
vt 0.710518718 0.0363262892
vt 0.715057135 0.0363262892
vt 0.710518718 0.0500898957
vt 0.710518718 0.0363262892
vt 0.710518718 0.0500898957
vt 0.715057135 0.0363262892
vt 0.715057135 0.0500898957
vt 0.715057135 0.0500898957
vt 0.710518718 0.0638780594
vt 0.710518718 0.0500898957
vt 0.710518718 0.0638780594
vt 0.715057135 0.0500898957
vt 0.715057135 0.0638780594
vt 0.720187604 0.0363262892
vt 0.720187604 0.0078125
vt 0.724726081 0.0363262892
vt 0.724726081 0.0078125
vt 0.724726081 0.0363262892
vt 0.720187604 0.0078125
vt 0.715057135 0.0638780594
vt 0.715057135 0.0923980474
vt 0.710518718 0.0638780594
vt 0.710518718 0.0923980474
vt 0.715057135 0.0923980474
vt 0.757365823 0.144114494
vt 0.763968289 0.176054955
vt 0.757365823 0.176054955
vt 0.763968289 0.176054955
vt 0.757365823 0.144114494
vt 0.763968289 0.144114494
vt 0.809668005 0.170476377
vt 0.804212928 0.176633775
vt 0.804219723 0.170476377
vt 0.809668005 0.170476377
vt 0.809668005 0.176633775
vt 0.804212928 0.176633775
vt 0.770213544 0.176054955
vt 0.763968289 0.144114494
vt 0.770213544 0.144114494
vt 0.763968289 0.144114494
vt 0.770213544 0.176054955
vt 0.763968289 0.176054955
vt 0.874534488 0.215625107
vt 0.874534488 0.0078125
vt 0.888169169 0.215625107
vt 0.888169169 0.0078125
vt 0.974105835 0.846688509
vt 0.961135507 0.649006009
vt 0.974105835 0.649006009
vt 0.961135507 0.846688509
vt 0.9921875 0.212571979
vt 0.975717902 0.353298128
vt 0.975717902 0.212571979
vt 0.975717902 0.353298128
vt 0.9921875 0.212571979
vt 0.9921875 0.353298128
vt 0.926015317 0.353298128
vt 0.926015317 0.212571979
vt 0.942484915 0.353298128
vt 0.942484915 0.353298128
vt 0.926015317 0.212571979
vt 0.942484915 0.212571979
vt 0.952096999 0.0078125
vt 0.939277232 0.203202546
vt 0.939277232 0.0078125
vt 0.939277232 0.203202546
vt 0.952096999 0.0078125
vt 0.952096999 0.203202546
vt 0.752083838 0.856316209
vt 0.611351967 0.839551806
vt 0.752083838 0.839551747
vt 0.611351967 0.839551806
vt 0.752083838 0.856316209
vt 0.611351967 0.856316209
vt 0.752083838 0.872786522
vt 0.611351967 0.856316209
vt 0.752083838 0.856316209
vt 0.611351967 0.872786462
vt 0.0628858805 0.859260619
vt 0.0493508577 0.652968526
vt 0.0628858805 0.652968526
vt 0.0493508577 0.652968526
vt 0.0628858805 0.859260619
vt 0.0493508577 0.859260619
vt 0.720187604 0.0638780594
vt 0.720187604 0.0923980474
vt 0.715057135 0.0923980474
vt 0.715057135 0.0923980474
vt 0.715057135 0.0638780594
vt 0.720187604 0.0638780594
vt 0.715057135 0.0500898957
vt 0.720187604 0.0638780594
vt 0.715057135 0.0638780594
vt 0.720187604 0.0500898957
vt 0.720187604 0.0363262892
vt 0.715057135 0.0500898957
vt 0.715057135 0.0363262892
vt 0.720187604 0.0363262892
vt 0.715057135 0.0078125
vt 0.720187604 0.0363262892
vt 0.715057135 0.0363262892
vt 0.715057135 0.0078125
vt 0.720187604 0.0078125
vt 0.0591977239 0.423016787
vt 0.0643281341 0.394498587
vt 0.0643281341 0.423016787
vt 0.0591977239 0.423016787
vt 0.0591977239 0.394498587
vt 0.0643281341 0.394498587
vt 0.0591977239 0.380711198
vt 0.0643281341 0.394498587
vt 0.0591977239 0.394498587
vt 0.0643281341 0.394498587
vt 0.0591977239 0.380711198
vt 0.0643281341 0.380711198
vt 0.0591977239 0.380711198
vt 0.0643281341 0.366948485
vt 0.0643281341 0.380711198
vt 0.0591977239 0.380711198
vt 0.0591977239 0.366948485
vt 0.0643281341 0.366948485
vt 0.0591977239 0.338436604
vt 0.0643281341 0.366948485
vt 0.0591977239 0.366948485
vt 0.0643281341 0.366948485
vt 0.0591977239 0.338436604
vt 0.0643281341 0.338436604
vt 0.940049291 0.611864984
vt 0.926015317 0.491951108
vt 0.940049291 0.491951108
vt 0.926015317 0.611864984
vt 0.926015317 0.491951108
vt 0.940049291 0.611864984
vt 0.793371856 0.148497164
vt 0.780789375 0.161107063
vt 0.780789375 0.148497164
vt 0.793371856 0.148497164
vt 0.793371856 0.161107063
vt 0.780789375 0.161107063
vt 0.940049291 0.611864984
vt 0.940049291 0.491951108
vt 0.954083025 0.611864984
vt 0.954083025 0.491951108
vt 0.954083025 0.611864984
vt 0.940049291 0.491951108
vt 0.968367696 0.491951108
vt 0.954083025 0.611864984
vt 0.954083025 0.491951108
vt 0.954083025 0.611864984
vt 0.968367696 0.491951108
vt 0.968367696 0.611864984
vt 0.982401371 0.491951108
vt 0.968367696 0.611864984
vt 0.968367696 0.491951108
vt 0.968367696 0.611864984
vt 0.982401371 0.491951108
vt 0.982401371 0.611864984
vt 0.295969874 0.446674347
vt 0.350941151 0.41942811
vt 0.350941151 0.446674347
vt 0.350941151 0.41942811
vt 0.295969874 0.446674347
vt 0.295969874 0.41942811
vt 0.266913742 0.446674347
vt 0.21488753 0.620201588
vt 0.21488753 0.446674347
vt 0.21488753 0.620201588
vt 0.266913742 0.446674347
vt 0.266913742 0.620201588
vt 0.295969874 0.446674347
vt 0.350941151 0.620201588
vt 0.295969874 0.620201588
vt 0.350941151 0.620201588
vt 0.295969874 0.446674347
vt 0.350941151 0.446674347
vt 0.266913742 0.446674347
vt 0.295969874 0.620201588
vt 0.266913742 0.620201588
vt 0.295969874 0.620201588
vt 0.266913742 0.446674347
vt 0.295969874 0.446674347
vt 0.21488753 0.446674347
vt 0.21488753 0.620201588
vt 0.185831398 0.620201588
vt 0.185831398 0.620201588
vt 0.185831398 0.446674347
vt 0.21488753 0.446674347
vt 0.0634680092 0.616013646
vt 0.0078125 0.643599093
vt 0.0078125 0.616013646
vt 0.0078125 0.643599093
vt 0.0634680092 0.616013646
vt 0.0634680092 0.643599093
vt 0.0928858519 0.616013646
vt 0.145559728 0.440326095
vt 0.145559728 0.616013646
vt 0.145559728 0.440326095
vt 0.0928858519 0.616013646
vt 0.0928858519 0.440326095
vt 0.0634680092 0.616013646
vt 0.0078125 0.440326095
vt 0.0634680092 0.440326095
vt 0.0078125 0.440326095
vt 0.0634680092 0.616013646
vt 0.0078125 0.616013646
vt 0.0928858519 0.616013646
vt 0.0634680092 0.440326095
vt 0.0928858519 0.440326095
vt 0.0634680092 0.440326095
vt 0.0928858519 0.616013646
vt 0.0634680092 0.616013646
vt 0.145559728 0.616013646
vt 0.145559728 0.440326095
vt 0.17497769 0.440326095
vt 0.17497769 0.440326095
vt 0.17497769 0.616013646
vt 0.145559728 0.616013646
vt 0.850732982 0.0078125
vt 0.841277301 0.0296360254
vt 0.841277301 0.0078125
vt 0.313579917 0.923924923
vt 0.418203413 0.855908215
vt 0.418204129 0.92392391
vt 0.313578963 0.810577631
vt 0.470643193 0.56423825
vt 0.430278629 0.442707062
vt 0.470643193 0.442707062
vt 0.363850325 0.242702186
vt 0.408197522 0.376224339
vt 0.363850325 0.376224339
vt 0.430278629 0.442707062
vt 0.470643193 0.376224399
vt 0.470643193 0.442707062
vt 0.408197522 0.376224339
vt 0.363850325 0.56423825
vt 0.430278629 0.442707062
vt 0.470643193 0.56423825
vt 0.363850325 0.442707062
vt 0.363850325 0.442707062
vt 0.408197522 0.376224339
vt 0.430278629 0.442707062
vt 0.363850325 0.376224339
vt 0.408197522 0.376224339
vt 0.470643193 0.242702186
vt 0.470643193 0.376224399
vt 0.363850325 0.242702186
vt 0.84127748 0.0949137211
vt 0.841277301 0.0296360254
vt 0.850732982 0.0949137211
vt 0.850732982 0.0078125
vt 0.84127748 0.171802402
vt 0.84127748 0.0949137211
vt 0.850732982 0.171802402
vt 0.850732982 0.0949137211
vt 0.418203413 0.810577691
vt 0.418203413 0.855908215
vt 0.313578963 0.810577631
vt 0.841277301 0.0296360254
vt 0.738627017 0.0078125
vt 0.841277301 0.0078125
vt 0.812994123 0.0949137211
vt 0.738627017 0.0949137211
vt 0.850732982 0.171802402
vt 0.850732982 0.266553342
vt 0.84127754 0.266553342
vt 0.84127748 0.171802402
vt 0.841277301 0.0296360254
vt 0.84127748 0.0949137211
vt 0.812994123 0.0949137211
vt 0.480968028 0.410636663
vt 0.653708994 0.216130495
vt 0.653708994 0.410636663
vt 0.480968028 0.216130495
vt 0.653708994 0.216130495
vt 0.480968028 0.410636663
vt 0.912613392 0.366673648
vt 0.799528182 0.639636576
vt 0.799528182 0.366673648
vt 0.799528182 0.639636576
vt 0.912613392 0.366673648
vt 0.912613392 0.639636576
vt 0.69641459 0.906051874
vt 0.69124341 0.92797941
vt 0.691818655 0.905829489
vt 0.693316042 0.928079784
vt 0.68545562 0.906051874
vt 0.69124341 0.92797941
vt 0.688374102 0.928079784
vt 0.691818655 0.905829489
vt 0.67097497 0.928088248
vt 0.669925392 0.905829489
vt 0.674667656 0.906600773
vt 0.673113406 0.92843622
vt 0.67097497 0.928088248
vt 0.663606584 0.906600654
vt 0.669925392 0.905829489
vt 0.668125331 0.92843622
vt 0.68545562 0.907596946
vt 0.679016709 0.9276402
vt 0.681034327 0.905829489
vt 0.681010365 0.928437173
vt 0.679016709 0.9276402
vt 0.674667656 0.905829489
vt 0.681034327 0.905829489
vt 0.676145554 0.92764014
vt 0.696668267 0.928079784
vt 0.692083478 0.949742198
vt 0.6917997 0.928208709
vt 0.689887881 0.949800372
vt 0.6917997 0.928208709
vt 0.689887881 0.949800372
vt 0.68545562 0.928079784
vt 0.687027037 0.949742138
vt 0.750677407 0.943591714
vt 0.742408693 0.943501532
vt 0.736561656 0.937525332
vt 0.756524265 0.937743068
vt 0.736561656 0.929164052
vt 0.742408276 0.923315346
vt 0.756523788 0.929381669
vt 0.750677407 0.943591714
vt 0.736561656 0.937525332
vt 0.736561656 0.929164052
vt 0.756524265 0.937743068
vt 0.756523788 0.929381669
vt 0.742408276 0.923315346
vt 0.75067687 0.923405707
vt 0.705075979 0.924598217
vt 0.701811194 0.905829489
vt 0.707080305 0.906053722
vt 0.707080305 0.924683511
vt 0.703023136 0.9251917
vt 0.69641459 0.90738982
vt 0.701811194 0.905829489
vt 0.705075979 0.924598217
vt 0.709230661 0.946943462
vt 0.712826729 0.928658187
vt 0.716851234 0.93139106
vt 0.710761666 0.947983146
vt 0.707023025 0.928079784
vt 0.709230661 0.946943462
vt 0.707023025 0.946723461
vt 0.712826729 0.928658187
vt 0.707023025 0.928290844
vt 0.700296938 0.947224319
vt 0.702471972 0.928079784
vt 0.702028155 0.947304606
vt 0.702471972 0.928079784
vt 0.700296938 0.947224319
vt 0.696668267 0.928079784
vt 0.698089063 0.947224259
vt 0.717659771 0.947983146
vt 0.710270941 0.964815378
vt 0.712686718 0.948822498
vt 0.712163031 0.964495957
vt 0.710270941 0.964815378
vt 0.707023025 0.947983146
vt 0.712686718 0.948822498
vt 0.708116472 0.964495957
vt 0.753602564 0.956526577
vt 0.748611331 0.962094784
vt 0.741552591 0.962305605
vt 0.753602922 0.948862135
vt 0.736561656 0.957035124
vt 0.736561656 0.949370682
vt 0.748611629 0.943591714
vt 0.736561656 0.957035124
vt 0.753602922 0.948862135
vt 0.753602564 0.956526577
vt 0.741552591 0.962305605
vt 0.748611629 0.943591714
vt 0.736561656 0.949370682
vt 0.741553128 0.943802297
vt 0.689734519 0.949800372
vt 0.687245667 0.967872441
vt 0.68545562 0.950500131
vt 0.68545562 0.9681651
vt 0.717083156 0.906286538
vt 0.714031339 0.924781919
vt 0.711744905 0.905829489
vt 0.71179831 0.924590826
vt 0.711744905 0.905829489
vt 0.709847093 0.924781919
vt 0.707080305 0.906286061
vt 0.71179831 0.924590826
vt 0.723198295 0.94552356
vt 0.726690173 0.928079784
vt 0.725464165 0.945339441
vt 0.721273422 0.928519964
vt 0.721273422 0.928519964
vt 0.721348524 0.945339322
vt 0.716851234 0.928079784
vt 0.723198295 0.94552356
vt 0.698357046 0.965915442
vt 0.706073225 0.948443592
vt 0.700602531 0.966391861
vt 0.700705469 0.947304606
vt 0.698357046 0.965915442
vt 0.696668267 0.947346747
vt 0.700705469 0.947304606
vt 0.696668267 0.965933025
vt 0.695071578 0.951062381
vt 0.687245667 0.967872441
vt 0.689734519 0.949800372
vt 0.689478338 0.968400419
vt 0.771429718 0.906161427
vt 0.771429062 0.915475965
vt 0.76546216 0.92217952
vt 0.765463173 0.899692059
vt 0.757024646 0.922344804
vt 0.751058757 0.915875196
vt 0.75702554 0.89985764
vt 0.771429718 0.906161427
vt 0.76546216 0.92217952
vt 0.757024646 0.922344804
vt 0.765463173 0.899692059
vt 0.75702554 0.89985764
vt 0.751058757 0.915875196
vt 0.751058757 0.906560898
vt 0.640619934 0.906482458
vt 0.602996647 0.881839216
vt 0.541805744 0.965586245
vt 0.640619934 0.906482458
vt 0.541805744 0.965586245
vt 0.589402795 0.973686874
vt 0.64142251 0.970066786
vt 0.640619934 0.906482458
vt 0.589402795 0.973686874
vt 0.64142251 0.970066786
vt 0.589402795 0.973686874
vt 0.619643986 0.995296538
vn 0 2.28022643e-07 1
vn 0 2.28022643e-07 1
vn 0 2.28022643e-07 1
vn 0 2.28022643e-07 1
vn 2.98580431e-11 2.27026916e-07 1
vn 2.98580431e-11 2.27026916e-07 1
vn 2.98580431e-11 2.27026916e-07 1
vn 2.98580431e-11 2.27026916e-07 1
vn -2.6717531e-11 2.26529053e-07 1
vn -2.6717531e-11 2.26529053e-07 1
vn -2.6717531e-11 2.26529053e-07 1
vn -2.6717531e-11 2.26529053e-07 1
vn 0 2.2603119e-07 0.99999994
vn 0 2.2603119e-07 0.99999994
vn 0 2.2603119e-07 0.99999994
vn 0 2.2603119e-07 0.99999994
vn 0 2.28022643e-07 1
vn 0 2.28022643e-07 1
vn 2.99342807e-11 2.28022671e-07 0.99999994
vn 2.99342807e-11 2.28022671e-07 0.99999994
vn 2.99342807e-11 2.28022671e-07 0.99999994
vn 2.99342807e-11 2.28022671e-07 0.99999994
vn 0 2.28022742e-07 1
vn 0 2.28022742e-07 1
vn 0 2.28022742e-07 1
vn 0 2.28022742e-07 1
vn 2.67172621e-11 2.26031176e-07 1
vn 2.67172621e-11 2.26031176e-07 1
vn 2.67172621e-11 2.26031176e-07 1
vn 2.67172621e-11 2.26031176e-07 1
vn 2.67175344e-11 2.26031204e-07 1
vn 2.67175344e-11 2.26031204e-07 1
vn 2.67175344e-11 2.26031204e-07 1
vn 2.67175344e-11 2.26031204e-07 1
vn -2.98579043e-11 2.26529082e-07 1
vn -2.98579043e-11 2.26529082e-07 1
vn -2.98579043e-11 2.26529082e-07 1
vn -2.98579043e-11 2.26529082e-07 1
vn 2.67175344e-11 2.26031204e-07 1
vn 2.67175344e-11 2.26031204e-07 1
vn 2.67175344e-11 2.26031204e-07 1
vn 2.67175344e-11 2.26031204e-07 1
vn 0 2.26529068e-07 0.99999994
vn 0 2.26529068e-07 0.99999994
vn 0 2.26529068e-07 0.99999994
vn 0 2.26529068e-07 0.99999994
vn -2.98326329e-11 2.27026959e-07 1
vn -2.98326329e-11 2.27026959e-07 1
vn -2.98326329e-11 2.27026959e-07 1
vn -2.98326329e-11 2.27026959e-07 1
vn 0 2.27026931e-07 1
vn 0 2.27026931e-07 1
vn 0 2.27026931e-07 1
vn 0 2.27026931e-07 1
vn 2.98580501e-11 2.27026931e-07 1
vn 2.98580501e-11 2.27026931e-07 1
vn 2.98580501e-11 2.27026931e-07 1
vn 2.98580501e-11 2.27026931e-07 1
vn 0 2.26529053e-07 0.99999994
vn 0 2.26529053e-07 0.99999994
vn 0 2.26529053e-07 0.99999994
vn 0 2.26529053e-07 0.99999994
vn -0.81758523 -0.0471364558 -0.57387495
vn -0.817585707 -0.047136575 -0.573874235
vn -0.81758517 -0.0471364558 -0.57387507
vn -0.817583621 -0.0471366532 -0.573877335
vn -0.81758666 -0.0471373573 -0.573872983
vn -0.817585468 -0.0471370928 -0.573874712
vn -0.536296606 -0.0157684498 0.843882322
vn -0.536296546 -0.0157734267 0.843882263
vn -0.536296606 -0.0157684293 0.843882322
vn -0.536297441 -0.0157660842 0.843881905
vn -0.536298931 -0.0157741532 0.843880773
vn -0.536299348 -0.0157766435 0.843880475
vn 0.527281225 0.0156910997 -0.849545956
vn 0.527282238 0.0156987887 -0.849545181
vn 0.52728194 0.015696656 -0.849545419
vn 0.527231812 0.0157136414 -0.849576294
vn 0.527272344 0.0157245286 -0.849550962
vn 0.527272224 0.015733391 -0.849550843
vn -0.0393800065 -0.999100208 -0.015746953
vn -0.039375633 -0.999100745 -0.0157253388
vn -0.0393753238 -0.999100745 -0.0157237947
vn -0.0393432975 -0.999101877 -0.015734192
vn -0.0393705107 -0.999100208 -0.0157751292
vn -0.0393312275 -0.999102175 -0.0157469641
vn 0.102540523 0.993947029 0.0394308716
vn 0.102543041 0.993946791 0.0394292474
vn 0.102544844 0.993946671 0.0394281
vn 0.102513932 0.993949354 0.0394397117
vn 0.102513902 0.993949413 0.0394400731
vn 0.102513924 0.993949175 0.0394445807
vn -4.59084845e-07 -1 3.63506757e-07
vn -4.59084845e-07 -1 3.63506757e-07
vn -4.59084845e-07 -1 3.63506757e-07
vn -2.29542522e-07 -1 2.07718145e-07
vn -2.29542522e-07 -1 2.07718145e-07
vn -2.29542522e-07 -1 2.07718145e-07
vn -5.20812875e-07 0 1
vn -5.20812875e-07 0 1
vn -5.20812875e-07 0 1
vn 0 0 1
vn 0 0 1
vn 0 0 1
vn 1 0 0
vn 1 0 0
vn 1 0 0
vn 1 0 0
vn 4.5908493e-07 1 -2.59647692e-07
vn 4.5908493e-07 1 -2.59647692e-07
vn 4.5908493e-07 1 -2.59647692e-07
vn 2.29542522e-07 1 -2.07718145e-07
vn 2.29542522e-07 1 -2.07718145e-07
vn 2.29542522e-07 1 -2.07718145e-07
vn -1 0 0
vn -1 0 0
vn -1 0 0
vn -1 0 0
vn -2.91077129e-07 -0.99999994 6.13348277e-07
vn -2.91077129e-07 -0.99999994 6.13348277e-07
vn -2.91077129e-07 -0.99999994 6.13348277e-07
vn 0 -1 0
vn 0 -1 0
vn 0 -1 0
vn 0 -0.99999994 -1.5041403e-06
vn 0 -0.99999994 -1.5041403e-06
vn 0 -0.99999994 -1.5041403e-06
vn 0 -1 0
vn 0 -1 0
vn 0 1 -2.69538099e-08
vn 0 1 -2.69538099e-08
vn 0 1 -2.69538099e-08
vn 0 1 -6.14817452e-07
vn 0 1 -6.14817452e-07
vn 0 1 -6.14817452e-07
vn 0 1 5.63581409e-07
vn 0 1 5.63581409e-07
vn 0 1 5.63581409e-07
vn 0 1 0
vn 0 1 0
vn 0 1 0
vn -0.919548452 -6.73346221e-06 -0.39297682
vn -0.919550359 -1.25989318e-05 -0.392972231
vn -0.919548094 -5.73405123e-06 -0.392977536
vn -0.919549942 -1.14031136e-05 -0.392973095
vn -0.919549108 -8.8494271e-06 -0.392975062
vn -0.919547558 -4.13224916e-06 -0.392978698
vn -0.541947246 5.61587512e-06 0.840412498
vn -0.541947424 4.59840521e-06 0.840412378
vn -0.541947126 6.74556941e-06 0.840412617
vn -0.541964412 4.39025462e-06 0.840401471
vn -0.541964412 -2.84786802e-06 0.84040153
vn -0.541964352 -3.56916212e-06 0.840401471
vn 0.521511614 -1.36550516e-05 -0.853244185
vn 0.521470726 -6.78132494e-07 -0.853269219
vn 0.521470785 -3.93996015e-06 -0.853269219
vn 0.52145493 -1.28839165e-05 -0.853278816
vn 0.521496534 -1.27165113e-05 -0.853253365
vn 0.521456242 -4.43588942e-06 -0.853278041
vn -2.19792128e-06 -0.999969006 -0.00786610879
vn -5.02076e-05 -0.999969006 -0.00787177775
vn -2.28639692e-06 -0.999969006 -0.00787300989
vn -4.18351265e-05 -0.999968946 -0.00787857827
vn 4.77395952e-06 -0.999969006 -0.00786717329
vn 5.97024336e-06 -0.999969006 -0.00787126366
vn 4.80785966e-05 0.999968886 0.007883396
vn 0.000144526362 0.999968946 0.00788225047
vn 9.88487154e-05 0.999969184 0.00785751641
vn 2.2909604e-05 0.999969065 0.00787061453
vn 1.94534659e-05 0.999969006 0.00787997618
vn 2.02856027e-05 0.999969006 0.00787770003
vn -0.908289969 3.98717821e-05 -0.418341249
vn -0.908289552 4.85694036e-05 -0.418342084
vn -0.908290744 2.27100682e-05 -0.41833955
vn -0.90828985 3.95774841e-05 -0.418341517
vn -0.908289909 3.80016863e-05 -0.418341309
vn -0.908290446 2.83381087e-05 -0.418340325
vn -0.536385179 1.06999651e-05 0.843973339
vn -0.53634882 -1.38149917e-05 0.843996465
vn -0.536379457 1.76252797e-05 0.843976974
vn -0.536364913 -7.70646147e-06 0.843986213
vn -0.536364913 2.31724539e-06 0.843986154
vn -0.536364913 3.63972504e-07 0.843986154
vn 0.51795733 4.89316881e-06 -0.855406344
vn 0.517957389 -3.26591544e-06 -0.855406344
vn 0.51795733 1.89706032e-06 -0.855406344
vn 0.517956436 6.0191378e-06 -0.855407
vn 0.51795423 -1.66911632e-05 -0.85540837
vn 0.517955065 -7.81408744e-06 -0.855407834
vn 0.0078973677 -0.999937892 -0.00786228478
vn 0.00789703801 -0.999937952 -0.00785607006
vn 0.00789796747 -0.999937832 -0.00787284784
vn 0.00804633275 -0.999934018 -0.0081936419
vn 0.00789951161 -0.999937892 -0.0078524407
vn 0.00790251326 -0.999937892 -0.00785947591
vn -6.11785799e-06 0.999968946 0.00787046738
vn -6.17280602e-06 0.999968946 0.00787100941
vn -6.30551949e-06 0.999968946 0.00787249207
vn -1.92872249e-05 0.999968886 0.00786977168
vn -1.70730054e-05 0.999968886 0.00786458515
vn -0.000130005181 0.9999668 0.00812593289
vn 0.818495989 0 -0.574512243
vn 0.818551064 2.52872705e-05 -0.574433684
vn 0.818550885 4.77181584e-06 -0.574434042
vn 0.81860286 8.23773444e-05 -0.574360013
vn 0.81859827 0.000162944198 -0.574366629
vn 0.820064545 -0.00272680819 -0.572264731
vn -0.0392748639 0.999104977 0.0157184042
vn -0.0392787829 0.999104977 0.0157072991
vn -0.0393227451 0.99910289 0.015726598
vn -0.0392773449 0.999104679 0.015714813
vn -0.0392789394 0.999104679 0.0157106891
vn -0.0393223949 0.999102592 0.0157311223
vn 0.0550100692 -0.99820745 -0.0235759635
vn 0.0550101809 -0.99820745 -0.0235757343
vn 0.0550097972 -0.99820745 -0.0235765278
vn 0.0549946725 -0.998208106 -0.0235818811
vn 0.0549998246 -0.998208165 -0.0235703178
vn 0.055000402 -0.998208106 -0.0235689413
vn 0.818639457 1.80751085e-05 -0.574307799
vn 0.818636835 7.24717975e-05 -0.574311614
vn 0.818638802 3.294833e-05 -0.574308753
vn 0.818637311 7.25015998e-05 -0.574310601
vn 0.818638504 5.18329907e-05 -0.574308991
vn 0.81864053 1.01644546e-05 -0.57430613
vn 0.244618982 0.955355227 -0.165704593
vn 0.244619116 0.955355287 -0.165704489
vn 0.24457401 0.955369234 -0.165690258
vn 0.244727641 0.955320358 -0.165744692
vn 0.244719386 0.955322146 -0.165746942
vn 0.244749457 0.955307484 -0.165786982
vn 0.0393374786 -0.998947144 -0.0236071944
vn 0.0393154994 -0.998948336 -0.0235933177
vn 0.0393265225 -0.99894774 -0.0236002933
vn 0.0392983519 -0.998949409 -0.0235726945
vn 0.0393413752 -0.998947144 -0.0235990472
vn 0.0393348001 -0.998947263 -0.0236045998
vn 0.866901636 0.0473251194 -0.496227711
vn 0.866903245 0.0473158211 -0.496225774
vn 0.866902053 0.0473230742 -0.496227086
vn 0.866900623 0.0472802371 -0.496233791
vn 0.866898358 0.047318276 -0.49623391
vn 0.866899669 0.0472962335 -0.496233851
vn 0.670624197 0.015782807 0.741629243
vn 0.67062372 0.0157772247 0.741629839
vn 0.670623183 0.0157715809 0.741630375
vn 0.670604527 0.0157786943 0.741647243
vn 0.670605958 0.0157693252 0.741646111
vn 0.670604527 0.0157785825 0.741647243
vn -0.645512223 -0.0157452393 -0.763587534
vn -0.645473063 -0.0157491509 -0.763620555
vn -0.645477593 -0.0157302637 -0.763617158
vn -0.6454826 -0.0157528147 -0.763612449
vn -0.645481288 -0.015736917 -0.76361388
vn -0.645482957 -0.0157569461 -0.763612092
vn 2.22739764e-05 0.999969065 -0.00785718672
vn -1.60050113e-05 0.999968827 -0.00788604654
vn -1.62622891e-05 0.999968827 -0.00788570009
vn -2.46788841e-06 0.999969006 -0.00787444599
vn -2.11177394e-06 0.999968946 -0.00787487812
vn -1.72154978e-06 0.999968946 -0.00787534937
vn -0.102502331 -0.993609428 0.0472593568
vn -0.102483124 -0.993609548 0.0472984947
vn -0.102485314 -0.993609548 0.047294043
vn -0.102488443 -0.993609488 0.0472873002
vn -0.10247685 -0.993609548 0.0473108813
vn -0.102481604 -0.993609488 0.0473011658
vn 0.818609953 -3.39001417e-06 -0.574349701
vn 0.818636298 -3.82512808e-05 -0.574312091
vn 0.818637133 -1.63723016e-05 -0.574311018
vn 0.818623245 -3.21865082e-06 -0.574331045
vn 0.818621695 -4.77973372e-05 -0.574333251
vn 0.818623006 -1.12893758e-05 -0.574331403
vn 0.536543727 -3.29613686e-05 0.843872488
vn 0.5365448 -2.03968957e-05 0.843871832
vn 0.536542356 -4.91685933e-05 0.843873382
vn 0.536546826 -2.6896596e-06 0.843870521
vn 0.536546826 6.23892993e-06 0.843870461
vn 0.536546886 -3.80712004e-06 0.843870521
vn -0.527342141 -2.05729157e-06 -0.849653006
vn -0.527342081 1.148507e-05 -0.849653006
vn -0.527301311 1.12858961e-05 -0.849678338
vn -0.527335763 2.47098505e-05 -0.849657059
vn -0.527336895 1.22115016e-05 -0.849656403
vn -0.527335227 3.12797492e-05 -0.849657416
vn -0.0626913682 0.997756243 0.0235025641
vn -0.062642321 0.997759342 0.023499446
vn -0.0626375079 0.997759283 0.0235152561
vn -0.0626575649 0.997759044 0.0234730132
vn -0.0626604706 0.997758985 0.0234676115
vn -0.0626616925 0.997758925 0.0234652832
vn 0.0550072677 -0.998207867 -0.0235669259
vn 0.0550019108 -0.998207986 -0.023574518
vn 0.0550044291 -0.998207986 -0.0235709343
vn 0.0550177693 -0.998206794 -0.0235857721
vn 0.0550223142 -0.998206854 -0.0235738792
vn 0.055012513 -0.998206794 -0.0235994384
vn 0.941453159 -8.96602869e-05 -0.337143749
vn 0.941453099 -9.05171037e-05 -0.337143898
vn 0.941455185 -7.2220224e-05 -0.337138057
vn 0.941452563 -8.38600099e-05 -0.337145448
vn 0.941451073 -9.73083079e-05 -0.33714968
vn 0.941454828 -6.48637069e-05 -0.337139308
vn 0.536422253 -3.34233046e-05 0.843949795
vn 0.536382735 -2.13263556e-05 0.843974888
vn 0.536392391 6.95954077e-06 0.843968809
vn 0.5364151 -3.83332372e-05 0.843954325
vn 0.536417365 -3.34568322e-05 0.843952894
vn 0.536383092 -7.51181506e-06 0.84397465
vn -0.51220578 -7.36489892e-06 -0.858862817
vn -0.51220578 5.74742444e-06 -0.858862817
vn -0.51220578 -1.31869103e-06 -0.858862817
vn -0.512176752 8.42381269e-06 -0.858880103
vn -0.512180686 -7.07805157e-07 -0.858877778
vn -0.51218158 -2.8598588e-06 -0.858877182
vn -0.00790444855 0.999968708 -3.25031579e-06
vn -0.0079055503 0.999968708 -1.96257606e-05
vn -0.00790369883 0.999968708 7.7933073e-06
vn -0.00792331528 0.999968588 -5.08315861e-06
vn -0.00792188197 0.999968588 6.9020316e-06
vn -0.00787417591 0.999969065 2.45682895e-06
vn 0.00783888996 -0.99993819 0.00787731167
vn 0.00783852302 -0.99993825 0.0078746425
vn 0.00783843175 -0.99993819 0.00787404273
vn 0.00785927102 -0.99993813 0.00787647255
vn 0.00785896555 -0.99993813 0.00787120592
vn 0.00785863679 -0.99993825 0.00786554441
vn 0.818600833 -0.00010509789 -0.574362874
vn 0.8186059 -7.45728612e-05 -0.574355543
vn 0.818606079 -7.3348172e-05 -0.574355304
vn 0.818616986 -7.3954463e-05 -0.574339807
vn 0.818608165 -0.000125296414 -0.574352384
vn 0.81861788 -6.80973753e-05 -0.574338555
vn 0.536538541 -9.66191292e-05 0.843875885
vn 0.536545932 -7.7534467e-05 0.843871236
vn 0.536550581 -6.53937459e-05 0.843868256
vn 0.536546886 -8.78144056e-06 0.84387058
vn 0.536546826 -1.03786588e-05 0.84387058
vn 0.536546826 -1.23089594e-05 0.843870521
vn -0.527354598 6.96629286e-07 -0.849645376
vn -0.527354598 7.77095556e-06 -0.849645317
vn -0.527354598 3.43318698e-06 -0.849645376
vn -0.52732271 0.000102482736 -0.849664986
vn -0.527327716 9.11056995e-05 -0.849661887
vn -0.527328849 8.84812325e-05 -0.849661171
vn -0.0706644207 0.997006297 0.0313846283
vn -0.0706665441 0.997006118 0.0313859917
vn -0.0706638992 0.997006357 0.031384293
vn -0.0706563443 0.997006536 0.0313958526
vn -0.0706575438 0.997006416 0.0313968174
vn -0.0706577599 0.997006357 0.0313969925
vn 0.0393707529 -0.999100924 -0.0157313421
vn 0.0393685736 -0.999100864 -0.0157406405
vn 0.0393690877 -0.999100864 -0.0157384854
vn 0.03936252 -0.999101102 -0.0157360639
vn 0.0393622853 -0.999101102 -0.0157333482
vn 0.0393619761 -0.999101222 -0.0157295335
vn -1.32247806e-06 -0.993883193 -0.110436291
vn -2.568122e-06 -0.993883193 -0.110436276
vn -6.82860559e-08 -0.993883193 -0.110436291
vn -1.97160989e-06 -0.993883073 -0.110437296
vn 1.23889185e-06 -0.993883073 -0.110437296
vn 1.90074957e-07 -0.993883073 -0.110437304
vn 4.93833795e-07 0.987442911 -0.157975942
vn -3.29408795e-06 0.98744297 -0.157975942
vn 2.3118057e-06 0.98744297 -0.157975942
vn -1.38487667e-06 0.98744303 -0.157975599
vn -1.77320419e-06 0.98744303 -0.157975599
vn 1.08079985e-06 0.98744303 -0.157975599
vn -6.35907054e-06 0.99999994 7.76597972e-06
vn -6.35568722e-06 0.99999994 8.96048732e-07
vn -6.35720789e-06 0.99999994 -2.25140138e-06
vn -6.38514757e-06 1.00000012 0
vn -6.38495112e-06 1.00000012 -2.10246071e-07
vn -6.38328493e-06 1.00000012 3.40134306e-07
vn -1.97589397e-05 1 1.35861337e-05
vn -6.07036054e-06 1 2.25999393e-05
vn -9.36995457e-06 1 2.04276294e-05
vn 0 1 0
vn 0 1 0
vn 0 1 0
vn 5.30388206e-06 0.000388484448 0.999999821
vn 8.10314038e-09 -0.0393422656 0.999225736
vn -7.64994184e-08 -0.0393422693 0.999225736
vn -6.17932528e-07 -0.0394380502 0.999221921
vn 1.31186266e-06 0.000388517976 0.999999821
vn 4.00235876e-07 0.000388485409 0.999999881
vn 4.57861461e-07 0.0393293761 0.999226272
vn 3.78956929e-06 0.000413548201 0.999999881
vn 7.2165858e-07 0.000413580681 0.999999821
vn 2.2558379e-07 0.0393293947 0.999226332
vn -5.69596887e-06 0.000413590111 0.99999994
vn -3.53404374e-07 0.0393293947 0.999226332
vn -0.993606985 -0.0236417521 -0.110391952
vn -0.993883908 -2.51923921e-05 -0.110430881
vn -0.993606806 -0.0236411765 -0.110393077
vn -0.993886888 -6.41215593e-06 -0.110403165
vn -0.993608117 -0.0236569084 -0.110377386
vn -0.993887067 -7.71135092e-07 -0.11040128
vn -0.993606508 0.0236776732 -0.110388368
vn -0.993885398 1.32098794e-05 -0.110417157
vn -0.993886054 -4.45498154e-06 -0.110411242
vn -0.993607342 0.0236380603 -0.110389702
vn -0.993883669 3.16351652e-05 -0.110432267
vn -0.99360466 0.0236857086 -0.110403135
vn 0.993886352 -2.89701857e-05 -0.110407799
vn 0.993603468 -0.0236848518 -0.110413082
vn 0.993606746 -0.0236414615 -0.110392913
vn 0.993606806 -0.0236551724 -0.110389814
vn 0.993889987 -1.88872218e-05 -0.110375904
vn 0.9938851 3.42261046e-07 -0.110419735
vn 0.993889093 3.55392694e-06 -0.11038284
vn 0.993605077 0.0236706249 -0.110401496
vn 0.993883669 -1.11758709e-06 -0.110431559
vn 0.993604779 0.0236863904 -0.11040169
vn 0.993886888 -1.19149481e-05 -0.110403448
vn 0.993607223 0.0236376543 -0.110390082
vn 0 -0.023195928 -0.999730885
vn -4.56377165e-07 5.20975082e-05 -0.99999994
vn 0 -0.023195928 -0.999730885
vn 7.18981028e-07 5.20961476e-05 -1.00000012
vn 0 -0.0231959261 -0.999731004
vn -2.36951081e-07 5.21000475e-05 -1.00000012
vn 4.75493749e-07 0.0233495682 -0.999727428
vn 1.68082079e-06 0.000101588666 -1.00000012
vn 8.562929e-07 0.000101579826 -1.00000012
vn 0 0.0233495664 -0.999727368
vn 2.79024243e-06 0.000101582089 -1
vn 0 0.0233495664 -0.999727368
vn 0 -1 1.27037242e-06
vn 0 -1 1.27037242e-06
vn 0 -1 1.27037242e-06
vn -1.41426781e-07 -0.99999994 1.43002694e-07
vn -1.41426781e-07 -0.99999994 1.43002694e-07
vn -1.41426781e-07 -0.99999994 1.43002694e-07
vn -1.4142671e-07 -1 0
vn -1.4142671e-07 -1 0
vn -1.4142671e-07 -1 0
vn -1.41426725e-07 -1 0
vn -1.41426725e-07 -1 0
vn -1.41426725e-07 -1 0
vn -0.53632772 -0.000179328024 -0.844009757
vn -0.588505328 -0.000141657889 -0.808493435
vn -0.53525126 0.0627429187 -0.842359483
vn -0.536411047 -0.000238448381 -0.843956709
vn -0.535317779 0.062738061 -0.842317522
vn -0.521545529 0.00774824619 -0.853188276
vn -0.536471784 -8.17570835e-05 -0.843918324
vn -0.521631956 0.00786633231 -0.853134394
vn -0.521632671 -0.00788377598 -0.853133798
vn -0.536450386 0.000155076385 -0.843931794
vn -0.521528602 -0.00772234797 -0.853198826
vn -0.535624564 -0.0549082905 -0.842669189
vn -0.536376119 5.69596887e-05 -0.843979001
vn -0.535533667 -0.0550194122 -0.842719674
vn -0.588449657 -5.10849059e-05 -0.808533847
vn 0.536417663 -1.94087625e-05 0.843952656
vn 0.588637948 -1.58371404e-06 0.808396637
vn 0.541423142 0.0470201857 0.839434266
vn 0.536520123 -8.42362642e-05 0.843887568
vn 0.541520774 0.0469263382 0.839376688
vn 0.527345717 -5.36646694e-05 0.849650919
vn 0.536543608 -1.44913793e-06 0.843872547
vn 0.527369738 -1.23388809e-05 0.849635839
vn 0.527369738 -9.24989581e-06 0.849635839
vn 0.536444068 0.000190719962 0.843935907
vn 0.527241945 0.00020378828 0.849715173
vn 0.544764698 -0.0550298691 0.836781502
vn 0.536352634 7.44722784e-05 0.843993902
vn 0.544633746 -0.0551093593 0.836861372
vn 0.58845669 -8.17701221e-06 0.808528662
vn 0 -1.90834811e-07 1
vn 0 -1.90834811e-07 1
vn 0 -1.90834811e-07 1
vn 0 -1.90834513e-07 1
vn 0 -1.90834513e-07 1
vn 0 -1.90834513e-07 1
vn 0 6.36114521e-08 -1
vn 0 6.36114521e-08 -1
vn 0 6.36114521e-08 -1
vn 0 6.36116013e-08 -1
vn 0 6.36116013e-08 -1
vn 0 6.36116013e-08 -1
vn -1 1.12139595e-07 0
vn -1 1.12139595e-07 0
vn -1 1.12139595e-07 0
vn -1 9.73667369e-08 0
vn -1 9.73667369e-08 0
vn -1 9.73667369e-08 0
vn 1.43918911e-07 0.99999994 0
vn 1.43918911e-07 0.99999994 0
vn 1.43918911e-07 0.99999994 0
vn 1.43918911e-07 0.99999994 0
vn 0 0 1
vn 0 0 1
vn 0 0 1
vn 0 0 1
vn 0 0 -1
vn 0 0 -1
vn 0 0 -1
vn 0 0 -1
vn 0.99999994 0 0
vn 0.99999994 0 0
vn 0.99999994 0 0
vn 0.99999994 0 0
vn 0 0 1
vn 0 0 1
vn 0 0 1
vn 0 0 1
vn 0 1 0
vn 0 1 0
vn 0 1 0
vn 0 1 -1.81151023e-07
vn 0 1 -1.81151023e-07
vn 0 1 -1.81151023e-07
vn 0.99999994 -8.27547098e-08 0
vn 0.99999994 -8.27547098e-08 0
vn 0.99999994 -8.27547098e-08 0
vn 1 -1.65508993e-07 0
vn 1 -1.65508993e-07 0
vn 1 -1.65508993e-07 0
vn 0 -1.95334692e-07 0.99999994
vn 0 -1.95334692e-07 0.99999994
vn 0 -1.95334692e-07 0.99999994
vn 0 -1.95335318e-07 0.99999994
vn 0 -1.95335318e-07 0.99999994
vn 0 -1.95335318e-07 0.99999994
vn 0 6.51116707e-08 -0.99999994
vn 0 6.51116707e-08 -0.99999994
vn 0 6.51116707e-08 -0.99999994
vn 0 6.51116707e-08 -0.99999994
vn 0 -1 3.62302046e-07
vn 0 -1 3.62302046e-07
vn 0 -1 3.62302046e-07
vn 0 -1 1.81150753e-07
vn 0 -1 1.81150753e-07
vn 0 -1 1.81150753e-07
vn 0 0 1
vn 0 0 1
vn 0 0 1
vn 0 0 1
vn 1 0 0
vn 1 0 0
vn 1 0 0
vn 1 0 0
vn 0 0 1
vn 0 0 1
vn 0 0 1
vn 0 0 1
vn 0 0 -1
vn 0 0 -1
vn 0 0 -1
vn 0 0 -1
vn -5.84195092e-08 -1 0
vn -5.84195092e-08 -1 0
vn -5.84195092e-08 -1 0
vn -5.84195163e-08 -1 0
vn -5.84195163e-08 -1 0
vn -5.84195163e-08 -1 0
vn 0.330205053 -2.39547808e-06 -0.943909228
vn 0.330295563 -2.50218909e-06 -0.943877578
vn 0.330295563 -4.60814726e-06 -0.943877578
vn 0.33028993 -1.45647209e-06 -0.943879604
vn 0.3302899 -1.38374287e-06 -0.943879604
vn 0.3302899 1.37403958e-07 -0.943879604
vn 0.999877632 -9.74396244e-07 -0.0156431925
vn 0.999876142 -5.3824543e-08 -0.0157390572
vn 0.999876142 -3.13149258e-07 -0.0157390572
vn 0.999877572 6.50645234e-07 -0.0156432986
vn 0.999876082 -6.48574371e-07 -0.0157391634
vn 0.999876082 1.11928685e-07 -0.0157391634
vn -0.330347121 -2.19920184e-06 -0.943859458
vn -0.330347121 -1.7660152e-06 -0.943859458
vn -0.330347121 -9.97290726e-07 -0.943859458
vn -0.330345154 -2.43529212e-06 -0.943860173
vn -0.330345124 -2.61338414e-06 -0.943860173
vn -0.330345124 -1.80229608e-06 -0.943860173
vn 1 -1.87858831e-07 0
vn 1 -1.87858831e-07 0
vn 1 -1.87858831e-07 0
vn 1 -1.07217261e-07 -2.04695552e-10
vn 1 -1.07217261e-07 -2.04695552e-10
vn 1 -1.07217261e-07 -2.04695552e-10
vn 0.999707103 -9.31816899e-08 0.0242026392
vn 0.999707103 -9.31816899e-08 0.0242026392
vn 0.999707103 -9.31816899e-08 0.0242026392
vn 0.99971503 -1.42610304e-07 0.0238671508
vn 0.99971503 -1.40295299e-07 0.0238671508
vn 0.99971503 -1.20624463e-07 0.0238671508
vn 0.409105957 2.80083623e-06 0.91248697
vn 0.409105957 4.82154292e-06 0.91248697
vn 0.409149706 2.71017257e-06 0.912467301
vn 0.409150541 1.46933598e-06 0.912466884
vn 0.409063041 0 0.912506163
vn 0.409063041 1.33974333e-06 0.912506163
vn -0.40907678 7.91042112e-07 0.912500143
vn -0.4091205 0 0.912480474
vn -0.4091205 1.5534647e-06 0.912480474
vn -0.409165502 3.17580998e-06 0.912460148
vn -0.409209251 2.9092123e-06 0.912440598
vn -0.409165502 2.93802827e-06 0.912460208
vn -0.999874949 -3.75119271e-07 -0.0158144422
vn -0.999874949 9.84209336e-09 -0.0158144422
vn -0.999874949 -2.48562628e-08 -0.0158144422
vn -0.999874949 -1.61526259e-08 -0.0158144906
vn -0.999874949 3.487703e-07 -0.0158144888
vn -0.999874949 4.60183571e-07 -0.0158144906
vn -0.999715149 -2.06782715e-08 0.0238672402
vn -0.999715149 -6.14674811e-10 0.0238672402
vn -0.999715149 2.7233666e-08 0.0238672402
vn -0.999715149 3.12948396e-06 0.0238672793
vn -0.999718606 3.1270697e-06 0.0237235054
vn -0.999718606 3.06886295e-06 0.0237235054
vn -2.47549252e-07 1.17870309e-06 0.99999994
vn -2.47549252e-07 1.17870309e-06 0.99999994
vn -2.47549252e-07 1.17870309e-06 0.99999994
vn 0 1.18022251e-06 1
vn 0 1.18022251e-06 1
vn 0 1.18022251e-06 1
vn -1 4.63597047e-07 0
vn -1 4.63597047e-07 0
vn -1 4.63597047e-07 0
vn -1 1.10682129e-06 0
vn -1 1.10682129e-06 0
vn -1 1.10682129e-06 0
vn 4.00578159e-07 1 0
vn 4.00578159e-07 1 0
vn 4.00578159e-07 1 0
vn 4.00578159e-07 1 0
vn 1.70995997e-06 0 1
vn 1.70995997e-06 0 1
vn 1.70995997e-06 0 1
vn 0 0 1
vn 0 0 1
vn 0 0 1
vn -1 0 0
vn -1 0 0
vn -1 0 0
vn -1 0 0
vn 9.18169235e-07 1 -3.62301506e-07
vn 9.18169235e-07 1 -3.62301506e-07
vn 9.18169235e-07 1 -3.62301506e-07
vn 0 1 -1.81151023e-07
vn 0 1 -1.81151023e-07
vn 0 1 -1.81151023e-07
vn 0 -1 5.43430247e-07
vn 0 -1 5.43430247e-07
vn 0 -1 5.43430247e-07
vn -9.18132002e-07 -1 0
vn -9.18132002e-07 -1 0
vn -9.18132002e-07 -1 0
vn 0 0 1
vn 0 0 1
vn 0 0 1
vn -1.7676058e-06 0 1
vn -1.7676058e-06 0 1
vn -1.7676058e-06 0 1
vn -1 0 0
vn -1 0 0
vn -1 0 0
vn -1 0 0
vn 1 0 0
vn 1 0 0
vn 1 0 0
vn 1 0 0
vn 0 -1 1.81151023e-07
vn 0 -1 1.81151023e-07
vn 0 -1 1.81151023e-07
vn 0 -1 2.71726122e-07
vn 0 -1 2.71726122e-07
vn 0 -1 2.71726122e-07
vn 0 1 -2.71715123e-07
vn 0 1 -2.71715123e-07
vn 0 1 -2.71715123e-07
vn 0 1 -2.71715123e-07
vn 1 0 0
vn 1 0 0
vn 1 0 0
vn 1 0 0
vn -0.330364436 -5.14904968e-07 -0.943853438
vn -0.330364436 -1.30516284e-07 -0.943853438
vn -0.330364436 -1.42458919e-06 -0.943853438
vn -0.330181956 1.02445483e-08 -0.943917334
vn -0.330317706 6.96843756e-08 -0.943869829
vn -0.330317706 0 -0.943869829
vn -0.999874949 1.50379492e-07 -0.0158145428
vn -0.999874949 -7.31625249e-08 -0.0158145446
vn -0.999874949 1.21536101e-10 -0.0158145428
vn -0.99987489 0 -0.0158144441
vn -0.99987489 1.33453668e-07 -0.0158144422
vn -0.99987489 -2.38942448e-08 -0.0158144441
vn 0.330410361 4.38885763e-08 -0.943837345
vn 0.330410361 -7.19690547e-08 -0.943837345
vn 0.330410361 -2.20867082e-06 -0.943837345
vn 0.330319166 5.06523065e-07 -0.943869233
vn 0.330319166 1.28411187e-07 -0.943869293
vn 0.330319166 1.39694095e-07 -0.943869293
vn -1 1.33143408e-06 0
vn -1 1.33143408e-06 0
vn -1 1.33143408e-06 0
vn -1 -1.33315621e-06 0
vn -1 -1.33315621e-06 0
vn -1 -1.33315621e-06 0
vn -0.999727964 -5.07934601e-08 0.0233207159
vn -0.999727964 1.33814524e-07 0.0233207177
vn -0.999727964 3.12365467e-09 0.0233207177
vn -0.999719024 -2.84172881e-08 0.023703957
vn -0.999719024 -2.09545211e-11 0.023703957
vn -0.999719024 -5.00403985e-08 0.023703957
vn -0.409061819 1.45169906e-07 0.9125067
vn -0.409061819 2.84160706e-07 0.9125067
vn -0.409193069 1.26837563e-07 0.91244781
vn -0.409063041 3.98780685e-07 0.912506163
vn -0.409106761 0 0.912486553
vn -0.409019291 1.24249951e-07 0.912525773
vn 0.409150541 -1.30967237e-08 0.912466884
vn 0.409150511 0 0.912466884
vn 0.409150511 -1.17347192e-07 0.912466884
vn 0.409193009 -1.37195457e-07 0.91244781
vn 0.40914923 -9.42916927e-07 0.91246742
vn 0.40914923 -1.06867931e-10 0.91246742
vn 0.999876857 1.3969408e-07 -0.0156911723
vn 0.999876857 4.73228283e-07 -0.0156911723
vn 0.999876857 1.03312253e-07 -0.0156911723
vn 0.999874592 -2.27414588e-07 -0.0158349071
vn 0.999875426 2.5171903e-07 -0.0157869756
vn 0.999874592 -1.16637977e-07 -0.0158349071
vn 0.99970752 0 0.0241833571
vn 0.99970752 0 0.0241833571
vn 0.99970752 0 0.0241833571
vn 0.999719024 -2.29874871e-07 0.0237041097
vn 0.999719024 -1.03645581e-08 0.0237041097
vn 0 2.946758e-07 0.99999994
vn 0 2.946758e-07 0.99999994
vn 0 2.946758e-07 0.99999994
vn 0 2.95054349e-07 1
vn 0 2.95054349e-07 1
vn 0 2.95054349e-07 1
vn 1 0 0
vn 1 0 0
vn 1 0 0
vn 1 3.5722789e-07 0
vn 1 3.5722789e-07 0
vn 1 3.5722789e-07 0
vn -2.00289151e-07 -0.99999994 0
vn -2.00289151e-07 -0.99999994 0
vn -2.00289151e-07 -0.99999994 0
vn -2.00289037e-07 -0.99999994 0
vn -2.00289037e-07 -0.99999994 0
vn -2.00289037e-07 -0.99999994 0
vn -1.43918911e-07 -0.99999994 0
vn -1.43918911e-07 -0.99999994 0
vn -1.43918911e-07 -0.99999994 0
vn -1.43918911e-07 -0.99999994 0
vn 1 -1.61695922e-07 0
vn 1 -1.61695922e-07 0
vn 1 -1.61695922e-07 0
vn 1 -1.61695922e-07 0
vn -0.99999994 0 0
vn -0.99999994 0 0
vn -0.99999994 0 0
vn -1 0 0
vn -1 0 0
vn -1 0 0
vn 0 -1 1.81151023e-07
vn 0 -1 1.81151023e-07
vn 0 -1 1.81151023e-07
vn 0 -1 9.05755115e-08
vn 0 -1 9.05755115e-08
vn 0 -1 9.05755115e-08
vn -1 1.07746672e-07 0
vn -1 1.07746672e-07 0
vn -1 1.07746672e-07 0
vn -0.99999994 1.73287248e-07 0
vn -0.99999994 1.73287248e-07 0
vn -0.99999994 1.73287248e-07 0
vn 0 1 -1.81151023e-07
vn 0 1 -1.81151023e-07
vn 0 1 -1.81151023e-07
vn 0 1 -2.71726122e-07
vn 0 1 -2.71726122e-07
vn 0 1 -2.71726122e-07
vn -1 0 0
vn -1 0 0
vn -1 0 0
vn -1 0 0
vn 1.46048777e-07 1 0
vn 1.46048777e-07 1 0
vn 1.46048777e-07 1 0
vn 1.46048791e-07 1 0
vn 1.46048791e-07 1 0
vn 1.46048791e-07 1 0
vn -1.41413648e-06 -1 -6.64679703e-07
vn -1.41413648e-06 -1 -6.64679703e-07
vn -1.41413648e-06 -1 -6.64679703e-07
vn -7.22365101e-08 -1 0
vn -7.22365101e-08 -1 0
vn -7.22365101e-08 -1 0
vn 0 -1 0
vn 0 -1 0
vn 0 -1 0
vn 0 -1 0
vn 0 -1 0
vn 0 -1 -1.87096816e-06
vn 0 -1 -1.87096816e-06
vn 0 -1 -1.87096816e-06
vn 0 -1 -6.55036104e-07
vn 0 -1 -6.55036104e-07
vn 0 -1 -6.55036104e-07
vn 0 -1 0
vn 0 -1 0
vn 0 1 -8.30849615e-07
vn 0 1 -8.30849615e-07
vn 0 1 -8.30849615e-07
vn -7.22367304e-08 1 0
vn -7.22367304e-08 1 0
vn -7.22367304e-08 1 0
vn 0 1 1.87099988e-06
vn 0 1 1.87099988e-06
vn 0 1 1.87099988e-06
vn 0 1 0
vn 0 1 0
vn 0 1 0
vn 0 0.99999994 0
vn 0 0.99999994 0
vn 0 0.99999994 0
vn 0 1 -1.871108e-06
vn 0 1 -1.871108e-06
vn 0 1 -1.871108e-06
vn 7.22454843e-08 0.99999994 0
vn 7.22454843e-08 0.99999994 0
vn 7.22454843e-08 0.99999994 0
vn 0 1 -6.64678339e-07
vn 0 1 -6.64678339e-07
vn 0 1 -6.64678339e-07
vn -4.59085101e-07 -1 2.07718145e-07
vn -4.59085101e-07 -1 2.07718145e-07
vn -4.59085101e-07 -1 2.07718145e-07
vn -2.29542422e-07 -1 2.59647692e-07
vn -2.29542422e-07 -1 2.59647692e-07
vn -2.29542422e-07 -1 2.59647692e-07
vn 8.08183017e-07 0 1
vn 8.08183017e-07 0 1
vn 8.08183017e-07 0 1
vn -1.3289964e-06 0 1
vn -1.3289964e-06 0 1
vn -1.3289964e-06 0 1
vn 1 0 0
vn 1 0 0
vn 1 0 0
vn 0.99999994 0 0
vn 0.99999994 0 0
vn 0.99999994 0 0
vn 4.59084845e-07 1 -3.11577224e-07
vn 4.59084845e-07 1 -3.11577224e-07
vn 4.59084845e-07 1 -3.11577224e-07
vn 2.29542522e-07 1 -2.07718145e-07
vn 2.29542522e-07 1 -2.07718145e-07
vn 2.29542522e-07 1 -2.07718145e-07
vn -0.99999994 0 0
vn -0.99999994 0 0
vn -0.99999994 0 0
vn -1 0 0
vn -1 0 0
vn -1 0 0
vn -0.814644575 -0.0837764889 -0.573877692
vn -0.814645648 -0.0837765932 -0.573876083
vn -0.814643383 -0.0837762579 -0.573879421
vn -0.814644754 -0.0837757066 -0.573877633
vn -0.814647198 -0.0837760717 -0.573874056
vn -0.814645946 -0.083775878 -0.573875904
vn -0.535203636 -0.0397838652 0.843785763
vn -0.535122991 -0.0397952162 0.843836427
vn -0.535163403 -0.0397906527 0.843810976
vn -0.535183787 -0.0397827215 0.843798339
vn -0.535144031 -0.0397947468 0.843822956
vn -0.535143971 -0.0397944041 0.843822956
vn 0.526022553 0.0393225923 -0.849560976
vn 0.526023388 0.039336931 -0.849559784
vn 0.526064098 0.0393327549 -0.84953481
vn 0.526036978 0.0393281952 -0.849551857
vn 0.526037157 0.0393303782 -0.849551678
vn 0.526037395 0.0393339545 -0.84955138
vn 0.00549402973 -0.999861956 -0.0156861711
vn 0.00551565643 -0.999861121 -0.0157295559
vn 0.00551537191 -0.999861121 -0.0157297608
vn 0.00551832048 -0.999860883 -0.0157370195
vn 0.00551929045 -0.999860942 -0.0157367401
vn 0.00551976683 -0.999860942 -0.0157366004
vn 0.0578609332 0.997545481 0.0394352786
vn 0.0578610934 0.997545481 0.0394351296
vn 0.0578626096 0.997545481 0.0394337475
vn 0.0578584298 0.99754554 0.0394359678
vn 0.0578582212 0.997545481 0.0394378938
vn 0.0578565523 0.997544944 0.0394536443
vn -0.81466639 -0.0835842714 -0.57387495
vn -0.814663768 -0.0835840777 -0.573878706
vn -0.814665258 -0.0835841447 -0.5738765
vn -0.814656556 -0.0835830122 -0.573888958
vn -0.814669013 -0.0835840255 -0.573871136
vn -0.814664602 -0.0835836828 -0.573877394
vn -0.535198271 -0.0396842062 0.843793988
vn -0.53520149 -0.039689105 0.843791723
vn -0.535194397 -0.0396784432 0.84379667
vn -0.535059094 -0.0398079306 0.843876302
vn -0.535058975 -0.039807003 0.843876421
vn -0.535058916 -0.0398068354 0.843876421
vn 0.526032925 0.0393155441 -0.849554896
vn 0.5260337 0.0393277742 -0.849553823
vn 0.526032805 0.0393145606 -0.849555016
vn 0.526012838 0.0392810553 -0.849569023
vn 0.526010156 0.0392758772 -0.84957093
vn 0.526040614 0.0392415375 -0.849553645
vn 0.00553224701 -0.999861002 -0.0157300569
vn 0.0055300612 -0.999861062 -0.0157262981
vn 0.0055309115 -0.999861062 -0.0157277584
vn 0.00550985895 -0.999861002 -0.0157417953
vn 0.00550805219 -0.999861121 -0.0157360137
vn 0.0055086026 -0.999861121 -0.015737813
vn 0.0578520186 0.997545958 0.0394345261
vn 0.0578553379 0.997545898 0.0394309722
vn 0.057855241 0.997545958 0.0394310616
vn 0.057861872 0.997545302 0.0394381657
vn 0.0578613617 0.997545183 0.0394415334
vn 0.0578593016 0.997544765 0.039454639
vn 1 -1.47728213e-06 0
vn 1 -1.47728213e-06 0
vn 1 -1.47728213e-06 0
vn 1 -8.98995935e-08 5.29895884e-14
vn 1 -8.98995935e-08 5.29895884e-14
vn 1 -8.98995935e-08 5.29895884e-14
vn 1 -8.98995935e-08 5.29895884e-14
vn -1.50631067e-07 -1 0
vn -1.50631067e-07 -1 0
vn -1.50631067e-07 -1 0
vn -1.37103711e-07 -1 1.81275439e-07
vn -1.37103711e-07 -1 1.81275439e-07
vn -1.37103711e-07 -1 1.81275439e-07
vn -5.40540448e-08 -1 2.07713143e-07
vn -5.40540448e-08 -1 2.07713143e-07
vn -5.40540448e-08 -1 2.07713143e-07
vn -5.40540448e-08 -1 2.07713143e-07
vn -1.3158018e-07 -1 7.32068699e-08
vn -1.3158018e-07 -1 7.32068699e-08
vn -1.3158018e-07 -1 7.32068699e-08
vn -1.3158018e-07 -1 7.32068699e-08
vn -1.13992762e-07 -0.99999994 8.31883327e-08
vn -1.13992762e-07 -0.99999994 8.31883327e-08
vn -1.13992762e-07 -0.99999994 8.31883327e-08
vn -1.13992762e-07 -0.99999994 8.31883327e-08
vn -1.39248613e-07 -1 1.75603546e-07
vn -1.39248613e-07 -1 1.75603546e-07
vn -1.39248613e-07 -1 1.75603546e-07
vn -1.39248613e-07 -1 1.75603546e-07
vn 1 -1.1622361e-07 -8.83056771e-07
vn 1 -1.1622361e-07 -8.83056771e-07
vn 1 -1.1622361e-07 -8.83056771e-07
vn 1 -1.1622361e-07 -8.83056771e-07
vn 1 1.1516746e-07 0
vn 1 1.1516746e-07 0
vn 1 1.1516746e-07 0
vn 1 1.1516746e-07 0
vn 1 0 -8.21116382e-14
vn 1 0 -8.21116382e-14
vn 1 0 -8.21116382e-14
vn 1 -2.83175268e-07 5.21157162e-08
vn 1 -2.83175268e-07 5.21157162e-08
vn 1 -2.83175268e-07 5.21157162e-08
vn 1 -2.83175268e-07 5.21157162e-08
vn 1 -2.83175268e-07 5.21157162e-08
vn 1 -2.46804404e-07 -3.565095e-13
vn 1 -2.46804404e-07 -3.565095e-13
vn 1 -2.46804404e-07 -3.565095e-13
vn 1 -2.46804404e-07 -3.565095e-13
vn 1 0 0
vn 1 0 0
vn 1 0 0
vn 1.4510627e-07 1 -3.01240618e-07
vn 1.4510627e-07 1 -3.01240618e-07
vn 1.4510627e-07 1 -3.01240618e-07
vn 1.16085026e-07 1 -3.01240618e-07
vn 1.16085026e-07 1 -3.01240618e-07
vn 1.16085026e-07 1 -3.01240618e-07
vn -0.99999994 1.20441271e-07 -1.95439639e-14
vn -0.99999994 1.20441271e-07 -1.95439639e-14
vn -0.99999994 1.20441271e-07 -1.95439639e-14
vn -1 2.25383545e-07 -1.95439859e-14
vn -1 2.25383545e-07 -1.95439859e-14
vn -1 2.25383545e-07 -1.95439859e-14
vn -0.740285277 -0.147963166 -0.65580833
vn -0.945102274 -0.275896311 -0.175108269
vn -0.972804844 -0.0765139237 -0.218623728
vn -0.944844842 -0.275138646 -0.177670792
vn -0.460114241 -0.824219644 -0.330085933
vn -0.453950852 -0.83175987 -0.319537431
vn -0.456253141 -0.831962049 -0.315709144
vn -0.355824739 -0.793487191 -0.493727505
vn 0.29159838 -0.877914548 -0.379784644
vn 0.0910772383 -0.885963619 -0.454723418
vn 0.302669585 -0.871644258 -0.385522187
vn 0.294807941 -0.875814378 -0.382148504
vn 0.860583842 -0.387996823 -0.329930037
vn 0.461796343 -0.694986582 -0.551123977
vn 0.841974854 -0.241987139 -0.482203662
vn 0.859320879 -0.390369266 -0.330422997
vn 0.588344991 0.585560262 -0.557646155
vn 0.91953373 0.341368437 -0.194744438
vn 0.935233712 0.167226627 -0.312046766
vn 0.918682158 0.343882054 -0.194340438
vn 0.435240448 0.898895383 -0.0505260304
vn 0.437864095 0.896640658 -0.0656545758
vn 0.305624008 0.926329255 -0.220245808
vn 0.438168943 0.897297263 -0.0535312146
vn -0.323976994 0.946045876 0.00601747446
vn -0.312182009 0.949911118 0.0145363864
vn -0.129982352 0.988770783 -0.0737364069
vn -0.309831887 0.950729966 0.0108126653
vn -0.89384073 0.385111719 -0.22964704
vn -0.885321915 0.463415861 -0.0380911306
vn -0.524005413 0.850853086 0.0383056663
vn -0.885116279 0.463581353 -0.0407626592
vn 0.127318859 0.0134615274 0.991770506
vn -0.392275691 0.122995436 0.911587596
vn 0.0597214997 -0.389773875 0.918972135
vn 0.0438675582 -0.178079531 0.98303777
vn 0.0492620505 -0.198218137 0.978919208
vn 0.147571966 -0.358352214 0.92184931
vn 0.25539878 -0.162882358 0.953016698
vn -0.0446603149 0.00172540871 0.999000728
vn -0.157806337 -0.202930421 0.96639353
vn 0.063426204 -0.194918439 0.978766561
vn 0.0577782355 -0.173835635 0.983078241
vn 0.0462346599 0.0176225416 0.998775184
vn -0.0186929461 -0.370299041 0.928724527
vn 0.204933554 -0.640036523 0.740510285
vn -0.844352424 -0.523425877 -0.114429966
vn -0.890809238 -0.395099342 -0.224399686
vn -0.584607363 -0.560509801 -0.586568773
vn -0.843054473 -0.524008691 -0.121135809
vn -0.252663314 -0.967301369 0.0221216418
vn -0.266876757 -0.962904572 -0.0398934782
vn -0.153428227 -0.979881108 -0.127642959
vn -0.245856956 -0.969211996 0.0135070402
vn 0.488806278 -0.872226775 0.0169974566
vn 0.321425617 -0.945356011 -0.0546589717
vn 0.531815052 -0.846814036 -0.00887215044
vn 0.49644503 -0.868010581 0.0100038489
vn 0.619217873 -0.757512331 -0.206747025
vn 0.946276784 -0.29825303 -0.124921873
vn 0.94440037 -0.304634035 -0.123718031
vn 0.92091763 -0.24273482 -0.304943651
vn 0.517434716 0.395449907 -0.758868039
vn 0.863224149 0.399010599 -0.309248239
vn 0.915752947 0.221541733 -0.3351354
vn 0.859878659 0.404658496 -0.311223596
vn 0.182446435 0.782355845 -0.595510483
vn 0.283237934 0.852725148 -0.438903183
vn 0.303056091 0.819871545 -0.485765219
vn 0.291949093 0.847403824 -0.44347769
vn -0.500307798 0.734405875 -0.458628386
vn -0.453286767 0.771398723 -0.446626306
vn -0.304786444 0.801742613 -0.514114738
vn -0.459989727 0.772464931 -0.437843919
vn -0.930672467 0.200733855 -0.305867136
vn -0.656244516 0.65171957 -0.380269289
vn -0.902481198 0.0711440146 -0.424813092
vn -0.929144621 0.198248014 -0.312070489
vn -0.03853219 0.426341891 0.903741002
vn -0.558408201 0.400177419 0.726662457
vn -0.0271940175 0.0618340597 0.997715831
vn -0.119040191 0.271486342 0.955052078
vn -0.0802789107 0.194324821 0.977646708
vn 0.0371801332 0.116447791 0.992500603
vn 0.0937036797 0.291288942 0.952034771
vn -0.0254572444 0.219725996 0.975229323
vn -0.0652957186 0.299029589 0.952007174
vn -0.188808739 0.386505187 0.902754009
vn -0.254184514 0.186417937 0.94901973
vn -0.108950332 0.404343933 0.908094585
vn -0.0986436009 0.078980878 0.991983652
vn 0.18781352 -0.219219059 0.957428455
vn -0.97387445 -0.0611515492 -0.218698531
vn -0.929499269 -0.211414561 0.302216768
vn -0.956905305 -0.0181779005 0.289830565
vn -0.929395199 -0.211518228 0.302464068
vn -0.622162521 -0.732856274 -0.275382102
vn -0.624797344 -0.776165128 -0.0848287866
vn -0.645691037 -0.756875515 -0.101106554
vn -0.62479502 -0.776221156 -0.0843321085
vn 0.000714626163 -0.841459155 -0.540320158
vn -0.0196852777 -0.85479033 -0.518599987
vn -0.212519825 -0.850748539 -0.480689347
vn -0.0193155184 -0.854681194 -0.518793702
vn 0.531757355 -0.401939839 -0.745438397
vn 0.457996875 -0.254061401 -0.851875246
vn 0.531757355 -0.401939839 -0.745438397
vn 0.0579742342 -0.672193646 -0.738102138
vn 0.256142884 0.596993446 -0.76025635
vn 0.70668906 0.316726923 -0.632672548
vn 0.653241277 0.161331654 -0.739762068
vn 0.706619918 0.317133576 -0.632546067
vn 0.402863234 0.881517947 -0.246226102
vn 0.223353997 0.922195435 -0.315703422
vn 0.402843982 0.881688476 -0.245646283
vn 0.391731501 0.877553642 -0.276488841
vn -0.202356488 0.961020291 0.18839258
vn -0.0910471678 0.995360255 0.0311163664
vn -0.233646184 0.95280242 0.193847522
vn -0.202597231 0.961039603 0.188035086
vn -0.856764197 0.444713354 0.261123031
vn -0.754479229 0.508303881 0.415196627
vn -0.367764771 0.8763901 0.310949415
vn -0.754479229 0.508303881 0.415196627
vn 0.616372049 -0.0772219673 0.783659458
vn 0.146754712 0.074278824 0.9863801
vn 0.500926018 -0.441018999 0.744698167
vn 0.522194982 -0.235270157 0.819731772
vn 0.524707913 -0.286335289 0.801681876
vn 0.573958039 -0.421402037 0.702134192
vn 0.691588759 -0.241339415 0.680779099
vn 0.483262122 -0.0817868337 0.871647179
vn 0.364944875 -0.262946963 0.89312613
vn 0.555207193 -0.278524518 0.783689499
vn 0.552688122 -0.227348238 0.801778555
vn 0.556265235 -0.0639996603 0.828536689
vn 0.44138056 -0.426008552 0.789746761
vn 0.508398592 -0.70477587 0.494794726
vn 0.571231663 -0.143615261 0.808126867
vn 0.545571387 -0.172796831 0.820056796
vn 0.544372082 -0.214322388 0.811002493
vn 0.686359167 0.114665404 0.718166232
vn 0.670549452 0.0406313613 0.740751207
vn 0.697000504 0.0735481307 0.713288844
vn 0.67864728 -0.0648798496 0.731592953
vn 0.661697209 -0.0323736295 0.749071836
vn 0.679331422 -0.07802248 0.729671955
vn 0.561700404 -0.150230959 0.813586771
vn 0.560946167 -0.167025119 0.81082803
vn 0.564083993 -0.155360237 0.810970128
f 1/1/1 2/2/2 3/3/3
f 2/2/2 4/4/4 3/3/3
f 5/5/5 6/6/6 7/7/7
f 6/6/6 5/5/5 8/8/8
f 9/9/9 10/10/10 11/11/11
f 9/9/9 11/11/11 12/12/12
f 13/13/13 14/14/14 15/15/15
f 14/14/14 13/13/13 16/16/16
f 2/2/2 17/17/17 4/4/4
f 17/17/17 2/2/2 18/18/18
f 19/19/19 20/20/20 21/21/21
f 19/19/19 21/21/21 22/22/22
f 23/23/23 24/24/24 25/25/25
f 24/24/24 23/23/23 26/26/26
f 27/27/27 28/28/28 29/29/29
f 29/29/29 28/28/28 30/30/30
f 31/31/31 32/32/32 33/33/33
f 33/33/33 32/32/32 34/34/34
f 35/35/35 36/36/36 37/37/37
f 36/36/36 35/35/35 38/38/38
f 39/39/39 40/40/40 41/41/41
f 40/40/40 39/39/39 42/42/42
f 43/43/43 44/44/44 45/45/45
f 44/44/44 43/43/43 46/46/46
f 47/47/47 48/48/48 49/49/49
f 48/48/48 47/47/47 50/50/50
f 51/51/51 52/52/52 53/53/53
f 52/52/52 51/51/51 54/54/54
f 55/55/55 56/56/56 57/57/57
f 55/55/55 57/57/57 58/58/58
f 59/59/59 60/60/60 61/61/61
f 60/60/60 62/62/62 61/61/61
f 63/63/63 64/64/64 65/65/65
f 66/66/66 67/67/67 68/68/68
f 69/69/69 70/70/70 71/71/71
f 72/72/72 73/73/73 74/74/74
f 75/75/75 76/76/76 77/77/77
f 78/78/78 79/79/79 80/80/80
f 81/81/81 82/82/82 83/83/83
f 84/84/84 85/85/85 86/86/86
f 87/87/87 88/88/88 89/89/89
f 90/90/90 91/91/91 92/92/92
f 93/93/93 94/94/94 95/95/95
f 96/96/96 97/97/97 98/98/98
f 99/99/99 100/100/100 101/101/101
f 102/102/102 103/103/103 104/104/104
f 105/105/105 106/106/106 107/107/107
f 108/108/108 107/107/107 106/106/106
f 109/109/109 110/110/110 111/111/111
f 112/112/112 113/113/113 114/114/114
f 115/115/115 116/116/116 117/117/117
f 116/116/116 115/115/115 118/118/118
f 119/119/119 120/120/120 121/121/121
f 122/122/122 123/123/123 124/124/124
f 125/125/125 126/126/126 127/127/127
f 124/124/124 128/128/128 129/129/129
f 130/130/130 131/131/131 132/132/132
f 133/133/133 134/134/134 135/135/135
f 136/136/136 137/137/137 138/138/138
f 139/139/139 140/140/140 141/141/141
f 142/142/142 143/143/143 144/144/144
f 145/145/145 146/146/146 147/147/147
f 148/148/148 149/149/149 150/150/150
f 151/151/151 152/152/152 153/153/153
f 154/154/154 155/155/155 156/156/156
f 157/157/157 158/158/158 159/159/159
f 160/160/160 161/161/161 162/162/162
f 163/163/163 164/164/164 165/165/165
f 166/166/166 167/167/167 168/168/168
f 169/169/169 170/170/170 171/171/171
f 172/172/172 173/173/173 174/174/174
f 175/175/175 176/176/176 177/177/177
f 178/178/178 179/179/179 180/180/180
f 181/181/181 182/182/182 183/183/183
f 184/184/184 185/185/185 186/186/186
f 187/187/187 188/188/188 189/189/189
f 190/190/190 191/191/191 192/192/192
f 193/193/193 194/194/194 195/195/195
f 196/196/196 197/197/197 198/198/198
f 199/199/199 200/200/200 201/201/201
f 202/202/202 203/203/203 204/204/204
f 205/205/205 206/206/206 207/207/207
f 208/208/208 209/209/209 210/210/210
f 211/211/211 212/212/212 213/213/213
f 214/214/214 215/215/215 216/216/216
f 217/217/217 218/218/218 219/219/219
f 220/220/220 221/221/221 222/222/222
f 223/223/223 224/224/224 225/225/225
f 226/226/226 227/227/227 228/228/228
f 229/229/229 230/230/230 231/231/231
f 232/232/232 233/233/233 234/234/234
f 235/235/235 236/236/236 237/237/237
f 238/238/238 239/239/239 240/240/240
f 241/241/241 242/242/242 243/243/243
f 244/244/244 245/245/245 246/246/246
f 247/247/247 248/248/248 249/249/249
f 250/250/250 251/251/251 252/252/252
f 253/253/253 254/254/254 255/255/255
f 256/256/256 257/257/257 258/258/258
f 259/259/259 260/260/260 261/261/261
f 262/262/262 263/263/263 264/264/264
f 265/265/265 266/266/266 267/267/267
f 268/268/268 269/269/269 270/270/270
f 271/271/271 272/272/272 273/273/273
f 274/274/274 275/275/275 276/276/276
f 277/277/277 278/278/278 279/279/279
f 280/280/280 281/281/281 282/282/282
f 283/283/283 284/284/284 285/285/285
f 286/286/286 287/287/287 288/288/288
f 289/289/289 290/290/290 291/291/291
f 292/292/292 293/293/293 294/294/294
f 295/295/295 296/296/296 297/297/297
f 298/298/298 299/299/299 300/300/300
f 301/301/301 302/302/302 303/303/303
f 304/304/304 305/305/305 306/306/306
f 307/307/307 308/308/308 309/309/309
f 310/310/310 311/311/311 312/312/312
f 313/313/313 314/314/314 315/315/315
f 316/316/316 317/317/317 318/318/318
f 319/319/319 320/320/320 321/321/321
f 322/322/322 323/323/323 324/324/324
f 325/325/325 326/326/326 327/327/327
f 328/328/328 329/329/329 330/330/330
f 331/331/331 332/332/332 333/333/333
f 334/334/334 335/335/335 336/336/336
f 337/337/337 338/338/338 339/339/339
f 340/340/340 341/341/341 342/342/342
f 343/343/343 344/344/344 345/345/345
f 346/346/346 347/347/347 348/348/348
f 349/349/349 350/350/350 351/351/351
f 352/352/352 353/353/353 354/354/354
f 355/355/355 356/356/356 357/357/357
f 358/358/358 359/359/359 360/360/360
f 361/361/361 362/362/362 363/363/363
f 364/364/364 365/365/365 366/366/366
f 367/367/367 368/368/368 369/369/369
f 370/370/370 371/371/371 372/372/372
f 373/373/373 374/374/374 375/375/375
f 376/376/376 377/377/377 378/378/378
f 379/379/379 380/380/380 381/381/381
f 382/382/382 383/383/383 384/384/384
f 385/385/385 386/386/386 387/387/387
f 388/388/388 389/389/389 390/390/390
f 391/391/391 392/392/392 393/393/393
f 394/394/394 395/395/395 396/396/396
f 397/397/397 398/398/398 399/399/399
f 400/400/400 401/401/401 402/402/402
f 403/403/403 404/404/404 405/405/405
f 406/406/406 407/407/407 408/408/408
f 409/409/409 410/410/410 411/411/411
f 412/412/412 413/413/413 414/414/414
f 415/415/415 416/416/416 417/417/417
f 418/418/418 419/419/419 420/420/420
f 421/421/421 422/422/422 423/423/423
f 424/424/424 425/425/425 426/426/426
f 427/427/427 428/428/428 429/429/429
f 430/430/430 431/431/431 432/432/432
f 433/433/433 434/434/434 435/435/435
f 436/436/436 437/437/437 438/438/438
f 439/439/439 440/440/440 441/441/441
f 442/442/442 443/443/443 444/444/444
f 445/445/445 446/446/446 447/447/447
f 448/448/448 449/449/449 450/450/450
f 451/451/451 452/452/452 453/453/453
f 454/454/454 455/455/455 456/456/456
f 457/457/457 458/458/458 459/459/459
f 460/460/460 461/461/461 462/462/462
f 463/463/463 464/464/464 465/465/465
f 466/466/466 467/467/467 468/468/468
f 469/469/469 470/470/470 471/471/471
f 472/472/472 473/473/473 474/474/474
f 475/475/475 476/476/476 477/477/477
f 478/478/478 479/479/479 480/480/480
f 481/481/481 482/482/482 483/483/483
f 484/484/484 485/485/485 486/486/486
f 487/487/487 488/488/488 489/489/489
f 490/490/490 491/491/491 492/492/492
f 491/491/491 490/490/490 493/493/493
f 494/494/494 495/495/495 496/496/496
f 495/495/495 494/494/494 497/497/497
f 498/498/498 499/499/499 500/500/500
f 499/499/499 498/498/498 501/501/501
f 502/502/502 503/503/503 504/504/504
f 505/505/505 504/504/504 503/503/503
f 506/506/506 507/507/507 508/508/508
f 509/509/509 506/506/506 508/508/508
f 510/510/510 511/511/511 512/512/512
f 513/513/513 514/514/514 515/515/515
f 516/516/516 517/517/517 518/518/518
f 519/519/519 520/520/520 521/521/521
f 522/522/522 523/523/523 524/524/524
f 525/525/525 526/526/526 527/527/527
f 528/528/528 529/529/529 530/530/530
f 529/529/529 528/528/528 531/531/531
f 532/532/532 533/533/533 534/534/534
f 535/535/535 536/536/536 537/537/537
f 538/538/538 539/539/539 540/540/540
f 538/538/538 541/541/541 539/539/539
f 542/542/542 543/543/543 544/544/544
f 545/545/545 544/544/544 543/543/543
f 546/546/546 547/547/547 548/548/548
f 547/547/547 546/546/546 549/549/549
f 550/550/550 551/551/551 552/552/552
f 551/551/551 550/550/550 553/553/553
f 554/554/554 555/555/555 556/556/556
f 557/557/557 558/558/558 559/559/559
f 560/560/560 561/561/561 562/562/562
f 563/563/563 564/564/564 565/565/565
f 566/566/566 567/567/567 568/568/568
f 569/569/569 570/570/570 571/571/571
f 572/572/572 573/573/573 574/574/574
f 575/575/575 576/576/576 577/577/577
f 578/578/578 579/579/579 580/580/580
f 581/581/581 582/582/582 583/583/583
f 584/584/584 585/585/585 586/586/586
f 587/587/587 588/588/588 589/589/589
f 590/590/590 591/591/591 592/592/592
f 593/593/593 594/594/594 595/595/595
f 596/596/596 597/597/597 598/598/598
f 599/599/599 600/600/600 601/601/601
f 602/602/602 603/603/603 604/604/604
f 605/605/605 606/606/606 607/607/607
f 608/608/608 609/609/609 610/610/610
f 611/611/611 612/612/612 613/613/613
f 614/614/614 615/615/615 616/616/616
f 617/617/617 618/618/618 619/619/619
f 620/620/620 621/621/621 622/622/622
f 623/623/623 624/624/624 625/625/625
f 626/626/626 627/627/627 628/628/628
f 629/629/629 628/628/628 627/627/627
f 630/630/630 631/631/631 632/632/632
f 633/633/633 634/634/634 635/635/635
f 636/636/636 637/637/637 638/638/638
f 636/636/636 639/639/639 637/637/637
f 640/640/640 641/641/641 642/642/642
f 643/643/643 644/644/644 645/645/645
f 646/646/646 647/647/647 648/648/648
f 649/649/649 650/650/650 651/651/651
f 652/652/652 653/653/653 654/654/654
f 655/655/655 656/656/656 657/657/657
f 658/658/658 659/659/659 660/660/660
f 658/658/658 661/661/661 659/659/659
f 662/662/662 663/663/663 664/664/664
f 665/665/665 664/664/664 663/663/663
f 666/666/666 667/667/667 668/668/668
f 669/669/669 670/670/670 671/671/671
f 672/672/672 673/673/673 674/674/674
f 675/675/675 673/673/673 672/672/672
f 676/676/676 677/677/677 678/678/678
f 679/679/679 678/678/678 677/677/677
f 680/680/680 681/681/681 682/682/682
f 683/683/683 684/684/684 685/685/685
f 686/686/686 687/687/687 688/688/688
f 689/689/689 690/690/690 691/691/691
f 692/692/692 693/693/693 694/694/694
f 695/695/695 696/696/696 697/697/697
f 698/698/698 699/699/699 700/700/700
f 701/701/701 702/702/702 703/703/703
f 704/704/704 705/705/705 706/706/706
f 707/707/707 708/708/708 709/709/709
f 710/710/710 711/711/711 712/712/712
f 713/713/713 714/714/714 715/715/715
f 716/716/716 717/717/717 718/718/718
f 719/719/719 720/720/720 721/721/721
f 722/722/722 723/723/723 724/724/724
f 725/725/725 726/726/726 727/727/727
f 728/728/728 729/729/729 730/730/730
f 731/731/731 730/730/730 732/732/732
f 733/733/733 734/734/734 735/735/735
f 736/736/736 737/737/737 738/738/738
f 739/739/739 740/740/740 741/741/741
f 742/742/742 743/743/743 744/744/744
f 745/745/745 746/746/746 747/747/747
f 748/748/748 749/749/749 750/750/750
f 751/751/751 752/752/752 753/753/753
f 754/754/754 753/753/753 752/752/752
f 755/755/755 756/756/756 757/757/757
f 756/756/756 755/755/755 758/758/758
f 759/759/759 760/760/760 761/761/761
f 762/762/762 763/763/763 764/764/764
f 765/765/765 766/766/766 767/767/767
f 768/768/768 769/769/769 770/770/770
f 771/771/771 772/772/772 773/773/773
f 774/774/774 775/775/775 776/776/776
f 777/777/777 778/778/778 779/779/779
f 780/780/780 781/781/781 782/782/782
f 783/783/783 784/784/784 785/785/785
f 784/784/784 783/783/783 786/786/786
f 787/787/787 788/788/788 789/789/789
f 790/790/790 791/791/791 792/792/792
f 793/793/793 794/794/794 795/795/795
f 796/796/796 797/797/797 798/798/798
f 799/799/799 800/800/800 801/801/801
f 800/800/800 799/799/799 802/802/802
f 799/799/799 803/803/803 802/802/802
f 804/804/804 805/805/805 806/806/806
f 807/807/807 808/808/808 809/809/809
f 803/803/803 810/810/810 811/811/811
f 812/812/812 813/813/813 814/814/814
f 815/815/815 816/816/816 817/817/817
f 818/818/818 819/819/819 820/820/820
f 821/821/821 822/822/822 823/823/823
f 824/824/824 825/825/825 826/826/826
f 827/827/827 828/828/828 829/829/829
f 830/830/830 831/831/831 832/832/832
f 833/833/833 834/834/834 835/835/835
f 836/836/836 837/837/837 838/838/838
f 839/839/839 840/840/840 841/841/841
f 842/842/842 843/843/843 844/844/844
f 845/845/845 846/846/846 847/847/847
f 848/848/848 849/849/849 850/850/850
f 851/851/851 852/852/852 853/853/853
f 854/854/854 855/855/855 856/856/856
f 857/857/857 858/858/858 859/859/859
f 860/860/860 861/861/861 862/862/862
f 863/863/863 864/864/864 865/865/865
f 866/866/866 867/867/867 868/868/868
f 869/869/869 870/870/870 871/871/871
f 872/872/872 873/873/873 874/874/874
f 875/875/875 876/876/876 877/877/877
f 878/878/878 879/879/879 880/880/880
f 881/881/881 882/882/882 883/883/883
f 884/884/884 885/885/885 886/886/886
f 887/887/887 888/888/888 889/889/889
f 890/890/890 891/891/891 892/892/892
f 893/893/893 894/894/894 895/895/895
f 896/896/896 897/897/897 898/898/898
f 899/899/899 900/900/900 901/901/901
f 902/902/902 903/903/903 904/904/904
f 905/905/905 906/906/906 907/907/907
f 908/908/908 909/909/909 910/910/910
f 911/911/911 912/912/912 913/913/913
f 914/914/914 915/915/915 916/916/916
f 917/917/917 918/918/918 919/919/919
f 920/920/920 921/921/921 922/922/922
f 923/923/923 924/924/924 925/925/925
f 926/926/926 927/927/927 928/928/928
f 929/929/929 930/930/930 931/931/931
f 930/930/930 929/929/929 932/932/932
f 933/933/933 934/934/934 935/935/935
f 936/936/936 937/937/937 938/938/938
f 939/939/939 940/940/940 941/941/941
f 940/940/940 939/939/939 942/942/942
f 943/943/943 944/944/944 945/945/945
f 944/944/944 943/943/943 946/946/946
f 947/947/947 948/948/948 949/949/949
f 948/948/948 947/947/947 950/950/950
f 951/951/951 952/952/952 953/953/953
f 952/952/952 951/951/951 954/954/954
f 955/955/955 956/956/956 957/957/957
f 958/958/958 957/957/957 956/956/956
f 959/959/959 960/960/960 961/961/961
f 962/962/962 961/961/961 960/960/960
f 963/963/963 964/964/964 965/965/965
f 966/966/966 967/967/967 968/968/968
f 967/967/967 969/969/969 970/970/970
f 967/967/967 966/966/966 969/969/969
f 971/971/971 972/972/972 973/973/973
f 971/971/971 973/973/973 974/974/974
f 975/975/975 976/976/976 977/977/977
f 978/978/978 979/979/979 980/980/980
f 981/981/981 982/982/982 983/983/983
f 984/984/984 985/985/985 986/986/986
f 987/987/987 988/988/988 989/989/989
f 990/990/990 991/991/991 992/992/992
f 991/991/991 990/990/990 993/993/993
f 994/994/994 995/995/995 996/996/996
f 995/995/995 994/994/994 997/997/997
f 998/998/998 999/999/999 1000/1000/1000
f 1000/1000/1000 1001/1001/1001 998/998/998
f 1002/1002/1002 1003/1003/1003 1004/1004/1004
f 1003/1003/1003 1002/1002/1002 1005/1005/1005
f 1006/1006/1006 1007/1007/1007 1008/1008/1008
f 1007/1007/1007 1006/1006/1006 1009/1009/1009
f 1010/1010/1010 1011/1011/1011 1012/1012/1012
f 1011/1011/1011 1010/1010/1010 1013/1013/1013
f 1014/1014/1014 1015/1015/1015 1016/1016/1016
f 1016/1016/1016 1015/1015/1015 1017/1017/1017
f 1018/1018/1018 1019/1019/1019 1020/1020/1020
f 1020/1020/1020 1019/1019/1019 1021/1021/1021
f 1022/1022/1022 1023/1023/1023 1024/1024/1024
f 1025/1025/1025 1026/1026/1026 1027/1027/1027
f 1025/1025/1025 1027/1027/1027 1028/1028/1028
f 1029/1029/1029 1030/1030/1030 1031/1031/1031
f 1031/1031/1031 1032/1032/1032 1029/1029/1029
f 1033/1033/1033 1034/1034/1034 1035/1035/1035
f 1036/1036/1036 1037/1037/1037 1038/1038/1038
f 1038/1038/1038 1039/1039/1039 1036/1036/1036
f 1040/1040/1040 1041/1041/1041 1042/1042/1042
f 1042/1042/1042 1043/1043/1043 1040/1040/1040
f 1044/1044/1044 1045/1045/1045 1046/1046/1046
f 1046/1046/1046 1047/1047/1047 1044/1044/1044
f 1048/1048/1048 1049/1049/1049 1050/1050/1050
f 1049/1049/1049 1048/1048/1048 1051/1051/1051
f 1052/1052/1052 1053/1053/1053 1054/1054/1054
f 1053/1053/1053 1052/1052/1052 1055/1055/1055
f 1056/1056/1056 1057/1057/1057 1058/1058/1058
f 1058/1058/1058 1057/1057/1057 1059/1059/1059
f 1060/1060/1060 1061/1061/1061 1062/1062/1062
f 1061/1061/1061 1060/1060/1060 1063/1063/1063
f 1064/1064/1064 1065/1065/1065 1066/1066/1066
f 1065/1065/1065 1064/1064/1064 1067/1067/1067
f 1068/1068/1068 1069/1069/1069 1070/1070/1070
f 1071/1071/1071 1072/1072/1072 1073/1073/1073
f 1073/1073/1073 1074/1074/1074 1071/1071/1071
f 1075/1075/1075 1076/1076/1076 1077/1077/1077
f 1075/1075/1075 1077/1077/1077 1078/1078/1078
f 1079/1079/1079 1080/1080/1080 1081/1081/1081
f 1082/1082/1082 1083/1083/1083 1084/1084/1084
f 1085/1085/1085 1084/1084/1084 1083/1083/1083
f 1086/1086/1086 1087/1087/1087 1088/1088/1088
f 1089/1089/1089 1088/1088/1088 1087/1087/1087
f 1090/1090/1090 1091/1091/1091 1092/1092/1092
f 1091/1091/1091 1090/1090/1090 1093/1093/1093
f 1094/1094/1094 1095/1095/1095 1096/1096/1096
f 1095/1095/1095 1094/1094/1094 1097/1097/1097
f 1098/1098/1098 1099/1099/1099 1100/1100/1100
f 1099/1099/1099 1098/1098/1098 1101/1101/1101
f 1102/1102/1102 1103/1103/1103 1104/1104/1104
f 1103/1103/1103 1102/1102/1102 1105/1105/1105
f 1106/1106/1106 1107/1107/1107 1108/1108/1108
f 1107/1107/1107 1106/1106/1106 1109/1109/1109
f 1110/1110/1110 1111/1111/1111 1112/1112/1112
f 1111/1111/1111 1110/1110/1110 1113/1113/1113
f 1114/1114/1114 1115/1115/1115 1116/1116/1116
f 1117/1117/1117 1118/1118/1118 1119/1119/1119
f 1117/1117/1117 1119/1119/1119 1120/1120/1120
f 1121/1121/1121 1122/1122/1122 1123/1123/1123
f 1123/1123/1123 1124/1124/1124 1121/1121/1121
f 1125/1125/1125 1126/1126/1126 1127/1127/1127
f 1128/1128/1128 1129/1129/1129 1130/1130/1130
f 1131/1131/1131 1132/1132/1132 1133/1133/1133
f 1134/1134/1134 1135/1135/1135 1136/1136/1136
f 1137/1137/1137 1138/1138/1138 1139/1139/1139
