# Extracted from the Cocos Creator 3.8.3 playable build
# Geometry-only OBJ preview for Unity; rig and animation stay in the raw assets.
o guide_arrow
v -0.0252474975 0.0777282715 -0.0162762459
v -0.0289672855 0.0850698873 -0.0150610348
v -0.0261730962 0.0856658965 -0.016203003
v -0.027842408 0.0772592127 -0.0150872804
v -0.0208807364 0.0783886686 -0.0169125367
v -0.0213497933 0.0863769501 -0.0168188475
v -0.0268719476 0.0926242098 -0.0160217285
v -0.0215420537 0.0932141095 -0.0165881347
v -0.0300122071 0.0919775367 -0.0149169918
v -0.0141503904 0.0704458654 -0.0173049923
v -0.0203192141 0.0699261501 -0.0169552621
v -0.0143579105 0.0790103152 -0.0172433481
v -0.0144311525 0.0868661478 -0.0171179194
v -0.0243511964 0.0694885254 -0.0162710566
v -0.0138461301 0.0617156997 -0.0173223112
v -0.0199685674 0.0616033934 -0.0169579312
v -0.0238568112 0.0617626943 -0.0161347203
v -0.0133941649 0.0532577522 -0.0173336025
v -0.0203347784 0.0533206165 -0.0169190597
v -0.0243463144 0.0561563112 -0.0157205481
v -0.00662857061 0.0708108544 -0.0174337775
v -0.00651306147 0.0793618783 -0.017362671
v -0.006638336 0.0618984997 -0.017458953
v -0.00651062001 0.0531399548 -0.0174644478
v 0.000975151081 0.0619326793 -0.0174765773
v 0.0014061355 0.0709094256 -0.0174475089
v 0.000567216892 0.0530056767 -0.0174807739
v 0.0198342893 0.105616152 0.0127465818
v 0.0258355718 0.105661012 0.0123895267
v 0.0254479982 0.106511079 0.0102984617
v 0.0195172112 0.106533967 0.0105877686
v 0.0253140256 0.107249148 0.00737609854
v 0.0193960574 0.107340544 0.00749023445
v 0.029374389 0.106423646 0.0099475095
v 0.0294561759 0.107068479 0.00726013165
v 0.0296105966 0.105686799 0.0118432613
v 0.0193856806 0.107918546 0.00382446288
v 0.0122068785 0.107977062 0.00381469727
v 0.0121987918 0.107376248 0.00757385232
v 0.0253451541 0.107790373 0.00384033192
v 0.0122528076 0.10652481 0.0107751461
v 0.012465057 0.105578616 0.0129406741
v 0.00419601426 0.107383274 0.00762207014
v 0.00419601426 0.106508486 0.0108709717
v 0.0042289733 0.107994922 0.00381103507
v 0.00433990499 0.105549924 0.0130291749
v -0.00406005839 0.107994922 0.0038122558
v -0.00411064131 0.107382968 0.00762268063
v 0.0042447662 0.108239248 7.93457002e-05
v -0.00403533923 0.108239219 8.05664095e-05
v 0.0122187808 0.108221129 8.05664095e-05
v -0.00415855413 0.106508024 0.0108721927
v -0.00407943735 0.105548099 0.0130322268
v -0.012046814 0.108221702 8.17871114e-05
v -0.0120626828 0.107977293 0.00381713873
v -0.00404174812 0.108013153 -0.00365722645
v -0.0120382691 0.107996218 -0.00365966791
v 0.00422904966 0.108013079 -0.00365722645
v -0.0121171568 0.107376099 0.00757629378
v -0.0122100832 0.106523894 0.010778198
v -0.0122106932 0.105572201 0.0129522709
v -0.0120883174 0.107399292 -0.0074505615
v -0.0192703251 0.107939608 -0.0036682128
v -0.019313354 0.107363433 -0.00736938464
v -0.00408470165 0.107406311 -0.00749694835
v -0.0192913823 0.108162507 8.54492173e-05
v -0.0192810055 0.107919239 0.00382690434
v -0.0193255618 0.107340395 0.00749389641
v -0.0194668584 0.106532291 0.0105932616
v -0.0195910651 0.105606385 0.0127679445
v -0.0252838135 0.107811891 -0.00368408207
v -0.0253305063 0.108030193 8.78906285e-05
v -0.0252691656 0.107270658 -0.00725891115
v -0.025280457 0.107791364 0.00384399411
v -0.0252648927 0.107249148 0.00738098146
v -0.0253997799 0.106509246 0.0103063965
v -0.0256384276 0.105646208 0.0124230953
v -0.029442139 0.107087709 -0.00714843767
v -0.0296234135 0.107576981 -0.00369812013
v -0.0293737799 0.106443025 -0.00989135727
v -0.0254483037 0.106533356 -0.0102349855
v -0.0195092782 0.106557921 -0.0105194096
v -0.0297058113 0.107784025 9.52148403e-05
v -0.0296093747 0.107557148 0.00386779779
v -0.0294274911 0.107067414 0.00727355946
v -0.0293426514 0.106420897 0.00995971635
v -0.0295025632 0.105678864 0.0118841557
v -0.0316900648 0.106162719 -0.00977783184
v -0.0320880115 0.10669937 -0.00717834476
v -0.0313726813 0.105679475 -0.0112994388
v -0.0296185296 0.105697937 -0.0118225096
v -0.0258648675 0.105675809 -0.012363892
v -0.0324017331 0.10710869 -0.00371826161
v -0.0325177014 0.107285865 0.000127563471
v -0.0323846452 0.107087478 0.00395019539
v -0.0320697017 0.106673434 0.00735290535
v -0.0316607654 0.106137693 0.00987304654
v -0.0313043222 0.105661623 0.0113763427
v -0.0268872064 0.103285521 -0.0146325687
v -0.0307696536 0.103312686 -0.0138671873
v -0.0302069094 0.10475006 -0.0130963139
v -0.0264093019 0.104670413 -0.0138385007
v -0.0321795642 0.104958951 -0.0118817138
v -0.0329913348 0.103565522 -0.0123828128
v -0.0271545406 0.101202086 -0.0152343754
v -0.031033935 0.101072997 -0.014393311
v -0.0307696536 0.103312686 -0.0138671873
v -0.0268872064 0.103285521 -0.0146325687
v -0.031033935 0.101072997 -0.014393311
v -0.0329913348 0.103565522 -0.0123828128
v -0.0307696536 0.103312686 -0.0138671873
v -0.0330749527 0.10113205 -0.0125231929
v -0.0326068103 0.0971998572 -0.0127832033
v -0.0307885744 0.0974368304 -0.0146649173
v -0.0271911621 0.0978295878 -0.0157049559
v -0.0307885744 0.0974368304 -0.0146649173
v -0.0207467657 0.103287965 -0.015043335
v -0.020289002 0.104630128 -0.0141693112
v -0.0198550411 0.105631411 -0.0127215572
v -0.0211834721 0.101342164 -0.0156665035
v -0.0207467657 0.103287965 -0.015043335
v -0.0214581303 0.0981961042 -0.0161962882
v -0.0131015014 0.103209838 -0.0152471922
v -0.0127481082 0.1045871 -0.014319458
v -0.0124493409 0.105597839 -0.0129089355
v -0.0135113522 0.101289064 -0.0158691406
v -0.0131015014 0.103209838 -0.0152471922
v -0.0139639284 0.0983181745 -0.01642395
v -0.0143118287 0.0934954807 -0.016853027
v -0.0048043821 0.103151858 -0.015337524
v -0.00452331547 0.104515687 -0.0144055178
v -0.00430137618 0.105568543 -0.0129980473
v -0.00515251141 0.101202086 -0.0159454346
v -0.0048043821 0.103151858 -0.015337524
v -0.0055888365 0.0982901007 -0.016488038
v 0.00377365109 0.103148498 -0.0153411869
v 0.00398109434 0.104511715 -0.0144085698
v 0.0041284943 0.105567321 -0.0130004883
v 0.00350219733 0.101193234 -0.0159503166
v 0.00377365109 0.103148498 -0.0153411869
v 0.00315315253 0.0982861295 -0.0164917
v 0.0121070864 0.103199154 -0.015262451
v 0.0122357178 0.10457886 -0.0143280029
v 0.0122904964 0.105594024 -0.0129162595
v 0.011919098 0.10127075 -0.0158850104
v 0.0121070864 0.103199154 -0.015262451
v 0.019821167 0.103280641 -0.0150671387
v 0.019820556 0.104621887 -0.0141839599
v 0.0197183229 0.105625764 -0.0127337649
v 0.0197293088 0.101359256 -0.0157196037
v 0.019821167 0.103280641 -0.0150671387
v 0.0260540769 0.10466522 -0.0138806151
v 0.026190795 0.103304751 -0.0147100827
v 0.0257690437 0.105667569 -0.0123822019
v 0.0299981683 0.104743809 -0.0131744388
v 0.0303179938 0.10330078 -0.0140045164
v 0.0295678712 0.105691224 -0.0118487552
v 0.0138775632 0.0525674447 -0.0173230749
v 0.00748718251 0.0528198257 -0.0174555201
v 0.00846405048 0.0617959611 -0.0174412541
v 0.0152929686 0.0615621954 -0.0172820278
v 0.0093186954 0.0707269311 -0.0174053963
v 0.0164343268 0.0703277588 -0.0172332767
v 0.0208853148 0.0615444928 -0.0168933105
v 0.0219119266 0.0698364228 -0.0167904664
v 0.0174249262 0.0788110346 -0.0171493534
v 0.0230722055 0.078144528 -0.0166809075
v 0.0100399777 0.0792553723 -0.0173254386
v 0.0266180411 0.0774932876 -0.0157617182
v 0.0254452508 0.0693728626 -0.015804138
v 0.024233399 0.0860382095 -0.0165325925
v 0.0278857425 0.0853097513 -0.0156182861
v 0.0182928462 0.0866778567 -0.0170074459
v 0.0246151742 0.0617813095 -0.0157773588
v 0.0388690196 0.0537072755 -0.0142153166
v 0.040152587 0.0512557998 -0.0153784184
v 0.0382928476 0.0519348159 -0.015481567
v 0.0410894789 0.0527481064 -0.0140896607
v 0.0349755846 0.0540969856 -0.0140364841
v 0.0347509757 0.0521560684 -0.0155298617
v 0.0347509757 0.0521560684 -0.0155298617
v 0.037695311 0.0500970446 -0.0160327144
v 0.0349011235 0.0492294319 -0.0163693242
v 0.0382928476 0.0519348159 -0.015481567
v 0.040152587 0.0512557998 -0.0153784184
v 0.0387023911 0.0491793826 -0.0161437988
v 0.0302258302 0.052299805 -0.0154924011
v 0.0303460695 0.0479458608 -0.0165570062
v 0.0244052131 0.0463314801 -0.0168981925
v 0.0266375728 0.0530627444 -0.0154138179
v 0.0317181386 0.0432485975 -0.0169104002
v 0.0265765376 0.0390466303 -0.0171401985
v 0.0358819589 0.0465417467 -0.0166456606
v -0.0341076665 0.0506469719 -0.0160735324
v -0.0293841548 0.0503170788 -0.0161886588
v -0.0340167247 0.0481634513 -0.0165356454
v -0.0293261725 0.0465048216 -0.0167500302
v -0.0370202623 0.0491751097 -0.0162725821
v -0.0377313234 0.0506933592 -0.0158608239
v -0.034642946 0.045328673 -0.0167480465
v -0.0377532952 0.0480410755 -0.0163824465
v -0.0303692631 0.0419775397 -0.0169927981
v 0.0324920639 0.0913529992 -0.0114990231
v 0.0313238539 0.0843956023 -0.0118115237
v 0.0300360098 0.0847579986 -0.0141113279
v 0.0312701426 0.0916476473 -0.0138555905
v 0.0278857425 0.0853097513 -0.0156182861
v 0.0290997308 0.0922079459 -0.0153649906
v 0.0266180411 0.0774932876 -0.0157617182
v 0.0287640374 0.07698486 -0.0142105101
v 0.0300701912 0.0766171291 -0.011934814
v 0.0288861077 0.0686651617 -0.011847687
v 0.0275689699 0.0689660609 -0.0141741941
v 0.031029053 0.0763560459 -0.00877105724
v 0.029876098 0.0685098246 -0.00862121582
v 0.032267455 0.0841690078 -0.00868408196
v 0.031754151 0.076215364 -0.00496093743
v 0.0306103509 0.0684690103 -0.00487045292
v 0.0329772942 0.0840644091 -0.00489501934
v 0.0291015618 0.062141113 -0.00829200726
v 0.0280590821 0.0619221479 -0.0115380101
v 0.0298657231 0.0624280535 -0.0046828459
v 0.032125853 0.0761669129 -0.00114227296
v 0.0333398432 0.0840355083 -0.00100280764
v 0.0309863277 0.0684717968 -0.00121261599
v 0.0302636717 0.0626340136 -0.00123474118
v 0.0297424309 0.0590901189 -0.00454071024
v 0.0288806148 0.0585122667 -0.00799026527
v 0.0301745608 0.0594469272 -0.00127006532
v 0.0302166753 0.0626178384 0.00209716801
v 0.0309191886 0.0684854537 0.00233413698
v 0.0320312493 0.0761720687 0.00259246817
v 0.0301385503 0.0594203584 0.00188087462
v 0.0308178719 0.0582174696 -0.00137569429
v 0.0303601082 0.0578569807 -0.0046224785
v 0.0307843015 0.0582041927 0.00177246099
v 0.0297167972 0.0624213405 0.00558074936
v 0.0304235835 0.0685121939 0.00605743425
v 0.0315081775 0.0762446597 0.00646331767
v 0.0296008307 0.0590327457 0.00515438057
v 0.03024414 0.0577893816 0.00501508731
v 0.0328247063 0.0575782023 0.00178083417
v 0.0308178719 0.0582174696 -0.00137569429
v 0.0307843015 0.0582041927 0.00177246099
v 0.0328533947 0.057581652 -0.00158611301
v 0.0322637931 0.0571598038 0.00519347191
v 0.03024414 0.0577893816 0.00501508731
v 0.0287054442 0.0584571846 0.0085621262
v 0.0288800057 0.0621656813 0.00912025478
v 0.0296057127 0.0686004609 0.00970932003
v 0.029293824 0.05699417 0.0083624078
v 0.0314434804 0.0564718619 0.00861051213
v 0.029293824 0.05699417 0.0083624078
v 0.0276220702 0.0578613281 0.0115954019
v 0.0277880859 0.0619772337 0.0121521764
v 0.0285113528 0.0688269064 0.012638092
v 0.0282537844 0.0559703074 0.0112978555
v 0.0307592768 0.0555296317 0.0115960119
v 0.0282537844 0.0559703074 0.0112978555
v 0.0353063978 0.0552528389 0.0119548412
v 0.0358038321 0.0561486818 0.00914200768
v 0.0363671891 0.0568711087 0.005657339
v 0.0263775643 0.0619482435 0.014380875
v 0.0270855706 0.0691958591 0.014698334
v 0.0263177492 0.0572656244 0.0138731953
v 0.0273883063 0.054945372 0.0134953503
v 0.0304162595 0.0544128418 0.0137646869
v 0.0273883063 0.054945372 0.0134953503
v 0.0349798575 0.0541662611 0.0139527507
v 0.0388507098 0.0539340228 0.01402729
v 0.039355468 0.0549879447 0.0120776752
v 0.0398669429 0.0558050536 0.00942271203
v 0.0246246345 0.0561782829 0.015613446
v 0.0267016608 0.0534234606 0.0152403256
v 0.0242608637 0.0619180314 0.0160168465
v 0.0303057861 0.0527035519 0.0153715517
v 0.0267016608 0.0534234606 0.0152403256
v 0.0348046869 0.0524227917 0.0154637145
v 0.0267016608 0.0534234606 0.0152403256
v 0.0211328119 0.0518167131 0.0169008635
v 0.0260620117 0.049628906 0.0164668281
v 0.0246246345 0.0561782829 0.015613446
v 0.020442199 0.0616250597 0.0169268791
v 0.0242608637 0.0619180314 0.0160168465
v 0.0303057861 0.0527035519 0.0153715517
v 0.0305798333 0.0494525135 0.0163705442
v -0.0300720222 0.0524179079 0.0154748531
v -0.0274114981 0.0550134294 0.013355732
v -0.0302227791 0.0543591306 0.0138742067
v -0.0266595464 0.0533670038 0.0152770234
v -0.0248358157 0.0561953746 0.0154952863
v -0.0274114981 0.0550134294 0.013355732
v -0.0266595464 0.0533670038 0.0152770234
v -0.026550293 0.0573431402 0.013520889
v -0.0258691404 0.0491796881 0.016534118
v -0.0211822502 0.0516329966 0.0169027708
v -0.0266595464 0.0533670038 0.0152770234
v -0.0248358157 0.0561953746 0.0154952863
v -0.0300720222 0.0524179079 0.0154748531
v -0.0302972421 0.0489437878 0.0164466854
v -0.0345471203 0.0521090701 0.0155813601
v -0.0347015373 0.0539868176 0.0141880801
v -0.0345471203 0.0521090701 0.0155813601
v -0.0347882062 0.0494921878 0.0163742062
v -0.0381787121 0.051975403 0.015522385
v -0.0387170427 0.0538446046 0.0141729359
v -0.0376464836 0.0501968376 0.0160535425
v -0.0381787121 0.051975403 0.015522385
v -0.0283770747 0.0561462417 0.0108697554
v -0.0306243896 0.0556159988 0.0113921352
v -0.0283770747 0.0561462417 0.0108697554
v -0.0278961174 0.0580416881 0.0108903125
v -0.035077516 0.0553062446 0.011819534
v -0.039273683 0.0550964363 0.0118173985
v -0.0294818114 0.0572537221 0.00753084198
v -0.0314062499 0.0566569529 0.0079405643
v -0.0294818114 0.0572537221 0.00753084198
v -0.029005127 0.0586672984 0.00748279551
v -0.0356964096 0.0563305654 0.00844069757
v -0.030386962 0.058029633 0.00388423912
v -0.0323217772 0.0573547371 0.00413951883
v -0.030386962 0.058029633 0.00388423912
v -0.0298577882 0.0592690259 0.00384246837
v -0.0363891609 0.0570306405 0.00453984272
v -0.0307696536 0.0583112128 0.000491600018
v -0.0301971436 0.0595671162 0.000457229617
v -0.0307696536 0.0583112128 0.000491600018
v -0.0328082293 0.0576393306 0.000563201902
v -0.0436486825 0.0479345694 0.0119017027
v -0.0404217541 0.0449609384 0.0143196108
v -0.0426348895 0.0482186899 0.0139076235
v -0.0414428711 0.0443984978 0.0122506712
v -0.0429516584 0.0504977405 0.0134526063
v -0.0438568108 0.0505886823 0.011565933
v -0.04209961 0.0502835065 0.0145641323
v -0.0414453112 0.0485818498 0.0151724247
v -0.0392327867 0.0453836061 0.0156632997
v -0.0367187485 0.040001221 0.0147033688
v -0.0377532952 0.0392739885 0.012622375
v -0.0354235843 0.0405715927 0.0160198975
v -0.0321508795 0.0340780653 0.0150753781
v -0.0331695564 0.0331433117 0.0129406741
v -0.0307879634 0.0349600203 0.0164089967
v -0.0266015623 0.0277926642 0.0153308101
v -0.0275653079 0.0266616829 0.0131249996
v -0.0266015623 0.0277926642 0.0153308101
v -0.0307879634 0.0349600203 0.0164089967
v -0.0321508795 0.0340780653 0.0150753781
v -0.0253173821 0.0290933233 0.0166992191
v -0.0203387458 0.0197637938 0.0131561281
v -0.0195095818 0.0210250858 0.0153277591
v -0.0184274297 0.0226828009 0.0166961662
v -0.0195095818 0.0210250858 0.0153277591
v -0.0422827154 0.0439100638 0.00922103878
v -0.0386047363 0.0386206061 0.00954437256
v -0.0445306413 0.0476881415 0.00901336689
v -0.0339837633 0.0322918706 0.00981231686
v -0.0283178706 0.0256632995 0.00997253414
v -0.0209863279 0.0186752323 0.010056152
v -0.0429406725 0.0435126498 0.00542175304
v -0.0392687991 0.0381497964 0.00563232414
v -0.045214843 0.0473728925 0.00528884865
v -0.0346118174 0.0317101292 0.00582458498
v -0.0288928226 0.0249967948 0.00594665529
v -0.0396319591 0.0379024707 0.00140106201
v -0.0350158699 0.0314816087 0.00150878902
v -0.0432714857 0.0432519168 0.0012838745
v -0.0293145757 0.0247331429 0.001564331
v -0.0395312496 0.0379587188 -0.00281127938
v -0.0430743396 0.0431685261 -0.00285644527
v -0.0350427255 0.0317030326 -0.00279785157
v 0.0302282721 0.104745179 0.0130999759
v 0.0264312737 0.104662172 0.0138421627
v 0.0270080566 0.103273623 0.0146258548
v 0.0308477785 0.103309631 0.0138513185
v 0.0313806161 0.105673827 0.0113159176
v 0.0322015397 0.104955293 0.0118768308
v 0.0330267325 0.10356766 0.0123382565
v 0.0270080566 0.103273623 0.0146258548
v 0.0273712166 0.101187743 0.0152124027
v 0.0308477785 0.103309631 0.0138513185
v 0.031182861 0.101071164 0.014318848
v 0.0330267325 0.10356766 0.0123382565
v 0.031182861 0.101071164 0.014318848
v 0.0331329331 0.101142883 0.012440186
v 0.0308477785 0.103309631 0.0138513185
v 0.0309161376 0.0974346921 0.0145678706
v 0.032695923 0.0972213745 0.0126513671
v 0.0274786372 0.097813718 0.0156683344
v 0.0309161376 0.0974346921 0.0145678706
v 0.020357972 0.104621276 0.0141741941
v 0.0209701546 0.10327515 0.0150396731
v 0.0209701546 0.10327515 0.0150396731
v 0.0215573125 0.101327516 0.0156481937
v 0.0219351202 0.0981738269 0.0161706544
v 0.022059327 0.0932452381 0.0165539552
v 0.0271881111 0.0926297009 0.0159747321
v 0.0301843267 0.091966249 0.0147747807
v 0.0218624882 0.086517334 0.0167785641
v 0.0265252683 0.0857504308 0.0161462408
v 0.0292071532 0.0850534067 0.0148565676
v 0.0256332401 0.0778903216 0.0161932372
v 0.0281097405 0.0772564709 0.0148468018
v 0.0213787835 0.0786416605 0.0168725587
v 0.0128906248 0.104565121 0.0143334959
v 0.0134436032 0.103197634 0.0152526852
v 0.0134436032 0.103197634 0.0152526852
v 0.0140524292 0.101281434 0.0158673096
v 0.014645081 0.0983038321 0.0164086912
v 0.0150640868 0.0935391262 0.0168304443
v 0.0152368164 0.0869992077 0.0170880128
v 0.0152142337 0.0792285129 0.0172128305
v 0.0150689697 0.0706188977 0.0172760002
v 0.0208007805 0.0701983646 0.0169201661
v 0.0247543342 0.069676511 0.0161676034
v 0.014832153 0.0613259897 0.0172959901
v 0.0146646118 0.0504336543 0.0172866825
v 0.00471183797 0.104499206 0.0144165037
v 0.00521759037 0.10313873 0.0153460689
v 0.00521759037 0.10313873 0.0153460689
v 0.00577720627 0.10119202 0.0159478765
v 0.00636199955 0.0982894897 0.0164868161
v 0.00689010601 0.0936538726 0.016928101
v 0.00726943975 0.0872384608 0.0172052011
v 0.00750427227 0.0795376599 0.0173486322
v 0.00767227169 0.070892334 0.0174224861
v 0.00769851683 0.061239928 0.0174496453
v -0.00377571117 0.104494631 0.0144201657
v -0.00334960944 0.103131406 0.0153540038
v -0.00334960944 0.103131406 0.0153540038
v -0.00289478293 0.10117615 0.0159558114
v -0.00242774957 0.0982781947 0.0164935309
v -0.00193000794 0.0936813354 0.0169342048
v -0.00145629887 0.0873089582 0.0172167961
v -0.00103939057 0.0796151757 0.0173684694
v -0.000685815816 0.0709793121 0.0174481198
v -0.0120007321 0.104548037 0.0143505856
v -0.0116795348 0.103176266 0.0152819827
v -0.0116795348 0.103176266 0.0152819827
v -0.0113505553 0.101247251 0.0158953853
v -0.0110237123 0.0983135998 0.0164483637
v -0.0106031802 0.0936117545 0.0168957524
v -0.0100991819 0.0871646106 0.0171777345
v -0.00953765865 0.0794552639 0.017327575
v -0.0195391849 0.104605407 0.0141998287
v -0.0193756111 0.103260189 0.0150891114
v -0.0193756111 0.103260189 0.0150891114
v -0.0191812143 0.101339109 0.0157354735
v -0.0189001467 0.098286435 0.0163030997
v -0.0184564218 0.0934393331 0.0167419426
v -0.0258050542 0.10465546 0.0139147947
v -0.0258392338 0.103298947 0.01475708
v -0.0258392338 0.103298947 0.01475708
v -0.0257104486 0.101271056 0.0154156499
v -0.025383912 0.0980014056 0.0159484856
v -0.029876709 0.104737245 0.0132202152
v -0.0301580802 0.103294678 0.0140533447
v -0.0301580802 0.103294678 0.0140533447
v -0.0301806647 0.10109558 0.0146307377
v -0.0320446789 0.104919285 0.0120422365
v -0.0327227786 0.103521273 0.0126977535
v 0.0352215581 0.104755856 0.0036499023
v 0.0337573253 0.105900727 0.0073065185
v 0.03479065 0.104489595 0.00724426284
v 0.0341223143 0.106241301 0.00378173823
v 0.0332104489 0.105470732 0.0100231934
v 0.0341326892 0.104030758 0.0101196291
v 0.0332104489 0.105470732 0.0100231934
v 0.0320916735 0.106683962 0.00727600092
v 0.0316949449 0.106148072 0.00982116722
v 0.0337573253 0.105900727 0.0073065185
v 0.0324041732 0.107094653 0.00385864265
v 0.0341223143 0.106241301 0.00378173823
v 0.0342694074 0.106391884 -0.000100097655
v 0.0353900157 0.104854651 -0.000272827136
v 0.0325299054 0.107287236 3.11279291e-05
v 0.0342694074 0.106391884 -0.000100097655
v 0.0340978988 0.106233522 -0.00397888198
v 0.035166014 0.104731061 -0.00417602528
v 0.032406006 0.107099682 -0.00380981434
v 0.0340978988 0.106233522 -0.00397888198
v 0.0337145999 0.105884701 -0.00749267591
v 0.0347003192 0.104440153 -0.00771240238
v 0.0320892334 0.106688842 -0.00725402823
v 0.0337145999 0.105884701 -0.00749267591
v 0.0331451409 0.105452731 -0.0101947021
v 0.0340020768 0.103968203 -0.0105242915
v 0.0331451409 0.105452731 -0.0101947021
v 0.0316809081 0.106149904 -0.0098297121
v 0.0320690908 0.104927368 -0.0120184328
v 0.0327435285 0.103530735 -0.0126867676
v 0.0313305669 0.105668947 -0.0113488771
v 0.0320690908 0.104927368 -0.0120184328
v 0.0327435285 0.103530735 -0.0126867676
v 0.0356774889 0.102029145 -0.000463867182
v 0.0354028307 0.101920016 -0.00434204098
v 0.0355047621 0.101965711 0.00344604487
v 0.0348315425 0.101643369 -0.00783752464
v 0.0340026841 0.101318359 -0.0107000731
v 0.0327941887 0.101114042 -0.0130035402
v 0.0327941887 0.101114042 -0.0130035402
v 0.0303179938 0.10330078 -0.0140045164
v 0.0327435285 0.103530735 -0.0126867676
v 0.0303448495 0.10109558 -0.0145874023
v 0.0349774174 0.0974884778 -0.0045428467
v 0.0343383774 0.0973208621 -0.00811645482
v 0.035297852 0.0975812599 -0.000650024391
v 0.0334558114 0.0971952826 -0.011071167
v 0.032261353 0.0972485319 -0.0133917239
v 0.0303448495 0.10109558 -0.0145874023
v 0.0299633797 0.0975729376 -0.0150231933
v 0.0334149152 0.0912600681 -0.00842712447
v 0.0420062244 0.0500955209 0.0147016905
v 0.0422546379 0.0478210449 0.0141528323
v 0.0428881831 0.0502310172 0.0136402128
v 0.0411437973 0.0483117662 0.01537262
v 0.0398248285 0.0444274917 0.0145678706
v 0.0387683101 0.0451449603 0.0158604439
v 0.0400317386 0.0489428714 0.0159280393
v 0.0387683101 0.0451449603 0.0158604439
v 0.0411437973 0.0483117662 0.01537262
v 0.0375317372 0.0459518433 0.0164739992
v 0.0420062244 0.0500955209 0.0147016905
v 0.0413384996 0.0509487912 0.0149832917
v 0.0432843007 0.0474050902 0.012171478
v 0.0408087149 0.0436882004 0.0125059513
v 0.0438079834 0.0502500907 0.0118412022
v 0.0338421613 0.0421035774 0.0169018563
v 0.0360583514 0.0474279784 0.0165750124
v 0.031898804 0.0452267453 0.0168591309
v 0.0350097641 0.0498580933 0.0163111873
v 0.0377594009 0.0504245013 0.0159806833
v 0.0388494879 0.0496582016 0.0161096193
v 0.035146486 0.0406082161 0.0162039176
v 0.035146486 0.0406082161 0.0162039176
v 0.0361572281 0.0394934081 0.0149124144
v 0.0270013437 0.0429284684 0.0170150753
v 0.0292352289 0.0375927724 0.0171609502
v 0.0306585692 0.0352026373 0.0165243521
v 0.0215417482 0.0404000841 0.0172061156
v 0.0237414557 0.0325524919 0.0173007194
v 0.0181506351 0.020076599 -0.0155175785
v 0.00830444321 0.0147561645 -0.0165277105
v 0.0169110112 0.0213290397 -0.0167169198
v 0.00915176421 0.013124695 -0.0153607177
v 0.00721878046 0.0190478507 -0.0170483403
v 0.0153604122 0.0237042233 -0.0172259528
v -0.000971832254 0.0122488402 -0.0161724854
v -0.000758256938 0.0173883066 -0.016993409
v -0.00100864412 0.00988433883 -0.0153900143
v 0.0243212897 0.028285522 -0.0166625977
v 0.0227377322 0.0299197379 -0.0172100831
v 0.0137161259 0.0295114145 -0.0173406973
v 0.0205004886 0.0339749157 -0.0172924809
v 0.00664138794 0.0267889407 -0.0173376463
v 0.025537109 0.0270837396 -0.0154968258
v 0.0182342529 0.0399356075 -0.0172625724
v 0.0125514222 0.0368749984 -0.0173654184
v 0.0286578368 0.0357681289 -0.0170111079
v 0.0300476067 0.0344854742 -0.0163616948
v 0.0311840829 0.0334036238 -0.0152481077
v 0.0334130861 0.040902406 -0.0167669673
v 0.034642335 0.0399411023 -0.0160894766
v 0.0356988534 0.0390942395 -0.0149249267
v 0.0371502675 0.0451937877 -0.0164161678
v 0.0382855237 0.0445083603 -0.0157925412
v 0.0382855237 0.0445083603 -0.0157925412
v 0.0356988534 0.0390942395 -0.0149249267
v 0.034642335 0.0399411023 -0.0160894766
v 0.0393066406 0.043900758 -0.0146215819
v 0.03972473 0.0483663939 -0.0159599297
v 0.0407336429 0.0477624498 -0.0154122924
v 0.0407336429 0.0477624498 -0.0154122924
v 0.0417889394 0.0473168939 -0.0142973326
v 0.0417443849 0.0494351201 -0.0149369808
v 0.0426800549 0.049596861 -0.0139648439
v 0.0417443849 0.0494351201 -0.0149369808
v 0.0411834717 0.0503118895 -0.015202255
v 0.0441625975 0.0470925905 0.00934478734
v 0.0446429439 0.0502259843 0.00918411277
v 0.0416412354 0.043088533 0.00951812789
v 0.0370611586 0.0384805314 0.0128134154
v 0.037836913 0.0376492292 0.00976989791
v 0.0325292982 0.0324462876 0.0130654909
v 0.0332287587 0.0314138792 0.00996124279
v 0.0316888429 0.0336962901 0.0152334599
v 0.0306585692 0.0352026373 0.0165243521
v 0.0252191164 0.0292959586 0.0167767331
v 0.0316888429 0.0336962901 0.0152334599
v 0.0262072757 0.0275347903 0.0154150389
v 0.0262072757 0.0275347903 0.0154150389
v 0.026976319 0.0260916129 0.0131799318
v 0.0182907097 0.0227069091 0.0167498775
v 0.019168701 0.0207818598 0.0153656006
v 0.019168701 0.0207818598 0.0153656006
v 0.0197921749 0.0192855839 0.0131640621
v 0.0102453614 0.0136727905 0.0151391597
v 0.00964691117 0.0159097295 0.0165911857
v 0.0106231691 0.0122210691 0.0130541995
v 0.0102453614 0.0136727905 0.0151391597
v 0.0102453614 0.0136727905 0.0151391597
v -0.000235133164 0.00967620872 0.0153161623
v -0.000367169385 0.00750946067 0.0136248777
v 0.0106231691 0.0122210691 0.0130541995
v -0.000235133164 0.00967620872 0.0153161623
v -8.10384736e-05 0.0126608275 0.0162347406
v 0.0169351194 0.0271142572 0.0173315424
v 0.00869857799 0.0224270634 0.0172241218
v 4.69768056e-05 0.0205575563 0.0171051025
v -0.00977203343 0.0159664918 0.0165679939
v -0.00864501949 0.0223696902 0.017221069
v -0.0105957035 0.0139059452 0.015116577
v -0.0169436652 0.0269342046 0.0173297115
v 0.0151962284 0.0375842303 0.0173300169
v 0.00787750259 0.035297852 0.0174224861
v 2.99465664e-05 0.0344824232 0.0174243171
v 0.00763748167 0.0495373532 0.0174568184
v 0.0290997308 0.0922079459 -0.0153649906
v 0.0251580812 0.0929080173 -0.0162799079
v 0.0257611088 0.097983703 -0.0158941653
v 0.0299633797 0.0975729376 -0.0150231933
v 0.043841552 0.0527583323 0.00917854346
v 0.0453021228 0.0501354225 0.00569747947
v 0.0444073491 0.052970659 0.00572418235
v 0.0448791496 0.0468141921 0.00574630732
v 0.0430792235 0.0524243154 0.0117827607
v 0.0447497554 0.0530696474 0.00183509826
v 0.045712281 0.0500175841 0.00178535457
v 0.045283813 0.0466053002 0.00176330563
v 0.0447662361 0.0530012511 -0.0021635436
v 0.0456860363 0.049943123 -0.00224914541
v 0.0451989733 0.0465504825 -0.00233093253
v 0.0423028581 0.0426560976 0.00578948995
v 0.042678833 0.0424036793 0.00174407964
v 0.0425659195 0.0423408896 -0.00235870364
v 0.0384301767 0.0370527655 0.00591369625
v 0.0387591571 0.0367061235 0.00175170903
v 0.0386566147 0.0366767123 -0.00241180416
v 0.0340264887 0.0302591324 0.00174072268
v 0.0339270011 0.030259667 -0.00251098629
v 0.0337353498 0.030672837 0.00601196289
v 0.033499755 0.0306547545 -0.00673889183
v 0.0381719954 0.0369566344 -0.00656951917
v 0.0420159921 0.0424813852 -0.00642578118
v 0.0279675294 0.0240644831 0.00603942852
v 0.0282177739 0.0235992819 0.00168457034
v 0.0281036384 0.0236026384 -0.00265380857
v 0.0276977532 0.024037933 -0.00692321779
v 0.0205682367 0.0165771861 -0.00277832034
v 0.0201669317 0.0170318596 -0.00707824714
v 0.0207101442 0.0165801626 0.00163635251
v 0.0111543275 0.00944282487 0.00163391116
v 0.0110098263 0.00945827458 -0.00282165525
v 0.0106626889 0.00995910633 -0.00711486815
v -0.00101863861 0.00629913341 -0.0112188719
v 0.0102397157 0.0108164977 -0.0108300783
v -0.000898380298 0.00527404808 -0.00733093265
v 0.0106626889 0.00995910633 -0.00711486815
v -0.0122346496 0.011048737 -0.00715698255
v -0.0119288638 0.011986237 -0.010848999
v -0.000791282626 0.00472656265 -0.00290649408
v -0.0123886112 0.0104090879 -0.00284973136
v 0.0110098263 0.00945827458 -0.00282165525
v 0.0102397157 0.0108164977 -0.0108300783
v 0.0196493529 0.0178533942 -0.01085144
v 0.0271447748 0.0248368829 -0.0107220458
v 0.0190121457 0.0189031977 -0.0136413574
v 0.0264447015 0.0258816537 -0.0135729983
v 0.00975982659 0.0119046019 -0.0135388188
v 0.0328820795 0.0313717648 -0.0105206296
v 0.0321044922 0.0323254392 -0.0133541869
v 0.0374755859 0.0374931321 -0.0102923587
v 0.0366204828 0.0382467657 -0.0130654909
v 0.0311840829 0.0334036238 -0.0152481077
v 0.025537109 0.0270837396 -0.0154968258
v 0.041239012 0.042794954 -0.0100564575
v 0.040290527 0.0432980359 -0.0127847288
v 0.0428314209 0.0469683856 -0.0125033567
v 0.0438275151 0.0467471331 -0.00986969005
v 0.0446496569 0.0466280356 -0.00635162368
v 0.0436627194 0.0497222915 -0.0122575378
v 0.0445440672 0.0498373397 -0.00970855728
v 0.0452435315 0.0499044806 -0.00622985838
v 0.0422570817 0.0513348393 -0.0139598083
v 0.0431347638 0.0519174188 -0.012170258
v 0.0411834717 0.0503118895 -0.015202255
v 0.0439184569 0.0523957834 -0.0095904544
v 0.0444671623 0.0527541339 -0.00611015316
v -0.033713989 0.0972122177 -0.0103247073
v -0.0341912843 0.101361081 -0.0101397708
v -0.0328100584 0.0913124084 -0.0105670169
v -0.0317065418 0.0915350318 -0.0130737303
v -0.0300122071 0.0919775367 -0.0149169918
v -0.0341119394 0.1040271 -0.0101580806
v -0.0349676497 0.101708069 -0.00715820305
v -0.0347766131 0.104491577 -0.00726318359
v -0.0354833975 0.101975478 -0.00358093251
v -0.0352111831 0.104758456 -0.00365295401
v -0.0350946039 0.0975271612 -0.00355163566
v -0.0345281996 0.0973706022 -0.00721008284
v -0.0342614762 0.106388137 0.00019348145
v -0.0353820808 0.104853302 0.000266113289
v -0.0341168195 0.106250532 -0.00369812013
v -0.0340905748 0.106221236 0.00405517593
v -0.0351635739 0.104727022 0.00414367672
v -0.0356726088 0.102033444 0.000311889657
v -0.0354150385 0.101937637 0.00416381843
v -0.0337500013 0.105913848 -0.00725585921
v -0.033197023 0.105478972 -0.0100122066
v -0.0321795642 0.104958951 -0.0118817138
v -0.0331457518 0.105443723 0.010198364
v -0.0337109379 0.105870821 0.00752868643
v -0.0331457518 0.105443723 0.010198364
v -0.0347070321 0.104440153 0.00765014626
v -0.0340118408 0.103969269 0.0104687503
v -0.0337109379 0.105870821 0.00752868643
v -0.0340905748 0.106221236 0.00405517593
v -0.0342614762 0.106388137 0.00019348145
v -0.0341168195 0.106250532 -0.00369812013
v -0.0337500013 0.105913848 -0.00725585921
v -0.033197023 0.105478972 -0.0100122066
v -0.0384313948 0.0467047133 -0.0162475593
v -0.0410589613 0.0482226573 -0.0153228762
v -0.0402532965 0.0490997322 -0.0157713313
v -0.0391516127 0.0456130989 -0.0156912226
v -0.041822508 0.0496115126 -0.0148736574
v -0.0413104258 0.0505444333 -0.0150773618
v -0.0419842526 0.0476626605 -0.0142613221
v -0.041822508 0.0496115126 -0.0148736574
v -0.0410589613 0.0482226573 -0.0153228762
v -0.0426556394 0.0496923812 -0.0139773563
v -0.0391516127 0.0456130989 -0.0156912226
v -0.0399652086 0.0447949208 -0.0145726018
v -0.0429583751 0.0473086536 -0.0125834653
v -0.0408459455 0.0441386402 -0.012820282
v -0.0435791016 0.0497955307 -0.0124070738
v -0.0354815684 0.0431945808 -0.0166409295
v -0.0361718759 0.04180298 -0.015946351
v -0.0361718759 0.04180298 -0.015946351
v -0.0369451903 0.0407373048 -0.0148254391
v -0.0377459712 0.0398110971 -0.0130493166
v -0.0417279042 0.0436215214 -0.0102453614
v -0.038488768 0.0389855951 -0.0104183964
v -0.0439239517 0.0471229553 -0.0101498412
v -0.0447473153 0.047023315 -0.00683151232
v -0.0424938947 0.0433042906 -0.00681030285
v -0.0390960686 0.0383445732 -0.00687957741
v -0.0323852524 0.0371209718 -0.016239319
v -0.0331567377 0.0357650742 -0.0151260374
v -0.0315856934 0.0388699323 -0.0168637093
v -0.0323852524 0.0371209718 -0.016239319
v -0.0338421613 0.0345330797 -0.0132922363
v -0.0344018564 0.0333616622 -0.010597229
v -0.034796752 0.0323666371 -0.00697113015
v -0.0331567377 0.0357650742 -0.0151260374
v -0.0270361323 0.0311135873 -0.0165478513
v -0.0278704837 0.0295755006 -0.015411377
v -0.0260168463 0.0330529772 -0.0171044916
v -0.0278704837 0.0295755006 -0.015411377
v -0.028501587 0.0280981436 -0.0135321049
v -0.0289251711 0.0267749019 -0.0107745361
v -0.000693902955 0.00463783275 0.00167602533
v 0.0111543275 0.00944282487 0.00163391116
v -0.0123287961 0.0102504734 0.00162170408
v -0.0218649283 0.0175851826 0.00159240724
v -0.0123886112 0.0104090879 -0.00284973136
v -0.0123287961 0.0102504734 0.00162170408
v -0.0219348148 0.0177785102 -0.00285949698
v -0.0217395015 0.0184289552 -0.0071771238
v -0.0122346496 0.011048737 -0.00715698255
v 0.0205227658 0.0170975495 0.00604858389
v 0.0110469051 0.00999328587 0.00605041487
v 0.0110469051 0.00999328587 0.00605041487
v -0.000589055999 0.00508750929 0.00622192398
v -0.0120193483 0.0106622316 0.00604309095
v -0.0214736946 0.0179216769 0.00601928728
v -0.0120193483 0.0106622316 0.00604309095
v 0.0275634769 0.0249096677 0.0100457761
v 0.0202392582 0.0180244446 0.0100750737
v 0.0108872987 0.0109442137 0.0100305174
v 0.0108872987 0.0109442137 0.0100305174
v -0.000493984204 0.00593627943 0.0103833005
v -0.0116564939 0.0114765931 0.0100305174
v -0.0116564939 0.0114765931 0.0100305174
v -0.0111857606 0.0126150511 0.0130554195
v -0.0111857606 0.0126150511 0.0130554195
v -0.0105957035 0.0139059452 0.015116577
v -0.0105957035 0.0139059452 0.015116577
v -0.0306097418 0.0581792071 -0.002676239
v -0.0320593268 0.0569947809 -0.00617466914
v -0.0327008069 0.0574784465 -0.00280517573
v -0.029954223 0.0576403029 -0.0059121321
v -0.0368121341 0.0573516861 0.000665664673
v -0.036816407 0.0571897142 -0.00309892651
v -0.0364349373 0.0566616803 -0.00674816594
v -0.0406201184 0.0567965694 -0.00323317526
v -0.040445555 0.0562429801 -0.0070507382
v -0.0405718982 0.0569802485 0.000792074192
v -0.0427398682 0.0547653213 -0.00692573562
v -0.0429113768 0.0552571118 -0.00312562939
v -0.0406201184 0.0567965694 -0.00323317526
v -0.040445555 0.0562429801 -0.0070507382
v -0.0405718982 0.0569802485 0.000792074192
v -0.0428942889 0.0554535687 0.000874042511
v -0.0446972661 0.0530036539 -0.00302444468
v -0.0443872064 0.0526936352 -0.00682601938
v -0.0447161868 0.05316782 0.000954513554
v -0.0455993637 0.0501178727 -0.00297492975
v -0.0451348871 0.0500444025 -0.00680740364
v -0.0456909165 0.0502443314 0.00105674739
v -0.0453521721 0.0469899364 -0.00294631952
v -0.0455407724 0.047084026 0.00117843633
v -0.0358850099 0.0559112541 -0.0100265983
v -0.0312622078 0.056237489 -0.00946535822
v -0.0400335677 0.0555136092 -0.0102841761
v -0.0423590094 0.0541423038 -0.0101390453
v -0.0400335677 0.0555136092 -0.0102841761
v -0.0438177474 0.052305907 -0.010070648
v -0.044424437 0.0499365218 -0.010056763
v -0.039490968 0.0546400435 -0.0126382448
v -0.0353656001 0.0549763478 -0.0125113865
v -0.0423590094 0.0541423038 -0.0101390453
v -0.0417926013 0.0534680188 -0.0124954609
v -0.0417926013 0.0534680188 -0.0124954609
v -0.0430493169 0.0518244952 -0.0124025727
v -0.0411071777 0.0526641831 -0.0141369626
v -0.0389471427 0.053597413 -0.0142809292
v -0.0411071777 0.0526641831 -0.0141369626
v -0.0422290042 0.0513137802 -0.0139962006
v -0.0403198227 0.0515594482 -0.0152177429
v -0.0413104258 0.0505444333 -0.0150773618
v 0.040152587 0.0512557998 -0.0153784184
v 0.0410894789 0.0527481064 -0.0140896607
v 0.0417999253 0.0536724851 -0.0121803284
v -0.0236630253 0.031930849 0.0173080452
v -0.00783370994 0.0352508537 0.0174221806
v -0.0151733402 0.0374151617 0.0173309334
v -0.0214297492 0.0398028567 0.0172317512
v -0.000107405183 0.0493151844 0.0174797066
v -0.0078292843 0.049515076 0.0174549874
v -0.0148101803 0.0503701791 0.0172756203
v -0.000368361478 0.0612521358 0.0174779519
v -0.00899627712 0.0708236694 0.0174084473
v -0.00838882476 0.0612036139 0.0174427796
v -0.017074585 0.079050906 0.0171563718
v -0.0178356934 0.0868399069 0.0170141608
v -0.0162475593 0.0704834014 0.0172387697
v -0.0154061886 0.0612564087 0.0172799677
v -0.0248168949 0.0929775983 0.0163299553
v -0.023943482 0.0862057507 0.0165808108
v -0.0228442382 0.0783679187 0.0167224128
v -0.0217599496 0.0700091571 0.016824035
v -0.0209143069 0.0615454093 0.0168928523
v -0.0298358146 0.0975878909 0.0150604248
v -0.0289758295 0.092256166 0.015405884
v -0.0278027337 0.0854031369 0.0156500246
v -0.0265686028 0.0776135251 0.0157827754
v -0.0254107658 0.0694769323 0.0158209223
v -0.0246075448 0.0618426502 0.015777206
v -0.0327227786 0.103521273 0.0126977535
v -0.0327886976 0.101115726 0.0129968263
v -0.0327886976 0.101115726 0.0129968263
v -0.0322692879 0.0972634852 0.0133648682
v -0.0301806647 0.10109558 0.0146307377
v -0.0298358146 0.0975878909 0.0150604248
v -0.0289758295 0.092256166 0.015405884
v -0.0313146971 0.0916561857 0.0137762455
v -0.0320446789 0.104919285 0.0120422365
v -0.0327227786 0.103521273 0.0126977535
v -0.0340338126 0.101326294 0.0105847167
v -0.0348638929 0.10166809 0.00766052259
v -0.0344049074 0.0973460376 0.0078112795
v -0.0350122079 0.0975027457 0.0042028809
v -0.0335125737 0.0972178653 0.0108941654
v -0.0335076898 0.0912437439 0.00800231937
v -0.0341534428 0.0912715122 0.00422912603
v -0.0325616449 0.0913444534 0.0112725832
v -0.035297852 0.0975781828 0.000338134763
v -0.0344494618 0.0913048014 0.000354003918
v -0.0333471671 0.0840000734 0.000365600572
v -0.0330499262 0.0840007812 0.00423156749
v -0.0323748775 0.0840861499 0.00816528313
v -0.0318414308 0.0761413574 0.00420074444
v -0.0321380608 0.0761327147 0.000376892101
v -0.0311456304 0.0762634277 0.00821472146
v -0.0300024413 0.0684968531 0.00807937607
v -0.0307128914 0.0684716031 0.0041114809
v -0.0310107414 0.0684952363 0.000394287112
v -0.0342443846 0.0912926495 -0.00352111808
v -0.0331506357 0.0840331614 -0.00346313487
v -0.0319525152 0.0761952996 -0.00336151128
v -0.0308337398 0.068548739 -0.00319030765
v -0.0301171876 0.0626536161 -0.00296012871
v -0.0302960202 0.0627098307 0.000429306034
v -0.0299835205 0.0625296012 0.00397102349
v -0.030020142 0.0594256222 -0.00274360646
v -0.0336578377 0.0912620574 -0.00728942873
v -0.0325628668 0.084122315 -0.00731750485
v -0.0313720703 0.0763381943 -0.00721801771
v -0.0302630607 0.0686195344 -0.0069299317
v -0.0295361336 0.0624357611 -0.00647567771
v -0.0293878168 0.0589445494 -0.00604053494
v -0.031691283 0.0843283087 -0.0107293697
v -0.0304949954 0.0765927136 -0.0107077025
v -0.0293884277 0.0687359646 -0.0104348753
v -0.0286608879 0.0621742234 -0.0099119572
v -0.0305865481 0.0846469104 -0.0132592777
v -0.0293920897 0.0769116208 -0.0132739255
v -0.0282769781 0.0689353943 -0.0130883791
v -0.0289672855 0.0850698873 -0.0150610348
v -0.027842408 0.0772592127 -0.0150872804
v -0.021370545 0.0193830878 -0.0109008793
v -0.0119288638 0.011986237 -0.010848999
v -0.0293896478 0.0249692909 -0.00282287598
v -0.0292138681 0.0256813057 -0.00708251959
v -0.0290594473 0.0365957655 0.0171414185
v -0.0337615982 0.0413711555 0.0168557744
v -0.0354235843 0.0405715927 0.0160198975
v -0.0376745611 0.0457806401 0.0164283756
v -0.0392327867 0.0453836061 0.0156632997
v -0.0316650383 0.0442419425 0.0169210806
v -0.0359582528 0.0469625853 0.0166436769
v -0.0267468262 0.0418487564 0.017072143
v -0.0388269052 0.0494921878 0.0161378477
v -0.0401806645 0.048983153 0.015861664
v -0.0414453112 0.0485818498 0.0151724247
v -0.0401666276 0.0516149886 0.015301819
v -0.041377563 0.0509857163 0.0149367526
v -0.0401806645 0.048983153 0.015861664
v -0.041377563 0.0509857163 0.0149367526
v -0.0129113765 0.0453186035 -0.0173576362
v -0.00636604289 0.0445297249 -0.0174621586
v -0.0182620231 0.0468609631 -0.0171162412
v 0.00023769855 0.0442153923 -0.0174719244
v -0.02224884 0.043717958 -0.0170437619
v -0.0242706295 0.0370281972 -0.0171972662
v -0.0250900276 0.0505889878 -0.0163535308
v 0.0422497541 0.0545832813 0.00929332711
v 0.0426519774 0.0550903305 0.00583805097
v 0.0428814702 0.0554225557 0.00190959929
v 0.0416839607 0.05397873 0.0119131468
v 0.0416839607 0.05397873 0.0119131468
v 0.0422497541 0.0545832813 0.00929332711
v 0.0402679443 0.0565042868 0.00593492528
v 0.0426519774 0.0550903305 0.00583805097
v -0.0306097418 0.0581792071 -0.002676239
v -0.0300604254 0.0847619623 0.0140820313
v -0.0265686028 0.0776135251 0.0157827754
v -0.0278027337 0.0854031369 0.0156500246
v -0.028793335 0.0770010352 0.0141741941
v -0.0254107658 0.0694769323 0.0158209223
v -0.0276080314 0.0689993277 0.0141253658
v -0.0267449953 0.0618881211 0.013920364
v -0.0246075448 0.0618426502 0.015777206
v -0.0313897692 0.0843363926 0.0115692141
v -0.0301373284 0.0765576139 0.0116851805
v -0.0289636236 0.068661496 0.0115887448
v -0.0281512458 0.0620002747 0.01126236
v -0.0292388909 0.062234953 0.00776626589
v -0.0122267148 0.106550597 -0.0107019041
v -0.00416404707 0.106534421 -0.0107977297
v 0.0042070006 0.107406162 -0.00749694835
v 0.00418960582 0.106534272 -0.0107977297
v 0.0122001646 0.107995681 -0.00365966791
v 0.0122033693 0.107398987 -0.00745117199
v 0.0122555541 0.106549986 -0.0107037351
v 0.0194088742 0.10816142 8.42285153e-05
v 0.0193869025 0.107938386 -0.0036682128
v 0.0194073487 0.107362516 -0.00736999512
v 0.0195388794 0.106556699 -0.0105224606
v 0.0253997799 0.108028561 8.54492173e-05
v 0.0253546145 0.107810095 -0.0036853028
v 0.0253326409 0.107269138 -0.00726013165
v 0.0254736319 0.10653168 -0.0102380374
v 0.0296417233 0.107557371 0.00385375973
v 0.0297375489 0.107782871 8.17871114e-05
v 0.029656373 0.107573926 -0.0037103272
v 0.0294726565 0.10708496 -0.00715759257
v 0.0293878168 0.106440127 -0.00989868119
v -0.00602577208 0.0936285406 -0.0169305429
v -0.00633392343 0.0871386752 -0.017215576
v 0.00273040775 0.0936532617 -0.0169342048
v 0.00228622439 0.0871954337 -0.0172204599
v 0.0116687007 0.098330386 -0.0164416507
v 0.0112638855 0.0935821533 -0.0168908685
v 0.0107131954 0.0870367438 -0.0171765145
v 0.0194714349 0.0982977301 -0.0162884519
v 0.0189880375 0.0933941677 -0.0167297367
v 0.0260998532 0.101271056 -0.0153631596
v 0.026190795 0.103304751 -0.0147100827
v 0.0200997926 0.0521426387 -0.0169278719
v 0.0124485781 0.044193726 -0.0173770133
v 0.00665725721 0.0441088863 -0.0174601749
v 0.0167254638 0.0445388779 -0.0172274783
v -0.0393902585 0.050084535 -0.0159053039
v -0.0403198227 0.0515594482 -0.0152177429
v -0.0401666276 0.0516149886 0.015301819
v -0.0410162359 0.053206481 0.0138282776
v -0.0422692858 0.0520608537 0.0134939579
v -0.0401666276 0.0516149886 0.015301819
v -0.0410162359 0.053206481 0.0138282776
v -0.0416973867 0.0541377254 0.0115865329
v -0.0430853255 0.0526170358 0.0114786532
v -0.0416973867 0.0541377254 0.0115865329
v -0.0398510732 0.0560029596 0.00867202319
v -0.042247314 0.0547712706 0.00861358643
v -0.0403094478 0.0566593185 0.00485858461
v -0.00759613048 0.0270980839 -0.0173345953
v -4.0912033e-05 0.0353366099 -0.0174319465
v -0.000384650222 0.0259564202 -0.0172839351
v -0.0067314147 0.0359017961 -0.0174282845
v -0.0139312744 0.0380908214 -0.0173379518
v -0.0157904048 0.0308370963 -0.0173510741
v -0.0201483145 0.0218597408 -0.015553589
v -0.0191445928 0.0233251955 -0.0167346187
v -0.0100921635 0.0159091186 -0.0165661629
v -0.0108744809 0.0143258665 -0.0153485108
v -0.0177664179 0.0255700685 -0.0172625724
v -0.00885375962 0.0197680667 -0.017072143
v 0.026693726 0.0618310533 -0.0139897158
v 0.0246151742 0.0617813095 -0.0157773588
v 0.0254452508 0.0693728626 -0.015804138
v 0.0265167244 0.0572387688 -0.01358099
v 0.0247177128 0.0560494997 -0.0155696105
v 0.0278082266 0.0579057299 -0.0111432457
v 0.0284375008 0.0560369864 -0.011046648
v 0.0275677498 0.0549621582 -0.0133805657
v 0.0266375728 0.0530627444 -0.0154138179
v 0.0294482429 0.0570706166 -0.00800237618
v 0.030889282 0.0555601493 -0.0114745526
v 0.0294482429 0.0570706166 -0.00800237618
v 0.0315588377 0.0565109253 -0.00842496194
v 0.0284375008 0.0560369864 -0.011046648
v 0.0304968264 0.0544039905 -0.0137533955
v 0.0275677498 0.0549621582 -0.0133805657
v 0.0353448503 0.0552365109 -0.0119637111
v 0.0358563215 0.0561462417 -0.00911752693
v 0.0394091792 0.0549009703 -0.0122409249
v 0.0399157703 0.0557553098 -0.00954053923
v 0.0303601082 0.0578569807 -0.0046224785
v 0.0323413089 0.0571858212 -0.00499092089
v 0.0364044197 0.0568704978 -0.00562658301
v 0.0402984619 0.0564720146 -0.00604442228
v 0.0367596447 0.0573100075 -0.00187791826
v 0.0404968262 0.0569400042 -0.00208794605
v 0.0367486589 0.0573093407 0.00190717692
v 0.0404882804 0.0569540039 0.00197815895
v 0.0383245833 0.0522451773 0.0154074859
v 0.00975982659 0.0119046019 -0.0135388188
v -0.00103612896 0.00793212932 -0.0139880367
v -0.00100864412 0.00988433883 -0.0153900143
v 0.00915176421 0.013124695 -0.0153607177
v -0.0114723202 0.0130844116 -0.0135345459
v -0.0108744809 0.0143258665 -0.0153485108
v 0.0181506351 0.020076599 -0.0155175785
v 0.0190121457 0.0189031977 -0.0136413574
v 0.0181506351 0.020076599 -0.0155175785
v -0.0263677984 0.0534402467 -0.0153434752
v -0.029799195 0.0526989736 -0.0153661342
v -0.0345343016 0.0525531024 -0.0153415678
v 0.0417999253 0.0536724851 -0.0121803284
v 0.0423651114 0.0543913282 -0.00954864547
v 0.0348046869 0.0524227917 0.0154637145
v 0.0383245833 0.0522451773 0.0154074859
v 0.0401940905 0.051716309 0.0152598573
v 0.0410247818 0.0531637557 0.0138591006
v 0.0401940905 0.051716309 0.0152598573
v 0.0422637947 0.0519491583 0.0136121372
v 0.0401940905 0.051716309 0.0152598573
v 0.0413384996 0.0509487912 0.0149832917
v 0.0410247818 0.0531637557 0.0138591006
v -0.0383746326 0.0522836298 -0.0153221898
v 0.00645980844 0.0356170647 -0.0174276736
v -0.0438470468 0.0529779047 0.00863044709
v -0.042247314 0.0547712706 0.00861358643
v -0.0446807854 0.0505659468 0.00875648484
v -0.0426562503 0.0552494042 0.00490205782
v -0.0444000252 0.0531526953 0.00495552085
v -0.0426562503 0.0552494042 0.00490205782
v -0.0453320295 0.0504215993 0.00509086624
v -0.0403094478 0.0566593185 0.00485858461
v 0.0423651114 0.0543913282 -0.00954864547
v 0.0427142344 0.0549783334 -0.00606822968
v 0.0404968262 0.0569400042 -0.00208794605
v 0.0427142344 0.0549783334 -0.00606822968
v 0.0402984619 0.0564720146 -0.00604442228
v 0.0428973399 0.0553831495 -0.00212242128
v 0.0404882804 0.0569540039 0.00197815895
v 0.0402679443 0.0565042868 0.00593492528
v -0.0208489988 0.0205224603 -0.0136523433
v -0.0201483145 0.0218597408 -0.015553589
v -0.0208489988 0.0205224603 -0.0136523433
v -0.0201483145 0.0218597408 -0.015553589
v -0.0114723202 0.0130844116 -0.0135345459
v 0.0302258302 0.052299805 -0.0154924011
v 0.0266375728 0.0530627444 -0.0154138179
v 0.00183597568 0.0794412196 -0.0173699949
v -0.0289532468 0.0567669682 -0.00916090515
v -0.0305914301 0.0553074628 -0.0121700289
v -0.0279528815 0.0557862855 -0.0118344976
v -0.0349493399 0.0539257824 -0.014210091
v -0.0301788338 0.0542083755 -0.0140320584
v -0.0403198227 0.0515594482 -0.0152177429
v -0.0383746326 0.0522836298 -0.0153221898
v 0.0247177128 0.0560494997 -0.0155696105
v -0.0267980956 0.0691809058 -0.0149839781
v -0.0260980222 0.061888732 -0.0147004696
v -0.0238568112 0.0617626943 -0.0161347203
v -0.0260888673 0.0571670532 -0.0141995903
v -0.0260980222 0.061888732 -0.0147004696
v -0.0243463144 0.0561563112 -0.0157205481
v -0.027122803 0.0548468009 -0.0137917902
v -0.0263677984 0.0534402467 -0.0153434752
v -0.029799195 0.0526989736 -0.0153661342
v -0.027122803 0.0548468009 -0.0137917902
v -0.0263677984 0.0534402467 -0.0153434752
v -0.0345343016 0.0525531024 -0.0153415678
v 0.0322015397 0.104955293 0.0118768308
v 0.0342376716 0.101384126 0.0100347903
v 0.0349975601 0.101729587 0.00704162614
v 0.033792723 0.0972486883 0.0101361088
v 0.0345843509 0.0974057019 0.00696838368
v 0.0351300053 0.0975452438 0.0032696533
v 0.0301843267 0.091966249 0.0147747807
v 0.031832274 0.0915222168 0.0128680421
v 0.0329284668 0.0913087428 0.0102532962
v 0.0337426774 0.091274716 0.00688720681
v 0.034296874 0.0913102701 0.00307312002
v 0.0344451889 0.0913225189 -0.000829467783
v 0.0340960696 0.0912870765 -0.00473571755
v 0.0292071532 0.0850534067 0.0148565676
v 0.03074768 0.084570922 0.0129699707
v 0.0318475328 0.0842475891 0.010274658
v 0.0326733403 0.0840829462 0.0067352294
v 0.0332177728 0.0840351507 0.00284545892
v 0.0281097405 0.0772564709 0.0148468018
v 0.029584961 0.0767901614 0.0129086301
v 0.0306890868 0.076442264 0.0101138307
v 0.0270855706 0.0691958591 0.014698334
v 0.0247543342 0.069676511 0.0161676034
v -0.029954223 0.0576403029 -0.0059121321
v -0.0284558106 0.058363799 -0.00936924014
v -0.0289532468 0.0567669682 -0.00916090515
v -0.0275073238 0.061977081 -0.0126806637
v -0.0273327641 0.0577653497 -0.0121479221
v -0.0279528815 0.0557862855 -0.0118344976
v -0.0267980956 0.0691809058 -0.0149839781
vt 0.556375265 0.143337011
vt 0.535998464 0.10311985
vt 0.551304936 0.0998550057
vt 0.542160511 0.145906448
vt 0.580296278 0.139719307
vt 0.577726781 0.0959597826
vt 0.547476649 0.061737597
vt 0.576673567 0.0585060716
vt 0.530274391 0.0652800202
vt 0.61716485 0.183229804
vt 0.583372235 0.18607676
vt 0.61602813 0.136314034
vt 0.615626872 0.0932800174
vt 0.561285198 0.188474
vt 0.618831575 0.231053293
vt 0.585293055 0.231668472
vt 0.563993454 0.23079586
vt 0.621307433 0.277385592
vt 0.583287001 0.277041256
vt 0.56131196 0.261507452
vt 0.658369124 0.181230307
vt 0.659001887 0.134388149
vt 0.658315599 0.230051935
vt 0.659015238 0.278030992
vt 0.700022101 0.229864657
vt 0.702382922 0.180690408
vt 0.697787404 0.278766513
vt 0.79551667 0.597855747
vt 0.797472596 0.564980924
vt 0.808927357 0.567103982
vt 0.807342529 0.599592626
vt 0.824935973 0.567837894
vt 0.82431078 0.600256324
vt 0.810849905 0.545595348
vt 0.825571239 0.5451473
vt 0.800465047 0.54430145
vt 0.844391704 0.600313127
vt 0.844445229 0.639638364
vt 0.823852718 0.63968271
vt 0.8443048 0.567667305
vt 0.806316078 0.639386773
vt 0.794453502 0.638224065
vt 0.82358855 0.683521569
vt 0.805791199 0.683521569
vt 0.844465256 0.683341026
vt 0.793968678 0.682733357
vt 0.84445864 0.728748083
vt 0.823585212 0.729025185
vt 0.864907324 0.68325454
vt 0.864900708 0.728612721
vt 0.864900708 0.639573157
vt 0.805784464 0.729287624
vt 0.793951869 0.728854239
vt 0.864893973 0.772499263
vt 0.844431818 0.772586226
vt 0.885376155 0.728647768
vt 0.885389507 0.772452474
vt 0.885376155 0.683340669
vt 0.823839307 0.772884548
vt 0.806299388 0.773393571
vt 0.794389904 0.773396969
vt 0.906155884 0.772726595
vt 0.885436296 0.812069356
vt 0.905711234 0.812305033
vt 0.906410038 0.728883028
vt 0.864873886 0.812184751
vt 0.844378352 0.812127888
vt 0.824290693 0.812371969
vt 0.807312429 0.813145995
vt 0.795399606 0.813826382
vt 0.88552326 0.845011055
vt 0.864860475 0.845266879
vt 0.905106068 0.844930768
vt 0.844284773 0.844992697
vt 0.82490927 0.844907343
vt 0.808883905 0.845646262
vt 0.797288716 0.84695363
vt 0.904500902 0.867790222
vt 0.88560015 0.868783236
vt 0.919526458 0.867415726
vt 0.921408892 0.845912158
vt 0.922966957 0.813378334
vt 0.864820361 0.869234622
vt 0.844154298 0.868706346
vt 0.825497687 0.867709935
vt 0.810783029 0.867245257
vt 0.800240993 0.868121207
vt 0.918904603 0.880104303
vt 0.904664755 0.882284224
vt 0.927239954 0.878365636
vt 0.930105329 0.868756473
vt 0.933070898 0.848194063
vt 0.885710537 0.884002805
vt 0.864643216 0.884638011
vt 0.843702972 0.883909166
vt 0.82506305 0.882183909
vt 0.81125778 0.879943788
vt 0.803022742 0.877991199
vt 0.945498645 0.853794456
vt 0.941305935 0.875062287
vt 0.937083185 0.871979594
vt 0.941148818 0.8511765
vt 0.930429578 0.882785738
vt 0.933174551 0.887232602
vt 0.545928597 0.0147482753
vt 0.524677396 0.0154554248
vt 0.526125133 0.00318652391
vt 0.547393024 0.00333529711
vt 0.428907961 0.781200767
vt 0.439921409 0.794854701
vt 0.431790024 0.793469548
vt 0.43915242 0.781524301
vt 0.437728077 0.759983838
vt 0.42742011 0.761281848
vt 0.545728028 0.0332226753
vt 0.526021481 0.0353742242
vt 0.94774884 0.82015729
vt 0.942960978 0.817649662
vt 0.935030282 0.81527245
vt 0.578637958 0.0139809251
vt 0.58103019 0.00332188606
vt 0.577133298 0.0312148929
vt 0.948865533 0.778276801
vt 0.943783522 0.776340902
vt 0.936056733 0.774704278
vt 0.620665491 0.0142718554
vt 0.622910678 0.00374984741
vt 0.618186295 0.0305461884
vt 0.616280496 0.0569648147
vt 0.94936043 0.732825458
vt 0.944254935 0.73128581
vt 0.936544836 0.730069995
vt 0.666454911 0.0147482753
vt 0.668361962 0.00406748056
vt 0.664064765 0.0307000875
vt 0.949380457 0.685835361
vt 0.944271624 0.684698939
vt 0.936558247 0.683891475
vt 0.713865101 0.0147967339
vt 0.715352118 0.0040858984
vt 0.711953044 0.030721724
vt 0.948949158 0.640184999
vt 0.943830311 0.639480412
vt 0.936096847 0.639180303
vt 0.759972632 0.0143721104
vt 0.761002362 0.00380837917
vt 0.947879195 0.59792757
vt 0.943041205 0.597930908
vt 0.935097098 0.598490953
vt 0.802756667 0.0138872862
vt 0.803259909 0.00336205959
vt 0.941379547 0.563783884
vt 0.945923328 0.563034952
vt 0.933171272 0.565345287
vt 0.937511086 0.542178333
vt 0.942058265 0.540426314
vt 0.930249095 0.544535458
vt 0.770700991 0.28116715
vt 0.735694706 0.27978456
vt 0.741046011 0.230613589
vt 0.778454602 0.231894135
vt 0.745727658 0.181690097
vt 0.784706891 0.183876693
vt 0.809089243 0.231991172
vt 0.814712942 0.18656826
vt 0.790133357 0.137405694
vt 0.821068943 0.141056716
vt 0.749678791 0.134971619
vt 0.840492845 0.144624233
vt 0.834068418 0.189107597
vt 0.827429891 0.097815454
vt 0.847437322 0.101805866
vt 0.794887841 0.0943114758
vt 0.829521239 0.230693817
vt 0.245212868 0.94651109
vt 0.252244204 0.952882588
vt 0.242056593 0.95344764
vt 0.257376462 0.945822775
vt 0.223884791 0.945531487
vt 0.222654372 0.953712165
vt 0.885044813 0.283420563
vt 0.90117383 0.294699907
vt 0.885867357 0.299452662
vt 0.904447079 0.284632683
vt 0.914634645 0.288352311
vt 0.906690478 0.299726725
vt 0.860256314 0.282633185
vt 0.860914886 0.306484103
vt 0.828371108 0.315327525
vt 0.840599895 0.278453887
vt 0.868431091 0.332215428
vt 0.840265512 0.355233669
vt 0.891240299 0.314175665
vt 0.50783962 0.291687369
vt 0.533714831 0.293494582
vt 0.508337796 0.30529201
vt 0.534032464 0.314377964
vt 0.4918845 0.299750209
vt 0.487989366 0.291433334
vt 0.50490737 0.320820808
vt 0.487868994 0.305962443
vt 0.528318465 0.339178205
vt 0.75181365 0.728533328
vt 0.753525496 0.690420866
vt 0.766123712 0.692406118
vt 0.764722824 0.730147362
vt 0.774378836 0.69542861
vt 0.7729913 0.733216643
vt 0.775164545 0.652610242
vt 0.766667068 0.649825215
vt 0.754200876 0.647810757
vt 0.753723562 0.604250133
vt 0.766468167 0.60589844
vt 0.736869991 0.646380544
vt 0.736049116 0.603399277
vt 0.736393511 0.689179659
vt 0.715998232 0.645609856
vt 0.71550262 0.603175581
vt 0.715637147 0.688606679
vt 0.734245718 0.568511605
vt 0.752027214 0.567312121
vt 0.714474857 0.570083439
vt 0.695079744 0.645344496
vt 0.694315732 0.68844837
vt 0.695465088 0.603190899
vt 0.695586264 0.571211636
vt 0.713696241 0.551798403
vt 0.732592821 0.54863292
vt 0.695779741 0.553752959
vt 0.677334189 0.571123123
vt 0.67603606 0.603265703
vt 0.674620986 0.645372689
vt 0.67851907 0.553607404
vt 0.696358383 0.547018051
vt 0.71414417 0.54504329
vt 0.679112911 0.546945274
vt 0.658251286 0.570046723
vt 0.655640006 0.603412151
vt 0.653416574 0.645770371
vt 0.660586894 0.551484108
vt 0.661349893 0.544673026
vt 0.212102339 0.858884811
vt 0.201108962 0.876176119
vt 0.200925052 0.858930647
vt 0.212259501 0.877328813
vt 0.209029689 0.84019047
vt 0.197966084 0.841167629
vt 0.641919434 0.548331201
vt 0.638861954 0.568646193
vt 0.635635078 0.603895724
vt 0.643013418 0.54031682
vt 0.204536021 0.821472049
vt 0.192760259 0.822831154
vt 0.625303209 0.545067072
vt 0.62225318 0.567613959
vt 0.619591415 0.605136216
vt 0.626933098 0.534708142
vt 0.200787976 0.805117607
vt 0.187062964 0.806750834
vt 0.225696921 0.803151906
vt 0.228421897 0.8185606
vt 0.231507942 0.837649405
vt 0.610044479 0.567455113
vt 0.608305454 0.60715729
vt 0.612825513 0.541803837
vt 0.614895344 0.529093623
vt 0.198908955 0.793237686
vt 0.182321921 0.79471308
vt 0.223908171 0.792207479
vt 0.245112538 0.791799128
vt 0.247877628 0.802479029
vt 0.250679463 0.81702286
vt 0.603292465 0.535847425
vt 0.605336487 0.520756602
vt 0.601082683 0.567289591
vt 0.198303789 0.784435272
vt 0.17856051 0.785154223
vt 0.222948596 0.78393048
vt 0.375201702 0.241637886
vt 0.344695717 0.232836246
vt 0.371697724 0.220851481
vt 0.363823801 0.256728709
vt 0.340912551 0.286566019
vt 0.361831099 0.288170934
vt 0.394944966 0.237694323
vt 0.396446168 0.21988523
vt 0.341698915 0.784513891
vt 0.356273144 0.796122372
vt 0.340873063 0.793282151
vt 0.360392302 0.785597622
vt 0.592636704 0.535362661
vt 0.580916226 0.528887987
vt 0.591441035 0.51986897
vt 0.581820905 0.541650057
vt 0.0872207135 0.218390703
vt 0.112895325 0.231829762
vt 0.0828908905 0.241328657
vt 0.092881225 0.256822348
vt 0.0641974658 0.236129522
vt 0.0629637241 0.217098415
vt 0.317184448 0.78393048
vt 0.316338569 0.791562796
vt 0.0396830365 0.234437704
vt 0.0383623578 0.220102549
vt 0.297290742 0.784253538
vt 0.294341832 0.791645765
vt 0.0227048304 0.223962605
vt 0.0197893046 0.233705521
vt 0.350983769 0.809740484
vt 0.338673085 0.806878924
vt 0.567298114 0.535093546
vt 0.567410767 0.545476675
vt 0.31427899 0.804537594
vt 0.291292548 0.804549336
vt 0.34493205 0.828030944
vt 0.334390044 0.825786471
vt 0.549007714 0.541160226
vt 0.5487445 0.548903763
vt 0.310888708 0.823046803
vt 0.339973658 0.848006904
vt 0.32937482 0.84660846
vt 0.529031754 0.545410693
vt 0.528802931 0.552200019
vt 0.307093829 0.844415545
vt 0.510446966 0.546953201
vt 0.510258734 0.553832948
vt 0.337877333 0.866591632
vt 0.326710075 0.866199434
vt 0.204347655 0.726301074
vt 0.217592865 0.710011661
vt 0.215336025 0.727857471
vt 0.206259295 0.706930578
vt 0.212843463 0.740342081
vt 0.20250833 0.740840256
vt 0.21893236 0.739168465
vt 0.222264558 0.729846835
vt 0.224953547 0.712327003
vt 0.219695091 0.682842433
vt 0.208295479 0.678858697
vt 0.226906985 0.685966969
vt 0.221732929 0.650395632
vt 0.210039109 0.645275056
vt 0.229038447 0.655226946
vt 0.223132193 0.615964413
vt 0.211048841 0.609768987
vt 0.0832085237 0.101233304
vt 0.0602755658 0.140495837
vt 0.0528095663 0.135664463
vt 0.0902432129 0.108358264
vt 0.21121937 0.571982563
vt 0.223115489 0.578891814
vt 0.127986148 0.0732416511
vt 0.122058146 0.0641607642
vt 0.189663067 0.704254985
vt 0.191434294 0.675279498
vt 0.188525468 0.724951148
vt 0.192902088 0.640610933
vt 0.193779737 0.604299784
vt 0.194237798 0.566019475
vt 0.168850735 0.702077985
vt 0.170004234 0.672700405
vt 0.168122679 0.723224223
vt 0.171057418 0.637424111
vt 0.171726122 0.600648761
vt 0.146825522 0.671345532
vt 0.147415653 0.636172295
vt 0.146183565 0.700649679
vt 0.147719905 0.599204481
vt 0.123750441 0.671653688
vt 0.123503029 0.700192869
vt 0.123824015 0.637385309
vt 0.79358083 0.540917754
vt 0.789515138 0.561717689
vt 0.785222054 0.558557987
vt 0.78946501 0.537524164
vt 0.803353786 0.534605324
vt 0.800281167 0.530108333
vt 0.797753453 0.525587916
vt 0.376880139 0.514715314
vt 0.378869504 0.503288984
vt 0.397913963 0.514912605
vt 0.399749577 0.50265044
vt 0.621233881 0.795444727
vt 0.610384285 0.781769097
vt 0.620675504 0.782161891
vt 0.612945378 0.794031322
vt 0.609020114 0.761848569
vt 0.619518697 0.760680079
vt 0.379457951 0.48480618
vt 0.398288429 0.482729912
vt 0.787696242 0.594986975
vt 0.782955229 0.591633439
vt 0.343804687 0.514723718
vt 0.347021133 0.504054666
vt 0.349090755 0.486778855
vt 0.349771142 0.459780216
vt 0.377866447 0.456408322
vt 0.394279569 0.452773929
vt 0.348692864 0.422924995
vt 0.374235392 0.418723941
vt 0.388926685 0.414905667
vt 0.369348913 0.375666499
vt 0.38291508 0.37219435
vt 0.346043169 0.379782319
vt 0.78682363 0.635892808
vt 0.781788349 0.632863641
vt 0.302574515 0.514299095
vt 0.305909634 0.50380224
vt 0.309156179 0.487491012
vt 0.311451435 0.461390138
vt 0.312397659 0.425564706
vt 0.312273949 0.382997155
vt 0.311478198 0.335833907
vt 0.342876881 0.333530247
vt 0.364534318 0.330671549
vt 0.310180932 0.284927726
vt 0.30926317 0.2252599
vt 0.786368906 0.680695891
vt 0.781276822 0.677925467
vt 0.257512718 0.513976395
vt 0.260578275 0.503312409
vt 0.263781726 0.487412453
vt 0.266674697 0.462018728
vt 0.268752664 0.426875353
vt 0.270039082 0.384690583
vt 0.270959377 0.337331772
vt 0.271103144 0.284456253
vt 0.78634882 0.727190495
vt 0.781233311 0.724856257
vt 0.210581899 0.513936341
vt 0.213073432 0.503225446
vt 0.215631813 0.487350583
vt 0.218358442 0.46216917
vt 0.22095339 0.427261531
vt 0.223237202 0.385115266
vt 0.225174069 0.337808251
vt 0.786729991 0.772246838
vt 0.781627834 0.770487309
vt 0.164950863 0.514182091
vt 0.166753009 0.503615022
vt 0.168543443 0.487544537
vt 0.170847103 0.461787999
vt 0.173607975 0.426470757
vt 0.176684007 0.384239256
vt 0.787555873 0.813542187
vt 0.782684326 0.812646151
vt 0.122792028 0.514641762
vt 0.123856939 0.504118145
vt 0.125396609 0.487395763
vt 0.127827331 0.460843444
vt 0.789117217 0.847866416
vt 0.784503222 0.848053634
vt 0.0873845369 0.514854133
vt 0.0880900025 0.503745377
vt 0.0898787752 0.48583436
vt 0.792922139 0.870170832
vt 0.788358212 0.871712089
vt 0.0637260303 0.514830768
vt 0.0636023283 0.502784073
vt 0.799375057 0.882046819
vt 0.795784175 0.88576144
vt 0.668828368 0.801953673
vt 0.648797572 0.808225214
vt 0.64913857 0.800495148
vt 0.668106198 0.810090959
vt 0.633915722 0.805869758
vt 0.633387446 0.79798162
vt 0.810435295 0.524581611
vt 0.825484335 0.530710161
vt 0.811541975 0.532883406
vt 0.825317144 0.521585763
vt 0.844204485 0.528998315
vt 0.844625771 0.519586384
vt 0.689370751 0.810915768
vt 0.690316975 0.802494884
vt 0.865171492 0.528309524
vt 0.865890324 0.518780649
vt 0.710618556 0.810048223
vt 0.711698532 0.801817894
vt 0.886212051 0.528988242
vt 0.887138188 0.519720078
vt 0.729867041 0.808137476
vt 0.731070638 0.800224304
vt 0.905079305 0.530723512
vt 0.906386614 0.52181983
vt 0.744668603 0.805771172
vt 0.746474087 0.797638953
vt 0.921188176 0.524939358
vt 0.919188797 0.532960296
vt 0.754658997 0.802893221
vt 0.758320093 0.795242429
vt 0.927510738 0.534879506
vt 0.93117857 0.53083384
vt 0.934839666 0.527139306
vt 0.691363454 0.787016869
vt 0.71260792 0.786419034
vt 0.669945121 0.786669374
vt 0.731756032 0.784903586
vt 0.747437 0.783123195
vt 0.760055363 0.782003999
vt 0.874325693 0.0152305365
vt 0.860761106 0.00325167179
vt 0.874048173 0.00199204683
vt 0.86090821 0.0153317451
vt 0.713707924 0.762143314
vt 0.733284116 0.761225104
vt 0.69238317 0.762651503
vt 0.749469817 0.760537088
vt 0.762181818 0.760828853
vt 0.768731654 0.78190279
vt 0.771118939 0.762605906
vt 0.734985888 0.728024244
vt 0.244859323 0.742563009
vt 0.247865945 0.730103493
vt 0.250674069 0.743305147
vt 0.241184011 0.732791662
vt 0.245592356 0.711513698
vt 0.238511726 0.715443969
vt 0.448223352 0.217093408
vt 0.441302359 0.196288586
vt 0.454315215 0.213636279
vt 0.43452844 0.200708628
vt 0.459039539 0.223407567
vt 0.455381781 0.228081763
vt 0.258719712 0.727824926
vt 0.256887496 0.707463861
vt 0.260528982 0.743409693
vt 0.414317071 0.179628015
vt 0.426457286 0.208794892
vt 0.403671443 0.196736574
vt 0.420713186 0.222106934
vt 0.435775578 0.225209713
vt 0.44174704 0.221011937
vt 0.421462119 0.171436489
vt 0.236630127 0.690591812
vt 0.243705004 0.684484959
vt 0.376843333 0.184146702
vt 0.389080495 0.154917955
vt 0.396877497 0.141824901
vt 0.346935868 0.170296311
vt 0.358985782 0.127307475
vt 0.794108689 0.45915091
vt 0.740171611 0.488296032
vt 0.78731811 0.452290058
vt 0.744813263 0.497233152
vt 0.734224439 0.464786291
vt 0.778823972 0.439278781
vt 0.689356506 0.502031088
vt 0.690526545 0.473877192
vt 0.689154923 0.514983594
vt 0.827911317 0.414182544
vt 0.819236696 0.405230403
vt 0.769816637 0.407467246
vt 0.806981146 0.383016288
vt 0.731061459 0.422380924
vt 0.8345716 0.420765996
vt 0.79456687 0.35036397
vt 0.763436437 0.367129743
vt 0.851666808 0.373193145
vt 0.859279931 0.38021946
vt 0.865505517 0.38614583
vt 0.877715945 0.345067859
vt 0.88444972 0.35033375
vt 0.890237272 0.354972959
vt 0.898188114 0.321559727
vt 0.904406905 0.325314522
vt 0.411905617 0.71195668
vt 0.407152891 0.682298362
vt 0.413532227 0.686937392
vt 0.405491173 0.708628297
vt 0.912290931 0.304180264
vt 0.917817652 0.307488739
vt 0.409822673 0.729782462
vt 0.403714925 0.727341771
vt 0.407218933 0.738945246
vt 0.401893586 0.739831328
vt 0.923354447 0.298325896
vt 0.920281827 0.293523014
vt 0.274204224 0.726113021
vt 0.275084406 0.743277669
vt 0.273254693 0.704178989
vt 0.255203247 0.678936481
vt 0.271875501 0.674382687
vt 0.253822356 0.645881116
vt 0.270827323 0.64022553
vt 0.24194634 0.652728617
vt 0.234874845 0.660980225
vt 0.367080331 0.109468281
vt 0.402521282 0.133573174
vt 0.372493476 0.0998206735
vt 0.240951613 0.618976057
vt 0.253195465 0.611070335
vt 0.329126775 0.073373735
vt 0.333936393 0.062828362
vt 0.241222426 0.581983745
vt 0.253282398 0.573787212
vt 0.285054654 0.0238851309
vt 0.281776369 0.0361390114
vt 0.253884196 0.535088062
vt 0.242462873 0.543040514
vt 0.170028761 0.82767421
vt 0.17099838 0.885086
vt 0.161733568 0.885809302
vt 0.158607408 0.825604618
vt 0.227642909 0.00199204683
vt 0.22848703 0.0183416605
vt 0.321700931 0.0975170135
vt 0.276581436 0.0718407631
vt 0.229188263 0.0615996718
vt 0.175400093 0.0364499688
vt 0.181573853 0.0715264678
vt 0.170888066 0.0251623392
vt 0.13611415 0.0965307355
vt 0.312175333 0.154871166
vt 0.27208361 0.142346501
vt 0.229094997 0.13787955
vt 0.270768791 0.220349967
vt 0.854087532 0.0640178919
vt 0.832495332 0.0601828098
vt 0.835798621 0.0323784351
vt 0.858818471 0.0346286297
vt 0.275114894 0.757149696
vt 0.294184059 0.74278152
vt 0.294037789 0.758312941
vt 0.293916553 0.724587977
vt 0.260849118 0.755320013
vt 0.315342039 0.758855104
vt 0.315614551 0.742136061
vt 0.31573531 0.723443627
vt 0.337246448 0.75848043
vt 0.337715358 0.741728127
vt 0.338163435 0.723143399
vt 0.293680012 0.701810122
vt 0.315840632 0.700427353
vt 0.338315517 0.700083315
vt 0.292999625 0.671115279
vt 0.315798849 0.669216335
vt 0.338606447 0.669055164
vt 0.31585905 0.633899868
vt 0.339149773 0.633902848
vt 0.292461306 0.636166155
vt 0.362310052 0.636067092
vt 0.361382246 0.670588613
vt 0.360594869 0.700852931
vt 0.292310834 0.59996587
vt 0.31616661 0.597417474
vt 0.339932114 0.597435892
vt 0.363319784 0.599820435
vt 0.3406142 0.558950722
vt 0.364169061 0.561441422
vt 0.316430807 0.558966994
vt 0.316444129 0.51986891
vt 0.340851545 0.519953549
vt 0.364369631 0.522697091
vt 0.0256403908 0.889378011
vt 0.0277701803 0.827705145
vt 0.0469383858 0.888719261
vt 0.0481219627 0.825388074
vt 0.0478912629 0.950818956
vt 0.0276665334 0.949143827
vt 0.0711752772 0.888132513
vt 0.0714862198 0.951662302
vt 0.0716400295 0.823486507
vt 0.384721458 0.527393878
vt 0.384838432 0.565941751
vt 0.384129614 0.604197085
vt 0.40012154 0.571692467
vt 0.399747074 0.609920263
vt 0.399559796 0.533354461
vt 0.383026302 0.63999486
vt 0.398548424 0.645219088
vt 0.381775796 0.673527539
vt 0.396966934 0.677655935
vt 0.408923268 0.651125312
vt 0.410285681 0.616505325
vt 0.380483598 0.702570677
vt 0.395428956 0.705326557
vt 0.393887579 0.725432634
vt 0.379460454 0.724220574
vt 0.360188603 0.723568261
vt 0.392540991 0.740518451
vt 0.378577769 0.741148651
vt 0.359521598 0.741516411
vt 0.401865989 0.749351919
vt 0.392062902 0.752543211
vt 0.408672065 0.743748188
vt 0.37793079 0.755163729
vt 0.358865827 0.757126808
vt 0.451195627 0.760051489
vt 0.452208698 0.782778859
vt 0.449868262 0.727732539
vt 0.436136574 0.72895205
vt 0.426039249 0.731376112
vt 0.452108383 0.797383249
vt 0.468541622 0.784679651
vt 0.467966557 0.799927592
vt 0.488137811 0.786144495
vt 0.487743229 0.801389456
vt 0.488298267 0.761776805
vt 0.468257427 0.760919094
vt 0.508813858 0.810316861
vt 0.509211779 0.801909029
vt 0.48749584 0.809563041
vt 0.529968083 0.809402585
vt 0.530452907 0.801217318
vt 0.509462535 0.786461949
vt 0.530563295 0.78593725
vt 0.46800667 0.807718754
vt 0.452907503 0.805336535
vt 0.442666411 0.80248791
vt 0.80947572 0.888078511
vt 0.824100077 0.891174555
vt 0.563620329 0.805143476
vt 0.549661219 0.799645841
vt 0.565101445 0.797066331
vt 0.548995912 0.807483077
vt 0.843127847 0.893254161
vt 0.864282131 0.894190371
vt 0.88560015 0.893397987
vt 0.905089319 0.891388535
vt 0.920188487 0.888359308
vt 0.484154373 0.313283086
vt 0.469760686 0.304967761
vt 0.474174112 0.30016315
vt 0.480209053 0.319262743
vt 0.46557796 0.297359705
vt 0.468383163 0.292249084
vt 0.0610275157 0.724811554
vt 0.0576731861 0.735487342
vt 0.0552123636 0.727879167
vt 0.0625830889 0.735930324
vt 0.053194575 0.713584125
vt 0.0593223274 0.709102154
vt 0.0702187493 0.722872317
vt 0.0689214841 0.7055071
vt 0.0711850226 0.736495376
vt 0.500313461 0.332511306
vt 0.496531934 0.340134501
vt 0.05179701 0.692712426
vt 0.0579373091 0.686874688
vt 0.0676668361 0.681800961
vt 0.0830268189 0.702674329
vt 0.0820789486 0.677278876
vt 0.0835500509 0.721855044
vt 0.101727769 0.721309304
vt 0.101843931 0.700936556
vt 0.101464458 0.673767447
vt 0.050192114 0.667064548
vt 0.0562906377 0.659637034
vt 0.521654904 0.35620153
vt 0.517274916 0.36578232
vt 0.06633614 0.652888179
vt 0.0810992792 0.646471202
vt 0.100962937 0.641020477
vt 0.513048768 0.373209953
vt 0.546577215 0.398690581
vt 0.542006671 0.407116234
vt 0.552160859 0.388066649
vt 0.0547275543 0.625730753
vt 0.0650221631 0.617637813
vt 0.0801279992 0.610389173
vt 0.0962781832 0.887599111
vt 0.0960474834 0.822694898
vt 0.095980607 0.951334655
vt 0.1478737 0.560048223
vt 0.123539798 0.520737827
vt 0.1480342 0.51986891
vt 0.123486318 0.561107218
vt 0.0998344943 0.564670384
vt 0.0999448448 0.524241805
vt 0.292260706 0.561801255
vt 0.292250693 0.522884369
vt 0.120240912 0.823283374
vt 0.121180423 0.88702476
vt 0.12020079 0.949639499
vt 0.172123998 0.561891496
vt 0.172254384 0.522124529
vt 0.270364225 0.604595721
vt 0.270203739 0.566878736
vt 0.27044785 0.528093457
vt 0.142043784 0.824157655
vt 0.143976331 0.886503994
vt 0.142043784 0.947651863
vt 0.19409737 0.526585579
vt 0.158614099 0.945073128
vt 0.210667685 0.532822013
vt 0.169905052 0.941840827
vt 0.221958637 0.539893448
vt 0.338753313 0.883944929
vt 0.330812544 0.903109252
vt 0.327298492 0.884651244
vt 0.342344195 0.901671052
vt 0.304776818 0.865638137
vt 0.304753393 0.88626039
vt 0.306843102 0.906250834
vt 0.283916801 0.886995792
vt 0.284873068 0.907908261
vt 0.284180969 0.86494565
vt 0.1012116 0.763719618
vt 0.12202847 0.766413689
vt 0.121439338 0.774846792
vt 0.100526839 0.771814287
vt 0.14348951 0.775853038
vt 0.143938527 0.767489851
vt 0.122582726 0.754069328
vt 0.101757839 0.752371073
vt 0.144379348 0.754968643
vt 0.122853987 0.738261163
vt 0.10185983 0.737858653
vt 0.144939363 0.738953829
vt 0.12301071 0.721126437
vt 0.145605981 0.721641839
vt 0.309855551 0.924209952
vt 0.33517915 0.921135485
vt 0.287129909 0.925620973
vt 0.0836092159 0.760306835
vt 0.0828141794 0.767818809
vt 0.0839838833 0.750247121
vt 0.0840599611 0.737267733
vt 0.290102273 0.938516498
vt 0.312700868 0.937821507
vt 0.274391234 0.924825966
vt 0.277494013 0.937734306
vt 0.0707008541 0.756613076
vt 0.071209684 0.747609973
vt 0.281248719 0.946726382
vt 0.293081284 0.947515011
vt 0.0617087595 0.752209783
vt 0.0624798499 0.74481225
vt 0.0557882711 0.746158004
vt 0.0565572977 0.740597785
vt 0.409637094 0.74891901
vt 0.402577311 0.757093787
vt 0.392118037 0.76215744
vt 0.0993057191 0.123902142
vt 0.186018154 0.142089009
vt 0.145811915 0.153945029
vt 0.111539535 0.167024732
vt 0.228342593 0.2191329
vt 0.186042413 0.220227897
vt 0.147801295 0.224912167
vt 0.22691308 0.284523129
vt 0.179649666 0.336955667
vt 0.182977274 0.284257412
vt 0.135396957 0.382024109
vt 0.131227627 0.424692035
vt 0.139927387 0.33509171
vt 0.144536376 0.284546494
vt 0.0929848701 0.45831418
vt 0.0977693945 0.421218157
vt 0.103791013 0.378282845
vt 0.109730698 0.332493782
vt 0.114363119 0.286129653
vt 0.0654914007 0.483569086
vt 0.070202373 0.454362154
vt 0.0766285434 0.41682148
vt 0.0833890587 0.374150276
vt 0.0897316635 0.32957828
vt 0.0941316932 0.287757933
vt 0.0496767163 0.516071916
vt 0.0493156128 0.502894521
vt 0.578950167 0.781434834
vt 0.580966294 0.760332406
vt 0.587900698 0.781324446
vt 0.590254486 0.762109399
vt 0.592146873 0.732902408
vt 0.583219826 0.729615748
vt 0.573720932 0.802270472
vt 0.577311814 0.794612229
vt 0.565736711 0.782588363
vt 0.549718082 0.784460604
vt 0.550543904 0.760784566
vt 0.530777216 0.761642992
vt 0.567431867 0.760082483
vt 0.551590443 0.727356374
vt 0.530921042 0.727508605
vt 0.569504797 0.727908134
vt 0.509606302 0.762056231
vt 0.509693265 0.727690876
vt 0.509756804 0.687675774
vt 0.530934393 0.687679708
vt 0.552483141 0.688147366
vt 0.530765533 0.644626081
vt 0.509818614 0.644578695
vt 0.552753985 0.645294726
vt 0.552012563 0.602749825
vt 0.530276597 0.602611423
vt 0.509913921 0.602740884
vt 0.488465458 0.727624297
vt 0.488783091 0.687857091
vt 0.489339769 0.644921541
vt 0.490277648 0.60303396
vt 0.491538554 0.5707407
vt 0.510105729 0.571048677
vt 0.52950716 0.570061326
vt 0.492724627 0.553057909
vt 0.46782279 0.727456748
vt 0.46766898 0.688345432
vt 0.468213975 0.645704329
vt 0.469792098 0.603421748
vt 0.472280502 0.569547296
vt 0.474664181 0.550422549
vt 0.448978901 0.689473927
vt 0.449097574 0.647098541
vt 0.45059213 0.604059637
vt 0.45345667 0.568114638
vt 0.435120136 0.69121927
vt 0.435039908 0.648845494
vt 0.436056346 0.60515213
vt 0.425250202 0.693536282
vt 0.425106436 0.650749683
vt 0.0794358999 0.569897056
vt 0.0797201097 0.529377401
vt 0.12368691 0.60049808
vt 0.100352764 0.604398429
vt 0.0697443038 0.149456382
vt 0.043986097 0.175615788
vt 0.0348818004 0.171235859
vt 0.0225510187 0.199770808
vt 0.0140151186 0.197595835
vt 0.0554709807 0.191341877
vt 0.0319529139 0.206245482
vt 0.0824127793 0.178232074
vt 0.0162385236 0.220102549
vt 0.00882268883 0.217314065
vt 0.00189497939 0.215115726
vt 0.00889957789 0.231731176
vt 0.00226611365 0.228284001
vt 0.226040184 0.732045233
vt 0.220973551 0.74301517
vt 0.62395215 0.320876002
vt 0.659807265 0.325197458
vt 0.594641447 0.312427044
vt 0.695982337 0.326919436
vt 0.572801828 0.329644263
vt 0.561726511 0.366290569
vt 0.557237923 0.292004943
vt 0.274486125 0.767146826
vt 0.293413997 0.769924402
vt 0.314933956 0.771744311
vt 0.260134846 0.763835013
vt 0.260633022 0.803380311
vt 0.263732404 0.817731619
vt 0.252876133 0.836128831
vt 0.265935779 0.836659491
vt 0.493093669 0.546230018
vt 0.584894896 0.691849411
vt 0.594211519 0.652690589
vt 0.593484223 0.695361733
vt 0.585399747 0.649335325
vt 0.594420433 0.608118594
vt 0.585132241 0.605502307
vt 0.58400929 0.566547334
vt 0.594180942 0.566298246
vt 0.571129799 0.689518154
vt 0.571765006 0.646906257
vt 0.571236789 0.603651643
vt 0.569448888 0.567161679
vt 0.55029732 0.568447232
vt 0.923966646 0.773484707
vt 0.924491525 0.729317725
vt 0.906410038 0.683461428
vt 0.924491525 0.683556736
vt 0.885389507 0.63967514
vt 0.906159282 0.639657617
vt 0.923976719 0.639371753
vt 0.864880562 0.60018605
vt 0.885436296 0.600306451
vt 0.905714571 0.600194454
vt 0.922983706 0.599473953
vt 0.864873886 0.56736815
vt 0.885529935 0.567615509
vt 0.905112743 0.56773591
vt 0.921425581 0.566963553
vt 0.844231248 0.544130862
vt 0.864893973 0.543605983
vt 0.885667026 0.544050634
vt 0.904551029 0.545057058
vt 0.919566572 0.545521796
vt 0.661671281 0.0562359095
vt 0.659983218 0.0917870998
vt 0.709637225 0.0561004281
vt 0.707204044 0.0914761424
vt 0.758600891 0.0304793715
vt 0.756383359 0.0564900041
vt 0.753366709 0.0923455358
vt 0.801344037 0.0306582451
vt 0.798695982 0.0575198531
vt 0.837654293 0.0143704414
vt 0.838152409 0.0032299161
vt 0.804786146 0.283494174
vt 0.762873054 0.327038109
vt 0.731148481 0.327502847
vt 0.786301672 0.325147271
vt 0.478901774 0.294768393
vt 0.473809659 0.286688805
vt 0.286401033 0.785461843
vt 0.281746924 0.793533802
vt 0.213069975 0.748904705
vt 0.222973377 0.746462345
vt 0.214901358 0.755180478
vt 0.278015584 0.805813968
vt 0.202030212 0.751951456
vt 0.202621177 0.760281742
vt 0.288129598 0.821779549
vt 0.275003105 0.822099686
vt 0.285618663 0.842669427
vt 0.6530689 0.420687437
vt 0.6944561 0.375557005
vt 0.692573071 0.426941395
vt 0.6578058 0.372461021
vt 0.618365169 0.36046958
vt 0.60818094 0.400205255
vt 0.584308445 0.449382782
vt 0.589806855 0.441355109
vt 0.639395714 0.481980085
vt 0.63511014 0.490653157
vt 0.597356379 0.429057837
vt 0.646179616 0.460841
vt 0.76545763 0.566813171
vt 0.775250196 0.566540658
vt 0.775396883 0.608126938
vt 0.763218582 0.541656792
vt 0.774112225 0.535141945
vt 0.749864697 0.545310378
vt 0.749335527 0.535073459
vt 0.762120724 0.529185534
vt 0.773258746 0.518780649
vt 0.732659101 0.540735602
vt 0.201500148 0.931497335
vt 0.193606183 0.912476838
vt 0.205167949 0.914791763
vt 0.188069388 0.929153264
vt 0.199350297 0.943980753
vt 0.183304906 0.94193846
vt 0.225907594 0.934176922
vt 0.22870943 0.918585598
vt 0.248171866 0.935695529
vt 0.250946939 0.920902908
vt 0.19860132 0.893961906
vt 0.209454283 0.895980239
vt 0.23171185 0.899462342
vt 0.253043294 0.90175128
vt 0.233657792 0.87892729
vt 0.254129916 0.880077839
vt 0.233597577 0.858192682
vt 0.254083157 0.857803822
vt 0.24223046 0.784238517
vt 0.0129318135 0.830333948
vt 0.010470992 0.889473796
vt 0.00279101753 0.889323235
vt 0.00295149349 0.833664834
vt 0.0129551878 0.946642935
vt 0.00301836967 0.943367958
vt 0.00209221686 0.784369409
vt 0.0123700798 0.779650033
vt 0.410399348 0.578120351
vt 0.550238311 0.276385903
vt 0.531441271 0.280446649
vt 0.505502522 0.281245708
vt 0.261268258 0.935363531
vt 0.377701789 0.766095161
vt 0.419589788 0.236156285
vt 0.438871652 0.235183299
vt 0.252471566 0.785047174
vt 0.257022053 0.792720437
vt 0.449112743 0.232286215
vt 0.250827849 0.752717078
vt 0.241801694 0.751441538
vt 0.24331674 0.747237086
vt 0.249474958 0.759370625
vt 0.484465331 0.282721877
vt 0.730066776 0.374020696
vt 0.186427847 0.753928304
vt 0.186335474 0.763752222
vt 0.187118277 0.740715623
vt 0.272762984 0.842431307
vt 0.166296706 0.754885733
vt 0.166003853 0.766371489
vt 0.167038143 0.739924908
vt 0.165765688 0.774094939
vt 0.264364362 0.920947313
vt 0.266276807 0.901881695
vt 0.336832345 0.780056715
vt 0.35863623 0.769310772
vt 0.358505785 0.777493179
vt 0.337021172 0.771528363
vt 0.314558327 0.780133426
vt 0.292883337 0.777670026
vt 0.0123099014 0.998008013
vt 0.00189497101 0.994169652
vt 0.0643634796 0.576138496
vt 0.0539485477 0.583464026
vt 0.0650087669 0.535393119
vt 0.197865784 0.953506947
vt 0.178209454 0.953076482
vt 0.704737604 0.133953452
vt 0.347827494 0.919467747
vt 0.338853598 0.935951591
vt 0.353307486 0.934113562
vt 0.314981133 0.947126985
vt 0.341113806 0.946151733
vt 0.2855618 0.952646911
vt 0.296217501 0.953219056
vt 0.830082953 0.26209259
vt 0.547881186 0.190159142
vt 0.551716149 0.2301054
vt 0.419368595 0.565860271
vt 0.429969162 0.540685475
vt 0.427225381 0.566550732
vt 0.421637416 0.53514868
vt 0.432203054 0.527975202
vt 0.423702985 0.520270228
vt 0.343193471 0.95345974
vt 0.357854605 0.944835544
vt 0.361990511 0.953335583
vt 0.317254692 0.953325212
vt 0.623761535 0.803046167
vt 0.633852184 0.783483446
vt 0.650248587 0.785375893
vt 0.633297145 0.760829747
vt 0.650649846 0.761689782
vt 0.670911372 0.762454212
vt 0.607886672 0.731892645
vt 0.618331671 0.729460299
vt 0.632655203 0.728290856
vt 0.651094556 0.728104472
vt 0.671987951 0.72829926
vt 0.69336617 0.728366375
vt 0.714764476 0.728172183
vt 0.607438684 0.694024384
vt 0.617773354 0.691381276
vt 0.632538199 0.689610124
vt 0.651927054 0.688708246
vt 0.673235059 0.688446403
vt 0.607492149 0.651313066
vt 0.618109405 0.64875859
vt 0.633419216 0.646852851
vt 0.377304733 0.328038573
vt 0.60025686 0.609790266
vt 0.475367546 0.543277919
vt 0.456429631 0.547241271
vt 0.45757091 0.538493812
vt 0.438289791 0.567034662
vt 0.441208124 0.543962955
vt 0.442925036 0.533121705
vt 0.425672293 0.60649693
vn -0.250096887 -0.0238838084 -0.967926085
vn -0.541940272 -0.0658614486 -0.837832332
vn -0.22281599 -0.00697393157 -0.974835575
vn -0.575472951 -0.0798056573 -0.813917696
vn -0.0886699781 0.00222579762 -0.996058643
vn -0.0794592127 0.0180897694 -0.996674061
vn -0.1984929 0.0245011374 -0.979795992
vn -0.0701826215 0.0509987995 -0.996229708
vn -0.514043093 -0.0406234376 -0.856801927
vn -0.0346970148 0.00331933843 -0.999392271
vn -0.0996913314 -0.00473805889 -0.995007217
vn -0.0316431932 0.0104168952 -0.999444902
vn -0.0280026477 0.0265975446 -0.999253929
vn -0.285597712 -0.032481011 -0.957799077
vn -0.0371807031 -2.69889606e-05 -0.999308646
vn -0.115353554 -0.0069705504 -0.99330014
vn -0.328927815 -0.0301449839 -0.943873763
vn -0.0356713459 0.00105373096 -0.999363005
vn -0.105372146 0.017235497 -0.994283497
vn -0.341741294 0.0445684679 -0.938736677
vn -0.00925680064 0.00545207504 -0.999942362
vn -0.00806753151 0.0131887477 -0.999880433
vn -0.0100927278 0.00158117653 -0.999947786
vn -0.00990589149 0.000247469434 -0.999950886
vn 0.00123097457 0.0019607218 -0.999997258
vn 0.00179236871 0.00601459341 -0.99998033
vn 0.000671424845 8.98988947e-05 -0.999999821
vn 0.0139860855 0.881348014 0.472260565
vn 0.0373700596 0.885780156 0.462597936
vn 0.0290758237 0.952978075 0.301641256
vn 0.0118054422 0.950117469 0.311668843
vn 0.0303100329 0.980584085 0.193742961
vn 0.0120980507 0.979663968 0.200279877
vn 0.0736847892 0.956337929 0.282822311
vn 0.0845123678 0.979381979 0.183489814
vn 0.0925377831 0.886800885 0.452792317
vn 0.0135208946 0.993861616 0.109800994
vn 0.00475118356 0.993718565 0.111806788
vn 0.00423463667 0.978951275 0.204050153
vn 0.0339454748 0.993769884 0.106156327
vn 0.00419762125 0.948161602 0.317760766
vn 0.00461829454 0.875283003 0.483589083
vn 0.000910967996 0.978592217 0.205806926
vn 0.000896542682 0.947138429 0.320823938
vn 0.0010337393 0.993637204 0.112622865
vn 0.000871935626 0.870822251 0.491597205
vn -0.000998613657 0.993636668 0.112628438
vn -0.000898866507 0.978586733 0.205832899
vn 0.00109819113 0.999996424 0.00246634078
vn -0.00105692574 0.999996364 0.00248312927
vn 0.00504142512 0.999984086 0.00250489707
vn -0.000941156817 0.947105706 0.320920348
vn -0.0009851387 0.870816648 0.49160707
vn -0.00493777404 0.999984622 0.00253248564
vn -0.00467059249 0.993718803 0.111808434
vn -0.000988274231 0.994031668 -0.109087497
vn -0.00461793644 0.994116127 -0.108220093
vn 0.00102304947 0.994028509 -0.109115265
vn -0.00419674069 0.97893858 0.204111844
vn -0.00425647385 0.948055327 0.318077207
vn -0.00477199629 0.87499696 0.484104812
vn -0.00413310993 0.979608476 -0.200873435
vn -0.0133295469 0.994257331 -0.106181845
vn -0.0119464453 0.980292141 -0.197191685
vn -0.000875745958 0.979266346 -0.202574968
vn -0.0141676096 0.999896109 0.00262938486
vn -0.013370459 0.993862689 0.109809473
vn -0.0120282834 0.97964704 0.200367272
vn -0.0119096953 0.949915648 0.312279493
vn -0.0137296859 0.881205559 0.472533792
vn -0.033787217 0.994153619 -0.102552503
vn -0.0357134938 0.999358535 0.00266204006
vn -0.0301677231 0.981188118 -0.190682575
vn -0.0336592086 0.993774056 0.10620825
vn -0.0301222168 0.980561316 0.19388701
vn -0.0289877523 0.952692509 0.302550375
vn -0.0359549448 0.886348665 0.46162048
vn -0.0844920352 0.979950249 -0.180440232
vn -0.0962016135 0.99061501 -0.0970935374
vn -0.0739332139 0.957525253 -0.278709948
vn -0.0289713033 0.954260707 -0.297568709
vn -0.0117209125 0.951434076 -0.307629228
vn -0.101304434 0.994851887 0.00267387764
vn -0.0955790579 0.990293801 0.100910693
vn -0.0838194042 0.97938019 0.183817089
vn -0.0726584196 0.956034601 0.284110069
vn -0.0884227604 0.887426853 0.452388257
vn -0.237382203 0.932488441 -0.27224043
vn -0.259801686 0.949527025 -0.175788045
vn -0.226152509 0.87547785 -0.427075535
vn -0.0929442272 0.888118923 -0.450117886
vn -0.0374807566 0.887342274 -0.459585637
vn -0.281826109 0.954907835 -0.0934074149
vn -0.290311992 0.956926584 0.00324440445
vn -0.280998349 0.954624772 0.0986486524
vn -0.259051621 0.948878765 0.180336475
vn -0.234464705 0.931174338 0.279178381
vn -0.217792779 0.874351621 0.43367669
vn -0.112424493 0.391799897 -0.913155854
vn -0.343788475 0.347048104 -0.872563541
vn -0.204068676 0.667660892 -0.71595031
vn -0.0703118518 0.690554261 -0.719854951
vn -0.480107099 0.65018177 -0.588864207
vn -0.726964056 0.260094047 -0.6355111
vn -0.142808557 0.192933828 -0.970763743
vn -0.436900586 0.115040667 -0.892122984
vn -0.343788475 0.347048104 -0.872563541
vn -0.112424493 0.391799897 -0.913155854
vn -0.436900586 0.115040667 -0.892122984
vn -0.726964056 0.260094047 -0.6355111
vn -0.343788475 0.347048104 -0.872563541
vn -0.809772313 0.00332567631 -0.586734891
vn -0.825847387 -0.081395179 -0.557988286
vn -0.485853106 0.00661103893 -0.87401545
vn -0.172605351 0.0815304667 -0.981611013
vn -0.485853106 0.00661103893 -0.87401545
vn -0.0378696807 0.412952751 -0.909964859
vn -0.0230230261 0.700577319 -0.71320498
vn -0.0140507296 0.883437634 -0.468338132
vn -0.0502766967 0.223487467 -0.973409235
vn -0.0378696807 0.412952751 -0.909964859
vn -0.0603089742 0.113417566 -0.991715372
vn -0.0120959906 0.422056049 -0.906488955
vn -0.00710740499 0.699526191 -0.714571714
vn -0.00461837044 0.877995968 -0.478645772
vn -0.0161078125 0.232362881 -0.972495735
vn -0.0120959906 0.422056049 -0.906488955
vn -0.02011762 0.125114962 -0.991938233
vn -0.0242073108 0.0606896766 -0.997863114
vn -0.00287844799 0.421398938 -0.906870782
vn -0.00135352754 0.695663095 -0.718366921
vn -0.000826920907 0.873615086 -0.486616969
vn -0.00354303094 0.231359422 -0.972861826
vn -0.00287844799 0.421398938 -0.906870782
vn -0.004267863 0.12857236 -0.991690934
vn 0.00248135254 0.421511292 -0.906819761
vn 0.0013625155 0.695370555 -0.718650103
vn 0.0008663552 0.873620689 -0.486606836
vn 0.00262228306 0.230779871 -0.973002434
vn 0.00248135254 0.421511292 -0.906819761
vn 0.00252840505 0.128918454 -0.991651952
vn 0.0107489508 0.423462421 -0.905849874
vn 0.00687132543 0.698790193 -0.715293646
vn 0.00467988569 0.877827942 -0.478953272
vn 0.0122289769 0.233295977 -0.972328901
vn 0.0107489508 0.423462421 -0.905849874
vn 0.0317941904 0.418486953 -0.907666087
vn 0.0213079937 0.701181769 -0.712664008
vn 0.0139137767 0.883300483 -0.46860075
vn 0.0385566689 0.229680508 -0.972502053
vn 0.0317941904 0.418486953 -0.907666087
vn 0.0649891645 0.694211483 -0.716831028
vn 0.0974511653 0.397554785 -0.912388861
vn 0.036659468 0.887593329 -0.459166706
vn 0.18687126 0.670939684 -0.71757865
vn 0.291886896 0.350285947 -0.890000999
vn 0.090032734 0.888432145 -0.45009166
vn 0.0383810811 0.000749137893 -0.999262929
vn 0.0113089457 0.000387095293 -0.999935925
vn 0.0134155396 0.00161438296 -0.999908745
vn 0.0446473621 -0.000497322821 -0.999002635
vn 0.0142768007 0.00541386101 -0.999883413
vn 0.047741808 0.00274499133 -0.998855948
vn 0.152661249 -0.0111273732 -0.988215923
vn 0.152022824 -0.0106308833 -0.988319814
vn 0.0494892411 0.00851013511 -0.998738408
vn 0.148019537 -0.00651549222 -0.988963008
vn 0.0144576849 0.0127455918 -0.999814212
vn 0.389680624 -0.0485467613 -0.919669628
vn 0.409398645 -0.0514728017 -0.910902441
vn 0.143716305 0.0070152008 -0.989594042
vn 0.376184106 -0.0370204747 -0.925805032
vn 0.048988644 0.0234767944 -0.998523414
vn 0.41992259 -0.0410559326 -0.906630814
vn 0.148932457 0.731280804 -0.665618122
vn 0.302195251 0.359254062 -0.882957816
vn 0.0927926078 0.452756494 -0.8867926
vn 0.460645586 0.600269854 -0.653820992
vn 0.0258136522 0.758563161 -0.65108794
vn 0.00593190361 0.425474554 -0.904950857
vn 0.00593190361 0.425474554 -0.904950857
vn 0.0621646121 0.222136319 -0.973031878
vn 0.00787506904 0.179567933 -0.983714044
vn 0.0927926078 0.452756494 -0.8867926
vn 0.302195251 0.359254062 -0.882957816
vn 0.153879985 0.112262763 -0.98169142
vn 0.0113815563 0.364730358 -0.931043684
vn 0.00932114851 0.139737427 -0.99014467
vn 0.0477842577 0.0651391894 -0.99673146
vn 0.170253366 0.22932303 -0.958344817
vn 0.0380189456 0.0351993814 -0.998656869
vn 0.0285932869 0.0191910155 -0.999406874
vn 0.0608605668 0.0499287732 -0.996896803
vn -0.0150115704 0.252634585 -0.967445314
vn -0.0185532179 0.192014292 -0.981216848
vn -0.0164734125 0.121149294 -0.992497623
vn -0.0133792283 0.0820305124 -0.99654001
vn -0.0476387329 0.162318498 -0.985587776
vn -0.0607934892 0.276067495 -0.959213674
vn -0.0537962876 0.0347469784 -0.997947216
vn -0.114426643 0.0626036078 -0.991457164
vn -0.0310406405 0.022963021 -0.999254286
vn 0.917794406 -0.132579774 -0.374267131
vn 0.911207378 -0.139706939 -0.387534618
vn 0.726687133 -0.104858153 -0.67891866
vn 0.736233294 -0.090829663 -0.670604706
vn 0.376184106 -0.0370204747 -0.925805032
vn 0.370798647 -0.0124018528 -0.928630471
vn 0.389680624 -0.0485467613 -0.919669628
vn 0.727758527 -0.108815692 -0.677146077
vn 0.908737123 -0.139912903 -0.393219143
vn 0.910544634 -0.133746609 -0.391178101
vn 0.741803706 -0.107481256 -0.661947846
vn 0.959491134 -0.147189498 -0.240233168
vn 0.960213006 -0.137878269 -0.242858887
vn 0.960388899 -0.14800401 -0.236110419
vn 0.978333414 -0.148598745 -0.144160122
vn 0.979347825 -0.137182742 -0.148521781
vn 0.978883743 -0.150092289 -0.138776571
vn 0.961797416 -0.109185711 -0.25104624
vn 0.914781868 -0.112176463 -0.388059944
vn 0.982256114 -0.0994032398 -0.159034461
vn 0.988174558 -0.148805067 -0.0369878635
vn 0.988110721 -0.150537476 -0.031237632
vn 0.989798784 -0.136061043 -0.0422582477
vn 0.994502544 -0.0924080163 -0.0492478386
vn 0.9761585 0.0890424103 -0.19795464
vn 0.954682946 0.0536996014 -0.292739898
vn 0.991547227 0.112315796 -0.0649549067
vn 0.992363632 -0.0940480381 0.0798089877
vn 0.987591267 -0.136033729 0.0784747824
vn 0.98551774 -0.148644254 0.0816064775
vn 0.989902735 0.105822109 0.0943098441
vn 0.556614101 0.826627433 -0.0828730837
vn 0.543949723 0.803726792 -0.241126224
vn 0.558846712 0.822774887 0.103595205
vn 0.977481604 -0.103450134 0.183923036
vn 0.974411428 -0.137547731 0.177772701
vn 0.97254312 -0.148088396 0.179526642
vn 0.972920775 0.0737340674 0.219062746
vn 0.550638974 0.79400295 0.257596701
vn 0.135769591 0.988072395 0.0726607516
vn 0.556614101 0.826627433 -0.0828730837
vn 0.558846712 0.822774887 0.103595205
vn 0.135861754 0.98847574 -0.0667624548
vn 0.119796775 0.975194573 0.186129615
vn 0.550638974 0.79400295 0.257596701
vn 0.950489283 0.0381325148 0.308408678
vn 0.953491271 -0.111456543 0.280056477
vn 0.948777199 -0.137480542 0.284466207
vn 0.543856382 0.752766132 0.370895267
vn 0.0935591534 0.956329942 0.276910722
vn 0.543856382 0.752766132 0.370895267
vn 0.900789082 0.0266639739 0.433437526
vn 0.894154489 -0.108960763 0.434298694
vn 0.877837241 -0.128312796 0.46145156
vn 0.523477733 0.699171543 0.486960202
vn 0.0679768473 0.916957736 0.393150955
vn 0.523477733 0.699171543 0.486960202
vn 0.0383432731 0.92260474 0.38383621
vn 0.0517157279 0.9653337 0.255844712
vn 0.0665145963 0.983729661 0.166887954
vn 0.723323643 -0.0812300295 0.685714781
vn 0.670666099 -0.093269974 0.73587203
vn 0.758831501 0.0524964519 0.649167895
vn 0.454190403 0.589216709 0.668232501
vn 0.0539812297 0.790004134 0.610720396
vn 0.454190403 0.589216709 0.668232501
vn 0.0280032232 0.782739282 0.62171948
vn 0.135990083 0.765358329 0.629073441
vn 0.18045415 0.902982831 0.38994664
vn 0.224227548 0.939768195 0.257987678
vn 0.369117469 0.0553489588 0.927733183
vn 0.217783555 0.301654249 0.928210616
vn 0.373418719 -0.0296927262 0.927187562
vn 0.0267999899 0.455329418 0.889919639
vn 0.217783555 0.301654249 0.928210616
vn 0.0150155416 0.477878183 0.878297806
vn 0.217783555 0.301654249 0.928210616
vn 0.0838587061 0.0279333442 0.996086061
vn 0.0705091283 0.108114332 0.991634846
vn 0.369117469 0.0553489588 0.927733183
vn 0.12796855 -0.00470129354 0.991767049
vn 0.373418719 -0.0296927262 0.927187562
vn 0.0267999899 0.455329418 0.889919639
vn 0.00732139777 0.176094055 0.984346151
vn -0.0240730736 0.418725044 0.907793939
vn -0.471776366 0.587233901 0.657710612
vn -0.0550720543 0.777159214 0.626889646
vn -0.215975553 0.292655796 0.931508005
vn -0.402436823 0.0569192991 0.9136765
vn -0.471776366 0.587233901 0.657710612
vn -0.215975553 0.292655796 0.931508005
vn -0.794769228 0.0491505153 0.604918361
vn -0.0661434457 0.101202525 0.992664635
vn -0.08562655 0.0285532996 0.995918036
vn -0.215975553 0.292655796 0.931508005
vn -0.402436823 0.0569192991 0.9136765
vn -0.0240730736 0.418725044 0.907793939
vn -0.00620425027 0.157324061 0.987527549
vn -0.00958129019 0.437579453 0.899128795
vn -0.0266317241 0.766161144 0.6420964
vn -0.00958129019 0.437579453 0.899128795
vn -0.00847648364 0.186382353 0.982440829
vn -0.0856742114 0.462629765 0.882402182
vn -0.127041325 0.760550857 0.636728287
vn -0.0602769442 0.228558928 0.971662164
vn -0.0856742114 0.462629765 0.882402182
vn -0.540525794 0.697907507 0.469847858
vn -0.0738705695 0.918888092 0.387540579
vn -0.540525794 0.697907507 0.469847858
vn -0.91905725 0.0214876924 0.39353773
vn -0.0397332907 0.924521804 0.379052341
vn -0.168785408 0.910488546 0.3775208
vn -0.567910671 0.74574399 0.3483437
vn -0.104440719 0.958962619 0.263595819
vn -0.567910671 0.74574399 0.3483437
vn -0.959993958 0.0383909568 0.277376503
vn -0.0548763461 0.969309807 0.239639372
vn -0.579138577 0.785979807 0.216412008
vn -0.133644462 0.978346586 0.158041522
vn -0.579138577 0.785979807 0.216412008
vn -0.982269466 0.0715196654 0.173296988
vn -0.0720802173 0.987592638 0.139518037
vn -0.585621119 0.809764564 0.0364567377
vn -0.995287895 0.0933679789 0.0261621997
vn -0.585621119 0.809764564 0.0364567377
vn -0.145997122 0.988927603 0.0265908688
vn -0.87573421 -0.31261453 0.367915094
vn -0.68755281 -0.43446967 0.581813753
vn -0.782112002 -0.285380006 0.553948522
vn -0.776389956 -0.497541964 0.386872947
vn -0.850198805 0.136833802 0.508368492
vn -0.929131269 0.140336946 0.342082977
vn -0.681613088 0.11960198 0.721871853
vn -0.593163669 -0.180894971 0.78449595
vn -0.516161442 -0.303010672 0.801100433
vn -0.647956848 -0.451605171 0.613355279
vn -0.746557713 -0.52290225 0.411369264
vn -0.451790959 -0.307734162 0.837367654
vn -0.601675987 -0.467306912 0.647773266
vn -0.709933341 -0.555966437 0.432314664
vn -0.366174251 -0.28069669 0.88720119
vn -0.535452127 -0.507379353 0.675171971
vn -0.648876846 -0.614563465 0.448631942
vn -0.535452127 -0.507379353 0.675171971
vn -0.366174251 -0.28069669 0.88720119
vn -0.601675987 -0.467306912 0.647773266
vn -0.266418576 -0.258061498 0.928668618
vn -0.578953981 -0.676139235 0.455684036
vn -0.465288907 -0.548696518 0.694577813
vn -0.184802264 -0.237786874 0.953575075
vn -0.465288907 -0.548696518 0.694577813
vn -0.816215396 -0.521707058 0.248222113
vn -0.790944099 -0.553894639 0.260015726
vn -0.917381108 -0.316687316 0.24108313
vn -0.757149398 -0.594216466 0.271351337
vn -0.696163714 -0.66099745 0.280068576
vn -0.62215513 -0.72958982 0.28393963
vn -0.833155692 -0.532616138 0.14890103
vn -0.80970782 -0.566760659 0.152169585
vn -0.936201155 -0.320532888 0.14417395
vn -0.77698195 -0.609874308 0.156052604
vn -0.715585172 -0.680056393 0.159565374
vn -0.818247557 -0.57352227 0.039282199
vn -0.786254168 -0.616526425 0.0412238725
vn -0.840777695 -0.540072918 0.0376064889
vn -0.725191355 -0.687191367 0.0431914479
vn -0.815872729 -0.572442532 -0.0816156939
vn -0.8368361 -0.541308284 -0.0817965791
vn -0.785035193 -0.613978684 -0.0821570009
vn 0.205401182 0.666130424 0.716994226
vn 0.0704296902 0.688309193 0.721990347
vn 0.115862645 0.389030874 0.913909614
vn 0.351982713 0.344444841 0.870325148
vn 0.225806281 0.874450386 0.429357737
vn 0.483168602 0.648082495 0.588674128
vn 0.734099865 0.258155346 0.628055036
vn 0.115862645 0.389030874 0.913909614
vn 0.151815146 0.189744666 0.970025301
vn 0.351982713 0.344444841 0.870325148
vn 0.456994832 0.108300827 0.882851481
vn 0.734099865 0.258155346 0.628055036
vn 0.456994832 0.108300827 0.882851481
vn 0.819507778 -0.000761366624 0.573067605
vn 0.351982713 0.344444841 0.870325148
vn 0.511242211 -9.13703479e-05 0.859436631
vn 0.8369084 -0.0856008232 0.54060787
vn 0.187712163 0.0787487403 0.97906214
vn 0.511242211 -9.13703479e-05 0.859436631
vn 0.023189174 0.698333204 0.715397179
vn 0.03934085 0.410661519 0.910938799
vn 0.03934085 0.410661519 0.910938799
vn 0.0530225225 0.221554548 0.973705351
vn 0.0640702918 0.112770118 0.991553307
vn 0.0748614967 0.0505531915 0.995911598
vn 0.219395861 0.0208529215 0.975413084
vn 0.549310327 -0.0480639488 0.834235013
vn 0.0854893401 0.0173245445 0.996188521
vn 0.249753162 -0.0117916241 0.968237817
vn 0.585631609 -0.0741289854 0.807180583
vn 0.282871574 -0.0293774549 0.958707869
vn 0.623691797 -0.0881954208 0.776678801
vn 0.0972767845 0.00127978553 0.995256603
vn 0.00722661382 0.697023213 0.717012227
vn 0.0128732948 0.420192033 0.907343805
vn 0.0128732948 0.420192033 0.907343805
vn 0.0177832209 0.230366051 0.972941577
vn 0.0223155431 0.124610536 0.991954684
vn 0.0267023705 0.0606602989 0.997801244
vn 0.0307408143 0.0265331883 0.999175131
vn 0.0345751829 0.010635131 0.999345481
vn 0.0377570987 0.00360108283 0.999280512
vn 0.111465782 -0.00544762332 0.993753374
vn 0.324058861 -0.0372727327 0.945302427
vn 0.0396641716 0.000360380422 0.99921298
vn 0.0313335061 0.00440588454 0.999499261
vn 0.00141403661 0.693152368 0.720789671
vn 0.00307132606 0.419804543 0.907609344
vn 0.00307132606 0.419804543 0.907609344
vn 0.00409059413 0.229722887 0.973247409
vn 0.00524476729 0.128339633 0.991716504
vn 0.00682421401 0.0645133257 0.997893572
vn 0.00834534317 0.0297418982 0.999522805
vn 0.00975545309 0.0132956738 0.999864101
vn 0.0109393932 0.005487727 0.999925077
vn 0.0118949432 0.00125513913 0.999928534
vn -0.00142195588 0.692714393 0.721210599
vn -0.00225733104 0.419829309 0.907600284
vn -0.00225733104 0.419829309 0.907600284
vn -0.00228563929 0.228918284 0.973443031
vn -0.00213538087 0.128900006 0.991655231
vn -0.00195717951 0.0653643087 0.997859538
vn -0.00166521978 0.0305410735 0.999532163
vn -0.0012781719 0.0139319552 0.99990207
vn -0.000851449207 0.00592562277 0.999982119
vn -0.00681988662 0.695611656 0.718385577
vn -0.0103605613 0.421518594 0.906760514
vn -0.0103605613 0.421518594 0.906760514
vn -0.0115411403 0.230980217 0.972890019
vn -0.0120653128 0.127672642 0.991742969
vn -0.0127263572 0.0636708811 0.997889757
vn -0.0132088047 0.0292885508 0.999483705
vn -0.0134825688 0.0131205972 0.999823034
vn -0.0200361181 0.699113786 0.714729667
vn -0.0290922355 0.417683899 0.908126533
vn -0.0290922355 0.417683899 0.908126533
vn -0.034649305 0.228552908 0.972914636
vn -0.0386947542 0.120166928 0.991999328
vn -0.0423070826 0.0571666583 0.997467816
vn -0.0620699786 0.693669558 0.717614055
vn -0.0915615261 0.397354275 0.913086057
vn -0.0915615261 0.397354275 0.913086057
vn -0.109081708 0.204944819 0.972676098
vn -0.121629499 0.0956602544 0.987955093
vn -0.182815656 0.669044912 0.720386922
vn -0.283750504 0.34823364 0.893430948
vn -0.283750504 0.34823364 0.893430948
vn -0.338531762 0.138185874 0.930752933
vn -0.453853935 0.645595729 0.614184678
vn -0.667233467 0.268229634 0.694875777
vn 0.950722814 0.295866013 0.0926800743
vn 0.631054938 0.751906455 0.190804258
vn 0.943835199 0.269458324 0.191225752
vn 0.641734958 0.760869503 0.0961964503
vn 0.616892934 0.710406065 0.338771582
vn 0.907552421 0.234511882 0.348357379
vn 0.616892934 0.710406065 0.338771582
vn 0.260252744 0.948872745 0.178631231
vn 0.237446979 0.931438982 0.275753975
vn 0.631054938 0.751906455 0.190804258
vn 0.282275259 0.954416633 0.0970024914
vn 0.641734958 0.760869503 0.0961964503
vn 0.647338152 0.762198329 -0.00265943864
vn 0.952407062 0.304710835 -0.00848897547
vn 0.291098088 0.956692338 0.00125492096
vn 0.647338152 0.762198329 -0.00265943864
vn 0.641193509 0.760624588 -0.101592727
vn 0.949734032 0.293716043 -0.108334363
vn 0.282256305 0.954578042 -0.0954566151
vn 0.641193509 0.760624588 -0.101592727
vn 0.630274415 0.751112223 -0.196429506
vn 0.941488862 0.265240759 -0.207956985
vn 0.260157079 0.949101627 -0.17755118
vn 0.630274415 0.751112223 -0.196429506
vn 0.61048162 0.710007012 -0.351001769
vn 0.893753171 0.236767605 -0.380980581
vn 0.61048162 0.710007012 -0.351001769
vn 0.235335574 0.932070494 -0.275430143
vn 0.454707146 0.650353014 -0.608508408
vn 0.670290411 0.271930814 -0.690481365
vn 0.219101489 0.87544173 -0.430808842
vn 0.454707146 0.650353014 -0.608508408
vn 0.670290411 0.271930814 -0.690481365
vn 0.99980849 -0.0141087882 -0.013558533
vn 0.993483305 -0.0213747751 -0.111955248
vn 0.99594605 -0.019429313 0.0878293663
vn 0.977648973 -0.037003424 -0.206961706
vn 0.932688057 -0.0384696163 -0.358626425
vn 0.741283596 0.0251832139 -0.670719326
vn 0.741283596 0.0251832139 -0.670719326
vn 0.291886896 0.350285947 -0.890000999
vn 0.670290411 0.271930814 -0.690481365
vn 0.347816616 0.136880502 -0.927516818
vn 0.985626876 -0.117080145 -0.121786155
vn 0.968488514 -0.119265579 -0.218644977
vn 0.993207514 -0.114791781 -0.0190167204
vn 0.925808549 -0.110634431 -0.361439407
vn 0.748044908 -0.0576589368 -0.661138594
vn 0.347816616 0.136880502 -0.927516818
vn 0.367050976 0.0363301709 -0.929491043
vn 0.963144541 -0.141540125 -0.228733301
vn 0.667778373 0.0765873715 0.740409613
vn 0.754277527 -0.321344852 0.5725407
vn 0.846079826 0.0631273314 0.52930522
vn 0.563917398 -0.192084387 0.803181648
vn 0.668628275 -0.433961689 0.603832245
vn 0.479954034 -0.284971297 0.82972014
vn 0.309850127 0.0185897723 0.950603664
vn 0.479954034 -0.284971297 0.82972014
vn 0.563917398 -0.192084387 0.803181648
vn 0.199744076 -0.0572582297 0.978173733
vn 0.667778373 0.0765873715 0.740409613
vn 0.500443101 0.27749759 0.820092618
vn 0.848943472 -0.361007363 0.385964572
vn 0.762705982 -0.502775729 0.406812102
vn 0.929994285 0.0574344918 0.363058954
vn 0.123567119 -0.0455938987 0.991288185
vn 0.0520101637 0.0803138539 0.995411754
vn 0.0195706803 0.0675985515 0.997520626
vn 0.0127501097 0.206278503 0.978410244
vn 0.0654639155 0.24614583 0.967019498
vn 0.150693595 0.145861313 0.977760673
vn 0.406808704 -0.27633068 0.870716929
vn 0.406808704 -0.27633068 0.870716929
vn 0.63095516 -0.442614198 0.637172163
vn 0.0306685902 0.0460406877 0.998468578
vn 0.0781786293 -0.0318686925 0.99642992
vn 0.324273944 -0.24665305 0.913240731
vn 0.0270618312 0.0200734828 0.999432147
vn 0.0478865579 -0.0306460988 0.998382449
vn 0.447054982 -0.531482518 -0.719491541
vn 0.113521926 -0.267273307 -0.956910491
vn 0.210990906 -0.269287467 -0.939663291
vn 0.310079306 -0.570257902 -0.760694981
vn 0.0163508654 -0.0780557692 -0.996814966
vn 0.0423112921 -0.0694326535 -0.996688962
vn -0.017026253 -0.270978481 -0.962434828
vn -0.00316709373 -0.0861261785 -0.99627918
vn -0.0369143598 -0.590210199 -0.806405127
vn 0.290142924 -0.272472292 -0.917374432
vn 0.076812163 -0.0654766038 -0.994893372
vn 0.00837659184 -0.0127832294 -0.999883235
vn 0.0186723117 0.002161799 -0.999823272
vn 0.000795985048 -0.0222356673 -0.999752462
vn 0.507853091 -0.480999023 -0.714650452
vn 0.0204464216 0.0156529155 -0.999668419
vn 0.0113865286 -0.00112967915 -0.999934554
vn 0.117159091 -0.0728644952 -0.990436554
vn 0.361656278 -0.279600978 -0.889397562
vn 0.566039145 -0.44629854 -0.693121374
vn 0.163947389 -0.0914110914 -0.982224703
vn 0.428167492 -0.301301658 -0.851991773
vn 0.615125597 -0.438659549 -0.655132234
vn 0.228035584 -0.101214513 -0.968377709
vn 0.483304262 -0.303666711 -0.821098983
vn 0.483304262 -0.303666711 -0.821098983
vn 0.615125597 -0.438659549 -0.655132234
vn 0.428167492 -0.301301658 -0.851991773
vn 0.652535498 -0.435368389 -0.620203078
vn 0.308080077 -0.0352398232 -0.950707555
vn 0.539937854 -0.240079612 -0.806739688
vn 0.539937854 -0.240079612 -0.806739688
vn 0.719245434 -0.363235563 -0.592238069
vn 0.63029635 -0.0319754481 -0.77569586
vn 0.81935817 -0.0412276052 -0.57179755
vn 0.63029635 -0.0319754481 -0.77569586
vn 0.473408699 0.19936724 -0.857984304
vn 0.894187987 -0.369589716 0.252648741
vn 0.969867826 0.0637312829 0.235148609
vn 0.806200624 -0.531312644 0.260283411
vn 0.738475025 -0.522478223 0.426229089
vn 0.785156548 -0.557618856 0.269426256
vn 0.70078963 -0.558543861 0.443759769
vn 0.749909043 -0.600791514 0.276922315
vn 0.582699776 -0.45920369 0.670516908
vn 0.324273944 -0.24665305 0.913240731
vn 0.244921893 -0.233376011 0.941036105
vn 0.582699776 -0.45920369 0.670516908
vn 0.52054137 -0.49846375 0.69323194
vn 0.52054137 -0.49846375 0.69323194
vn 0.640383005 -0.616580606 0.457971454
vn 0.178291336 -0.227338776 0.95735532
vn 0.458330572 -0.542766869 0.70380193
vn 0.458330572 -0.542766869 0.70380193
vn 0.572764277 -0.677797079 0.461012125
vn 0.33066538 -0.568268418 0.753479481
vn 0.102983743 -0.224540964 0.969007611
vn 0.446851432 -0.751276195 0.485703409
vn 0.33066538 -0.568268418 0.753479481
vn 0.33066538 -0.568268418 0.753479481
vn -0.00504834857 -0.59278965 0.805341482
vn -0.0142588187 -0.845577538 0.53366214
vn 0.446851432 -0.751276195 0.485703409
vn -0.00504834857 -0.59278965 0.805341482
vn -0.000833610073 -0.226523563 0.974005282
vn 0.0284454264 -0.0392317697 0.998825252
vn 0.0103919068 -0.0505509339 0.998667359
vn -0.000437677518 -0.0571943745 0.998363018
vn -0.104268193 -0.22570242 0.968600333
vn -0.011443424 -0.0522099212 0.998570561
vn -0.338464051 -0.564538121 0.752820611
vn -0.0301243234 -0.0430594832 0.998618245
vn 0.0145961968 0.00256964331 0.999890149
vn 0.00366642652 -0.00789242797 0.999962151
vn -5.20815192e-05 -0.011714288 0.999931395
vn 0.0105754854 -0.000625210814 0.999943852
vn 0.370798647 -0.0124018528 -0.928630471
vn 0.137907371 0.0362963304 -0.98977989
vn 0.128855139 0.0939505845 -0.987202883
vn 0.367050976 0.0363301709 -0.929491043
vn 0.85685426 0.464763373 0.223149627
vn 0.987372875 0.0727898329 0.140699506
vn 0.875904977 0.465080619 0.12841478
vn 0.915907145 -0.369816124 0.156045869
vn 0.813768625 0.458459556 0.357205093
vn 0.885588706 0.462614 0.0414839908
vn 0.996240795 0.0741950795 0.0447152928
vn 0.926397085 -0.373352975 0.0489483513
vn 0.888310194 0.456309229 -0.0518362597
vn 0.996285856 0.0614374988 -0.0603311136
vn 0.922177911 -0.380438 -0.0696782321
vn 0.824729562 -0.543164849 0.157458454
vn 0.833712578 -0.55006814 0.0484614968
vn 0.83158493 -0.550756812 -0.0716486722
vn 0.804323196 -0.57255882 0.158873007
vn 0.813176692 -0.580041826 0.0479077026
vn 0.8114959 -0.579615057 -0.0743029937
vn 0.777638733 -0.626897216 0.047727149
vn 0.776172161 -0.625833273 -0.0767432079
vn 0.769045591 -0.618713498 0.160506606
vn 0.765467584 -0.616652071 -0.183846563
vn 0.800201297 -0.572583139 -0.178399652
vn 0.819672763 -0.546284616 -0.17236504
vn 0.706930161 -0.688412428 0.162290052
vn 0.714963198 -0.697529137 0.04775602
vn 0.713659286 -0.69606781 -0.0786137432
vn 0.703836799 -0.685017169 -0.188056573
vn 0.635638177 -0.767890453 -0.0794246197
vn 0.626520157 -0.755870104 -0.190086499
vn 0.637302756 -0.769127131 0.0478399619
vn 0.486862004 -0.872359276 0.0442123041
vn 0.483788162 -0.871791005 -0.0770029351
vn 0.478167474 -0.857902765 -0.188038945
vn -0.0507642552 -0.936221004 -0.347725749
vn 0.463104874 -0.825374186 -0.32294172
vn -0.0447093286 -0.979803979 -0.194897905
vn 0.478167474 -0.857902765 -0.188038945
vn -0.524298012 -0.831605971 -0.183147654
vn -0.512894869 -0.797701359 -0.317193121
vn -0.0400706381 -0.99617362 -0.0776686668
vn -0.524183393 -0.848299921 -0.0749610215
vn 0.483788162 -0.871791005 -0.0770029351
vn 0.463104874 -0.825374186 -0.32294172
vn 0.607787967 -0.729764402 -0.313109756
vn 0.682992339 -0.661043167 -0.310714304
vn 0.559832335 -0.667008221 -0.491617471
vn 0.628758788 -0.603081286 -0.490872025
vn 0.419219732 -0.744430125 -0.519690871
vn 0.742848098 -0.596470237 -0.303973705
vn 0.687038302 -0.547948539 -0.477211535
vn 0.77691251 -0.556504667 -0.294464767
vn 0.723564386 -0.517441213 -0.456846774
vn 0.566039145 -0.44629854 -0.693121374
vn 0.507853091 -0.480999023 -0.714650452
vn 0.796496093 -0.534693301 -0.282306701
vn 0.746350825 -0.502881467 -0.435970843
vn 0.817689955 -0.398724556 -0.415212929
vn 0.874775231 -0.401352584 -0.271448791
vn 0.905007899 -0.390504956 -0.16872099
vn 0.916433632 -0.0268804524 -0.399282843
vn 0.966313958 0.00261780643 -0.257352561
vn 0.987433434 0.0352302194 -0.154058367
vn 0.711443305 0.357822031 -0.604823768
vn 0.824940324 0.40272063 -0.396597445
vn 0.473408699 0.19936724 -0.857984304
vn 0.870382845 0.427878946 -0.243625432
vn 0.885001659 0.444432646 -0.138749987
vn -0.940879941 -0.114918776 -0.31865117
vn -0.945962608 -0.0426223651 -0.321462691
vn -0.937035859 -0.136723295 -0.321357518
vn -0.82820648 -0.110907905 -0.549338996
vn -0.514043093 -0.0406234376 -0.856801927
vn -0.906228185 0.235758349 -0.350953698
vn -0.98203361 -0.0340964608 -0.185600534
vn -0.943284333 0.270299822 -0.192750096
vn -0.995578885 -0.0187236778 -0.0920433402
vn -0.950193167 0.29729411 -0.0935364068
vn -0.988547623 -0.116104893 -0.0964007229
vn -0.974254847 -0.119271412 -0.191316158
vn -0.646788359 0.762652397 0.00513217179
vn -0.952115595 0.305646449 0.00750588812
vn -0.641138852 0.761650503 -0.0939659104
vn -0.640896082 0.760655463 0.103225246
vn -0.949896514 0.293781638 0.106719308
vn -0.99986583 -0.0138345854 0.00876851007
vn -0.994032204 -0.0210246108 0.107042134
vn -0.630287707 0.752932787 -0.189286828
vn -0.615701914 0.712198675 -0.33717078
vn -0.480107099 0.65018177 -0.588864207
vn -0.612168908 0.706948817 0.354220927
vn -0.630806625 0.750261486 0.197966278
vn -0.612168908 0.706948817 0.354220927
vn -0.942176342 0.264202595 0.206157103
vn -0.895116866 0.233612031 0.379725158
vn -0.630806625 0.750261486 0.197966278
vn -0.640896082 0.760655463 0.103225246
vn -0.646788359 0.762652397 0.00513217179
vn -0.641138852 0.761650503 -0.0939659104
vn -0.630287707 0.752932787 -0.189286828
vn -0.615701914 0.712198675 -0.33717078
vn -0.269015074 -0.0918904319 -0.95874238
vn -0.55727005 -0.211656332 -0.802901983
vn -0.349974364 0.00899850018 -0.93671608
vn -0.500390351 -0.29869169 -0.812645614
vn -0.650313616 0.00486368733 -0.759650171
vn -0.511633635 0.232124865 -0.827253938
vn -0.730063021 -0.339332223 -0.593179226
vn -0.650313616 0.00486368733 -0.759650171
vn -0.55727005 -0.211656332 -0.802901983
vn -0.820444703 -0.0133942002 -0.571569145
vn -0.500390351 -0.29869169 -0.812645614
vn -0.65827471 -0.428448498 -0.618955851
vn -0.825600088 -0.37350598 -0.422939509
vn -0.750081599 -0.494585514 -0.439047635
vn -0.91151756 -0.00067306764 -0.411260575
vn -0.199518234 -0.104228497 -0.974335134
vn -0.454274774 -0.308428109 -0.835766971
vn -0.454274774 -0.308428109 -0.835766971
vn -0.627652347 -0.435403585 -0.64534986
vn -0.729574561 -0.51011616 -0.455524445
vn -0.800101042 -0.525691867 -0.288939834
vn -0.781285882 -0.548027515 -0.298761249
vn -0.8836568 -0.373128563 -0.282711416
vn -0.915322602 -0.359837502 -0.180835798
vn -0.823976576 -0.537003815 -0.180802479
vn -0.804503798 -0.564575553 -0.184467092
vn -0.384851754 -0.282936156 -0.878542185
vn -0.583779812 -0.440462321 -0.68205142
vn -0.137361869 -0.0810613409 -0.987198472
vn -0.384851754 -0.282936156 -0.878542185
vn -0.699075043 -0.534322083 -0.475177795
vn -0.753066123 -0.581424713 -0.307955593
vn -0.774983227 -0.603144586 -0.188726187
vn -0.583779812 -0.440462321 -0.68205142
vn -0.30818364 -0.267423689 -0.912966251
vn -0.523149967 -0.467367262 -0.712658405
vn -0.0901682898 -0.0632446706 -0.993916333
vn -0.523149967 -0.467367262 -0.712658405
vn -0.643262029 -0.585136473 -0.493790746
vn -0.696822882 -0.643748403 -0.316268831
vn -0.0345638208 -0.998340666 0.0460582338
vn 0.486862004 -0.872359276 0.0442123041
vn -0.521648467 -0.851970315 0.0450510122
vn -0.647925496 -0.760369658 0.045061145
vn -0.524183393 -0.848299921 -0.0749610215
vn -0.521648467 -0.851970315 0.0450510122
vn -0.648098707 -0.75709945 -0.0822703093
vn -0.640874267 -0.742911875 -0.193292663
vn -0.524298012 -0.831605971 -0.183147654
vn 0.630537391 -0.758740544 0.163509801
vn 0.487617612 -0.858852386 0.156848833
vn 0.487617612 -0.858852386 0.156848833
vn -0.0283028446 -0.986008942 0.164271832
vn -0.517055273 -0.841382563 0.157254994
vn -0.639299631 -0.751746058 0.161783472
vn -0.517055273 -0.841382563 0.157254994
vn 0.688911438 -0.667319775 0.282993913
vn 0.615151644 -0.734860063 0.285603046
vn 0.482012987 -0.828214169 0.285875469
vn 0.482012987 -0.828214169 0.285875469
vn -0.0231646262 -0.950971723 0.308409065
vn -0.505784988 -0.813784003 0.286246479
vn -0.505784988 -0.813784003 0.286246479
vn -0.463742435 -0.741340816 0.485135823
vn -0.463742435 -0.741340816 0.485135823
vn -0.338464051 -0.564538121 0.752820611
vn -0.338464051 -0.564538121 0.752820611
vn -0.574011087 0.804536223 -0.15242292
vn -0.114750177 0.970524967 -0.211928427
vn -0.137093365 0.984380126 -0.110458776
vn -0.557277739 0.776987791 -0.292799532
vn -0.0832845196 0.996253192 0.0233096965
vn -0.0806710646 0.991830289 -0.0988162681
vn -0.0681238472 0.979165971 -0.191293329
vn -0.299565464 0.949317694 -0.0951656103
vn -0.280523479 0.94029969 -0.192725509
vn -0.294214517 0.955400586 0.0254484862
vn -0.663772404 0.728150368 -0.170888916
vn -0.676506519 0.732312918 -0.0778249353
vn -0.299565464 0.949317694 -0.0951656103
vn -0.280523479 0.94029969 -0.192725509
vn -0.294214517 0.955400586 0.0254484862
vn -0.669864833 0.742099583 0.0238591675
vn -0.8849352 0.460733205 -0.0679304004
vn -0.882362902 0.4441787 -0.155373856
vn -0.8803792 0.473735899 0.0225149356
vn -0.992016494 0.101195417 -0.0752513185
vn -0.983686745 0.0665199906 -0.167139322
vn -0.991532326 0.127347484 0.0254191961
vn -0.935039461 -0.344413877 -0.0841448903
vn -0.942964673 -0.331202984 0.0335001014
vn -0.0545778163 0.956144273 -0.287766129
vn -0.0871066451 0.949081898 -0.302747488
vn -0.246334225 0.92222631 -0.298023432
vn -0.633110702 0.720416784 -0.283143848
vn -0.246334225 0.92222631 -0.298023432
vn -0.866069436 0.42351231 -0.265633345
vn -0.961826265 0.0300033223 -0.272010922
vn -0.203405663 0.870207846 -0.44873634
vn -0.0439905673 0.901171029 -0.431225598
vn -0.633110702 0.720416784 -0.283143848
vn -0.574429631 0.689586103 -0.441023409
vn -0.574429631 0.689586103 -0.441023409
vn -0.81997031 0.393881261 -0.415338725
vn -0.469213158 0.596281588 -0.651373327
vn -0.155028537 0.733256757 -0.662042797
vn -0.469213158 0.596281588 -0.651373327
vn -0.715937257 0.354181796 -0.601655424
vn -0.314874917 0.398150206 -0.861585855
vn -0.511633635 0.232124865 -0.827253938
vn 0.302195251 0.359254062 -0.882957816
vn 0.460645586 0.600269854 -0.653820992
vn 0.569571853 0.709569097 -0.414848804
vn -0.0532290637 -0.039002873 0.997820377
vn -0.00376727758 -0.00794218387 0.999961317
vn -0.014244738 0.0023613472 0.999895751
vn -0.0266462304 0.0186910797 0.999470115
vn -0.000139684504 -0.00150987296 0.999998927
vn -0.0111084161 -0.0006356425 0.99993819
vn -0.0314776488 0.00440474087 0.999494791
vn -0.00043428957 0.0016371446 0.999998569
vn -0.0134220719 0.00546554476 0.999894977
vn -0.0132641764 0.00114224874 0.999911427
vn -0.0455666147 0.00943515077 0.998916745
vn -0.0446157418 0.0244090706 0.998705983
vn -0.0448800437 0.00317190657 0.998987317
vn -0.042578917 3.51187555e-05 0.999093056
vn -0.13055627 0.0380075388 0.990712047
vn -0.136669829 0.00848530699 0.99058038
vn -0.142061383 -0.00522369426 0.989844084
vn -0.148014516 -0.00975535251 0.98893714
vn -0.149669066 -0.00585952774 0.988718808
vn -0.361390978 0.0375457592 0.931658149
vn -0.366177887 -0.0107004326 0.930483282
vn -0.371171892 -0.0352082103 0.92789644
vn -0.384775341 -0.0473950617 0.921792626
vn -0.407985926 -0.0508071333 0.91157341
vn -0.432037979 -0.0349857919 0.901176512
vn -0.667233467 0.268229634 0.694875777
vn -0.739543319 0.0248490665 0.672650099
vn -0.739543319 0.0248490665 0.672650099
vn -0.748876929 -0.0583461337 0.660135627
vn -0.338531762 0.138185874 0.930752933
vn -0.361390978 0.0375457592 0.931658149
vn -0.366177887 -0.0107004326 0.930483282
vn -0.741800487 -0.091522105 0.664346159
vn -0.453853935 0.645595729 0.614184678
vn -0.667233467 0.268229634 0.694875777
vn -0.934553444 -0.0395556241 0.353617251
vn -0.978708029 -0.036825113 0.201927349
vn -0.970255196 -0.1194098 0.210585549
vn -0.986675978 -0.116741776 0.113322109
vn -0.928970933 -0.1118256 0.352856815
vn -0.965423763 -0.142156288 0.218514621
vn -0.982515574 -0.14303869 0.119176492
vn -0.922430396 -0.134040385 0.362153798
vn -0.993384004 -0.114396542 0.0100781797
vn -0.989709914 -0.142645732 0.0112511897
vn -0.98849839 -0.150726557 0.0123483473
vn -0.980865479 -0.150461242 0.12354926
vn -0.963126838 -0.148674503 0.2242378
vn -0.980724275 -0.148772091 0.12667577
vn -0.988731682 -0.149085715 0.0135328043
vn -0.96249342 -0.147512108 0.227698565
vn -0.963195086 -0.137708455 0.230849788
vn -0.982032359 -0.136771768 0.130023077
vn -0.990553081 -0.136301219 0.0150537677
vn -0.984654546 -0.142826661 -0.100279883
vn -0.98330003 -0.150478259 -0.102358319
vn -0.983437777 -0.149024159 -0.103159428
vn -0.985120595 -0.137031659 -0.103729405
vn -0.989327252 -0.0974264219 -0.108349957
vn -0.995415986 -0.093908444 0.0181118492
vn -0.985176146 -0.0995938256 0.139674425
vn -0.987975001 0.0840191916 -0.129792914
vn -0.970055819 -0.142493397 -0.196690798
vn -0.968408048 -0.149261668 -0.199766815
vn -0.968537867 -0.148169309 -0.199950755
vn -0.970362961 -0.137724027 -0.198563829
vn -0.973404467 -0.106262468 -0.202958494
vn -0.96992439 0.0501292758 -0.238188654
vn -0.935500383 -0.143814147 -0.322732836
vn -0.936591923 -0.14404431 -0.319447935
vn -0.940079093 -0.136186391 -0.312577426
vn -0.944576621 -0.112956867 -0.308245897
vn -0.831419945 -0.122786492 -0.541908145
vn -0.840691507 -0.127398208 -0.526315153
vn -0.856136441 -0.12484809 -0.501441479
vn -0.541940272 -0.0658614486 -0.837832332
vn -0.575472951 -0.0798056573 -0.813917696
vn -0.623268902 -0.714816511 -0.317132801
vn -0.512894869 -0.797701359 -0.317193121
vn -0.725156963 -0.683570981 -0.0829338357
vn -0.716654003 -0.670200527 -0.19297193
vn -0.0949739814 -0.0478950776 0.99432689
vn -0.152420506 -0.073219806 0.985599816
vn -0.451790959 -0.307734162 0.837367654
vn -0.238844454 -0.0936534405 0.966531157
vn -0.516161442 -0.303010672 0.801100433
vn -0.0254590996 0.0533466451 0.998251438
vn -0.0571585223 0.0620638728 0.996434033
vn -0.0326288268 0.0393649302 0.998692036
vn -0.158083096 0.126335979 0.979310513
vn -0.34318608 -0.00197129883 0.939265311
vn -0.593163669 -0.180894971 0.78449595
vn -0.299792141 0.404585898 0.863964677
vn -0.50679636 0.28707397 0.812862754
vn -0.34318608 -0.00197129883 0.939265311
vn -0.50679636 0.28707397 0.812862754
vn -0.0268308185 0.00256312452 -0.99963671
vn -0.008433952 -0.0016170718 -0.999963164
vn -0.0571262501 0.0136605557 -0.998273492
vn 0.000185326644 -0.00234576128 -0.999997258
vn -0.0320197493 0.0306398347 -0.999017537
vn -0.0233125798 0.00959441811 -0.999682188
vn -0.0899291039 0.103533551 -0.990552127
vn 0.605094254 0.759033322 0.240269259
vn 0.644743741 0.750894785 0.143047348
vn 0.668012679 0.742604911 0.0479263067
vn 0.544673681 0.747388721 0.380447716
vn 0.544673681 0.747388721 0.380447716
vn 0.605094254 0.759033322 0.240269259
vn 0.264500707 0.950172961 0.16495654
vn 0.644743741 0.750894785 0.143047348
vn -0.574011087 0.804536223 -0.15242292
vn -0.733840108 -0.10547369 0.671084166
vn -0.384775341 -0.0473950617 0.921792626
vn -0.371171892 -0.0352082103 0.92789644
vn -0.736907899 -0.110337771 0.666927457
vn -0.407985926 -0.0508071333 0.91157341
vn -0.751552641 -0.108877443 0.650626123
vn -0.777042985 -0.0896628723 0.623028696
vn -0.432037979 -0.0349857919 0.901176512
vn -0.917039812 -0.141153902 0.372979283
vn -0.915073514 -0.141018495 0.37782824
vn -0.916706979 -0.134404838 0.376276135
vn -0.920611978 -0.112849794 0.373816133
vn -0.964721322 -0.109477028 0.2394315
vn -0.00414675009 0.949543834 -0.313606858
vn -0.000875566446 0.948553324 -0.316616237
vn 0.000901887775 0.979264796 -0.202582195
vn 0.000907825714 0.948540986 -0.316653043
vn 0.00471200654 0.994109452 -0.108278289
vn 0.00419378933 0.979601264 -0.200907156
vn 0.00420025736 0.949482143 -0.313793153
vn 0.0143554425 0.999893606 0.00259078271
vn 0.0135083636 0.994248927 -0.106238246
vn 0.0120895607 0.980276227 -0.197261885
vn 0.0118530001 0.95130682 -0.308017671
vn 0.0360287018 0.999347389 0.00256884727
vn 0.0340865888 0.994135082 -0.102633253
vn 0.0304095484 0.981152713 -0.190825894
vn 0.0291138105 0.954053879 -0.298217148
vn 0.0962574333 0.990248382 0.100710906
vn 0.101871029 0.994794846 0.00234843139
vn 0.0966872051 0.990535736 -0.0974197239
vn 0.0848027319 0.979852498 -0.180824682
vn 0.0736788735 0.957214415 -0.279842854
vn -0.00551196001 0.0645659715 -0.997898281
vn -0.00679640612 0.0299242157 -0.999529064
vn 0.00250327145 0.0652519986 -0.997865617
vn 0.00243407255 0.030519912 -0.99953115
vn 0.0129822064 0.12759161 -0.991741896
vn 0.0137665737 0.0633318201 -0.997897625
vn 0.0142508652 0.0289689191 -0.999478698
vn 0.0430983566 0.119397767 -0.991910636
vn 0.0467803255 0.0562053509 -0.997322619
vn 0.115898095 0.204410717 -0.971999943
vn 0.0974511653 0.397554785 -0.912388861
vn 0.109626748 0.026941264 -0.9936077
vn 0.0244042482 0.00188653148 -0.999700367
vn 0.00797448866 -0.00161815772 -0.99996686
vn 0.0394904427 0.0127332695 -0.999138772
vn -0.19628799 0.189142331 -0.962131083
vn -0.314874917 0.398150206 -0.861585855
vn -0.299792141 0.404585898 0.863964677
vn -0.43141377 0.671705186 0.602241099
vn -0.708326697 0.461998641 0.533695102
vn -0.299792141 0.404585898 0.863964677
vn -0.43141377 0.671705186 0.602241099
vn -0.528420866 0.768535674 0.360727221
vn -0.802562773 0.493201017 0.335627377
vn -0.528420866 0.768535674 0.360727221
vn -0.21584788 0.946951866 0.238100335
vn -0.593696356 0.773718297 0.221098602
vn -0.261782557 0.95504874 0.139110416
vn -0.00159147824 -0.0206620712 -0.999785244
vn -0.000234139385 -0.00909531675 -0.999958575
vn -0.000409300032 -0.02509664 -0.99968493
vn -0.00455470756 -0.00613309024 -0.999970794
vn -0.0153124658 0.005187036 -0.999869347
vn -0.0123125212 -0.00640474819 -0.999903679
vn -0.463025838 -0.517916679 -0.719283998
vn -0.23239027 -0.268113047 -0.93493861
vn -0.139285371 -0.268401116 -0.953184366
vn -0.349407345 -0.554505289 -0.755273759
vn -0.052009929 -0.0670981705 -0.996389925
vn -0.022448441 -0.0774273723 -0.996745229
vn 0.766940236 -0.0888622552 -0.635536253
vn 0.41992259 -0.0410559326 -0.906630814
vn 0.409398645 -0.0514728017 -0.910902441
vn 0.776071429 0.0645640939 -0.627331376
vn 0.354435116 0.0528522991 -0.933585763
vn 0.911483526 0.0383844189 -0.409541637
vn 0.508733392 0.719818652 -0.472283244
vn 0.435508966 0.588536263 -0.681143999
vn 0.170253366 0.22932303 -0.958344817
vn 0.531818271 0.767491162 -0.357947737
vn 0.0657397658 0.918394029 -0.390167445
vn 0.531818271 0.767491162 -0.357947737
vn 0.0928755999 0.957470417 -0.273174793
vn 0.508733392 0.719818652 -0.472283244
vn 0.0476634987 0.766724646 -0.64020431
vn 0.435508966 0.588536263 -0.681143999
vn 0.0402125008 0.91965282 -0.390668303
vn 0.0529787689 0.96501267 -0.256795228
vn 0.19885084 0.888971388 -0.412538826
vn 0.238618389 0.934007525 -0.265878171
vn 0.543949723 0.803726792 -0.241126224
vn 0.12013936 0.976149917 -0.180825487
vn 0.0674298406 0.98371464 -0.16660957
vn 0.272992343 0.947069526 -0.168922111
vn 0.0791161284 0.994884789 -0.0628088787
vn 0.295110941 0.953315198 -0.0640282854
vn 0.0789317191 0.994901955 0.0627692044
vn 0.292363524 0.954469562 0.0592565872
vn 0.0925235525 0.496902406 0.862860024
vn 0.419219732 -0.744430125 -0.519690871
vn -0.0470841527 -0.82123214 -0.568648279
vn -0.0369143598 -0.590210199 -0.806405127
vn 0.310079306 -0.570257902 -0.760694981
vn -0.465652853 -0.717863381 -0.517532289
vn -0.349407345 -0.554505289 -0.755273759
vn 0.447054982 -0.531482518 -0.719491541
vn 0.559832335 -0.667008221 -0.491617471
vn 0.447054982 -0.531482518 -0.719491541
vn -0.236229986 0.283469707 -0.929430068
vn -0.0453191474 0.468539715 -0.882279277
vn -0.0241825171 0.490491301 -0.871110499
vn 0.569571853 0.709569097 -0.414848804
vn 0.625012696 0.737530112 -0.255751014
vn 0.0150155416 0.477878183 0.878297806
vn 0.0925235525 0.496902406 0.862860024
vn 0.305195093 0.412376851 0.858371258
vn 0.443994373 0.654579282 0.611878276
vn 0.305195093 0.412376851 0.858371258
vn 0.714108884 0.43290177 0.550131559
vn 0.305195093 0.412376851 0.858371258
vn 0.500443101 0.27749759 0.820092618
vn 0.443994373 0.654579282 0.611878276
vn -0.0973325819 0.483878106 -0.869705856
vn 0.00371716078 -0.00704545621 -0.999968231
vn -0.845327973 0.493760705 0.204012126
vn -0.593696356 0.773718297 0.221098602
vn -0.965849996 0.142109096 0.216653883
vn -0.640762866 0.757810354 0.123070367
vn -0.867498219 0.485007972 0.110517517
vn -0.640762866 0.757810354 0.123070367
vn -0.982671618 0.139943421 0.121540852
vn -0.261782557 0.95504874 0.139110416
vn 0.625012696 0.737530112 -0.255751014
vn 0.6554178 0.740112007 -0.150537878
vn 0.295110941 0.953315198 -0.0640282854
vn 0.6554178 0.740112007 -0.150537878
vn 0.272992343 0.947069526 -0.168922111
vn 0.671108425 0.739214838 -0.0563468002
vn 0.292363524 0.954469562 0.0592565872
vn 0.264500707 0.950172961 0.16495654
vn -0.574751079 -0.650981188 -0.495867521
vn -0.463025838 -0.517916679 -0.719283998
vn -0.574751079 -0.650981188 -0.495867521
vn -0.463025838 -0.517916679 -0.719283998
vn -0.465652853 -0.717863381 -0.517532289
vn 0.0113815563 0.364730358 -0.931043684
vn 0.170253366 0.22932303 -0.958344817
vn 0.00222519599 0.0137831103 -0.999902487
vn -0.546490729 0.735941231 -0.399673074
vn -0.0687492639 0.900270522 -0.429867834
vn -0.524444997 0.677107275 -0.516220093
vn -0.0343684703 0.758866429 -0.650338829
vn -0.0620059632 0.764541149 -0.641585708
vn -0.314874917 0.398150206 -0.861585855
vn -0.0973325819 0.483878106 -0.869705856
vn 0.354435116 0.0528522991 -0.933585763
vn -0.619635403 -0.085932456 -0.780171394
vn -0.673325956 -0.0762050226 -0.735408068
vn -0.328927815 -0.0301449839 -0.943873763
vn -0.718514681 0.0431130119 -0.69417429
vn -0.673325956 -0.0762050226 -0.735408068
vn -0.341741294 0.0445684679 -0.938736677
vn -0.453558743 0.552085996 -0.699632525
vn -0.236229986 0.283469707 -0.929430068
vn -0.0453191474 0.468539715 -0.882279277
vn -0.453558743 0.552085996 -0.699632525
vn -0.236229986 0.283469707 -0.929430068
vn -0.0241825171 0.490491301 -0.871110499
vn 0.483168602 0.648082495 0.588674128
vn 0.948266864 -0.0427917913 0.314577252
vn 0.9828915 -0.0339266695 0.181033716
vn 0.944558501 -0.115568161 0.307332337
vn 0.975849628 -0.119390465 0.182930261
vn 0.989254951 -0.116425134 0.0884302258
vn 0.549310327 -0.0480639488 0.834235013
vn 0.842782259 -0.114630319 0.525906801
vn 0.942316473 -0.137757853 0.305061489
vn 0.972501278 -0.142728508 0.184037358
vn 0.985816836 -0.142949983 0.0879235342
vn 0.989451647 -0.142690435 -0.0249943156
vn 0.981005669 -0.142915159 -0.131160229
vn 0.585631609 -0.0741289854 0.807180583
vn 0.850309849 -0.126757145 0.510789275
vn 0.942444861 -0.144823685 0.301369697
vn 0.971757472 -0.149419919 0.182650432
vn 0.984923363 -0.150481761 0.085330233
vn 0.623691797 -0.0881954208 0.776678801
vn 0.862013817 -0.131390378 0.48955977
vn 0.944724262 -0.145129696 0.29399547
vn 0.670666099 -0.093269974 0.73587203
vn 0.324058861 -0.0372727327 0.945302427
vn -0.557277739 0.776987791 -0.292799532
vn -0.94319272 0.0168922096 -0.331816316
vn -0.546490729 0.735941231 -0.399673074
vn -0.874295115 -0.107521713 -0.47333613
vn -0.886375189 0.0142523116 -0.46274817
vn -0.524444997 0.677107275 -0.516220093
vn -0.619635403 -0.085932456 -0.780171394
f 1/1/1 2/2/2 3/3/3
f 2/2/2 1/1/1 4/4/4
f 3/3/3 5/5/5 1/1/1
f 5/5/5 3/3/3 6/6/6
f 6/6/6 7/7/7 8/8/8
f 7/7/7 6/6/6 3/3/3
f 2/2/2 9/9/9 3/3/3
f 3/3/3 9/9/9 7/7/7
f 10/10/10 11/11/11 5/5/5
f 10/10/10 5/5/5 12/12/12
f 12/12/12 6/6/6 13/13/13
f 6/6/6 12/12/12 5/5/5
f 11/11/11 1/1/1 5/5/5
f 1/1/1 11/11/11 14/14/14
f 15/15/15 16/16/16 11/11/11
f 15/15/15 11/11/11 10/10/10
f 17/17/17 11/11/11 16/16/16
f 11/11/11 17/17/17 14/14/14
f 18/18/18 19/19/19 16/16/16
f 18/18/18 16/16/16 15/15/15
f 20/20/20 16/16/16 19/19/19
f 16/16/16 20/20/20 17/17/17
f 21/21/21 12/12/12 22/22/22
f 12/12/12 21/21/21 10/10/10
f 23/23/23 15/15/15 10/10/10
f 23/23/23 10/10/10 21/21/21
f 18/18/18 23/23/23 24/24/24
f 23/23/23 18/18/18 15/15/15
f 25/25/25 21/21/21 26/26/26
f 21/21/21 25/25/25 23/23/23
f 27/27/27 24/24/24 23/23/23
f 27/27/27 23/23/23 25/25/25
f 28/28/28 29/29/29 30/30/30
f 28/28/28 30/30/30 31/31/31
f 32/32/32 31/31/31 30/30/30
f 31/31/31 32/32/32 33/33/33
f 34/34/34 32/32/32 30/30/30
f 32/32/32 34/34/34 35/35/35
f 29/29/29 34/34/34 30/30/30
f 34/34/34 29/29/29 36/36/36
f 37/37/37 38/38/38 33/33/33
f 39/39/39 33/33/33 38/38/38
f 32/32/32 37/37/37 33/33/33
f 37/37/37 32/32/32 40/40/40
f 41/41/41 31/31/31 33/33/33
f 41/41/41 33/33/33 39/39/39
f 42/42/42 28/28/28 31/31/31
f 42/42/42 31/31/31 41/41/41
f 41/41/41 43/43/43 44/44/44
f 43/43/43 41/41/41 39/39/39
f 38/38/38 45/45/45 39/39/39
f 43/43/43 39/39/39 45/45/45
f 46/46/46 42/42/42 41/41/41
f 46/46/46 41/41/41 44/44/44
f 43/43/43 47/47/47 48/48/48
f 47/47/47 43/43/43 45/45/45
f 49/49/49 50/50/50 45/45/45
f 47/47/47 45/45/45 50/50/50
f 38/38/38 49/49/49 45/45/45
f 49/49/49 38/38/38 51/51/51
f 44/44/44 48/48/48 52/52/52
f 48/48/48 44/44/44 43/43/43
f 53/53/53 46/46/46 44/44/44
f 53/53/53 44/44/44 52/52/52
f 47/47/47 54/54/54 55/55/55
f 54/54/54 47/47/47 50/50/50
f 56/56/56 57/57/57 50/50/50
f 54/54/54 50/50/50 57/57/57
f 50/50/50 49/49/49 58/58/58
f 50/50/50 58/58/58 56/56/56
f 48/48/48 55/55/55 59/59/59
f 55/55/55 48/48/48 47/47/47
f 52/52/52 59/59/59 60/60/60
f 59/59/59 52/52/52 48/48/48
f 61/61/61 53/53/53 52/52/52
f 61/61/61 52/52/52 60/60/60
f 62/62/62 63/63/63 57/57/57
f 63/63/63 62/62/62 64/64/64
f 57/57/57 56/56/56 65/65/65
f 57/57/57 65/65/65 62/62/62
f 54/54/54 63/63/63 66/66/66
f 63/63/63 54/54/54 57/57/57
f 55/55/55 66/66/66 67/67/67
f 66/66/66 55/55/55 54/54/54
f 59/59/59 67/67/67 68/68/68
f 67/67/67 59/59/59 55/55/55
f 60/60/60 68/68/68 69/69/69
f 68/68/68 60/60/60 59/59/59
f 61/61/61 69/69/69 70/70/70
f 69/69/69 61/61/61 60/60/60
f 66/66/66 71/71/71 72/72/72
f 71/71/71 66/66/66 63/63/63
f 71/71/71 63/63/63 73/73/73
f 63/63/63 64/64/64 73/73/73
f 74/74/74 67/67/67 66/66/66
f 74/74/74 66/66/66 72/72/72
f 75/75/75 68/68/68 67/67/67
f 75/75/75 67/67/67 74/74/74
f 69/69/69 75/75/75 76/76/76
f 75/75/75 69/69/69 68/68/68
f 70/70/70 76/76/76 77/77/77
f 76/76/76 70/70/70 69/69/69
f 71/71/71 78/78/78 79/79/79
f 78/78/78 71/71/71 73/73/73
f 78/78/78 73/73/73 80/80/80
f 73/73/73 81/81/81 80/80/80
f 82/82/82 73/73/73 64/64/64
f 73/73/73 82/82/82 81/81/81
f 72/72/72 79/79/79 83/83/83
f 79/79/79 72/72/72 71/71/71
f 84/84/84 74/74/74 72/72/72
f 84/84/84 72/72/72 83/83/83
f 85/85/85 75/75/75 74/74/74
f 85/85/85 74/74/74 84/84/84
f 86/86/86 76/76/76 75/75/75
f 86/86/86 75/75/75 85/85/85
f 87/87/87 77/77/77 76/76/76
f 87/87/87 76/76/76 86/86/86
f 78/78/78 88/88/88 89/89/89
f 88/88/88 78/78/78 80/80/80
f 88/88/88 80/80/80 90/90/90
f 80/80/80 91/91/91 90/90/90
f 92/92/92 80/80/80 81/81/81
f 80/80/80 92/92/92 91/91/91
f 79/79/79 89/89/89 93/93/93
f 89/89/89 79/79/79 78/78/78
f 83/83/83 93/93/93 94/94/94
f 93/93/93 83/83/83 79/79/79
f 95/95/95 84/84/84 83/83/83
f 95/95/95 83/83/83 94/94/94
f 96/96/96 85/85/85 84/84/84
f 96/96/96 84/84/84 95/95/95
f 97/97/97 86/86/86 85/85/85
f 85/85/85 96/96/96 97/97/97
f 98/98/98 87/87/87 86/86/86
f 86/86/86 97/97/97 98/98/98
f 99/99/99 100/100/100 101/101/101
f 101/101/101 102/102/102 99/99/99
f 102/102/102 91/91/91 92/92/92
f 91/91/91 102/102/102 101/101/101
f 90/90/90 91/91/91 101/101/101
f 101/101/101 103/103/103 90/90/90
f 103/103/103 100/100/100 104/104/104
f 100/100/100 103/103/103 101/101/101
f 105/105/105 106/106/106 107/107/107
f 105/105/105 107/107/107 108/108/108
f 109/109/109 110/110/110 111/111/111
f 110/110/110 109/109/109 112/112/112
f 113/113/113 109/109/109 114/114/114
f 109/109/109 113/113/113 112/112/112
f 115/115/115 116/116/116 106/106/106
f 115/115/115 106/106/106 105/105/105
f 117/117/117 99/99/99 102/102/102
f 102/102/102 118/118/118 117/117/117
f 118/118/118 92/92/92 119/119/119
f 92/92/92 118/118/118 102/102/102
f 120/120/120 105/105/105 108/108/108
f 108/108/108 121/121/121 120/120/120
f 122/122/122 115/115/115 105/105/105
f 122/122/122 105/105/105 120/120/120
f 8/8/8 7/7/7 115/115/115
f 8/8/8 115/115/115 122/122/122
f 7/7/7 116/116/116 115/115/115
f 116/116/116 7/7/7 9/9/9
f 123/123/123 117/117/117 118/118/118
f 118/118/118 124/124/124 123/123/123
f 124/124/124 119/119/119 125/125/125
f 119/119/119 124/124/124 118/118/118
f 126/126/126 120/120/120 121/121/121
f 126/126/126 121/121/121 127/127/127
f 128/128/128 122/122/122 120/120/120
f 128/128/128 120/120/120 126/126/126
f 129/129/129 8/8/8 122/122/122
f 129/129/129 122/122/122 128/128/128
f 130/130/130 123/123/123 124/124/124
f 130/130/130 124/124/124 131/131/131
f 125/125/125 131/131/131 124/124/124
f 131/131/131 125/125/125 132/132/132
f 133/133/133 126/126/126 127/127/127
f 133/133/133 127/127/127 134/134/134
f 135/135/135 128/128/128 126/126/126
f 135/135/135 126/126/126 133/133/133
f 136/136/136 130/130/130 131/131/131
f 136/136/136 131/131/131 137/137/137
f 132/132/132 137/137/137 131/131/131
f 137/137/137 132/132/132 138/138/138
f 139/139/139 133/133/133 134/134/134
f 139/139/139 134/134/134 140/140/140
f 141/141/141 135/135/135 133/133/133
f 141/141/141 133/133/133 139/139/139
f 142/142/142 136/136/136 137/137/137
f 142/142/142 137/137/137 143/143/143
f 138/138/138 143/143/143 137/137/137
f 143/143/143 138/138/138 144/144/144
f 145/145/145 139/139/139 140/140/140
f 145/145/145 140/140/140 146/146/146
f 147/147/147 142/142/142 143/143/143
f 147/147/147 143/143/143 148/148/148
f 144/144/144 148/148/148 143/143/143
f 148/148/148 144/144/144 149/149/149
f 150/150/150 145/145/145 146/146/146
f 150/150/150 146/146/146 151/151/151
f 147/147/147 152/152/152 153/153/153
f 152/152/152 147/147/147 148/148/148
f 154/154/154 148/148/148 149/149/149
f 148/148/148 154/154/154 152/152/152
f 153/153/153 155/155/155 156/156/156
f 155/155/155 153/153/153 152/152/152
f 157/157/157 152/152/152 154/154/154
f 152/152/152 157/157/157 155/155/155
f 158/158/158 159/159/159 160/160/160
f 160/160/160 161/161/161 158/158/158
f 161/161/161 162/162/162 163/163/163
f 162/162/162 161/161/161 160/160/160
f 25/25/25 26/26/26 160/160/160
f 160/160/160 26/26/26 162/162/162
f 159/159/159 25/25/25 160/160/160
f 25/25/25 159/159/159 27/27/27
f 161/161/161 163/163/163 164/164/164
f 164/164/164 163/163/163 165/165/165
f 166/166/166 165/165/165 163/163/163
f 165/165/165 166/166/166 167/167/167
f 168/168/168 163/163/163 162/162/162
f 163/163/163 168/168/168 166/166/166
f 165/165/165 169/169/169 170/170/170
f 169/169/169 165/165/165 167/167/167
f 167/167/167 171/171/171 172/172/172
f 167/167/167 172/172/172 169/169/169
f 173/173/173 167/167/167 166/166/166
f 167/167/167 173/173/173 171/171/171
f 164/164/164 165/165/165 174/174/174
f 165/165/165 170/170/170 174/174/174
f 175/175/175 176/176/176 177/177/177
f 176/176/176 175/175/175 178/178/178
f 179/179/179 177/177/177 180/180/180
f 177/177/177 179/179/179 175/175/175
f 181/181/181 182/182/182 183/183/183
f 182/182/182 181/181/181 184/184/184
f 185/185/185 182/182/182 184/184/184
f 182/182/182 185/185/185 186/186/186
f 183/183/183 187/187/187 181/181/181
f 187/187/187 183/183/183 188/188/188
f 189/189/189 190/190/190 188/188/188
f 188/188/188 190/190/190 187/187/187
f 191/191/191 189/189/189 188/188/188
f 189/189/189 191/191/191 192/192/192
f 188/188/188 193/193/193 191/191/191
f 193/193/193 188/188/188 183/183/183
f 194/194/194 195/195/195 196/196/196
f 197/197/197 196/196/196 195/195/195
f 198/198/198 194/194/194 196/196/196
f 194/194/194 198/198/198 199/199/199
f 196/196/196 200/200/200 201/201/201
f 196/196/196 201/201/201 198/198/198
f 200/200/200 197/197/197 202/202/202
f 197/197/197 200/200/200 196/196/196
f 203/203/203 204/204/204 205/205/205
f 203/203/203 205/205/205 206/206/206
f 207/207/207 206/206/206 205/205/205
f 206/206/206 207/207/207 208/208/208
f 205/205/205 209/209/209 207/207/207
f 209/209/209 205/205/205 210/210/210
f 204/204/204 210/210/210 205/205/205
f 210/210/210 204/204/204 211/211/211
f 211/211/211 212/212/212 213/213/213
f 211/211/211 213/213/213 210/210/210
f 214/214/214 212/212/212 211/211/211
f 212/212/212 214/214/214 215/215/215
f 216/216/216 214/214/214 211/211/211
f 216/216/216 211/211/211 204/204/204
f 217/217/217 215/215/215 214/214/214
f 215/215/215 217/217/217 218/218/218
f 219/219/219 217/217/217 214/214/214
f 219/219/219 214/214/214 216/216/216
f 215/215/215 220/220/220 221/221/221
f 215/215/215 221/221/221 212/212/212
f 218/218/218 220/220/220 215/215/215
f 220/220/220 218/218/218 222/222/222
f 223/223/223 219/219/219 224/224/224
f 219/219/219 223/223/223 217/217/217
f 223/223/223 218/218/218 217/217/217
f 218/218/218 223/223/223 225/225/225
f 226/226/226 218/218/218 225/225/225
f 218/218/218 226/226/226 222/222/222
f 227/227/227 220/220/220 222/222/222
f 220/220/220 227/227/227 228/228/228
f 229/229/229 222/222/222 226/226/226
f 222/222/222 229/229/229 227/227/227
f 230/230/230 225/225/225 231/231/231
f 225/225/225 230/230/230 226/226/226
f 231/231/231 223/223/223 232/232/232
f 223/223/223 231/231/231 225/225/225
f 233/233/233 226/226/226 230/230/230
f 226/226/226 233/233/233 229/229/229
f 234/234/234 227/227/227 229/229/229
f 227/227/227 234/234/234 235/235/235
f 236/236/236 229/229/229 233/233/233
f 229/229/229 236/236/236 234/234/234
f 237/237/237 231/231/231 238/238/238
f 231/231/231 237/237/237 230/230/230
f 238/238/238 232/232/232 239/239/239
f 232/232/232 238/238/238 231/231/231
f 240/240/240 230/230/230 237/237/237
f 230/230/230 240/240/240 233/233/233
f 236/236/236 240/240/240 241/241/241
f 240/240/240 236/236/236 233/233/233
f 242/242/242 243/243/243 244/244/244
f 243/243/243 242/242/242 245/245/245
f 246/246/246 244/244/244 247/247/247
f 244/244/244 246/246/246 242/242/242
f 248/248/248 237/237/237 249/249/249
f 237/237/237 248/248/248 240/240/240
f 249/249/249 238/238/238 250/250/250
f 238/238/238 249/249/249 237/237/237
f 241/241/241 248/248/248 251/251/251
f 248/248/248 241/241/241 240/240/240
f 252/252/252 247/247/247 253/253/253
f 247/247/247 252/252/252 246/246/246
f 254/254/254 249/249/249 255/255/255
f 249/249/249 254/254/254 248/248/248
f 255/255/255 250/250/250 256/256/256
f 250/250/250 255/255/255 249/249/249
f 251/251/251 254/254/254 257/257/257
f 254/254/254 251/251/251 248/248/248
f 258/258/258 253/253/253 259/259/259
f 253/253/253 258/258/258 252/252/252
f 260/260/260 252/252/252 258/258/258
f 252/252/252 260/260/260 261/261/261
f 261/261/261 246/246/246 252/252/252
f 246/246/246 261/261/261 262/262/262
f 263/263/263 256/256/256 264/264/264
f 256/256/256 263/263/263 255/255/255
f 263/263/263 254/254/254 255/255/255
f 254/254/254 263/263/263 265/265/265
f 257/257/257 265/265/265 266/266/266
f 265/265/265 257/257/257 254/254/254
f 267/267/267 259/259/259 268/268/268
f 259/259/259 267/267/267 258/258/258
f 269/269/269 258/258/258 267/267/267
f 258/258/258 269/269/269 260/260/260
f 270/270/270 260/260/260 269/269/269
f 260/260/260 270/270/270 271/271/271
f 271/271/271 261/261/261 260/260/260
f 261/261/261 271/271/271 272/272/272
f 273/273/273 266/266/266 265/265/265
f 266/266/266 273/273/273 274/274/274
f 275/275/275 265/265/265 263/263/263
f 275/275/275 273/273/273 265/265/265
f 276/276/276 268/268/268 277/277/277
f 268/268/268 276/276/276 267/267/267
f 276/276/276 278/278/278 267/267/267
f 269/269/269 267/267/267 278/278/278
f 279/279/279 280/280/280 281/281/281
f 280/280/280 279/279/279 282/282/282
f 283/283/283 282/282/282 284/284/284
f 283/283/283 280/280/280 282/282/282
f 285/285/285 281/281/281 286/286/286
f 281/281/281 285/285/285 279/279/279
f 287/287/287 288/288/288 289/289/289
f 288/288/288 287/287/287 290/290/290
f 291/291/291 292/292/292 293/293/293
f 292/292/292 291/291/291 294/294/294
f 295/295/295 296/296/296 297/297/297
f 297/297/297 296/296/296 298/298/298
f 299/299/299 295/295/295 297/297/297
f 295/295/295 299/299/299 300/300/300
f 289/289/289 301/301/301 287/287/287
f 301/301/301 289/289/289 302/302/302
f 303/303/303 300/300/300 299/299/299
f 300/300/300 303/303/303 304/304/304
f 302/302/302 305/305/305 301/301/301
f 305/305/305 302/302/302 306/306/306
f 307/307/307 303/303/303 308/308/308
f 303/303/303 307/307/307 304/304/304
f 289/289/289 309/309/309 310/310/310
f 309/309/309 289/289/289 288/288/288
f 294/294/294 311/311/311 292/292/292
f 311/311/311 294/294/294 312/312/312
f 310/310/310 302/302/302 289/289/289
f 302/302/302 310/310/310 313/313/313
f 313/313/313 306/306/306 302/302/302
f 306/306/306 313/313/313 314/314/314
f 315/315/315 310/310/310 309/309/309
f 310/310/310 315/315/315 316/316/316
f 312/312/312 317/317/317 311/311/311
f 317/317/317 312/312/312 318/318/318
f 316/316/316 313/313/313 310/310/310
f 313/313/313 316/316/316 319/319/319
f 320/320/320 316/316/316 315/315/315
f 316/316/316 320/320/320 321/321/321
f 318/318/318 322/322/322 317/317/317
f 322/322/322 318/318/318 323/323/323
f 321/321/321 319/319/319 316/316/316
f 319/319/319 321/321/321 324/324/324
f 323/323/323 325/325/325 322/322/322
f 325/325/325 323/323/323 326/326/326
f 327/327/327 321/321/321 320/320/320
f 321/321/321 327/327/327 328/328/328
f 329/329/329 330/330/330 331/331/331
f 330/330/330 329/329/329 332/332/332
f 333/333/333 329/329/329 331/331/331
f 329/329/329 333/333/333 334/334/334
f 331/331/331 335/335/335 333/333/333
f 335/335/335 331/331/331 336/336/336
f 330/330/330 336/336/336 331/331/331
f 336/336/336 330/330/330 337/337/337
f 332/332/332 338/338/338 330/330/330
f 338/338/338 332/332/332 339/339/339
f 338/338/338 337/337/337 330/330/330
f 337/337/337 338/338/338 340/340/340
f 339/339/339 341/341/341 338/338/338
f 341/341/341 339/339/339 342/342/342
f 341/341/341 340/340/340 338/338/338
f 340/340/340 341/341/341 343/343/343
f 342/342/342 344/344/344 341/341/341
f 344/344/344 342/342/342 345/345/345
f 346/346/346 347/347/347 348/348/348
f 347/347/347 346/346/346 349/349/349
f 345/345/345 350/350/350 344/344/344
f 351/351/351 344/344/344 350/350/350
f 352/352/352 346/346/346 353/353/353
f 346/346/346 352/352/352 349/349/349
f 354/354/354 339/339/339 332/332/332
f 339/339/339 354/354/354 355/355/355
f 356/356/356 332/332/332 329/329/329
f 332/332/332 356/356/356 354/354/354
f 355/355/355 342/342/342 339/339/339
f 342/342/342 355/355/355 357/357/357
f 357/357/357 345/345/345 342/342/342
f 345/345/345 357/357/357 358/358/358
f 358/358/358 359/359/359 345/345/345
f 350/350/350 345/345/345 359/359/359
f 355/355/355 360/360/360 361/361/361
f 360/360/360 355/355/355 354/354/354
f 362/362/362 354/354/354 356/356/356
f 354/354/354 362/362/362 360/360/360
f 361/361/361 357/357/357 355/355/355
f 357/357/357 361/361/361 363/363/363
f 363/363/363 358/358/358 357/357/357
f 358/358/358 363/363/363 364/364/364
f 363/363/363 365/365/365 366/366/366
f 365/365/365 363/363/363 361/361/361
f 367/367/367 361/361/361 360/360/360
f 361/361/361 367/367/367 365/365/365
f 364/364/364 366/366/366 368/368/368
f 366/366/366 364/364/364 363/363/363
f 367/367/367 369/369/369 365/365/365
f 369/369/369 367/367/367 370/370/370
f 366/366/366 365/365/365 371/371/371
f 365/365/365 369/369/369 371/371/371
f 372/372/372 373/373/373 374/374/374
f 372/372/372 374/374/374 375/375/375
f 36/36/36 373/373/373 372/372/372
f 373/373/373 36/36/36 29/29/29
f 376/376/376 372/372/372 377/377/377
f 372/372/372 376/376/376 36/36/36
f 375/375/375 377/377/377 372/372/372
f 377/377/377 375/375/375 378/378/378
f 379/379/379 380/380/380 381/381/381
f 381/381/381 380/380/380 382/382/382
f 383/383/383 384/384/384 385/385/385
f 384/384/384 383/383/383 386/386/386
f 384/384/384 387/387/387 388/388/388
f 384/384/384 388/388/388 385/385/385
f 380/380/380 389/389/389 382/382/382
f 382/382/382 389/389/389 390/390/390
f 373/373/373 391/391/391 392/392/392
f 373/373/373 392/392/392 374/374/374
f 29/29/29 391/391/391 373/373/373
f 391/391/391 29/29/29 28/28/28
f 379/379/379 393/393/393 394/394/394
f 379/379/379 394/394/394 380/380/380
f 380/380/380 394/394/394 395/395/395
f 380/380/380 395/395/395 389/389/389
f 395/395/395 396/396/396 389/389/389
f 389/389/389 396/396/396 397/397/397
f 390/390/390 397/397/397 398/398/398
f 397/397/397 390/390/390 389/389/389
f 396/396/396 399/399/399 397/397/397
f 397/397/397 399/399/399 400/400/400
f 398/398/398 400/400/400 401/401/401
f 400/400/400 398/398/398 397/397/397
f 401/401/401 402/402/402 403/403/403
f 402/402/402 401/401/401 400/400/400
f 399/399/399 404/404/404 400/400/400
f 400/400/400 404/404/404 402/402/402
f 391/391/391 405/405/405 406/406/406
f 391/391/391 406/406/406 392/392/392
f 28/28/28 405/405/405 391/391/391
f 405/405/405 28/28/28 42/42/42
f 393/393/393 407/407/407 408/408/408
f 393/393/393 408/408/408 394/394/394
f 394/394/394 408/408/408 409/409/409
f 394/394/394 409/409/409 395/395/395
f 409/409/409 410/410/410 395/395/395
f 395/395/395 410/410/410 396/396/396
f 410/410/410 411/411/411 396/396/396
f 396/396/396 411/411/411 399/399/399
f 411/411/411 412/412/412 399/399/399
f 399/399/399 412/412/412 404/404/404
f 412/412/412 413/413/413 404/404/404
f 404/404/404 413/413/413 414/414/414
f 402/402/402 414/414/414 415/415/415
f 414/414/414 402/402/402 404/404/404
f 413/413/413 283/283/283 414/414/414
f 283/283/283 413/413/413 416/416/416
f 284/284/284 415/415/415 414/414/414
f 414/414/414 283/283/283 284/284/284
f 416/416/416 280/280/280 283/283/283
f 280/280/280 416/416/416 417/417/417
f 405/405/405 418/418/418 419/419/419
f 405/405/405 419/419/419 406/406/406
f 42/42/42 418/418/418 405/405/405
f 418/418/418 42/42/42 46/46/46
f 407/407/407 420/420/420 421/421/421
f 407/407/407 421/421/421 408/408/408
f 408/408/408 421/421/421 422/422/422
f 408/408/408 422/422/422 409/409/409
f 422/422/422 423/423/423 409/409/409
f 409/409/409 423/423/423 410/410/410
f 423/423/423 424/424/424 410/410/410
f 410/410/410 424/424/424 411/411/411
f 424/424/424 425/425/425 411/411/411
f 411/411/411 425/425/425 412/412/412
f 425/425/425 426/426/426 412/412/412
f 412/412/412 426/426/426 413/413/413
f 426/426/426 427/427/427 413/413/413
f 413/413/413 427/427/427 416/416/416
f 418/418/418 428/428/428 429/429/429
f 418/418/418 429/429/429 419/419/419
f 46/46/46 428/428/428 418/418/418
f 428/428/428 46/46/46 53/53/53
f 420/420/420 430/430/430 431/431/431
f 420/420/420 431/431/431 421/421/421
f 421/421/421 431/431/431 432/432/432
f 421/421/421 432/432/432 422/422/422
f 422/422/422 432/432/432 433/433/433
f 422/422/422 433/433/433 423/423/423
f 433/433/433 434/434/434 423/423/423
f 423/423/423 434/434/434 424/424/424
f 434/434/434 435/435/435 424/424/424
f 424/424/424 435/435/435 425/425/425
f 435/435/435 436/436/436 425/425/425
f 425/425/425 436/436/436 426/426/426
f 428/428/428 437/437/437 438/438/438
f 428/428/428 438/438/438 429/429/429
f 53/53/53 437/437/437 428/428/428
f 437/437/437 53/53/53 61/61/61
f 430/430/430 439/439/439 440/440/440
f 430/430/430 440/440/440 431/431/431
f 431/431/431 440/440/440 441/441/441
f 431/431/431 441/441/441 432/432/432
f 432/432/432 441/441/441 442/442/442
f 432/432/432 442/442/442 433/433/433
f 442/442/442 443/443/443 433/433/433
f 433/433/433 443/443/443 434/434/434
f 444/444/444 434/434/434 443/443/443
f 434/434/434 444/444/444 435/435/435
f 437/437/437 445/445/445 446/446/446
f 437/437/437 446/446/446 438/438/438
f 61/61/61 445/445/445 437/437/437
f 445/445/445 61/61/61 70/70/70
f 439/439/439 447/447/447 448/448/448
f 439/439/439 448/448/448 440/440/440
f 440/440/440 448/448/448 449/449/449
f 440/440/440 449/449/449 441/441/441
f 449/449/449 450/450/450 441/441/441
f 441/441/441 450/450/450 442/442/442
f 445/445/445 451/451/451 452/452/452
f 445/445/445 452/452/452 446/446/446
f 70/70/70 451/451/451 445/445/445
f 451/451/451 70/70/70 77/77/77
f 447/447/447 453/453/453 454/454/454
f 447/447/447 454/454/454 448/448/448
f 448/448/448 454/454/454 455/455/455
f 448/448/448 455/455/455 449/449/449
f 456/456/456 452/452/452 451/451/451
f 452/452/452 456/456/456 457/457/457
f 77/77/77 87/87/87 451/451/451
f 456/456/456 451/451/451 87/87/87
f 453/453/453 458/458/458 459/459/459
f 453/453/453 459/459/459 454/454/454
f 460/460/460 457/457/457 456/456/456
f 457/457/457 460/460/460 461/461/461
f 460/460/460 456/456/456 98/98/98
f 456/456/456 87/87/87 98/98/98
f 462/462/462 463/463/463 464/464/464
f 463/463/463 462/462/462 465/465/465
f 464/464/464 466/466/466 467/467/467
f 466/466/466 464/464/464 463/463/463
f 468/468/468 469/469/469 470/470/470
f 469/469/469 468/468/468 471/471/471
f 472/472/472 469/469/469 471/471/471
f 471/471/471 473/473/473 472/472/472
f 462/462/462 474/474/474 465/465/465
f 474/474/474 462/462/462 475/475/475
f 476/476/476 472/472/472 473/473/473
f 473/473/473 477/477/477 476/476/476
f 475/475/475 478/478/478 474/474/474
f 478/478/478 475/475/475 479/479/479
f 480/480/480 476/476/476 477/477/477
f 477/477/477 481/481/481 480/480/480
f 479/479/479 482/482/482 478/478/478
f 482/482/482 479/479/479 483/483/483
f 480/480/480 481/481/481 484/484/484
f 481/481/481 485/485/485 484/484/484
f 483/483/483 486/486/486 482/482/482
f 486/486/486 483/483/483 487/487/487
f 485/485/485 488/488/488 489/489/489
f 485/485/485 489/489/489 484/484/484
f 487/487/487 490/490/490 486/486/486
f 490/490/490 487/487/487 491/491/491
f 492/492/492 488/488/488 493/493/493
f 488/488/488 492/492/492 489/489/489
f 156/156/156 493/493/493 494/494/494
f 493/493/493 156/156/156 155/155/155
f 155/155/155 492/492/492 493/493/493
f 492/492/492 155/155/155 157/157/157
f 495/495/495 479/479/479 475/475/475
f 479/479/479 495/495/495 496/496/496
f 497/497/497 475/475/475 462/462/462
f 475/475/475 497/497/497 495/495/495
f 496/496/496 483/483/483 479/479/479
f 483/483/483 496/496/496 498/498/498
f 498/498/498 487/487/487 483/483/483
f 487/487/487 498/498/498 499/499/499
f 499/499/499 491/491/491 487/487/487
f 491/491/491 499/499/499 500/500/500
f 501/501/501 502/502/502 503/503/503
f 502/502/502 501/501/501 504/504/504
f 505/505/505 498/498/498 496/496/496
f 498/498/498 505/505/505 506/506/506
f 507/507/507 496/496/496 495/495/495
f 496/496/496 507/507/507 505/505/505
f 506/506/506 499/499/499 498/498/498
f 499/499/499 506/506/506 508/508/508
f 508/508/508 500/500/500 499/499/499
f 500/500/500 508/508/508 509/509/509
f 510/510/510 509/509/509 511/511/511
f 509/509/509 510/510/510 500/500/500
f 203/203/203 509/509/509 508/508/508
f 509/509/509 203/203/203 206/206/206
f 512/512/512 508/508/508 506/506/506
f 508/508/508 512/512/512 203/203/203
f 509/509/509 208/208/208 511/511/511
f 208/208/208 509/509/509 206/206/206
f 513/513/513 514/514/514 515/515/515
f 514/514/514 513/513/513 516/516/516
f 517/517/517 514/514/514 516/516/516
f 517/517/517 516/516/516 518/518/518
f 519/519/519 520/520/520 521/521/521
f 520/520/520 519/519/519 522/522/522
f 523/523/523 519/519/519 521/521/521
f 519/519/519 523/523/523 524/524/524
f 517/517/517 525/525/525 514/514/514
f 525/525/525 517/517/517 526/526/526
f 515/515/515 525/525/525 527/527/527
f 525/525/525 515/515/515 514/514/514
f 528/528/528 529/529/529 530/530/530
f 529/529/529 528/528/528 522/522/522
f 530/530/530 531/531/531 286/286/286
f 531/531/531 530/530/530 529/529/529
f 531/531/531 529/529/529 532/532/532
f 529/529/529 533/533/533 532/532/532
f 522/522/522 533/533/533 529/529/529
f 533/533/533 522/522/522 519/519/519
f 534/534/534 520/520/520 522/522/522
f 534/534/534 522/522/522 528/528/528
f 517/517/517 535/535/535 536/536/536
f 535/535/535 517/517/517 518/518/518
f 537/537/537 528/528/528 530/530/530
f 528/528/528 537/537/537 538/538/538
f 537/537/537 286/286/286 281/281/281
f 286/286/286 537/537/537 530/530/530
f 534/534/534 538/538/538 539/539/539
f 538/538/538 534/534/534 528/528/528
f 540/540/540 538/538/538 537/537/537
f 538/538/538 540/540/540 541/541/541
f 540/540/540 281/281/281 280/280/280
f 281/281/281 540/540/540 537/537/537
f 542/542/542 543/543/543 544/544/544
f 543/543/543 542/542/542 545/545/545
f 544/544/544 546/546/546 547/547/547
f 546/546/546 544/544/544 543/543/543
f 543/543/543 548/548/548 549/549/549
f 543/543/543 549/549/549 546/546/546
f 545/545/545 548/548/548 543/543/543
f 548/548/548 545/545/545 550/550/550
f 551/551/551 547/547/547 552/552/552
f 547/547/547 551/551/551 544/544/544
f 552/552/552 553/553/553 554/554/554
f 553/553/553 552/552/552 547/547/547
f 547/547/547 546/546/546 555/555/555
f 547/547/547 555/555/555 553/553/553
f 551/551/551 542/542/542 544/544/544
f 542/542/542 551/551/551 556/556/556
f 192/192/192 557/557/557 189/189/189
f 557/557/557 192/192/192 554/554/554
f 557/557/557 554/554/554 558/558/558
f 554/554/554 553/553/553 558/558/558
f 559/559/559 554/554/554 192/192/192
f 554/554/554 559/559/559 552/552/552
f 560/560/560 552/552/552 559/559/559
f 552/552/552 560/560/560 551/551/551
f 561/561/561 551/551/551 560/560/560
f 551/551/551 561/561/561 556/556/556
f 562/562/562 192/192/192 191/191/191
f 192/192/192 562/562/562 559/559/559
f 562/562/562 560/560/560 559/559/559
f 560/560/560 562/562/562 563/563/563
f 564/564/564 560/560/560 563/563/563
f 560/560/560 564/564/564 561/561/561
f 565/565/565 191/191/191 193/193/193
f 191/191/191 565/565/565 562/562/562
f 565/565/565 563/563/563 562/562/562
f 563/563/563 565/565/565 566/566/566
f 567/567/567 568/568/568 569/569/569
f 568/568/568 567/567/567 570/570/570
f 571/571/571 566/566/566 565/565/565
f 566/566/566 571/571/571 572/572/572
f 565/565/565 186/186/186 571/571/571
f 186/186/186 565/565/565 193/193/193
f 573/573/573 570/570/570 567/567/567
f 570/570/570 573/573/573 574/574/574
f 574/574/574 575/575/575 576/576/576
f 575/575/575 574/574/574 573/573/573
f 571/571/571 577/577/577 572/572/572
f 577/577/577 571/571/571 578/578/578
f 527/527/527 579/579/579 580/580/580
f 579/579/579 527/527/527 525/525/525
f 526/526/526 579/579/579 525/525/525
f 579/579/579 526/526/526 581/581/581
f 536/536/536 526/526/526 517/517/517
f 526/526/526 536/536/536 582/582/582
f 582/582/582 581/581/581 526/526/526
f 581/581/581 582/582/582 583/583/583
f 584/584/584 583/583/583 582/582/582
f 583/583/583 584/584/584 585/585/585
f 536/536/536 586/586/586 582/582/582
f 582/582/582 586/586/586 584/584/584
f 535/535/535 587/587/587 536/536/536
f 586/586/586 536/536/536 587/587/587
f 539/539/539 588/588/588 589/589/589
f 590/590/590 589/589/589 588/588/588
f 591/591/591 584/584/584 586/586/586
f 584/584/584 591/591/591 592/592/592
f 588/588/588 593/593/593 590/590/590
f 594/594/594 590/590/590 593/593/593
f 591/591/591 595/595/595 596/596/596
f 591/591/591 596/596/596 592/592/592
f 597/597/597 594/594/594 598/598/598
f 594/594/594 593/593/593 598/598/598
f 599/599/599 595/595/595 600/600/600
f 595/595/595 599/599/599 596/596/596
f 601/601/601 602/602/602 603/603/603
f 601/601/601 603/603/603 604/604/604
f 605/605/605 597/597/597 606/606/606
f 606/606/606 597/597/597 598/598/598
f 588/588/588 539/539/539 541/541/541
f 539/539/539 538/538/538 541/541/541
f 593/593/593 588/588/588 607/607/607
f 588/588/588 541/541/541 607/607/607
f 598/598/598 593/593/593 608/608/608
f 608/608/608 593/593/593 607/607/607
f 609/609/609 598/598/598 608/608/608
f 598/598/598 609/609/609 606/606/606
f 609/609/609 610/610/610 606/606/606
f 610/610/610 609/609/609 611/611/611
f 612/612/612 605/605/605 606/606/606
f 606/606/606 610/610/610 612/612/612
f 611/611/611 352/352/352 610/610/610
f 352/352/352 611/611/611 613/613/613
f 353/353/353 612/612/612 610/610/610
f 610/610/610 352/352/352 353/353/353
f 614/614/614 607/607/607 541/541/541
f 614/614/614 541/541/541 540/540/540
f 615/615/615 608/608/608 607/607/607
f 615/615/615 607/607/607 614/614/614
f 616/616/616 608/608/608 615/615/615
f 608/608/608 616/616/616 609/609/609
f 417/417/417 540/540/540 280/280/280
f 417/417/417 614/614/614 540/540/540
f 617/617/617 614/614/614 417/417/417
f 614/614/614 617/617/617 615/615/615
f 618/618/618 171/171/171 619/619/619
f 171/171/171 618/618/618 172/172/172
f 620/620/620 618/618/618 619/619/619
f 618/618/618 620/620/620 621/621/621
f 622/622/622 623/623/623 624/624/624
f 623/623/623 622/622/622 580/580/580
f 579/579/579 623/623/623 580/580/580
f 623/623/623 579/579/579 625/625/625
f 626/626/626 527/527/527 580/580/580
f 626/626/626 580/580/580 622/622/622
f 624/624/624 623/623/623 627/627/627
f 623/623/623 628/628/628 627/627/627
f 625/625/625 628/628/628 623/623/623
f 628/628/628 625/625/625 629/629/629
f 627/627/627 628/628/628 630/630/630
f 628/628/628 631/631/631 630/630/630
f 629/629/629 631/631/631 628/628/628
f 631/631/631 629/629/629 632/632/632
f 633/633/633 629/629/629 625/625/625
f 629/629/629 633/633/633 634/634/634
f 581/581/581 625/625/625 579/579/579
f 625/625/625 581/581/581 633/633/633
f 634/634/634 632/632/632 629/629/629
f 632/632/632 634/634/634 635/635/635
f 583/583/583 633/633/633 581/581/581
f 633/633/633 583/583/583 636/636/636
f 636/636/636 634/634/634 633/633/633
f 634/634/634 636/636/636 637/637/637
f 637/637/637 635/635/635 634/634/634
f 635/635/635 637/637/637 638/638/638
f 639/639/639 638/638/638 637/637/637
f 638/638/638 639/639/639 640/640/640
f 641/641/641 637/637/637 636/636/636
f 637/637/637 641/641/641 639/639/639
f 642/642/642 638/638/638 640/640/640
f 638/638/638 642/642/642 643/643/643
f 635/635/635 643/643/643 644/644/644
f 643/643/643 635/635/635 638/638/638
f 645/645/645 639/639/639 641/641/641
f 639/639/639 645/645/645 646/646/646
f 646/646/646 640/640/640 639/639/639
f 640/640/640 646/646/646 647/647/647
f 648/648/648 640/640/640 647/647/647
f 640/640/640 648/648/648 642/642/642
f 649/649/649 648/648/648 647/647/647
f 648/648/648 649/649/649 650/650/650
f 651/651/651 647/647/647 646/646/646
f 647/647/647 651/651/651 649/649/649
f 652/652/652 649/649/649 651/651/651
f 649/649/649 652/652/652 653/653/653
f 653/653/653 650/650/650 649/649/649
f 650/650/650 653/653/653 654/654/654
f 655/655/655 656/656/656 657/657/657
f 658/658/658 657/657/657 656/656/656
f 657/657/657 659/659/659 660/660/660
f 657/657/657 660/660/660 655/655/655
f 661/661/661 659/659/659 657/657/657
f 659/659/659 661/661/661 662/662/662
f 661/661/661 658/658/658 663/663/663
f 658/658/658 661/661/661 657/657/657
f 664/664/664 665/665/665 654/654/654
f 650/650/650 654/654/654 665/665/665
f 650/650/650 666/666/666 648/648/648
f 666/666/666 650/650/650 665/665/665
f 667/667/667 668/668/668 665/665/665
f 666/666/666 665/665/665 668/668/668
f 664/664/664 667/667/667 665/665/665
f 667/667/667 664/664/664 669/669/669
f 642/642/642 648/648/648 666/666/666
f 642/642/642 666/666/666 670/670/670
f 668/668/668 670/670/670 666/666/666
f 670/670/670 668/668/668 671/671/671
f 672/672/672 670/670/670 671/671/671
f 671/671/671 673/673/673 672/672/672
f 674/674/674 673/673/673 671/671/671
f 673/673/673 674/674/674 568/568/568
f 671/671/671 668/668/668 675/675/675
f 671/671/671 675/675/675 674/674/674
f 643/643/643 642/642/642 670/670/670
f 643/643/643 670/670/670 672/672/672
f 676/676/676 672/672/672 673/673/673
f 676/676/676 673/673/673 677/677/677
f 568/568/568 677/677/677 673/673/673
f 677/677/677 568/568/568 570/570/570
f 644/644/644 643/643/643 672/672/672
f 644/644/644 672/672/672 676/676/676
f 678/678/678 677/677/677 570/570/570
f 678/678/678 570/570/570 574/574/574
f 679/679/679 676/676/676 677/677/677
f 679/679/679 677/677/677 678/678/678
f 680/680/680 644/644/644 676/676/676
f 680/680/680 676/676/676 679/679/679
f 632/632/632 635/635/635 644/644/644
f 632/632/632 644/644/644 680/680/680
f 678/678/678 576/576/576 681/681/681
f 576/576/576 678/678/678 574/574/574
f 679/679/679 681/681/681 682/682/682
f 681/681/681 679/679/679 678/678/678
f 680/680/680 682/682/682 683/683/683
f 682/682/682 680/680/680 679/679/679
f 632/632/632 683/683/683 631/631/631
f 683/683/683 632/632/632 680/680/680
f 681/681/681 684/684/684 685/685/685
f 684/684/684 681/681/681 576/576/576
f 684/684/684 576/576/576 686/686/686
f 576/576/576 575/575/575 686/686/686
f 682/682/682 685/685/685 687/687/687
f 685/685/685 682/682/682 681/681/681
f 683/683/683 687/687/687 688/688/688
f 687/687/687 683/683/683 682/682/682
f 631/631/631 688/688/688 630/630/630
f 688/688/688 631/631/631 683/683/683
f 193/193/193 183/183/183 182/182/182
f 193/193/193 182/182/182 186/186/186
f 186/186/186 578/578/578 571/571/571
f 578/578/578 186/186/186 185/185/185
f 689/689/689 112/112/112 113/113/113
f 112/112/112 689/689/689 690/690/690
f 691/691/691 689/689/689 113/113/113
f 691/691/691 113/113/113 692/692/692
f 114/114/114 693/693/693 113/113/113
f 692/692/692 113/113/113 693/693/693
f 694/694/694 695/695/695 696/696/696
f 695/695/695 694/694/694 690/690/690
f 697/697/697 696/696/696 695/695/695
f 696/696/696 697/697/697 698/698/698
f 699/699/699 697/697/697 695/695/695
f 699/699/699 695/695/695 700/700/700
f 700/700/700 690/690/690 689/689/689
f 690/690/690 700/700/700 695/695/695
f 694/694/694 110/110/110 690/690/690
f 690/690/690 110/110/110 112/112/112
f 701/701/701 698/698/698 702/702/702
f 698/698/698 701/701/701 703/703/703
f 704/704/704 702/702/702 705/705/705
f 702/702/702 704/704/704 701/701/701
f 705/705/705 706/706/706 707/707/707
f 706/706/706 705/705/705 702/702/702
f 706/706/706 702/702/702 697/697/697
f 702/702/702 698/698/698 697/697/697
f 708/708/708 698/698/698 703/703/703
f 698/698/698 708/708/708 696/696/696
f 708/708/708 709/709/709 696/696/696
f 696/696/696 709/709/709 694/694/694
f 709/709/709 710/710/710 694/694/694
f 694/694/694 710/710/710 110/110/110
f 96/96/96 711/711/711 97/97/97
f 711/711/711 96/96/96 712/712/712
f 713/713/713 714/714/714 715/715/715
f 714/714/714 713/713/713 716/716/716
f 705/705/705 714/714/714 716/716/716
f 716/716/716 704/704/704 705/705/705
f 95/95/95 712/712/712 96/96/96
f 712/712/712 95/95/95 717/717/717
f 95/95/95 718/718/718 717/717/717
f 718/718/718 95/95/95 94/94/94
f 94/94/94 719/719/719 718/718/718
f 719/719/719 94/94/94 93/93/93
f 93/93/93 720/720/720 719/719/719
f 720/720/720 93/93/93 89/89/89
f 89/89/89 721/721/721 720/720/720
f 721/721/721 89/89/89 88/88/88
f 88/88/88 90/90/90 721/721/721
f 103/103/103 721/721/721 90/90/90
f 722/722/722 723/723/723 724/724/724
f 723/723/723 722/722/722 725/725/725
f 724/724/724 726/726/726 727/727/727
f 726/726/726 724/724/724 723/723/723
f 728/728/728 729/729/729 730/730/730
f 729/729/729 728/728/728 731/731/731
f 732/732/732 728/728/728 730/730/730
f 728/728/728 732/732/732 733/733/733
f 734/734/734 733/733/733 735/735/735
f 733/733/733 734/734/734 728/728/728
f 734/734/734 731/731/731 728/728/728
f 731/731/731 734/734/734 736/736/736
f 722/722/722 737/737/737 725/725/725
f 725/725/725 737/737/737 738/738/738
f 739/739/739 733/733/733 732/732/732
f 733/733/733 739/739/739 740/740/740
f 735/735/735 740/740/740 741/741/741
f 740/740/740 735/735/735 733/733/733
f 742/742/742 741/741/741 743/743/743
f 741/741/741 742/742/742 735/735/735
f 744/744/744 735/735/735 742/742/742
f 735/735/735 744/744/744 734/734/734
f 745/745/745 742/742/742 746/746/746
f 742/742/742 745/745/745 744/744/744
f 746/746/746 743/743/743 747/747/747
f 743/743/743 746/746/746 742/742/742
f 748/748/748 740/740/740 739/739/739
f 740/740/740 748/748/748 749/749/749
f 737/737/737 750/750/750 738/738/738
f 738/738/738 750/750/750 751/751/751
f 741/741/741 749/749/749 752/752/752
f 749/749/749 741/741/741 740/740/740
f 743/743/743 752/752/752 753/753/753
f 752/752/752 743/743/743 741/741/741
f 747/747/747 753/753/753 754/754/754
f 753/753/753 747/747/747 743/743/743
f 369/369/369 754/754/754 371/371/371
f 754/754/754 369/369/369 747/747/747
f 370/370/370 747/747/747 369/369/369
f 747/747/747 370/370/370 746/746/746
f 755/755/755 756/756/756 757/757/757
f 756/756/756 755/755/755 751/751/751
f 750/750/750 758/758/758 751/751/751
f 751/751/751 758/758/758 756/756/756
f 752/752/752 759/759/759 760/760/760
f 759/759/759 752/752/752 749/749/749
f 753/753/753 760/760/760 761/761/761
f 760/760/760 753/753/753 752/752/752
f 762/762/762 663/663/663 763/763/763
f 663/663/663 762/762/762 661/661/661
f 764/764/764 661/661/661 762/762/762
f 661/661/661 764/764/764 662/662/662
f 765/765/765 766/766/766 767/767/767
f 766/766/766 765/765/765 768/768/768
f 766/766/766 768/768/768 769/769/769
f 766/766/766 769/769/769 770/770/770
f 645/645/645 651/651/651 646/646/646
f 651/651/651 645/645/645 771/771/771
f 771/771/771 652/652/652 651/651/651
f 652/652/652 771/771/771 772/772/772
f 773/773/773 762/762/762 763/763/763
f 762/762/762 773/773/773 774/774/774
f 775/775/775 762/762/762 774/774/774
f 762/762/762 775/775/775 764/764/764
f 776/776/776 767/767/767 777/777/777
f 767/767/767 776/776/776 765/765/765
f 585/585/585 636/636/636 583/583/583
f 636/636/636 585/585/585 641/641/641
f 778/778/778 641/641/641 585/585/585
f 641/641/641 778/778/778 645/645/645
f 778/778/778 771/771/771 645/645/645
f 771/771/771 778/778/778 779/779/779
f 779/779/779 772/772/772 771/771/771
f 772/772/772 779/779/779 780/780/780
f 781/781/781 774/774/774 773/773/773
f 774/774/774 781/781/781 782/782/782
f 783/783/783 774/774/774 782/782/782
f 774/774/774 783/783/783 775/775/775
f 359/359/359 777/777/777 784/784/784
f 777/777/777 359/359/359 776/776/776
f 592/592/592 585/585/585 584/584/584
f 585/585/585 592/592/592 778/778/778
f 592/592/592 779/779/779 778/778/778
f 779/779/779 592/592/592 596/596/596
f 596/596/596 780/780/780 779/779/779
f 780/780/780 596/596/596 599/599/599
f 604/604/604 782/782/782 781/781/781
f 782/782/782 604/604/604 603/603/603
f 785/785/785 782/782/782 603/603/603
f 782/782/782 785/785/785 783/783/783
f 350/350/350 784/784/784 786/786/786
f 784/784/784 350/350/350 359/359/359
f 602/602/602 785/785/785 603/603/603
f 785/785/785 602/602/602 787/787/787
f 351/351/351 786/786/786 788/788/788
f 786/786/786 351/351/351 350/350/350
f 789/789/789 790/790/790 791/791/791
f 790/790/790 789/789/789 792/792/792
f 327/327/327 791/791/791 328/328/328
f 791/791/791 327/327/327 789/789/789
f 793/793/793 328/328/328 791/791/791
f 793/793/793 791/791/791 794/794/794
f 794/794/794 791/791/791 795/795/795
f 791/791/791 790/790/790 795/795/795
f 796/796/796 794/794/794 797/797/797
f 794/794/794 795/795/795 797/797/797
f 798/798/798 793/793/793 794/794/794
f 798/798/798 794/794/794 796/796/796
f 799/799/799 800/800/800 801/801/801
f 801/801/801 802/802/802 799/799/799
f 803/803/803 800/800/800 804/804/804
f 800/800/800 803/803/803 801/801/801
f 805/805/805 799/799/799 806/806/806
f 799/799/799 805/805/805 800/800/800
f 804/804/804 800/800/800 807/807/807
f 807/807/807 800/800/800 805/805/805
f 808/808/808 806/806/806 809/809/809
f 806/806/806 808/808/808 805/805/805
f 810/810/810 807/807/807 805/805/805
f 810/810/810 805/805/805 808/808/808
f 811/811/811 809/809/809 745/745/745
f 809/809/809 811/811/811 808/808/808
f 812/812/812 810/810/810 808/808/808
f 812/812/812 808/808/808 811/811/811
f 370/370/370 811/811/811 746/746/746
f 811/811/811 745/745/745 746/746/746
f 812/812/812 370/370/370 367/367/367
f 370/370/370 812/812/812 811/811/811
f 790/790/790 813/813/813 795/795/795
f 813/813/813 790/790/790 814/814/814
f 797/797/797 795/795/795 815/815/815
f 795/795/795 813/813/813 815/815/815
f 799/799/799 802/802/802 816/816/816
f 802/802/802 817/817/817 816/816/816
f 806/806/806 816/816/816 818/818/818
f 816/816/816 806/806/806 799/799/799
f 809/809/809 818/818/818 819/819/819
f 818/818/818 809/809/809 806/806/806
f 745/745/745 819/819/819 744/744/744
f 819/819/819 745/745/745 809/809/809
f 813/813/813 820/820/820 815/815/815
f 820/820/820 813/813/813 821/821/821
f 822/822/822 815/815/815 823/823/823
f 815/815/815 820/820/820 823/823/823
f 824/824/824 818/818/818 816/816/816
f 818/818/818 824/824/824 825/825/825
f 819/819/819 825/825/825 736/736/736
f 825/825/825 819/819/819 818/818/818
f 744/744/744 736/736/736 734/734/734
f 736/736/736 744/744/744 819/819/819
f 820/820/820 826/826/826 823/823/823
f 826/826/826 820/820/820 827/827/827
f 828/828/828 825/825/825 824/824/824
f 825/825/825 828/828/828 829/829/829
f 736/736/736 829/829/829 731/731/731
f 829/829/829 736/736/736 825/825/825
f 830/830/830 829/829/829 828/828/828
f 829/829/829 830/830/830 831/831/831
f 731/731/731 831/831/831 729/729/729
f 831/831/831 731/731/731 829/829/829
f 684/684/684 832/832/832 833/833/833
f 832/832/832 684/684/684 686/686/686
f 685/685/685 833/833/833 834/834/834
f 833/833/833 685/685/685 684/684/684
f 613/613/613 349/349/349 352/352/352
f 349/349/349 613/613/613 835/835/835
f 616/616/616 611/611/611 609/609/609
f 611/611/611 616/616/616 836/836/836
f 836/836/836 613/613/613 611/611/611
f 613/613/613 836/836/836 837/837/837
f 837/837/837 835/835/835 613/613/613
f 835/835/835 837/837/837 838/838/838
f 839/839/839 615/615/615 617/617/617
f 615/615/615 839/839/839 616/616/616
f 839/839/839 836/836/836 616/616/616
f 836/836/836 839/839/839 840/840/840
f 840/840/840 837/837/837 836/836/836
f 837/837/837 840/840/840 841/841/841
f 841/841/841 838/838/838 837/837/837
f 838/838/838 841/841/841 296/296/296
f 427/427/427 417/417/417 416/416/416
f 417/417/417 427/427/427 617/617/617
f 436/436/436 842/842/842 426/426/426
f 426/426/426 842/842/842 427/427/427
f 842/842/842 617/617/617 427/427/427
f 617/617/617 842/842/842 839/839/839
f 843/843/843 435/435/435 444/444/444
f 435/435/435 843/843/843 436/436/436
f 844/844/844 436/436/436 843/843/843
f 436/436/436 844/844/844 842/842/842
f 840/840/840 842/842/842 844/844/844
f 842/842/842 840/840/840 839/839/839
f 845/845/845 443/443/443 846/846/846
f 443/443/443 845/845/845 444/444/444
f 442/442/442 846/846/846 443/443/443
f 846/846/846 442/442/442 450/450/450
f 847/847/847 444/444/444 845/845/845
f 444/444/444 847/847/847 843/843/843
f 848/848/848 843/843/843 847/847/847
f 843/843/843 848/848/848 844/844/844
f 848/848/848 841/841/841 844/844/844
f 844/844/844 841/841/841 840/840/840
f 849/849/849 449/449/449 455/455/455
f 449/449/449 849/849/849 450/450/450
f 850/850/850 450/450/450 849/849/849
f 450/450/450 850/850/850 846/846/846
f 851/851/851 846/846/846 850/850/850
f 846/846/846 851/851/851 845/845/845
f 852/852/852 845/845/845 851/851/851
f 845/845/845 852/852/852 847/847/847
f 853/853/853 847/847/847 852/852/852
f 847/847/847 853/853/853 848/848/848
f 853/853/853 296/296/296 848/848/848
f 848/848/848 296/296/296 841/841/841
f 854/854/854 454/454/454 459/459/459
f 454/454/454 854/854/854 455/455/455
f 855/855/855 455/455/455 854/854/854
f 455/455/455 855/855/855 849/849/849
f 855/855/855 850/850/850 849/849/849
f 850/850/850 855/855/855 856/856/856
f 856/856/856 851/851/851 850/850/850
f 851/851/851 856/856/856 857/857/857
f 857/857/857 852/852/852 851/851/851
f 852/852/852 857/857/857 858/858/858
f 859/859/859 852/852/852 858/858/858
f 852/852/852 859/859/859 853/853/853
f 859/859/859 298/298/298 853/853/853
f 296/296/296 853/853/853 298/298/298
f 860/860/860 861/861/861 458/458/458
f 458/458/458 861/861/861 459/459/459
f 862/862/862 863/863/863 864/864/864
f 864/864/864 863/863/863 865/865/865
f 863/863/863 866/866/866 865/865/865
f 866/866/866 863/863/863 867/867/867
f 711/711/711 460/460/460 98/98/98
f 711/711/711 98/98/98 97/97/97
f 868/868/868 715/715/715 869/869/869
f 715/715/715 868/868/868 713/713/713
f 869/869/869 870/870/870 862/862/862
f 870/870/870 869/869/869 715/715/715
f 870/870/870 715/715/715 871/871/871
f 715/715/715 714/714/714 871/871/871
f 871/871/871 714/714/714 707/707/707
f 714/714/714 705/705/705 707/707/707
f 872/872/872 871/871/871 873/873/873
f 871/871/871 707/707/707 873/873/873
f 870/870/870 872/872/872 874/874/874
f 872/872/872 870/870/870 871/871/871
f 875/875/875 872/872/872 876/876/876
f 872/872/872 873/873/873 876/876/876
f 874/874/874 875/875/875 877/877/877
f 875/875/875 874/874/874 872/872/872
f 873/873/873 707/707/707 878/878/878
f 707/707/707 706/706/706 878/878/878
f 876/876/876 873/873/873 879/879/879
f 873/873/873 878/878/878 879/879/879
f 879/879/879 880/880/880 876/876/876
f 881/881/881 876/876/876 880/880/880
f 875/875/875 881/881/881 882/882/882
f 881/881/881 875/875/875 876/876/876
f 880/880/880 883/883/883 881/881/881
f 883/883/883 880/880/880 884/884/884
f 885/885/885 882/882/882 881/881/881
f 885/885/885 881/881/881 883/883/883
f 886/886/886 885/885/885 883/883/883
f 886/886/886 883/883/883 887/887/887
f 884/884/884 887/887/887 883/883/883
f 887/887/887 884/884/884 888/888/888
f 878/878/878 697/697/697 699/699/699
f 697/697/697 878/878/878 706/706/706
f 879/879/879 699/699/699 889/889/889
f 699/699/699 879/879/879 878/878/878
f 889/889/889 890/890/890 879/879/879
f 880/880/880 879/879/879 890/890/890
f 890/890/890 891/891/891 880/880/880
f 884/884/884 880/880/880 891/891/891
f 891/891/891 892/892/892 884/884/884
f 888/888/888 884/884/884 892/892/892
f 892/892/892 893/893/893 888/888/888
f 894/894/894 888/888/888 893/893/893
f 887/887/887 894/894/894 895/895/895
f 894/894/894 887/887/887 888/888/888
f 326/326/326 894/894/894 896/896/896
f 894/894/894 893/893/893 896/896/896
f 895/895/895 326/326/326 323/323/323
f 326/326/326 895/895/895 894/894/894
f 889/889/889 700/700/700 897/897/897
f 700/700/700 889/889/889 699/699/699
f 897/897/897 898/898/898 889/889/889
f 890/890/890 889/889/889 898/898/898
f 898/898/898 899/899/899 890/890/890
f 891/891/891 890/890/890 899/899/899
f 899/899/899 900/900/900 891/891/891
f 892/892/892 891/891/891 900/900/900
f 900/900/900 901/901/901 892/892/892
f 893/893/893 892/892/892 901/901/901
f 896/896/896 901/901/901 902/902/902
f 901/901/901 896/896/896 893/893/893
f 689/689/689 897/897/897 700/700/700
f 897/897/897 689/689/689 691/691/691
f 691/691/691 903/903/903 897/897/897
f 898/898/898 897/897/897 903/903/903
f 903/903/903 904/904/904 898/898/898
f 899/899/899 898/898/898 904/904/904
f 904/904/904 905/905/905 899/899/899
f 900/900/900 899/899/899 905/905/905
f 905/905/905 906/906/906 900/900/900
f 901/901/901 900/900/900 906/906/906
f 692/692/692 907/907/907 691/691/691
f 903/903/903 691/691/691 907/907/907
f 907/907/907 908/908/908 903/903/903
f 904/904/904 903/903/903 908/908/908
f 908/908/908 909/909/909 904/904/904
f 905/905/905 904/904/904 909/909/909
f 693/693/693 910/910/910 692/692/692
f 907/907/907 692/692/692 910/910/910
f 910/910/910 911/911/911 907/907/907
f 908/908/908 907/907/907 911/911/911
f 770/770/770 769/769/769 912/912/912
f 770/770/770 912/912/912 913/913/913
f 358/358/358 776/776/776 359/359/359
f 776/776/776 358/358/358 364/364/364
f 364/364/364 765/765/765 776/776/776
f 765/765/765 364/364/364 368/368/368
f 368/368/368 768/768/768 765/765/765
f 768/768/768 368/368/368 914/914/914
f 914/914/914 915/915/915 768/768/768
f 768/768/768 915/915/915 769/769/769
f 769/769/769 915/915/915 761/761/761
f 769/769/769 761/761/761 912/912/912
f 835/835/835 347/347/347 349/349/349
f 347/347/347 835/835/835 916/916/916
f 916/916/916 917/917/917 347/347/347
f 918/918/918 347/347/347 917/917/917
f 918/918/918 919/919/919 920/920/920
f 919/919/919 918/918/918 917/917/917
f 921/921/921 922/922/922 917/917/917
f 919/919/919 917/917/917 922/922/922
f 923/923/923 917/917/917 916/916/916
f 917/917/917 923/923/923 921/921/921
f 919/919/919 924/924/924 925/925/925
f 924/924/924 919/919/919 922/922/922
f 307/307/307 922/922/922 304/304/304
f 924/924/924 922/922/922 307/307/307
f 921/921/921 304/304/304 922/922/922
f 304/304/304 921/921/921 300/300/300
f 920/920/920 925/925/925 926/926/926
f 925/925/925 920/920/920 919/919/919
f 925/925/925 927/927/927 928/928/928
f 927/927/927 925/925/925 924/924/924
f 927/927/927 924/924/924 308/308/308
f 924/924/924 307/307/307 308/308/308
f 929/929/929 930/930/930 335/335/335
f 929/929/929 335/335/335 336/336/336
f 931/931/931 24/24/24 932/932/932
f 24/24/24 931/931/931 18/18/18
f 933/933/933 18/18/18 931/931/931
f 18/18/18 933/933/933 19/19/19
f 932/932/932 27/27/27 934/934/934
f 27/27/27 932/932/932 24/24/24
f 935/935/935 202/202/202 197/197/197
f 202/202/202 935/935/935 936/936/936
f 935/935/935 197/197/197 937/937/937
f 197/197/197 195/195/195 937/937/937
f 622/622/622 624/624/624 938/938/938
f 624/624/624 939/939/939 938/938/938
f 939/939/939 627/627/627 940/940/940
f 627/627/627 939/939/939 624/624/624
f 622/622/622 941/941/941 626/626/626
f 941/941/941 622/622/622 938/938/938
f 942/942/942 272/272/272 271/271/271
f 272/272/272 942/942/942 943/943/943
f 272/272/272 943/943/943 944/944/944
f 943/943/943 945/945/945 944/944/944
f 896/896/896 325/325/325 326/326/326
f 325/325/325 896/896/896 946/946/946
f 835/835/835 838/838/838 916/916/916
f 838/838/838 923/923/923 916/916/916
f 295/295/295 838/838/838 296/296/296
f 838/838/838 295/295/295 923/923/923
f 300/300/300 923/923/923 295/295/295
f 923/923/923 300/300/300 921/921/921
f 947/947/947 948/948/948 949/949/949
f 948/948/948 947/947/947 950/950/950
f 949/949/949 867/867/867 947/947/947
f 867/867/867 949/949/949 866/866/866
f 950/950/950 951/951/951 948/948/948
f 951/951/951 950/950/950 952/952/952
f 953/953/953 951/951/951 952/952/952
f 951/951/951 953/953/953 954/954/954
f 953/953/953 294/294/294 954/954/954
f 291/291/291 954/954/954 294/294/294
f 870/870/870 874/874/874 862/862/862
f 863/863/863 862/862/862 874/874/874
f 874/874/874 867/867/867 863/863/863
f 867/867/867 874/874/874 877/877/877
f 877/877/877 947/947/947 867/867/867
f 947/947/947 877/877/877 955/955/955
f 955/955/955 950/950/950 947/947/947
f 950/950/950 955/955/955 956/956/956
f 956/956/956 952/952/952 950/950/950
f 952/952/952 956/956/956 957/957/957
f 957/957/957 953/953/953 952/952/952
f 953/953/953 957/957/957 958/958/958
f 294/294/294 953/953/953 312/312/312
f 953/953/953 958/958/958 312/312/312
f 875/875/875 955/955/955 877/877/877
f 955/955/955 875/875/875 882/882/882
f 882/882/882 956/956/956 955/955/955
f 956/956/956 882/882/882 885/885/885
f 885/885/885 957/957/957 956/956/956
f 957/957/957 885/885/885 886/886/886
f 958/958/958 886/886/886 959/959/959
f 886/886/886 958/958/958 957/957/957
f 312/312/312 958/958/958 318/318/318
f 958/958/958 959/959/959 318/318/318
f 959/959/959 887/887/887 895/895/895
f 887/887/887 959/959/959 886/886/886
f 318/318/318 959/959/959 323/323/323
f 959/959/959 895/895/895 323/323/323
f 119/119/119 81/81/81 82/82/82
f 81/81/81 119/119/119 92/92/92
f 960/960/960 64/64/64 62/62/62
f 64/64/64 960/960/960 82/82/82
f 125/125/125 82/82/82 960/960/960
f 82/82/82 125/125/125 119/119/119
f 961/961/961 62/62/62 65/65/65
f 62/62/62 961/961/961 960/960/960
f 132/132/132 960/960/960 961/961/961
f 960/960/960 132/132/132 125/125/125
f 56/56/56 58/58/58 962/962/962
f 56/56/56 962/962/962 65/65/65
f 65/65/65 962/962/962 963/963/963
f 65/65/65 963/963/963 961/961/961
f 961/961/961 963/963/963 138/138/138
f 961/961/961 138/138/138 132/132/132
f 49/49/49 51/51/51 964/964/964
f 49/49/49 964/964/964 58/58/58
f 58/58/58 964/964/964 965/965/965
f 58/58/58 965/965/965 962/962/962
f 962/962/962 965/965/965 966/966/966
f 962/962/962 966/966/966 963/963/963
f 963/963/963 966/966/966 144/144/144
f 963/963/963 144/144/144 138/138/138
f 37/37/37 51/51/51 38/38/38
f 51/51/51 37/37/37 967/967/967
f 51/51/51 967/967/967 968/968/968
f 51/51/51 968/968/968 964/964/964
f 969/969/969 964/964/964 968/968/968
f 964/964/964 969/969/969 965/965/965
f 969/969/969 966/966/966 965/965/965
f 966/966/966 969/969/969 970/970/970
f 970/970/970 144/144/144 966/966/966
f 144/144/144 970/970/970 149/149/149
f 40/40/40 967/967/967 37/37/37
f 967/967/967 40/40/40 971/971/971
f 971/971/971 972/972/972 967/967/967
f 967/967/967 972/972/972 968/968/968
f 973/973/973 968/968/968 972/972/972
f 968/968/968 973/973/973 969/969/969
f 973/973/973 970/970/970 969/969/969
f 970/970/970 973/973/973 974/974/974
f 974/974/974 149/149/149 970/970/970
f 149/149/149 974/974/974 154/154/154
f 35/35/35 40/40/40 32/32/32
f 40/40/40 35/35/35 975/975/975
f 975/975/975 971/971/971 40/40/40
f 971/971/971 975/975/975 976/976/976
f 976/976/976 977/977/977 971/971/971
f 971/971/971 977/977/977 972/972/972
f 978/978/978 972/972/972 977/977/977
f 972/972/972 978/978/978 973/973/973
f 978/978/978 979/979/979 973/973/973
f 973/973/973 979/979/979 974/974/974
f 979/979/979 154/154/154 974/974/974
f 154/154/154 979/979/979 157/157/157
f 470/470/470 35/35/35 34/34/34
f 35/35/35 470/470/470 469/469/469
f 376/376/376 34/34/34 36/36/36
f 34/34/34 376/376/376 470/470/470
f 469/469/469 975/975/975 35/35/35
f 975/975/975 469/469/469 472/472/472
f 472/472/472 976/976/976 975/975/975
f 976/976/976 472/472/472 476/476/476
f 476/476/476 977/977/977 976/976/976
f 977/977/977 476/476/476 480/480/480
f 484/484/484 977/977/977 480/480/480
f 977/977/977 484/484/484 978/978/978
f 489/489/489 978/978/978 484/484/484
f 978/978/978 489/489/489 979/979/979
f 489/489/489 492/492/492 979/979/979
f 979/979/979 492/492/492 157/157/157
f 13/13/13 6/6/6 8/8/8
f 13/13/13 8/8/8 129/129/129
f 980/980/980 129/129/129 128/128/128
f 980/980/980 128/128/128 135/135/135
f 981/981/981 13/13/13 129/129/129
f 981/981/981 129/129/129 980/980/980
f 982/982/982 980/980/980 135/135/135
f 982/982/982 135/135/135 141/141/141
f 983/983/983 981/981/981 980/980/980
f 983/983/983 980/980/980 982/982/982
f 984/984/984 141/141/141 139/139/139
f 984/984/984 139/139/139 145/145/145
f 985/985/985 982/982/982 141/141/141
f 985/985/985 141/141/141 984/984/984
f 986/986/986 983/983/983 982/982/982
f 986/986/986 982/982/982 985/985/985
f 987/987/987 984/984/984 145/145/145
f 987/987/987 145/145/145 150/150/150
f 988/988/988 985/985/985 984/984/984
f 988/988/988 984/984/984 987/987/987
f 173/173/173 986/986/986 985/985/985
f 173/173/173 985/985/985 988/988/988
f 989/989/989 150/150/150 151/151/151
f 989/989/989 151/151/151 990/990/990
f 620/620/620 987/987/987 150/150/150
f 620/620/620 150/150/150 989/989/989
f 619/619/619 988/988/988 987/987/987
f 619/619/619 987/987/987 620/620/620
f 171/171/171 173/173/173 988/988/988
f 171/171/171 988/988/988 619/619/619
f 989/989/989 502/502/502 504/504/504
f 502/502/502 989/989/989 990/990/990
f 621/621/621 620/620/620 989/989/989
f 621/621/621 989/989/989 504/504/504
f 991/991/991 161/161/161 164/164/164
f 161/161/161 991/991/991 158/158/158
f 159/159/159 992/992/992 993/993/993
f 992/992/992 159/159/159 158/158/158
f 992/992/992 158/158/158 994/994/994
f 158/158/158 991/991/991 994/994/994
f 995/995/995 727/727/727 996/996/996
f 727/727/727 995/995/995 724/724/724
f 201/201/201 724/724/724 995/995/995
f 724/724/724 201/201/201 722/722/722
f 997/997/997 306/306/306 998/998/998
f 306/306/306 997/997/997 305/305/305
f 999/999/999 930/930/930 1000/1000/1000
f 1000/1000/1000 1001/1001/1001 999/999/999
f 333/333/333 335/335/335 930/930/930
f 930/930/930 999/999/999 333/333/333
f 314/314/314 998/998/998 306/306/306
f 998/998/998 314/314/314 1002/1002/1002
f 1003/1003/1003 999/999/999 1001/1001/1001
f 1001/1001/1001 1004/1004/1004 1003/1003/1003
f 319/319/319 314/314/314 313/313/313
f 314/314/314 319/319/319 1005/1005/1005
f 1005/1005/1005 1002/1002/1002 314/314/314
f 1002/1002/1002 1005/1005/1005 1006/1006/1006
f 1005/1005/1005 324/324/324 1007/1007/1007
f 324/324/324 1005/1005/1005 319/319/319
f 324/324/324 328/328/328 793/793/793
f 328/328/328 324/324/324 321/321/321
f 1008/1008/1008 1009/1009/1009 1010/1010/1010
f 1009/1009/1009 1008/1008/1008 1011/1011/1011
f 1009/1009/1009 1011/1011/1011 934/934/934
f 1011/1011/1011 932/932/932 934/934/934
f 1012/1012/1012 932/932/932 1011/1011/1011
f 932/932/932 1012/1012/1012 931/931/931
f 1013/1013/1013 1011/1011/1011 1008/1008/1008
f 1011/1011/1011 1013/1013/1013 1012/1012/1012
f 200/200/200 722/722/722 201/201/201
f 722/722/722 200/200/200 737/737/737
f 995/995/995 198/198/198 201/201/201
f 198/198/198 995/995/995 199/199/199
f 1014/1014/1014 757/757/757 1015/1015/1015
f 756/756/756 1015/1015/1015 757/757/757
f 1014/1014/1014 1016/1016/1016 1017/1017/1017
f 1016/1016/1016 1014/1014/1014 1015/1015/1015
f 1018/1018/1018 1019/1019/1019 1015/1015/1015
f 1015/1015/1015 1019/1019/1019 1016/1016/1016
f 1018/1018/1018 756/756/756 758/758/758
f 756/756/756 1018/1018/1018 1015/1015/1015
f 212/212/212 221/221/221 1020/1020/1020
f 212/212/212 1020/1020/1020 213/213/213
f 1021/1021/1021 1022/1022/1022 1020/1020/1020
f 1020/1020/1020 1022/1022/1022 213/213/213
f 1023/1023/1023 1021/1021/1021 1020/1020/1020
f 1021/1021/1021 1023/1023/1023 1024/1024/1024
f 1025/1025/1025 1020/1020/1020 221/221/221
f 1020/1020/1020 1025/1025/1025 1023/1023/1023
f 1026/1026/1026 1023/1023/1023 1025/1025/1025
f 1023/1023/1023 1026/1026/1026 1027/1027/1027
f 1027/1027/1027 1024/1024/1024 1023/1023/1023
f 1024/1024/1024 1027/1027/1027 1028/1028/1028
f 1029/1029/1029 1025/1025/1025 228/228/228
f 1025/1025/1025 1029/1029/1029 1026/1026/1026
f 228/228/228 221/221/221 220/220/220
f 221/221/221 228/228/228 1025/1025/1025
f 1030/1030/1030 1031/1031/1031 1032/1032/1032
f 1031/1031/1031 1030/1030/1030 1033/1033/1033
f 1034/1034/1034 1033/1033/1033 1030/1030/1030
f 1033/1033/1033 1034/1034/1034 1035/1035/1035
f 1036/1036/1036 1032/1032/1032 1037/1037/1037
f 1032/1032/1032 1036/1036/1036 1030/1030/1030
f 179/179/179 1030/1030/1030 1036/1036/1036
f 1030/1030/1030 179/179/179 1034/1034/1034
f 175/175/175 1036/1036/1036 1038/1038/1038
f 1036/1036/1036 175/175/175 179/179/179
f 1037/1037/1037 1038/1038/1038 1036/1036/1036
f 1038/1038/1038 1037/1037/1037 1039/1039/1039
f 1032/1032/1032 1040/1040/1040 1041/1041/1041
f 1040/1040/1040 1032/1032/1032 1031/1031/1031
f 235/235/235 228/228/228 227/227/227
f 228/228/228 235/235/235 1029/1029/1029
f 1037/1037/1037 1041/1041/1041 1042/1042/1042
f 1041/1041/1041 1037/1037/1037 1032/1032/1032
f 1042/1042/1042 1039/1039/1039 1037/1037/1037
f 1039/1039/1039 1042/1042/1042 1043/1043/1043
f 1041/1041/1041 243/243/243 245/245/245
f 243/243/243 1041/1041/1041 1040/1040/1040
f 245/245/245 1042/1042/1042 1041/1041/1041
f 1042/1042/1042 245/245/245 1044/1044/1044
f 1045/1045/1045 1042/1042/1042 1044/1044/1044
f 1042/1042/1042 1045/1045/1045 1043/1043/1043
f 1046/1046/1046 245/245/245 242/242/242
f 245/245/245 1046/1046/1046 1044/1044/1044
f 1047/1047/1047 1044/1044/1044 1046/1046/1046
f 1044/1044/1044 1047/1047/1047 1045/1045/1045
f 262/262/262 242/242/242 246/246/246
f 242/242/242 262/262/262 1046/1046/1046
f 944/944/944 1046/1046/1046 262/262/262
f 1046/1046/1046 944/944/944 1047/1047/1047
f 272/272/272 262/262/262 261/261/261
f 262/262/262 272/272/272 944/944/944
f 270/270/270 269/269/269 1048/1048/1048
f 269/269/269 278/278/278 1048/1048/1048
f 1049/1049/1049 1050/1050/1050 1051/1051/1051
f 1049/1049/1049 1051/1051/1051 1052/1052/1052
f 1017/1017/1017 548/548/548 550/550/550
f 548/548/548 1017/1017/1017 1016/1016/1016
f 1053/1053/1053 1051/1051/1051 1050/1050/1050
f 1054/1054/1054 1051/1051/1051 1053/1053/1053
f 655/655/655 1049/1049/1049 656/656/656
f 1049/1049/1049 655/655/655 1050/1050/1050
f 655/655/655 1053/1053/1053 1050/1050/1050
f 1053/1053/1053 655/655/655 660/660/660
f 1049/1049/1049 1055/1055/1055 1056/1056/1056
f 1055/1055/1055 1049/1049/1049 1052/1052/1052
f 668/668/668 1057/1057/1057 675/675/675
f 1057/1057/1057 668/668/668 667/667/667
f 195/195/195 1058/1058/1058 937/937/937
f 1058/1058/1058 195/195/195 1059/1059/1059
f 933/933/933 937/937/937 19/19/19
f 937/937/937 933/933/933 935/935/935
f 19/19/19 1058/1058/1058 20/20/20
f 1058/1058/1058 19/19/19 937/937/937
f 194/194/194 1059/1059/1059 195/195/195
f 1059/1059/1059 194/194/194 1060/1060/1060
f 178/178/178 1038/1038/1038 1061/1061/1061
f 1038/1038/1038 178/178/178 175/175/175
f 687/687/687 834/834/834 1062/1062/1062
f 834/834/834 687/687/687 685/685/685
f 1063/1063/1063 532/532/532 1064/1064/1064
f 532/532/532 1063/1063/1063 531/531/531
f 270/270/270 1065/1065/1065 1066/1066/1066
f 1065/1065/1065 270/270/270 1048/1048/1048
f 1067/1067/1067 532/532/532 533/533/533
f 532/532/532 1067/1067/1067 1064/1064/1064
f 519/519/519 1067/1067/1067 533/533/533
f 1067/1067/1067 519/519/519 524/524/524
f 1068/1068/1068 1069/1069/1069 1070/1070/1070
f 1069/1069/1069 1068/1068/1068 1071/1071/1071
f 515/515/515 1070/1070/1070 513/513/513
f 1070/1070/1070 515/515/515 1068/1068/1068
f 527/527/527 1068/1068/1068 515/515/515
f 1068/1068/1068 527/527/527 626/626/626
f 1068/1068/1068 626/626/626 1071/1071/1071
f 626/626/626 941/941/941 1071/1071/1071
f 1072/1072/1072 1060/1060/1060 199/199/199
f 194/194/194 199/199/199 1060/1060/1060
f 995/995/995 1072/1072/1072 199/199/199
f 1072/1072/1072 995/995/995 996/996/996
f 1073/1073/1073 1009/1009/1009 934/934/934
f 1073/1073/1073 934/934/934 993/993/993
f 993/993/993 27/27/27 159/159/159
f 27/27/27 993/993/993 934/934/934
f 558/558/558 1073/1073/1073 993/993/993
f 558/558/558 993/993/993 992/992/992
f 557/557/557 558/558/558 992/992/992
f 557/557/557 992/992/992 994/994/994
f 333/333/333 999/999/999 334/334/334
f 999/999/999 1003/1003/1003 334/334/334
f 1074/1074/1074 1003/1003/1003 1004/1004/1004
f 1004/1004/1004 1075/1075/1075 1074/1074/1074
f 334/334/334 1003/1003/1003 1076/1076/1076
f 1003/1003/1003 1074/1074/1074 1076/1076/1076
f 329/329/329 334/334/334 356/356/356
f 334/334/334 1076/1076/1076 356/356/356
f 1006/1006/1006 1007/1007/1007 1077/1077/1077
f 1007/1007/1007 1006/1006/1006 1005/1005/1005
f 1078/1078/1078 1074/1074/1074 1075/1075/1075
f 1075/1075/1075 1079/1079/1079 1078/1078/1078
f 1076/1076/1076 1074/1074/1074 1080/1080/1080
f 1074/1074/1074 1078/1078/1078 1080/1080/1080
f 356/356/356 1076/1076/1076 362/362/362
f 1076/1076/1076 1080/1080/1080 362/362/362
f 1007/1007/1007 793/793/793 798/798/798
f 793/793/793 1007/1007/1007 324/324/324
f 1079/1079/1079 803/803/803 804/804/804
f 803/803/803 1079/1079/1079 1081/1081/1081
f 807/807/807 1078/1078/1078 1079/1079/1079
f 1079/1079/1079 804/804/804 807/807/807
f 1080/1080/1080 1078/1078/1078 810/810/810
f 1078/1078/1078 807/807/807 810/810/810
f 362/362/362 810/810/810 812/812/812
f 810/810/810 362/362/362 1080/1080/1080
f 360/360/360 812/812/812 367/367/367
f 812/812/812 360/360/360 362/362/362
f 200/200/200 202/202/202 737/737/737
f 737/737/737 202/202/202 750/750/750
f 270/270/270 1066/1066/1066 271/271/271
f 1066/1066/1066 942/942/942 271/271/271
f 1018/1018/1018 1008/1008/1008 1019/1019/1019
f 1008/1008/1008 1018/1018/1018 1013/1013/1013
f 1012/1012/1012 936/936/936 935/935/935
f 936/936/936 1012/1012/1012 1013/1013/1013
f 936/936/936 1013/1013/1013 758/758/758
f 1013/1013/1013 1018/1018/1018 758/758/758
f 1043/1043/1043 1082/1082/1082 1039/1039/1039
f 1082/1082/1082 1043/1043/1043 1083/1083/1083
f 1082/1082/1082 1061/1061/1061 1039/1039/1039
f 1039/1039/1039 1061/1061/1061 1038/1038/1038
f 1084/1084/1084 1085/1085/1085 1086/1086/1086
f 1085/1085/1085 1084/1084/1084 1087/1087/1087
f 630/630/630 1085/1085/1085 1087/1087/1087
f 1085/1085/1085 630/630/630 688/688/688
f 688/688/688 1062/1062/1062 1085/1085/1085
f 1062/1062/1062 688/688/688 687/687/687
f 940/940/940 1084/1084/1084 1088/1088/1088
f 1084/1084/1084 940/940/940 1087/1087/1087
f 627/627/627 1087/1087/1087 940/940/940
f 1087/1087/1087 627/627/627 630/630/630
f 939/939/939 1088/1088/1088 1089/1089/1089
f 1088/1088/1088 939/939/939 940/940/940
f 1019/1019/1019 1010/1010/1010 549/549/549
f 1010/1010/1010 1019/1019/1019 1008/1008/1008
f 1016/1016/1016 549/549/549 548/548/548
f 549/549/549 1016/1016/1016 1019/1019/1019
f 555/555/555 1010/1010/1010 1009/1009/1009
f 555/555/555 1009/1009/1009 1073/1073/1073
f 546/546/546 549/549/549 1010/1010/1010
f 546/546/546 1010/1010/1010 555/555/555
f 553/553/553 555/555/555 1073/1073/1073
f 553/553/553 1073/1073/1073 558/558/558
f 1053/1053/1053 1090/1090/1090 1091/1091/1091
f 1091/1091/1091 1054/1054/1054 1053/1053/1053
f 1092/1092/1092 760/760/760 1093/1093/1093
f 759/759/759 1093/1093/1093 760/760/760
f 913/913/913 912/912/912 1092/1092/1092
f 913/913/913 1092/1092/1092 1094/1094/1094
f 912/912/912 760/760/760 1092/1092/1092
f 760/760/760 912/912/912 761/761/761
f 366/366/366 914/914/914 368/368/368
f 914/914/914 366/366/366 371/371/371
f 371/371/371 915/915/915 914/914/914
f 915/915/915 371/371/371 754/754/754
f 1095/1095/1095 1096/1096/1096 1035/1035/1035
f 1095/1095/1095 1035/1035/1035 1034/1034/1034
f 180/180/180 1095/1095/1095 1034/1034/1034
f 180/180/180 1034/1034/1034 179/179/179
f 22/22/22 12/12/12 13/13/13
f 22/22/22 13/13/13 981/981/981
f 1097/1097/1097 22/22/22 981/981/981
f 1097/1097/1097 981/981/981 983/983/983
f 26/26/26 21/21/21 22/22/22
f 26/26/26 22/22/22 1097/1097/1097
f 168/168/168 1097/1097/1097 983/983/983
f 168/168/168 983/983/983 986/986/986
f 162/162/162 26/26/26 1097/1097/1097
f 162/162/162 1097/1097/1097 168/168/168
f 166/166/166 168/168/168 986/986/986
f 166/166/166 986/986/986 173/173/173
f 792/792/792 814/814/814 790/790/790
f 814/814/814 792/792/792 1098/1098/1098
f 813/813/813 814/814/814 821/821/821
f 814/814/814 1099/1099/1099 821/821/821
f 1098/1098/1098 1099/1099/1099 814/814/814
f 1099/1099/1099 1098/1098/1098 1100/1100/1100
f 1101/1101/1101 827/827/827 821/821/821
f 820/820/820 821/821/821 827/827/827
f 1099/1099/1099 1101/1101/1101 821/821/821
f 1101/1101/1101 1099/1099/1099 1102/1102/1102
f 1103/1103/1103 827/827/827 1104/1104/1104
f 827/827/827 1103/1103/1103 826/826/826
f 1012/1012/1012 933/933/933 931/931/931
f 933/933/933 1012/1012/1012 935/935/935
f 189/189/189 994/994/994 991/991/991
f 994/994/994 189/189/189 557/557/557
f 1063/1063/1063 286/286/286 531/531/531
f 286/286/286 1063/1063/1063 285/285/285
f 991/991/991 1105/1105/1105 190/190/190
f 190/190/190 189/189/189 991/991/991
f 754/754/754 761/761/761 915/915/915
f 761/761/761 754/754/754 753/753/753
f 936/936/936 750/750/750 202/202/202
f 750/750/750 936/936/936 758/758/758
f 14/14/14 4/4/4 1/1/1
f 4/4/4 14/14/14 1106/1106/1106
f 1107/1107/1107 14/14/14 17/17/17
f 14/14/14 1107/1107/1107 1106/1106/1106
f 1108/1108/1108 1109/1109/1109 1110/1110/1110
f 1109/1109/1109 1108/1108/1108 1111/1111/1111
f 1112/1112/1112 1109/1109/1109 1111/1111/1111
f 1111/1111/1111 1113/1113/1113 1112/1112/1112
f 1114/1114/1114 1115/1115/1115 1116/1116/1116
f 1115/1115/1115 1114/1114/1114 1102/1102/1102
f 1117/1117/1117 1102/1102/1102 1114/1114/1114
f 1102/1102/1102 1117/1117/1117 1101/1101/1101
f 1100/1100/1100 1102/1102/1102 1099/1099/1099
f 1102/1102/1102 1100/1100/1100 1115/1115/1115
f 1104/1104/1104 1101/1101/1101 1117/1117/1117
f 1101/1101/1101 1104/1104/1104 827/827/827
f 1105/1105/1105 991/991/991 164/164/164
f 1105/1105/1105 164/164/164 174/174/174
f 383/383/383 467/467/467 1118/1118/1118
f 1118/1118/1118 467/467/467 466/466/466
f 376/376/376 468/468/468 470/470/470
f 468/468/468 376/376/376 377/377/377
f 385/385/385 1119/1119/1119 383/383/383
f 383/383/383 1119/1119/1119 467/467/467
f 1120/1120/1120 467/467/467 1119/1119/1119
f 467/467/467 1120/1120/1120 464/464/464
f 1120/1120/1120 462/462/462 464/464/464
f 462/462/462 1120/1120/1120 497/497/497
f 388/388/388 1121/1121/1121 385/385/385
f 385/385/385 1121/1121/1121 1119/1119/1119
f 1121/1121/1121 1122/1122/1122 1119/1119/1119
f 1119/1119/1119 1122/1122/1122 1120/1120/1120
f 1123/1123/1123 1120/1120/1120 1122/1122/1122
f 1120/1120/1120 1123/1123/1123 497/497/497
f 1123/1123/1123 495/495/495 497/497/497
f 495/495/495 1123/1123/1123 507/507/507
f 1124/1124/1124 388/388/388 387/387/387
f 388/388/388 1124/1124/1124 1125/1125/1125
f 1125/1125/1125 1121/1121/1121 388/388/388
f 1121/1121/1121 1125/1125/1125 1126/1126/1126
f 1121/1121/1121 1126/1126/1126 1127/1127/1127
f 1121/1121/1121 1127/1127/1127 1122/1122/1122
f 1128/1128/1128 1122/1122/1122 1127/1127/1127
f 1122/1122/1122 1128/1128/1128 1123/1123/1123
f 1128/1128/1128 507/507/507 1123/1123/1123
f 507/507/507 1128/1128/1128 1129/1129/1129
f 1129/1129/1129 505/505/505 507/507/507
f 505/505/505 1129/1129/1129 1130/1130/1130
f 1130/1130/1130 506/506/506 505/505/505
f 506/506/506 1130/1130/1130 512/512/512
f 1131/1131/1131 1125/1125/1125 1124/1124/1124
f 1125/1125/1125 1131/1131/1131 1132/1132/1132
f 1132/1132/1132 1126/1126/1126 1125/1125/1125
f 1126/1126/1126 1132/1132/1132 1133/1133/1133
f 1133/1133/1133 1127/1127/1127 1126/1126/1126
f 1127/1127/1127 1133/1133/1133 1134/1134/1134
f 1134/1134/1134 1128/1128/1128 1127/1127/1127
f 1128/1128/1128 1134/1134/1134 1135/1135/1135
f 1135/1135/1135 1129/1129/1129 1128/1128/1128
f 1129/1129/1129 1135/1135/1135 224/224/224
f 224/224/224 1130/1130/1130 1129/1129/1129
f 1130/1130/1130 224/224/224 219/219/219
f 219/219/219 512/512/512 1130/1130/1130
f 512/512/512 219/219/219 216/216/216
f 204/204/204 512/512/512 216/216/216
f 512/512/512 204/204/204 203/203/203
f 1136/1136/1136 1132/1132/1132 1131/1131/1131
f 1132/1132/1132 1136/1136/1136 1137/1137/1137
f 1137/1137/1137 1133/1133/1133 1132/1132/1132
f 1133/1133/1133 1137/1137/1137 1138/1138/1138
f 1138/1138/1138 1134/1134/1134 1133/1133/1133
f 1134/1134/1134 1138/1138/1138 239/239/239
f 239/239/239 1135/1135/1135 1134/1134/1134
f 1135/1135/1135 239/239/239 232/232/232
f 232/232/232 224/224/224 1135/1135/1135
f 224/224/224 232/232/232 223/223/223
f 403/403/403 415/415/415 1139/1139/1139
f 415/415/415 403/403/403 402/402/402
f 264/264/264 1137/1137/1137 1136/1136/1136
f 1137/1137/1137 264/264/264 256/256/256
f 256/256/256 1138/1138/1138 1137/1137/1137
f 1138/1138/1138 256/256/256 250/250/250
f 250/250/250 239/239/239 1138/1138/1138
f 239/239/239 250/250/250 238/238/238
f 264/264/264 275/275/275 263/263/263
f 275/275/275 264/264/264 1140/1140/1140
f 946/946/946 902/902/902 1141/1141/1141
f 902/902/902 946/946/946 896/896/896
f 901/901/901 906/906/906 1142/1142/1142
f 901/901/901 1142/1142/1142 902/902/902
f 1142/1142/1142 1141/1141/1141 902/902/902
f 1141/1141/1141 1142/1142/1142 1143/1143/1143
f 909/909/909 1144/1144/1144 905/905/905
f 906/906/906 905/905/905 1144/1144/1144
f 1144/1144/1144 1142/1142/1142 906/906/906
f 1142/1142/1142 1144/1144/1144 1145/1145/1145
f 1145/1145/1145 1143/1143/1143 1142/1142/1142
f 1143/1143/1143 1145/1145/1145 1146/1146/1146
f 911/911/911 1147/1147/1147 908/908/908
f 909/909/909 908/908/908 1147/1147/1147
f 1147/1147/1147 1110/1110/1110 909/909/909
f 1144/1144/1144 909/909/909 1110/1110/1110
f 1110/1110/1110 1145/1145/1145 1144/1144/1144
f 1145/1145/1145 1110/1110/1110 1109/1109/1109
f 1109/1109/1109 1146/1146/1146 1145/1145/1145
f 1146/1146/1146 1109/1109/1109 1112/1112/1112
f 1022/1022/1022 210/210/210 213/213/213
f 210/210/210 1022/1022/1022 209/209/209
