# Extracted from the Cocos Creator 3.8.3 playable build
# Geometry-only OBJ preview for Unity; rig and animation stay in the raw assets.
o mesh_bcb9c6b8
v -0.594420791 3.54471874 -0.645641029
v 0.344453007 3.46004486 -0.488918215
v -0.553825855 3.37201214 -1.08951688
v 0.459644914 3.25531006 -0.871246576
v -0.640023112 3.79674792 0.184980765
v 0.163170666 3.79891491 0.207905233
v -0.623091698 3.7045567 -0.179203823
v 0.247384489 3.62987638 -0.134462997
v 0.840413094 3.66210318 0.629437923
v 0.969424188 3.4074142 0.384681493
v 1.38681257 2.94398284 -0.36263752
v 1.18046033 3.15435886 0.0137425363
v -0.623091698 3.7045567 -0.179203823
v 0.969424188 3.4074142 0.384681493
v 0.0789568424 3.96795368 0.550273418
v -0.716651499 3.79723787 0.52423054
v 0.752043605 3.80733013 0.789964795
v 0.00650606444 4.13142061 1.78296125
v 0.0366560556 3.94504046 1.87572873
v 0.0748690814 3.92162108 1.75626564
v -0.0990136862 4.19222546 1.80524576
v -0.116392657 3.9514358 1.91111815
v 0.00650606444 4.13142061 1.78296125
v 0.0287598129 3.89444613 1.76886988
v -0.110404745 3.90362573 1.79096115
v -0.0990136862 4.19222546 1.80524576
v 0.00650606444 4.13142061 1.78296125
v -0.0928313136 4.37510586 1.82979286
v 0.26993987 4.19046259 1.68562651
v 0.270352721 3.91368914 1.69994044
v 0.409857899 3.48505211 1.50174189
v 0.254520893 3.25213909 1.40014112
v 0.470019192 3.62358642 1.09425545
v 0.524434388 3.87704968 1.25713289
v 0.486320972 3.92972612 1.45739031
v 0.409857899 3.48505211 1.50174189
v 0.491510451 3.79394484 1.11065447
v 0.519065857 4.17522287 1.08569241
v 0.517523289 4.20695305 1.25001192
v 0.683215618 4.19498634 1.09903443
v 0.491510451 3.79394484 1.11065447
v 0.519065857 4.17522287 1.08569241
v 0.606738091 3.87516069 1.10439026
v 0.683215618 4.19498634 1.09903443
v 0.491510451 3.79394484 1.11065447
v 0.606738091 3.87516069 1.10439026
v 0.524434388 3.87704968 1.25713289
v 0.683215618 4.19498634 1.09903443
v -0.13409315 3.6131773 1.78288996
v 0.409857899 3.48505211 1.50174189
v 0.183409765 3.26430106 1.64205444
v 0.254520893 3.25213909 1.40014112
v 0.513280571 4.35333776 1.47267663
v 0.359207869 4.35674286 1.76683557
v 0.26993987 4.19046259 1.68562651
v 0.270352721 3.91368914 1.69994044
v 0.187318489 3.56087279 1.74053645
v 0.270352721 3.91368914 1.69994044
v 0.359207869 4.35674286 1.76683557
v 0.517523289 4.20695305 1.25001192
v 0.519065857 4.17522287 1.08569241
v 0.455485821 4.36269903 0.81054008
v 0.455485821 4.36269903 0.81054008
v 0.355324596 3.79354334 0.74513799
v -0.0103584183 4.38448191 0.602199376
v -0.0354619026 3.81948519 0.616159916
v 0.513280571 4.35333776 1.47267663
v 0.486320972 3.92972612 1.45739031
v 0.524434388 3.87704968 1.25713289
v 0.455485821 4.36269903 0.81054008
v 0.519065857 4.17522287 1.08569241
v 0.491510451 3.79394484 1.11065447
v 0.37770775 3.82846761 0.894361198
v 0.0250686109 3.89917016 0.611195445
v 0.355324596 3.79354334 0.74513799
v -0.0354619026 3.81948519 0.616159916
v 0.491510451 3.79394484 1.11065447
v 0.470019192 3.62358642 1.09425545
v 0.183409765 3.26430106 1.64205444
v 0.187318489 3.56087279 1.74053645
v -0.13409315 3.6131773 1.78288996
v -0.179641053 3.20185041 1.64508283
v -0.179641053 3.20185041 1.64508283
v -0.165108427 3.15552115 1.39734316
v 0.183409765 3.26430106 1.64205444
v 0.254520893 3.25213909 1.40014112
v -0.13409315 3.6131773 1.78288996
v -0.205420986 4.14048719 1.76879263
v -0.28721866 3.9371109 1.73205805
v -0.263366491 3.95787501 1.85567045
v -0.245671988 3.90618587 1.75052261
v -0.447603166 4.2211585 1.63765454
v -0.473444879 3.94550824 1.65021324
v -0.582928658 3.68832874 0.821891069
v -0.522509098 3.31058764 1.05539024
v -0.656829417 3.48999834 1.32030487
v -0.656829417 3.48999834 1.32030487
v -0.668622673 3.92808771 1.17737007
v -0.653116822 3.97847033 1.38121212
v -0.623713493 3.84165335 1.03609526
v -0.777376711 4.25746918 1.00138533
v -0.632802486 4.25616312 1.17310584
v -0.615189731 4.22374487 1.00986075
v -0.777376711 4.25746918 1.00138533
v -0.615189731 4.22374487 1.00986075
v -0.729760826 3.93233514 1.01503754
v -0.623713493 3.84165335 1.03609526
v -0.623713493 3.84165335 1.03609526
v -0.668622673 3.92808771 1.17737007
v -0.729760826 3.93233514 1.01503754
v -0.777376711 4.25746918 1.00138533
v -0.13409315 3.6131773 1.78288996
v -0.51860249 3.3051312 1.53057551
v -0.656829417 3.48999834 1.32030487
v -0.522509098 3.31058764 1.05539024
v -0.447603166 4.2211585 1.63765454
v -0.645753384 4.40292025 1.39518857
v -0.473444879 3.94550824 1.65021324
v -0.446542501 3.58991528 1.68664408
v -0.532406509 4.39488554 1.70722604
v -0.632802486 4.25616312 1.17310584
v -0.499905199 4.4035697 0.746666551
v -0.615189731 4.22374487 1.00986075
v -0.440699071 3.82759643 0.691919088
v -0.499905199 4.4035697 0.746666551
v -0.645753384 4.40292025 1.39518857
v -0.499905199 4.4035697 0.746666551
v -0.615189731 4.22374487 1.00986075
v -0.623713493 3.84165335 1.03609526
v -0.440699071 3.82759643 0.691919088
v -0.385230869 3.87102962 0.61384052
v -0.582928658 3.68832874 0.821891069
v -0.623713493 3.84165335 1.03609526
v -0.51860249 3.3051312 1.53057551
v -0.13409315 3.6131773 1.78288996
v -0.446542501 3.58991528 1.68664408
v -0.51860249 3.3051312 1.53057551
v -0.522509098 3.31058764 1.05539024
v -0.13409315 3.6131773 1.78288996
v -0.532406509 4.39488554 1.70722604
v -0.668622673 3.92808771 1.17737007
v -0.653116822 3.97847033 1.38121212
v 0.726561844 4.91572571 1.64351177
v 0.401007235 4.94794369 1.50122356
v 0.670321167 4.61927462 1.62305295
v 0.242698267 4.61087418 1.56069994
v 0.44299227 4.95127773 1.11932087
v 0.401007235 4.94794369 1.50122356
v 0.785305858 4.91888428 1.10015023
v 0.726561844 4.91572571 1.64351177
v -0.0800081491 5.01740885 2.04898214
v 0.255865157 4.98923016 2.0250082
v 0.164827213 5.01432467 1.68519008
v 0.726561844 4.91572571 1.64351177
v 0.670321167 4.61927462 1.62305295
v 0.785305858 4.91888428 1.10015023
v 0.730985165 4.62208509 1.09364331
v 0.21499297 4.65039825 0.476687193
v -0.00517046778 4.33126402 0.490547866
v -0.193601876 4.66787815 0.449370235
v 0.691378832 4.92026711 0.702914417
v 0.252804369 4.95041847 0.435660839
v 0.3999798 4.96232128 0.913068295
v 0.166633204 4.97141123 0.775627792
v -0.0133372629 4.63034439 0.804076493
v 0.166633204 4.97141123 0.775627792
v 0.21499297 4.65039825 0.476687193
v 0.252804369 4.95041847 0.435660839
v 0.613920808 4.29237366 1.71743643
v -0.103425592 4.32009363 1.95305669
v 0.569780886 4.30378246 0.804762125
v -0.00517046778 4.33126402 0.490547866
v 0.613920808 4.29237366 1.71743643
v -0.103425592 4.32009363 1.95305669
v 0.230297983 4.63401842 1.9759208
v 0.164827213 5.01432467 1.68519008
v 0.242698267 4.61087418 1.56069994
v -0.273701489 5.03308439 1.65587187
v -0.368358493 4.63701487 1.51984727
v 0.3999798 4.96232128 0.913068295
v 0.166633204 4.97141123 0.775627792
v 0.364905149 4.61255074 1.02779257
v -0.0133372629 4.63034439 0.804076493
v 0.44299227 4.95127773 1.11932087
v 0.364905149 4.61255074 1.02779257
v 0.401007235 4.94794369 1.50122356
v 0.242698267 4.61087418 1.56069994
v 0.230297983 4.63401842 1.9759208
v 0.670321167 4.61927462 1.62305295
v 0.242698267 4.61087418 1.56069994
v -0.0133372629 4.63034439 0.804076493
v 0.21499297 4.65039825 0.476687193
v -0.193601876 4.66787815 0.449370235
v 0.252804369 4.95041847 0.435660839
v 0.636257768 4.6304121 0.728308797
v 0.691378832 4.92026711 0.702914417
v 0.691378832 4.92026711 0.702914417
v 0.3999798 4.96232128 0.913068295
v 0.636257768 4.6304121 0.728308797
v 0.364905149 4.61255074 1.02779257
v 0.569780886 4.30378246 0.804762125
v 0.364905149 4.61255074 1.02779257
v 0.730985165 4.62208509 1.09364331
v 0.636257768 4.6304121 0.728308797
v 0.242698267 4.61087418 1.56069994
v 0.164827213 5.01432467 1.68519008
v 0.230297983 4.63401842 1.9759208
v 0.255865157 4.98923016 2.0250082
v 0.364905149 4.61255074 1.02779257
v 0.44299227 4.95127773 1.11932087
v 0.730985165 4.62208509 1.09364331
v 0.785305858 4.91888428 1.10015023
v 0.569780886 4.30378246 0.804762125
v -0.00517046778 4.33126402 0.490547866
v -0.368358493 4.63701487 1.51984727
v -0.488123804 4.98598003 1.44177985
v -0.798198164 4.68209696 1.52487397
v -0.831248045 4.98236752 1.53936291
v -0.478554517 4.99070072 1.05771005
v -0.816789091 4.98742008 0.99304074
v -0.488123804 4.98598003 1.44177985
v -0.831248045 4.98236752 1.53936291
v -0.831248045 4.98236752 1.53936291
v -0.816789091 4.98742008 0.99304074
v -0.798198164 4.68209696 1.52487397
v -0.78751862 4.68704557 0.992122412
v -0.671137989 4.97855425 0.611822188
v -0.407735974 4.99687481 0.859067738
v -0.199979886 4.96978855 0.405389547
v -0.158275753 4.98531103 0.753905714
v -0.199979886 4.96978855 0.405389547
v -0.158275753 4.98531103 0.753905714
v -0.193601876 4.66787815 0.449370235
v -0.0133372629 4.63034439 0.804076493
v -0.00517046778 4.33126402 0.490547866
v -0.617010772 4.35455227 0.725418091
v -0.782839179 4.35212612 1.62405479
v -0.782839179 4.35212612 1.62405479
v -0.617010772 4.35455227 0.725418091
v -0.409318 4.66138029 1.93315864
v -0.407735974 4.99687481 0.859067738
v -0.418082863 4.64604664 0.975445211
v -0.158275753 4.98531103 0.753905714
v -0.0133372629 4.63034439 0.804076493
v -0.368358493 4.63701487 1.51984727
v -0.418082863 4.64604664 0.975445211
v -0.488123804 4.98598003 1.44177985
v -0.478554517 4.99070072 1.05771005
v -0.368358493 4.63701487 1.51984727
v -0.798198164 4.68209696 1.52487397
v -0.409318 4.66138029 1.93315864
v -0.644725561 4.68521118 0.642667532
v -0.199979886 4.96978855 0.405389547
v -0.671137989 4.97855425 0.611822188
v -0.418082863 4.64604664 0.975445211
v -0.407735974 4.99687481 0.859067738
v -0.644725561 4.68521118 0.642667532
v -0.671137989 4.97855425 0.611822188
v -0.617010772 4.35455227 0.725418091
v -0.644725561 4.68521118 0.642667532
v -0.78751862 4.68704557 0.992122412
v -0.418082863 4.64604664 0.975445211
v -0.410886347 5.0177536 1.98043191
v -0.273701489 5.03308439 1.65587187
v -0.409318 4.66138029 1.93315864
v -0.368358493 4.63701487 1.51984727
v -0.816789091 4.98742008 0.99304074
v -0.478554517 4.99070072 1.05771005
v -0.78751862 4.68704557 0.992122412
v -0.418082863 4.64604664 0.975445211
v -0.617010772 4.35455227 0.725418091
v -0.0800081491 5.01740885 2.04898214
v 0.255865157 4.98923016 2.0250082
v -0.410886347 5.0177536 1.98043191
v -0.273701489 5.03308439 1.65587187
v -0.410886347 5.0177536 1.98043191
v -0.00517046778 4.33126402 0.490547866
v -0.368358493 4.63701487 1.51984727
v 0.242698267 4.61087418 1.56069994
v -0.0307873245 4.78078699 1.16135097
v 0.364905149 4.61255074 1.02779257
v -0.418082863 4.64604664 0.975445211
v -0.0133372629 4.63034439 0.804076493
v 0.214365706 3.88760948 1.80494964
v 0.0596425906 3.73877788 1.83923233
v 0.263720512 3.31618118 1.80390108
v 0.0704265758 3.28010273 1.84382105
v 0.219748184 3.88822174 1.72483253
v -0.109361805 3.89862418 1.77216101
v -0.113662347 3.89813519 1.83617377
v 0.233674616 3.75080228 1.71717072
v 0.270069957 3.31690311 1.70939088
v 0.078138262 3.28097963 1.72903407
v 0.0668615773 3.73959899 1.7317791
v -0.120250478 3.74157166 1.83453536
v -0.112538792 3.74244833 1.71974838
v 0.233674616 3.75080228 1.71717072
v 0.270069957 3.31690311 1.70939088
v 0.0668615773 3.73959899 1.7317791
v 0.078138262 3.28097963 1.72903407
v -0.298752815 3.7541101 1.81527162
v -0.434329331 3.91535997 1.76158047
v -0.428946823 3.91597223 1.6814636
v -0.531511307 3.35020041 1.75073516
v -0.45336464 3.78019309 1.67123806
v -0.525161862 3.35092258 1.65622497
v -0.349009395 3.29804587 1.81577921
v -0.341297716 3.29892254 1.70099223
v -0.291533828 3.75493097 1.70781827
v -0.45336464 3.78019309 1.67123806
v -0.291533828 3.75493097 1.70781827
v -0.525161862 3.35092258 1.65622497
v -0.341297716 3.29892254 1.70099223
v -0.795438051 2.5878253 0.875985563
v -0.880279362 2.83539891 1.05378914
v -0.766489625 2.67500329 0.778465688
v -0.865006864 2.94014454 0.968795598
v -0.353210628 2.58750582 1.0918982
v -0.280534476 2.66029716 1.00388277
v -0.439644814 2.80486465 1.26439476
v -0.381630272 2.90839934 1.20292687
v -0.795438051 2.5878253 0.875985563
v -0.766489625 2.67500329 0.778465688
v -0.353210628 2.58750582 1.0918982
v -0.280534476 2.66029716 1.00388277
v -0.880279362 2.83539891 1.05378914
v -0.836349785 2.84772491 1.07645071
v -0.865006864 2.94014454 0.968795598
v -0.777695298 2.951756 1.01079285
v -0.81431514 2.78015995 1.03186882
v -0.755208671 2.89561057 0.969263196
v -0.836349785 2.84772491 1.07645071
v -0.777695298 2.951756 1.01079285
v -0.459699392 2.74923849 1.19750714
v -0.482845843 2.8048749 1.24335515
v -0.44496122 2.85104299 1.11464298
v -0.468054116 2.90814662 1.16091228
v -0.482845843 2.8048749 1.24335515
v -0.439644814 2.80486465 1.26439476
v -0.468054116 2.90814662 1.16091228
v -0.381630272 2.90839934 1.20292687
v -0.717988133 2.77524948 1.07690799
v -0.702306449 2.88805604 0.993440986
v -0.81431514 2.78015995 1.03186882
v -0.755208671 2.89561057 0.969263196
v -0.459699392 2.74923849 1.19750714
v -0.44496122 2.85104299 1.11464298
v -0.557507098 2.75851798 1.1513133
v -0.499768317 2.85548186 1.0881983
v -0.717988133 2.77524948 1.07690799
v -0.763851285 2.8966186 1.1662395
v -0.702306449 2.88805604 0.993440986
v -0.748365521 3.00298548 1.08064437
v -0.60363549 2.8819809 1.24362874
v -0.54613781 2.97729754 1.18129957
v -0.763851285 2.8966186 1.1662395
v -0.748365521 3.00298548 1.08064437
v -0.557507098 2.75851798 1.1513133
v -0.499768317 2.85548186 1.0881983
v -0.60363549 2.8819809 1.24362874
v -0.54613781 2.97729754 1.18129957
v -0.763851285 2.8966186 1.1662395
v -0.717988133 2.77524948 1.07690799
v -0.60363549 2.8819809 1.24362874
v -0.557507098 2.75851798 1.1513133
v -0.880279362 2.83539891 1.05378914
v -0.81431514 2.78015995 1.03186882
v -0.836349785 2.84772491 1.07645071
v -0.439644814 2.80486465 1.26439476
v -0.482845843 2.8048749 1.24335515
v -0.459699392 2.74923849 1.19750714
v -0.795438051 2.5878253 0.875985563
v -0.353210628 2.58750582 1.0918982
v -0.165640965 2.63481522 1.14952648
v 0.211317345 2.63550234 1.22065318
v -0.181923464 2.81571364 1.25132334
v 0.225896657 2.96728849 1.34191036
v 0.249003679 2.63739562 1.13478112
v 0.211317345 2.63550234 1.22065318
v -0.144726545 2.65126848 1.07909787
v -0.165640965 2.63481522 1.14952648
v -0.161813319 2.90677881 1.19860446
v 0.187761992 3.0150075 1.27268696
v 0.486148834 3.91343427 1.0414257
v 1.08609414 3.69103742 1.05430388
v 0.661618173 3.8962326 0.538662255
v 0.859105945 3.68363833 1.29871392
v 0.497907966 3.44272089 1.33972847
v 0.737599671 3.30908251 1.38769329
v 0.187761992 3.0150075 1.27268696
v 0.225896657 2.96728849 1.34191036
v 0.432110906 3.44859457 1.28512573
v 1.05835366 3.56829739 1.02609062
v 1.08609414 3.69103742 1.05430388
v 0.86436367 3.61732101 1.23037827
v 0.859105945 3.68363833 1.29871392
v 0.499790788 2.881181 1.34218609
v 0.661618173 3.8962326 0.538662255
v 0.678936541 3.76746178 0.560787976
v 0.382087886 3.77272177 0.969484985
v 0.486148834 3.91343427 1.0414257
v 0.499790788 2.881181 1.34218609
v 0.533052623 2.87159133 1.27095115
v 0.737599671 3.30908251 1.38769329
v 0.710609853 3.37143278 1.31196916
v 0.0833782479 4.1009984 0.488045543
v 0.486148834 3.91343427 1.0414257
v 0.150411844 3.8772006 0.190385267
v 0.141884327 3.74011993 0.18369031
v 0.382087886 3.77272177 0.969484985
v 0.0250686109 3.89917016 0.611195445
v 0.225896657 2.96728849 1.34191036
v -0.529960871 2.66069579 1.02789783
v -0.564624071 2.98169112 1.15020645
v -0.519859731 2.66691947 0.935325801
v -0.529960871 2.66069579 1.02789783
v -0.491290987 3.03114581 1.10970652
v -0.551183641 3.93331504 0.834843755
v -0.434431016 3.9836731 0.287857652
v -1.06068373 3.66041899 0.634646833
v -0.994880855 3.59595585 1.01443207
v -0.747778893 3.51482821 1.03153753
v -0.551183641 3.93331504 0.834843755
v -0.564624071 2.98169112 1.15020645
v -0.646435082 3.4892323 0.988852918
v -0.491290987 3.03114581 1.10970652
v -1.0288434 3.52174306 0.61673075
v -0.952029943 3.47626019 0.966949522
v -1.06068373 3.66041899 0.634646833
v -0.994880855 3.59595585 1.01443207
v -0.774191439 2.9947803 1.07465243
v -0.882293224 3.32541442 1.06368244
v -0.47313872 3.85555339 0.2626504
v -0.434431016 3.9836731 0.287857652
v -0.455354601 3.79470706 0.824584246
v -0.882293224 3.32541442 1.06368244
v -0.887235165 3.30585265 1.05211282
v -0.774191439 2.9947803 1.07465243
v -0.768962562 2.9795351 0.999604404
v -0.551183641 3.93331504 0.834843755
v -0.455354601 3.79470706 0.824584246
v -0.564624071 2.98169112 1.15020645
v 0.175036147 2.09626913 0.520061851
v 0.457752138 1.62454569 0.360867947
v 0.343000978 2.10243225 0.755657613
v 0.596168876 1.53120279 0.702644229
v 0.756753445 2.16940856 0.461045474
v 0.690850496 2.14227557 0.729795814
v 1.0878886 1.89986718 0.422889918
v 1.0105015 1.71141672 0.746094644
v 1.0105015 1.71141672 0.746094644
v 0.690850496 2.14227557 0.729795814
v 0.833108962 1.59213662 0.818618298
v 0.551306844 2.12139845 0.816366255
v 0.497010291 1.79477596 0.041252885
v 0.596168876 1.53120279 0.702644229
v 0.457752138 1.62454569 0.360867947
v 1.0105015 1.71141672 0.746094644
v 0.997458398 2.01011682 0.0956283808
v 1.0878886 1.89986718 0.422889918
v 0.729247808 1.95705247 -0.0657729954
v 0.833108962 1.59213662 0.818618298
v -0.631605506 1.55185914 0.906218708
v -0.88277477 1.62718427 0.9736256
v -0.426544815 1.7171675 0.237364784
v -0.636760294 1.86034846 0.0729531422
v -0.926016271 1.93425536 0.180990234
v -1.04485583 1.73327053 0.85773319
v -1.06803024 1.87209296 0.502550125
v -0.440191746 1.59555399 0.580435336
v 0.833108962 1.59213662 0.818618298
v 0.551306844 2.12139845 0.816366255
v 0.596168876 1.53120279 0.702644229
v 0.343000978 2.10243225 0.755657613
v 0.150411844 3.8772006 0.190385267
v 0.569780886 4.30378246 0.804762125
v -0.831216812 3.00967956 0.452756107
v -0.709734201 3.06298971 0.293316364
v -0.766919911 2.36263371 0.536830604
v -0.766919911 2.36263371 0.536830604
v -0.560953796 2.34814239 0.0968401581
v -0.709789813 3.31700563 -0.00681189401
v -0.709789813 3.31700563 -0.00681189401
v 0.155360177 3.34371829 0.0306601524
v -0.560953796 2.34814239 0.0968401581
v -0.766919911 2.36263371 0.536830604
v -0.768617988 2.72654557 0.63465482
v -0.542749345 2.41496539 1.04047632
v -0.951250911 2.1684432 0.51305443
v -0.766919911 2.36263371 0.536830604
v -0.634305358 2.19070315 0.11240337
v -0.560953796 2.34814239 0.0968401581
v 0.0754439309 2.46793032 0.963884354
v -0.542749345 2.41496539 1.04047632
v 0.0770764798 2.00915647 1.09354389
v -0.644588351 2.03520751 1.00087154
v -0.542749345 2.41496539 1.04047632
v -0.766919911 2.36263371 0.536830604
v -0.644588351 2.03520751 1.00087154
v -0.951250911 2.1684432 0.51305443
v -0.634305358 2.19070315 0.11240337
v -0.560953796 2.34814239 0.0968401581
v 0.00265684072 2.06701303 -0.100436017
v 0.0525274612 2.47039533 -0.178558826
v -0.768617988 2.72654557 0.63465482
v -0.126072511 2.60485125 0.998801172
v -0.813021779 2.70975447 0.742545009
v -0.143423945 2.63175964 1.07115626
v -0.126072511 2.60485125 0.998801172
v -0.542749345 2.41496539 1.04047632
v -0.634305358 2.19070315 0.11240337
v -0.644588351 2.03520751 1.00087154
v -0.951250911 2.1684432 0.51305443
v -0.831216812 3.00967956 0.452756107
v -0.674520016 2.98716831 1.0087924
v -0.0934058204 3.49149466 1.0573343
v -0.887235165 3.30585265 1.05211282
v -0.980347872 3.59820008 0.654644251
v -0.0934058204 3.49149466 1.0573343
v 0.0573738925 3.83789444 0.475175202
v -0.813021779 2.70975447 0.742545009
v -0.143423945 2.63175964 1.07115626
v -0.709789813 3.31700563 -0.00681189401
v -0.866616964 3.07950068 1.02430415
v -0.952029943 3.47626019 0.966949522
v -0.0934058204 3.49149466 1.0573343
v -0.952029943 3.47626019 0.966949522
v -0.887235165 3.30585265 1.05211282
v -0.857663155 3.23026085 0.812541783
v -0.716605365 3.09899139 0.363910526
v -0.857663155 3.23026085 0.812541783
v -0.709789813 3.31700563 -0.00681189401
v -0.825768113 3.22630572 0.624249279
v -0.825768113 3.22630572 0.624249279
v -0.825768113 3.22630572 0.624249279
v -0.952029943 3.47626019 0.966949522
v -0.857663155 3.23026085 0.812541783
v -0.0934058204 3.49149466 1.0573343
v -0.168504924 2.79951429 1.19369543
v -0.716605365 3.09899139 0.363910526
v -0.857663155 3.23026085 0.812541783
v -0.799779773 2.70551085 0.870624423
v -0.846345723 3.04592156 1.07204211
v -1.11322689 2.86973667 0.821851969
v -0.825768113 3.22630572 0.624249279
v -0.799779773 2.70551085 0.870624423
v -0.716605365 3.09899139 0.363910526
v -1.11322689 2.86973667 0.821851969
v -1.1934303 3.19225001 0.990248561
v -0.825768113 3.22630572 0.624249279
v -0.952029943 3.47626019 0.966949522
v -0.857663155 3.23026085 0.812541783
v -0.846345723 3.04592156 1.07204211
v -1.17614198 3.20815492 1.1721772
v -1.11436546 2.84998679 1.1368463
v -1.11322689 2.86973667 0.821851969
v -0.799779773 2.70551085 0.870624423
v -0.767799437 2.77385211 1.05323541
v -1.11322689 2.86973667 0.821851969
v -1.11436546 2.84998679 1.1368463
v -0.81384629 3.14534116 1.08576584
v -0.767799437 2.77385211 1.05323541
v -0.846345723 3.04592156 1.07204211
v -0.799779773 2.70551085 0.870624423
v -0.846345723 3.04592156 1.07204211
v -0.81384629 3.14534116 1.08576584
v -0.525216103 3.13017964 1.63504982
v -0.716919839 3.4772625 1.76069582
v -0.437721372 3.24114728 2.06026936
v -0.617168427 3.42159939 2.0938108
v -0.714007318 2.89344668 2.19350481
v -0.565361917 3.07626081 2.13645911
v -0.91474849 3.08070111 2.23264623
v -0.780680478 3.27345538 2.17891049
v -0.91474849 3.08070111 2.23264623
v -1.0225693 3.01815057 1.93804407
v -0.714007318 2.89344668 2.19350481
v -0.812135518 2.77782917 1.90274668
v -0.714007318 2.89344668 2.19350481
v -0.812135518 2.77782917 1.90274668
v -0.565361917 3.07626081 2.13645911
v -0.604614139 2.83814597 1.70518982
v -0.780680478 3.27345538 2.17891049
v -0.922486305 3.27634788 1.87360382
v -0.513014257 3.09431171 1.37446272
v -0.403735369 3.11780381 1.30909956
v -0.687230945 3.39713287 1.38924301
v -0.721793413 3.4847436 1.36648262
v -1.15302002 2.9065218 1.57742476
v -1.24834716 2.87311363 1.6010232
v -0.920070827 2.69386292 1.53141022
v -0.868210912 2.57398915 1.52063096
v -0.403735369 3.11780381 1.30909956
v -0.513014257 3.09431171 1.37446272
v -0.486827493 2.73555303 1.38221478
v -0.604971528 2.83403897 1.41741145
v -0.81384629 3.14534116 1.08576584
v -0.665323317 3.08738542 0.966224372
v -0.767799437 2.77385211 1.05323541
v -0.69172889 2.69694185 1.03883159
v -1.35481143 2.95290804 1.201774
v -1.11436546 2.84998679 1.1368463
v -1.01216781 2.62834525 1.1058594
v -1.24834716 2.87311363 1.6010232
v -1.10602415 3.30122042 1.50600374
v -1.03744376 3.24284911 1.49813163
v -0.665323317 3.08738542 0.966224372
v -0.81384629 3.14534116 1.08576584
v -0.914712787 3.3978982 1.13457179
v -1.35481143 2.95290804 1.201774
v -1.01216781 2.62834525 1.1058594
v -1.24834716 2.87311363 1.6010232
v -0.868210912 2.57398915 1.52063096
v -0.687230945 3.39713287 1.38924301
v -0.721793413 3.4847436 1.36648262
v -1.01216781 2.62834525 1.1058594
v -1.11436546 2.84998679 1.1368463
v -1.24834716 2.87311363 1.6010232
v -1.10602415 3.30122042 1.50600374
v -1.35481143 2.95290804 1.201774
v -1.24148452 3.30089188 1.19987822
v -0.914712787 3.3978982 1.13457179
v -0.721793413 3.4847436 1.36648262
v -0.69172889 2.69694185 1.03883159
v -0.665323317 3.08738542 0.966224372
v -0.486827493 2.73555303 1.38221478
v -0.403735369 3.11780381 1.30909956
v -0.403735369 3.11780381 1.30909956
v -0.665323317 3.08738542 0.966224372
v -0.721793413 3.4847436 1.36648262
v -0.914712787 3.3978982 1.13457179
v -0.81384629 3.14534116 1.08576584
v -1.17614198 3.20815492 1.1721772
v -0.914712787 3.3978982 1.13457179
v -1.24148452 3.30089188 1.19987822
v -0.468781084 3.38385224 1.90277612
v -0.334893554 3.35534239 1.82923102
v -0.577803612 3.44836879 1.68545437
v -0.500802636 3.45070648 1.52005255
v -0.40573585 3.25383496 1.50874901
v -0.333682358 3.20384002 1.84824109
v -0.500386775 3.24409056 1.66826475
v -0.465172082 3.22584987 1.91347909
v -0.500386775 3.24409056 1.66826475
v -0.465172082 3.22584987 1.91347909
v -0.604614139 2.83814597 1.70518982
v -0.604971528 2.83403897 1.41741145
v -0.525216103 3.13017964 1.63504982
v -0.513014257 3.09431171 1.37446272
v -0.513014257 3.09431171 1.37446272
v -0.687230945 3.39713287 1.38924301
v -0.40573585 3.25383496 1.50874901
v -0.500802636 3.45070648 1.52005255
v -0.604614139 2.83814597 1.70518982
v -0.920070827 2.69386292 1.53141022
v -0.500386775 3.24409056 1.66826475
v -0.577803612 3.44836879 1.68545437
v -0.513014257 3.09431171 1.37446272
v -0.500386775 3.24409056 1.66826475
v -1.15302002 2.9065218 1.57742476
v -0.920070827 2.69386292 1.53141022
v -0.687230945 3.39713287 1.38924301
v -1.03744376 3.24284911 1.49813163
v -0.687230945 3.39713287 1.38924301
v -1.35481143 2.95290804 1.201774
v -1.11436546 2.84998679 1.1368463
v -0.437721372 3.24114728 2.06026936
v -0.617168427 3.42159939 2.0938108
v -1.01216781 2.62834525 1.1058594
v -0.868210912 2.57398915 1.52063096
v 0.0525274612 2.47039533 -0.178558826
v -0.920070827 2.69386292 1.53141022
v -0.868210912 2.57398915 1.52063096
v -0.920070827 2.69386292 1.53141022
v 0.00265684072 2.06701303 -0.100436017
v 0.0770764798 2.00915647 1.09354389
v 0.792705953 2.90823412 0.857079387
v 0.84067136 2.36055493 0.403227806
v 0.779245138 3.0233748 0.662773132
v 0.580844343 2.3624506 -0.0113427015
v 0.864904284 3.13989091 0.567596734
v 0.84067136 2.36055493 0.403227806
v 0.864904284 3.13989091 0.567596734
v 0.580844343 2.3624506 -0.0113427015
v 0.621907473 2.64473271 0.978847027
v 0.678078771 2.39519382 0.929316282
v 0.84067136 2.36055493 0.403227806
v 0.968618095 2.19331026 0.458058655
v 0.676717281 2.2279973 -0.00267391792
v 0.84067136 2.36055493 0.403227806
v 0.580844343 2.3624506 -0.0113427015
v 0.716594696 2.0112462 0.888120949
v 0.678078771 2.39519382 0.929316282
v 0.716594696 2.0112462 0.888120949
v 0.968618095 2.19331026 0.458058655
v 0.678078771 2.39519382 0.929316282
v 0.84067136 2.36055493 0.403227806
v 0.676717281 2.2279973 -0.00267391792
v 0.580844343 2.3624506 -0.0113427015
v 0.609270096 2.62871337 1.09354448
v 0.621907473 2.64473271 0.978847027
v 0.678078771 2.39519382 0.929316282
v 0.676717281 2.2279973 -0.00267391792
v 0.968618095 2.19331026 0.458058655
v 0.716594696 2.0112462 0.888120949
v 0.792705953 2.90823412 0.857079387
v 0.386195511 2.90609789 1.27325487
v 0.710609853 3.37143278 1.31196916
v 1.01086533 3.63299155 1.02399707
v 0.609270096 2.62871337 1.09354448
v 0.864904284 3.13989091 0.567596734
v 0.714486063 2.97083664 1.27341056
v 0.847048163 3.58977389 1.22299445
v -0.0934058204 3.49149466 1.0573343
v 0.691529512 3.27926159 1.09999347
v 0.691529512 3.27926159 1.09999347
v 0.679621339 3.06851983 0.800276697
v 0.889105499 3.28534365 0.961646199
v 0.864904284 3.13989091 0.567596734
v 0.889105499 3.28534365 0.961646199
v 0.889105499 3.28534365 0.961646199
v 0.847048163 3.58977389 1.22299445
v 0.691529512 3.27926159 1.09999347
v 0.454054445 3.33525515 1.50478148
v 0.691529512 3.27926159 1.09999347
v 0.566041648 2.92368579 1.35124588
v 0.679621339 3.06851983 0.800276697
v 0.941620767 3.06794024 1.37133944
v 0.566041648 2.92368579 1.35124588
v 0.889105499 3.28534365 0.961646199
v 0.679621339 3.06851983 0.800276697
v 0.889105499 3.28534365 0.961646199
v 0.847048163 3.58977389 1.22299445
v 0.941620767 3.06794024 1.37133944
v 0.891261637 3.45039606 1.50465024
v 0.691529512 3.27926159 1.09999347
v 0.454054445 3.33525515 1.50478148
v 0.941620767 3.06794024 1.37133944
v 0.97256285 3.00223684 1.60759878
v 0.980278969 3.35920119 1.75345862
v 0.566041648 2.92368579 1.35124588
v 0.941620767 3.06794024 1.37133944
v 0.597505033 2.92748427 1.58813691
v 0.97256285 3.00223684 1.60759878
v 0.566041648 2.92368579 1.35124588
v 0.597505033 2.92748427 1.58813691
v 0.454054445 3.33525515 1.50478148
v 0.58531934 3.29778576 1.74004543
v 0.454054445 3.33525515 1.50478148
v 0.58531934 3.29778576 1.74004543
v 0.686696231 3.17411494 2.75766301
v 0.686097562 3.32456565 2.48181939
v 0.50924021 2.99883389 2.69704008
v 0.461478025 3.06479692 2.23685074
v 0.819581509 2.6669023 2.60489249
v 1.01888418 2.84903812 2.66812515
v 0.656718612 2.83590579 2.665591
v 0.870708585 3.02775192 2.73232222
v 0.837131083 2.68794847 2.2781117
v 1.04344666 2.92123079 2.35745955
v 0.819581509 2.6669023 2.60489249
v 1.01888418 2.84903812 2.66812515
v 0.58211422 2.79224324 2.17901063
v 0.837131083 2.68794847 2.2781117
v 0.656718612 2.83590579 2.665591
v 0.819581509 2.6669023 2.60489249
v 0.923473179 3.1682806 2.43099666
v 0.870708585 3.02775192 2.73232222
v 0.586831927 3.52906752 2.11893344
v 0.273982793 3.17466879 1.99393225
v 0.575293124 3.44428754 2.12515736
v 0.392603606 3.16755915 1.99489188
v 1.07287025 2.97744799 1.96312666
v 0.841318488 2.77054834 1.8911351
v 1.17177939 2.95051575 1.94725537
v 0.791339099 2.65860415 1.84481084
v 0.382926702 2.80893207 1.88108826
v 0.503828049 2.90070653 1.92417657
v 0.273982793 3.17466879 1.99393225
v 0.392603606 3.16755915 1.99489188
v 0.52724731 2.84801507 1.56718385
v 0.492326826 3.19003105 1.64985669
v 0.597505033 2.92748427 1.58813691
v 0.58531934 3.29778576 1.74004543
v 1.22508991 3.10246849 1.64610732
v 0.897412479 2.77934933 1.52552164
v 0.97256285 3.00223684 1.60759878
v 1.17177939 2.95051575 1.94725537
v 0.998804092 3.35867882 2.07391357
v 0.932087243 3.29941559 2.05945134
v 0.492326826 3.19003105 1.64985669
v 0.657434344 3.54494262 1.85269964
v 0.58531934 3.29778576 1.74004543
v 1.22508991 3.10246849 1.64610732
v 1.17177939 2.95051575 1.94725537
v 0.897412479 2.77934933 1.52552164
v 0.791339099 2.65860415 1.84481084
v 0.575293124 3.44428754 2.12515736
v 0.586831927 3.52906752 2.11893344
v 0.897412479 2.77934933 1.52552164
v 0.97256285 3.00223684 1.60759878
v 1.22508991 3.10246849 1.64610732
v 1.03922486 3.44852185 1.79746294
v 1.17177939 2.95051575 1.94725537
v 0.998804092 3.35867882 2.07391357
v 0.586831927 3.52906752 2.11893344
v 0.657434344 3.54494262 1.85269964
v 0.52724731 2.84801507 1.56718385
v 0.382926702 2.80893207 1.88108826
v 0.492326826 3.19003105 1.64985669
v 0.273982793 3.17466879 1.99393225
v 0.586831927 3.52906752 2.11893344
v 0.657434344 3.54494262 1.85269964
v 0.273982793 3.17466879 1.99393225
v 0.492326826 3.19003105 1.64985669
v 0.58531934 3.29778576 1.74004543
v 0.657434344 3.54494262 1.85269964
v 0.980278969 3.35920119 1.75345862
v 1.03922486 3.44852185 1.79746294
v 0.411512047 3.40067244 2.28961444
v 0.243356109 3.10299253 2.46680307
v 0.514982462 3.29613018 2.41998816
v 0.376165569 3.04959249 2.527282
v 0.222961739 2.99268365 2.36320829
v 0.298273921 3.24106336 2.17364573
v 0.35299167 2.94180393 2.41354156
v 0.419799149 3.13482785 2.29483604
v 0.419799149 3.13482785 2.29483604
v 0.35299167 2.94180393 2.41354156
v 0.58211422 2.79224324 2.17901063
v 0.461478025 3.06479692 2.23685074
v 0.503828049 2.90070653 1.92417657
v 0.392603606 3.16755915 1.99489188
v 0.392603606 3.16755915 1.99489188
v 0.298273921 3.24106336 2.17364573
v 0.575293124 3.44428754 2.12515736
v 0.411512047 3.40067244 2.28961444
v 0.58211422 2.79224324 2.17901063
v 0.841318488 2.77054834 1.8911351
v 0.419799149 3.13482785 2.29483604
v 0.514982462 3.29613018 2.41998816
v 0.392603606 3.16755915 1.99489188
v 0.419799149 3.13482785 2.29483604
v 1.07287025 2.97744799 1.96312666
v 0.841318488 2.77054834 1.8911351
v 0.575293124 3.44428754 2.12515736
v 0.932087243 3.29941559 2.05945134
v 0.575293124 3.44428754 2.12515736
v 0.97256285 3.00223684 1.60759878
v 1.22508991 3.10246849 1.64610732
v 0.50924021 2.99883389 2.69704008
v 0.686696231 3.17411494 2.75766301
v 0.791339099 2.65860415 1.84481084
v 0.897412479 2.77934933 1.52552164
v 0.841318488 2.77054834 1.8911351
v 0.791339099 2.65860415 1.84481084
v 0.841318488 2.77054834 1.8911351
v 0.729247808 1.95705247 -0.0657729954
v 0.497010291 1.79477596 0.041252885
v 0.474846154 2.1742897 0.104801357
v 0.270719796 2.14026737 0.22356002
v 0.997458398 2.01011682 0.0956283808
v 0.729247808 1.95705247 -0.0657729954
v 0.688292682 2.18820834 0.199715748
v 0.474846154 2.1742897 0.104801357
v 1.0878886 1.89986718 0.422889918
v 0.997458398 2.01011682 0.0956283808
v 0.756753445 2.16940856 0.461045474
v 0.688292682 2.18820834 0.199715748
v 0.497010291 1.79477596 0.041252885
v 0.457752138 1.62454569 0.360867947
v 0.270719796 2.14026737 0.22356002
v 0.175036147 2.09626913 0.520061851
v -0.636760294 1.86034846 0.0729531422
v -0.430164248 2.16363716 0.195048705
v -0.426544815 1.7171675 0.237364784
v -0.224094197 2.14441466 0.278112054
v -0.631605506 1.55185914 0.906218708
v -0.440191746 1.59555399 0.580435336
v -0.236831233 2.12163115 0.824438155
v -0.0923905149 2.09812641 0.521583915
v -0.430164248 2.16363716 0.195048705
v -0.636760294 1.86034846 0.0729531422
v -0.624017775 2.18542504 0.304988712
v -0.926016271 1.93425536 0.180990234
v -0.624017775 2.18542504 0.304988712
v -0.926016271 1.93425536 0.180990234
v -0.667515039 2.17287636 0.578831494
v -1.06803024 1.87209296 0.502550125
v -0.440191746 1.59555399 0.580435336
v -0.426544815 1.7171675 0.237364784
v -0.0923905149 2.09812641 0.521583915
v -0.224094197 2.14441466 0.278112054
v -1.06803024 1.87209296 0.502550125
v -1.04485583 1.73327053 0.85773319
v -0.667515039 2.17287636 0.578831494
v -0.570579708 2.15343833 0.839368403
v -0.88277477 1.62718427 0.9736256
v -0.631605506 1.55185914 0.906218708
v -0.419340968 2.13577127 0.900595367
v -0.236831233 2.12163115 0.824438155
v -1.04485583 1.73327053 0.85773319
v -0.88277477 1.62718427 0.9736256
v -0.570579708 2.15343833 0.839368403
v -0.419340968 2.13577127 0.900595367
vt 0.736912251 0.961845398
vt 0.786955714 0.961845398
vt 0.736912251 0.989666224
vt 0.786955714 0.989666224
vt 0.736912251 0.910600543
vt 0.786955714 0.910600543
vt 0.736912251 0.934024572
vt 0.786955714 0.934024572
vt 0.736912251 0.910600483
vt 0.736912251 0.934024572
vt 0.736912251 0.989666224
vt 0.736912251 0.961845398
vt 0.736912251 0.934024572
vt 0.736912251 0.934024572
vt 0.786955714 0.887176514
vt 0.736912251 0.887176514
vt 0.736912251 0.887176514
vt 0.0256542712 0.944257259
vt 0.0250277091 0.917729378
vt 0.0373901911 0.913667262
vt 0.00820457004 0.95148313
vt 0.00820457004 0.91897893
vt 0.0256542712 0.944257259
vt 0.0299891401 0.907739401
vt 0.00820457004 0.905087233
vt 0.00820457004 0.95148313
vt 0.0256542712 0.944257259
vt 0.00820457004 0.982613504
vt 0.0687470585 0.952680707
vt 0.0667883307 0.912059188
vt 0.0880342871 0.854451954
vt 0.0685399324 0.835104704
vt 0.139662609 0.835104704
vt 0.140674368 0.877903461
vt 0.110752717 0.904444695
vt 0.0880342871 0.854451954
vt 0.151325554 0.858170629
vt 0.242531583 0.794616878
vt 0.247187063 0.77789712
vt 0.269011468 0.809841752
vt 0.310660064 0.766351163
vt 0.299586266 0.826236248
vt 0.300584197 0.77891326
vt 0.269011468 0.809841752
vt 0.310660064 0.766351163
vt 0.300584197 0.77891326
vt 0.295044243 0.754743218
vt 0.269011468 0.809841752
vt 0.0190220363 0.87558502
vt 0.0880342871 0.854451954
vt 0.0504651181 0.856733739
vt 0.0685399324 0.835104704
vt 0.110752717 0.982613504
vt 0.068982318 0.982613504
vt 0.0687470585 0.952680707
vt 0.0667883307 0.912059188
vt 0.0504651181 0.871509731
vt 0.0667883307 0.912059188
vt 0.068982318 0.982613504
vt 0.0996450782 0.698712707
vt 0.120458052 0.698828518
vt 0.140762717 0.756385326
vt 0.140762717 0.756385326
vt 0.172037244 0.644688189
vt 0.227623239 0.795628607
vt 0.227623239 0.644688189
vt 0.0643235669 0.726194859
vt 0.0632690862 0.654660225
vt 0.099526152 0.654030442
vt 0.140762717 0.756385326
vt 0.120458052 0.698828518
vt 0.120598316 0.644688189
vt 0.200789675 0.835104704
vt 0.258513659 0.835104704
vt 0.200614333 0.849961638
vt 0.258513659 0.849961638
vt 0.151325554 0.858170629
vt 0.139662609 0.835104704
vt 0.309879363 0.690829635
vt 0.309879363 0.728355229
vt 0.244872764 0.734811068
vt 0.244971946 0.689430118
vt 0.244971946 0.689430118
vt 0.244971946 0.654542565
vt 0.309879363 0.690829635
vt 0.309879363 0.654542565
vt 0.0190220363 0.87558502
vt 0.0256542712 0.944257259
vt 0.0373901911 0.913667262
vt 0.0250277091 0.917729378
vt 0.0299891401 0.907739401
vt 0.0687470585 0.952680707
vt 0.0667883307 0.912059188
vt 0.139662609 0.835104704
vt 0.0685399324 0.835104704
vt 0.0880342871 0.854451954
vt 0.0880342871 0.854451954
vt 0.140674368 0.877903461
vt 0.110752717 0.904444695
vt 0.151325554 0.858170629
vt 0.269011468 0.809841752
vt 0.247187063 0.77789712
vt 0.242531583 0.794616878
vt 0.269011468 0.809841752
vt 0.299586266 0.826236248
vt 0.300584197 0.77891326
vt 0.310660064 0.766351163
vt 0.310660064 0.766351163
vt 0.295044243 0.754743218
vt 0.300584197 0.77891326
vt 0.269011468 0.809841752
vt 0.0190220363 0.87558502
vt 0.0504651181 0.856733739
vt 0.0880342871 0.854451954
vt 0.0685399324 0.835104704
vt 0.0687470585 0.952680707
vt 0.110752717 0.982613504
vt 0.0667883307 0.912059188
vt 0.0504651181 0.871509731
vt 0.068982318 0.982613504
vt 0.0996450782 0.698712707
vt 0.140762717 0.756385326
vt 0.120458052 0.698828518
vt 0.172037244 0.644688189
vt 0.140762717 0.756385326
vt 0.0643235669 0.726194859
vt 0.140762717 0.756385326
vt 0.120458052 0.698828518
vt 0.120598316 0.644688189
vt 0.200614333 0.849961638
vt 0.200789675 0.835104704
vt 0.139662609 0.835104704
vt 0.151325554 0.858170629
vt 0.309879363 0.690829635
vt 0.244872764 0.734811068
vt 0.309879363 0.728355229
vt 0.309879363 0.690829635
vt 0.309879363 0.654542565
vt 0.0190220363 0.87558502
vt 0.068982318 0.982613504
vt 0.099526152 0.654030442
vt 0.0632690862 0.654660225
vt 0.461315572 0.94660759
vt 0.4562231 0.980591953
vt 0.452634692 0.912009239
vt 0.430061042 0.951797962
vt 0.52134335 0.980377674
vt 0.4562231 0.980591953
vt 0.517291188 0.94660759
vt 0.461315572 0.94660759
vt 0.347810507 0.95581156
vt 0.368508697 0.95581156
vt 0.368508697 0.986440241
vt 0.461315572 0.94660759
vt 0.452634692 0.912009239
vt 0.517291188 0.94660759
vt 0.52892983 0.912820339
vt 0.649619758 0.912539661
vt 0.649020612 0.863253593
vt 0.649619758 0.912539661
vt 0.5883798 0.943730712
vt 0.637615919 0.944369793
vt 0.588343263 0.980029821
vt 0.639776528 0.979960859
vt 0.66614753 0.952145755
vt 0.639776528 0.979960859
vt 0.649619758 0.912539661
vt 0.637615919 0.944369793
vt 0.450730145 0.863253593
vt 0.336920977 0.863253593
vt 0.554409981 0.863253593
vt 0.649020612 0.863253593
vt 0.450730145 0.863253593
vt 0.336920977 0.863253593
vt 0.382116795 0.912445784
vt 0.614583492 0.720757067
vt 0.644696176 0.720757067
vt 0.614583492 0.757680118
vt 0.644696176 0.757680118
vt 0.60630089 0.771195352
vt 0.642920732 0.771092117
vt 0.609884202 0.803468883
vt 0.642289698 0.803468883
vt 0.33491981 0.802878797
vt 0.336818814 0.770966947
vt 0.386781096 0.802878797
vt 0.384500265 0.771160424
vt 0.382116795 0.912445784
vt 0.452634692 0.912009239
vt 0.418071002 0.943681598
vt 0.66614753 0.952145755
vt 0.649619758 0.912539661
vt 0.649619758 0.912539661
vt 0.637615919 0.944369793
vt 0.577451885 0.912366152
vt 0.5883798 0.943730712
vt 0.5883798 0.943730712
vt 0.588343263 0.980029821
vt 0.577451885 0.912366152
vt 0.561546385 0.953094244
vt 0.554409981 0.863253593
vt 0.555217326 0.94468677
vt 0.52892983 0.912820339
vt 0.577451885 0.912366152
vt 0.408202291 0.951797962
vt 0.377774566 0.990012825
vt 0.382116795 0.912445784
vt 0.370811403 0.954390407
vt 0.547899187 0.953094244
vt 0.52134335 0.980377674
vt 0.52892983 0.912820339
vt 0.517291188 0.94660759
vt 0.554409981 0.863253593
vt 0.649020612 0.863253593
vt 0.430061042 0.951797962
vt 0.4562231 0.980591953
vt 0.452634692 0.912009239
vt 0.461315572 0.94660759
vt 0.52134335 0.980377674
vt 0.517291188 0.94660759
vt 0.4562231 0.980591953
vt 0.461315572 0.94660759
vt 0.461315572 0.94660759
vt 0.517291188 0.94660759
vt 0.452634692 0.912009239
vt 0.52892983 0.912820339
vt 0.5883798 0.943730712
vt 0.588343263 0.980029821
vt 0.637615919 0.944369793
vt 0.639776528 0.979960859
vt 0.637615919 0.944369793
vt 0.639776528 0.979960859
vt 0.649619758 0.912539661
vt 0.66614753 0.952145755
vt 0.649020612 0.863253593
vt 0.554409981 0.863253593
vt 0.450730145 0.863253593
vt 0.450730145 0.863253593
vt 0.554409981 0.863253593
vt 0.382116795 0.912445784
vt 0.60630089 0.771195352
vt 0.609884202 0.803468883
vt 0.642920732 0.771092117
vt 0.642289698 0.803468883
vt 0.384500265 0.771160424
vt 0.336818814 0.770966947
vt 0.386781096 0.802878797
vt 0.33491981 0.802878797
vt 0.418071002 0.943681598
vt 0.452634692 0.912009239
vt 0.382116795 0.912445784
vt 0.577451885 0.912366152
vt 0.637615919 0.944369793
vt 0.5883798 0.943730712
vt 0.561546385 0.953094244
vt 0.588343263 0.980029821
vt 0.577451885 0.912366152
vt 0.5883798 0.943730712
vt 0.554409981 0.863253593
vt 0.577451885 0.912366152
vt 0.52892983 0.912820339
vt 0.555217326 0.94468677
vt 0.370811403 0.954390407
vt 0.377774566 0.990012825
vt 0.382116795 0.912445784
vt 0.408202291 0.951797962
vt 0.517291188 0.94660759
vt 0.52134335 0.980377674
vt 0.52892983 0.912820339
vt 0.547899187 0.953094244
vt 0.554409981 0.863253593
vt 0.336920977 0.954364717
vt 0.370811403 0.954390407
vt 0.370811403 0.954390407
vt 0.327545166 0.986440241
vt 0.327545166 0.95581156
vt 0.649020612 0.863253593
vt 0.0364763439 0.762897193
vt 0.0364763439 0.762897193
vt 0.130134255 0.820907295
vt 0.140762717 0.756385326
vt 0.140762717 0.756385326
vt 0.227623239 0.795628607
vt 0.307431698 0.978553712
vt 0.281726658 0.956499755
vt 0.307431698 0.887637734
vt 0.281726658 0.888518095
vt 0.318781048 0.98812288
vt 0.252781004 0.98812288
vt 0.252781004 0.978553712
vt 0.318781048 0.956499755
vt 0.318781048 0.880944014
vt 0.269453168 0.880944014
vt 0.269453168 0.945931792
vt 0.252781004 0.956499755
vt 0.252781004 0.945931792
vt 0.242144555 0.912056565
vt 0.242144555 0.865030646
vt 0.261290014 0.912056565
vt 0.261290014 0.865030646
vt 0.281726658 0.956499755
vt 0.307431698 0.978553712
vt 0.318781048 0.98812288
vt 0.307431698 0.887637734
vt 0.318781048 0.956499755
vt 0.318781048 0.880944014
vt 0.281726658 0.888518095
vt 0.269453168 0.880944014
vt 0.269453168 0.945931792
vt 0.242144555 0.912056565
vt 0.261290014 0.912056565
vt 0.242144555 0.865030646
vt 0.261290014 0.865030646
vt 0.285694361 0.285434723
vt 0.27488786 0.311726809
vt 0.277066588 0.267987728
vt 0.255898118 0.314525366
vt 0.344827533 0.284957528
vt 0.354122102 0.267987728
vt 0.356905282 0.313132286
vt 0.374263585 0.31554997
vt 0.285694361 0.285434723
vt 0.277066588 0.267987728
vt 0.344827533 0.284957528
vt 0.354122102 0.267987728
vt 0.27488786 0.311726809
vt 0.277624667 0.315991282
vt 0.255898118 0.314525366
vt 0.266979516 0.329187393
vt 0.285157621 0.311892509
vt 0.278564751 0.331335306
vt 0.277624667 0.315991282
vt 0.266979516 0.329187393
vt 0.346342742 0.312427998
vt 0.353610218 0.318929911
vt 0.352111399 0.334088802
vt 0.364633501 0.330756783
vt 0.353610218 0.318929911
vt 0.356905282 0.313132286
vt 0.364633501 0.330756783
vt 0.374263585 0.31554997
vt 0.301584303 0.316396475
vt 0.284249127 0.333948851
vt 0.285157621 0.311892509
vt 0.278564751 0.331335306
vt 0.346342742 0.312427998
vt 0.352111399 0.334088802
vt 0.329668045 0.31727457
vt 0.345032036 0.335524678
vt 0.301584303 0.316396475
vt 0.304600775 0.33611989
vt 0.284249127 0.333948851
vt 0.297404051 0.35245204
vt 0.3254053 0.337224007
vt 0.331892014 0.354433298
vt 0.304600775 0.33611989
vt 0.297404051 0.35245204
vt 0.329668045 0.31727457
vt 0.345032036 0.335524678
vt 0.3254053 0.337224007
vt 0.331892014 0.354433298
vt 0.304600775 0.33611989
vt 0.301584303 0.316396475
vt 0.3254053 0.337224007
vt 0.329668045 0.31727457
vt 0.27488786 0.311726809
vt 0.285157621 0.311892509
vt 0.277624667 0.315991282
vt 0.356905282 0.313132286
vt 0.353610218 0.318929911
vt 0.346342742 0.312427998
vt 0.285694361 0.285434723
vt 0.344827533 0.284957528
vt 0.305319995 0.0260900259
vt 0.353819996 0.0260900259
vt 0.305319995 0.0726000071
vt 0.372915 0.0726000071
vt 0.353819996 0.0118399858
vt 0.353819996 0.0260900259
vt 0.305319995 0.0118399858
vt 0.305319995 0.0260900259
vt 0.305319995 0.0899299979
vt 0.372915 0.0899299979
vt 0.554607511 0.0726000071
vt 0.539430022 0.0260900259
vt 0.589600027 0.0260900259
vt 0.499799997 0.0260900259
vt 0.443399996 0.0726000071
vt 0.443399996 0.0260900259
vt 0.372915 0.0899299979
vt 0.372915 0.0726000071
vt 0.443399996 0.0899299979
vt 0.539430022 0.0118399858
vt 0.539430022 0.0260900259
vt 0.499799997 0.0118399858
vt 0.499799997 0.0260900259
vt 0.392010003 0.0260900259
vt 0.589600027 0.0260900259
vt 0.589600027 0.0118399858
vt 0.554607511 0.0899299979
vt 0.554607511 0.0726000071
vt 0.392010003 0.0260900259
vt 0.392010003 0.0118399858
vt 0.443399996 0.0260900259
vt 0.443399996 0.0118399858
vt 0.65346998 0.0726000071
vt 0.554607511 0.0726000071
vt 0.65346998 0.0260900259
vt 0.65346998 0.0118399858
vt 0.554607511 0.0899299979
vt 0.65346998 0.0899299979
vt 0.372915 0.0726000071
vt 0.353819996 0.0260900259
vt 0.372915 0.0726000071
vt 0.353819996 0.0118399858
vt 0.353819996 0.0260900259
vt 0.372915 0.0899299979
vt 0.554607511 0.0726000071
vt 0.589600027 0.0260900259
vt 0.539430022 0.0260900259
vt 0.499799997 0.0260900259
vt 0.443399996 0.0726000071
vt 0.554607511 0.0726000071
vt 0.372915 0.0726000071
vt 0.443399996 0.0899299979
vt 0.372915 0.0899299979
vt 0.539430022 0.0118399858
vt 0.499799997 0.0118399858
vt 0.539430022 0.0260900259
vt 0.499799997 0.0260900259
vt 0.392010003 0.0260900259
vt 0.443399996 0.0260900259
vt 0.589600027 0.0118399858
vt 0.589600027 0.0260900259
vt 0.554607511 0.0899299979
vt 0.443399996 0.0260900259
vt 0.443399996 0.0118399858
vt 0.392010003 0.0260900259
vt 0.392010003 0.0118399858
vt 0.554607511 0.0726000071
vt 0.554607511 0.0899299979
vt 0.372915 0.0726000071
vt 0.345671415 0.119673967
vt 0.317540228 0.107232213
vt 0.377833337 0.119674027
vt 0.36042279 0.107232213
vt 0.449842513 0.119673967
vt 0.416906238 0.119673967
vt 0.456435025 0.107232213
vt 0.412519991 0.107232213
vt 0.412519991 0.107232213
vt 0.416906238 0.119673967
vt 0.388949692 0.107232213
vt 0.409507334 0.132115841
vt 0.378621995 0.559838533
vt 0.37568149 0.503343225
vt 0.384815276 0.531850278
vt 0.339964986 0.50275439
vt 0.335543096 0.558919311
vt 0.330480337 0.531285763
vt 0.357490301 0.570862055
vt 0.356015891 0.495142579
vt 0.37568149 0.503343225
vt 0.356015891 0.495142579
vt 0.378621995 0.559838533
vt 0.357490301 0.570862055
vt 0.335543096 0.558919311
vt 0.339964986 0.50275439
vt 0.330480337 0.531285763
vt 0.384815276 0.531850278
vt 0.388949692 0.107232213
vt 0.409507334 0.132115841
vt 0.36042279 0.107232213
vt 0.377833337 0.119674027
vt 0.65346998 0.0260900259
vt 0.554409981 0.863253593
vt 0.146615192 0.513103306
vt 0.18260853 0.497562647
vt 0.163247183 0.410961151
vt 0.163247183 0.410961151
vt 0.242019475 0.409076929
vt 0.209031299 0.505706429
vt 0.209031299 0.505706429
vt 0.321178019 0.510240376
vt 0.242019475 0.409076929
vt 0.163247183 0.410961151
vt 0.102160737 0.502651811
vt 0.0837890804 0.428034365
vt 0.162811384 0.376323104
vt 0.163247183 0.410961151
vt 0.240798712 0.376323104
vt 0.242019475 0.409076929
vt 0.00626426004 0.442272186
vt 0.0837890804 0.428034365
vt 0.00626426004 0.376323104
vt 0.0817416757 0.376323104
vt 0.0837890804 0.428034365
vt 0.163247183 0.410961151
vt 0.0817416757 0.376323104
vt 0.162811384 0.376323104
vt 0.240798712 0.376323104
vt 0.242019475 0.409076929
vt 0.321178019 0.376323104
vt 0.321178019 0.408577085
vt 0.102160737 0.502651811
vt 0.00626426004 0.516419351
vt 0.0939052626 0.515331089
vt 0.00626426004 0.529594064
vt 0.00626426004 0.516419351
vt 0.0837890804 0.428034365
vt 0.370901525 0.400502682
vt 0.372800142 0.47044456
vt 0.388572127 0.433286309
vt 0.146615192 0.513103306
vt 0.0764375329 0.576106012
vt 0.139643759 0.626831591
vt 0.137170717 0.589353263
vt 0.204856202 0.569988191
vt 0.139643759 0.626831591
vt 0.321178019 0.605166912
vt 0.0939052626 0.515331089
vt 0.00626426004 0.529594064
vt 0.209031299 0.505706429
vt 0.114922807 0.560051858
vt 0.17325817 0.584065795
vt 0.139643759 0.626831591
vt 0.17325817 0.584065795
vt 0.137170717 0.589353263
vt 0.144262001 0.552032471
vt 0.182915375 0.506746531
vt 0.144262001 0.552032471
vt 0.209031299 0.505706429
vt 0.201179609 0.538403988
vt 0.201179609 0.538403988
vt 0.201179609 0.538403988
vt 0.17325817 0.584065795
vt 0.144262001 0.552032471
vt 0.139643759 0.626831591
vt 0.00626426004 0.582558572
vt 0.0145364301 0.010294795
vt 0.0145364301 0.0986557007
vt 0.0641383976 0.010294795
vt 0.0623473376 0.0984116793
vt 0.0648498982 0.280634046
vt 0.0145364301 0.282592773
vt 0.0708899349 0.360184312
vt 0.0145364301 0.360184312
vt 0.0648498982 0.280634046
vt 0.0581868216 0.193091273
vt 0.0145364301 0.282592773
vt 0.0133608831 0.190392256
vt 0.0145364301 0.0986557007
vt 0.0623473376 0.0984116793
vt 0.0968122929 0.191161454
vt 0.107469484 0.27929908
vt 0.0648498982 0.280634046
vt 0.0708899349 0.360184312
vt 0.120763697 0.360184312
vt 0.0648498982 0.280634046
vt 0.107469484 0.27929908
vt 0.103079602 0.0972824693
vt 0.103118457 0.010294795
vt 0.0623473376 0.0984116793
vt 0.0641383976 0.010294795
vt 0.0623473376 0.0984116793
vt 0.103079602 0.0972824693
vt 0.246033818 0.19403255
vt 0.232858598 0.135899484
vt 0.196487248 0.190651417
vt 0.196487248 0.133364081
vt 0.326916754 0.236808717
vt 0.326916754 0.2108531
vt 0.300476015 0.236808717
vt 0.300476015 0.2108531
vt 0.196487248 0.073693037
vt 0.233219087 0.0712492466
vt 0.196555912 0.0247199535
vt 0.233006358 0.0249215364
vt 0.196487248 0.254472017
vt 0.231516659 0.254472017
vt 0.196487248 0.221700072
vt 0.246569216 0.224302053
vt 0.196487248 0.103612363
vt 0.233922675 0.102568686
vt 0.179431364 0.113286197
vt 0.17217648 0.113546789
vt 0.179431364 0.178660333
vt 0.17217648 0.183811545
vt 0.179431364 0.261222363
vt 0.17217648 0.266730011
vt 0.179431364 0.322855413
vt 0.17217648 0.322855413
vt 0.17217648 0.113546789
vt 0.179431364 0.113286197
vt 0.17217648 0.0755725503
vt 0.179431364 0.0731941462
vt 0.127217174 0.147460699
vt 0.146916121 0.11506927
vt 0.127217174 0.0801594853
vt 0.141210347 0.0761244297
vt 0.146001458 0.266730011
vt 0.127217174 0.292038858
vt 0.146736681 0.322855413
vt 0.17217648 0.266730011
vt 0.17217648 0.224183798
vt 0.179431364 0.224183798
vt 0.146916121 0.11506927
vt 0.127217174 0.147460699
vt 0.147238374 0.183811545
vt 0.146001458 0.266730011
vt 0.146736681 0.322855413
vt 0.17217648 0.266730011
vt 0.17217648 0.322855413
vt 0.179431364 0.178660333
vt 0.17217648 0.183811545
vt 0.134892687 0.0331116915
vt 0.127217174 0.055344224
vt 0.17217648 0.266730011
vt 0.17217648 0.224183798
vt 0.146001458 0.266730011
vt 0.142367393 0.224183798
vt 0.147238374 0.183811545
vt 0.17217648 0.183811545
vt 0.141210347 0.0761244297
vt 0.146916121 0.11506927
vt 0.17217648 0.0755725503
vt 0.17217648 0.113546789
vt 0.17217648 0.113546789
vt 0.146916121 0.11506927
vt 0.17217648 0.183811545
vt 0.147238374 0.183811545
vt 0.127217174 0.147460699
vt 0.127217174 0.224183798
vt 0.147238374 0.183811545
vt 0.142367393 0.224183798
vt 0.234391764 0.316708088
vt 0.222390801 0.310495019
vt 0.223334953 0.337676167
vt 0.197286472 0.316643238
vt 0.199908867 0.290966392
vt 0.222330019 0.3024351
vt 0.234150127 0.278691173
vt 0.239296615 0.303361833
vt 0.245262355 0.335529447
vt 0.239296615 0.303361833
vt 0.246569216 0.224302053
vt 0.279997617 0.219365239
vt 0.246033818 0.19403255
vt 0.279997617 0.187325239
vt 0.279997617 0.187325239
vt 0.279997617 0.139008641
vt 0.267361224 0.164379716
vt 0.264541268 0.157320917
vt 0.246569216 0.224302053
vt 0.279997617 0.254572868
vt 0.24588035 0.171569347
vt 0.242193907 0.15644443
vt 0.279997617 0.187325239
vt 0.24588035 0.171569347
vt 0.279997617 0.0686805248
vt 0.279997617 0.0249215364
vt 0.279997617 0.139008641
vt 0.279997617 0.102622032
vt 0.279997617 0.139008641
vt 0.146001458 0.266730011
vt 0.127217174 0.292038858
vt 0.326916754 0.186141491
vt 0.300476015 0.186029255
vt 0.134892687 0.0331116915
vt 0.17217648 0.0331116915
vt 0.321178019 0.408577085
vt 0.279997617 0.254572868
vt 0.17217648 0.0331116915
vt 0.179431364 0.0331116915
vt 0.329792529 0.394203663
vt 0.334252387 0.483498812
vt 0.146615192 0.513103306
vt 0.163247183 0.410961151
vt 0.18260853 0.497562647
vt 0.242019475 0.409076929
vt 0.209031299 0.505706429
vt 0.163247183 0.410961151
vt 0.209031299 0.505706429
vt 0.242019475 0.409076929
vt 0.102160737 0.502651811
vt 0.0837890804 0.428034365
vt 0.163247183 0.410961151
vt 0.162811384 0.376323104
vt 0.240798712 0.376323104
vt 0.163247183 0.410961151
vt 0.242019475 0.409076929
vt 0.0817416757 0.376323104
vt 0.0837890804 0.428034365
vt 0.0817416757 0.376323104
vt 0.162811384 0.376323104
vt 0.0837890804 0.428034365
vt 0.163247183 0.410961151
vt 0.240798712 0.376323104
vt 0.242019475 0.409076929
vt 0.0939052626 0.515331089
vt 0.102160737 0.502651811
vt 0.0837890804 0.428034365
vt 0.370901525 0.400502682
vt 0.388572127 0.433286309
vt 0.372800142 0.47044456
vt 0.146615192 0.513103306
vt 0.0764375329 0.576106012
vt 0.137170717 0.589353263
vt 0.204856202 0.569988191
vt 0.0939052626 0.515331089
vt 0.209031299 0.505706429
vt 0.114922807 0.560051858
vt 0.17325817 0.584065795
vt 0.139643759 0.626831591
vt 0.144262001 0.552032471
vt 0.144262001 0.552032471
vt 0.182915375 0.506746531
vt 0.201179609 0.538403988
vt 0.209031299 0.505706429
vt 0.201179609 0.538403988
vt 0.201179609 0.538403988
vt 0.17325817 0.584065795
vt 0.144262001 0.552032471
vt 0.0623473376 0.0984116793
vt 0.0145364301 0.0986557007
vt 0.0641383976 0.010294795
vt 0.0145364301 0.010294795
vt 0.0648498982 0.280634046
vt 0.0708899349 0.360184312
vt 0.0145364301 0.282592773
vt 0.0145364301 0.360184312
vt 0.0145364301 0.282592773
vt 0.0133608831 0.190392256
vt 0.0648498982 0.280634046
vt 0.0581868216 0.193091273
vt 0.0145364301 0.0986557007
vt 0.0623473376 0.0984116793
vt 0.0648498982 0.280634046
vt 0.107469484 0.27929908
vt 0.0968122929 0.191161454
vt 0.0708899349 0.360184312
vt 0.0648498982 0.280634046
vt 0.120763697 0.360184312
vt 0.107469484 0.27929908
vt 0.0641383976 0.010294795
vt 0.103118457 0.010294795
vt 0.0623473376 0.0984116793
vt 0.103079602 0.0972824693
vt 0.0623473376 0.0984116793
vt 0.103079602 0.0972824693
vt 0.196487248 0.133364081
vt 0.232858598 0.135899484
vt 0.196487248 0.190651417
vt 0.246033818 0.19403255
vt 0.326916754 0.236808717
vt 0.300476015 0.236808717
vt 0.326916754 0.2108531
vt 0.300476015 0.2108531
vt 0.233006358 0.0249215364
vt 0.233219087 0.0712492466
vt 0.196555912 0.0247199535
vt 0.196487248 0.073693037
vt 0.246569216 0.224302053
vt 0.231516659 0.254472017
vt 0.196487248 0.221700072
vt 0.196487248 0.254472017
vt 0.233922675 0.102568686
vt 0.196487248 0.103612363
vt 0.17217648 0.183811545
vt 0.17217648 0.113546789
vt 0.179431364 0.178660333
vt 0.179431364 0.113286197
vt 0.179431364 0.261222363
vt 0.179431364 0.322855413
vt 0.17217648 0.266730011
vt 0.17217648 0.322855413
vt 0.17217648 0.0755725503
vt 0.179431364 0.0731941462
vt 0.17217648 0.113546789
vt 0.179431364 0.113286197
vt 0.141210347 0.0761244297
vt 0.146916121 0.11506927
vt 0.127217174 0.0801594853
vt 0.127217174 0.147460699
vt 0.146001458 0.266730011
vt 0.146736681 0.322855413
vt 0.127217174 0.292038858
vt 0.17217648 0.266730011
vt 0.17217648 0.224183798
vt 0.179431364 0.224183798
vt 0.146916121 0.11506927
vt 0.147238374 0.183811545
vt 0.127217174 0.147460699
vt 0.146001458 0.266730011
vt 0.17217648 0.266730011
vt 0.146736681 0.322855413
vt 0.17217648 0.322855413
vt 0.179431364 0.178660333
vt 0.17217648 0.183811545
vt 0.134892687 0.0331116915
vt 0.127217174 0.055344224
vt 0.146001458 0.266730011
vt 0.142367393 0.224183798
vt 0.17217648 0.266730011
vt 0.17217648 0.224183798
vt 0.17217648 0.183811545
vt 0.147238374 0.183811545
vt 0.141210347 0.0761244297
vt 0.17217648 0.0755725503
vt 0.146916121 0.11506927
vt 0.17217648 0.113546789
vt 0.17217648 0.183811545
vt 0.147238374 0.183811545
vt 0.17217648 0.113546789
vt 0.146916121 0.11506927
vt 0.127217174 0.147460699
vt 0.147238374 0.183811545
vt 0.127217174 0.224183798
vt 0.142367393 0.224183798
vt 0.197286472 0.316643238
vt 0.222390801 0.310495019
vt 0.223334953 0.337676167
vt 0.234391764 0.316708088
vt 0.222330019 0.3024351
vt 0.199908867 0.290966392
vt 0.239296615 0.303361833
vt 0.234150127 0.278691173
vt 0.245262355 0.335529447
vt 0.239296615 0.303361833
vt 0.246569216 0.224302053
vt 0.246033818 0.19403255
vt 0.279997617 0.219365239
vt 0.279997617 0.187325239
vt 0.279997617 0.187325239
vt 0.267361224 0.164379716
vt 0.279997617 0.139008641
vt 0.264541268 0.157320917
vt 0.246569216 0.224302053
vt 0.279997617 0.254572868
vt 0.24588035 0.171569347
vt 0.242193907 0.15644443
vt 0.279997617 0.187325239
vt 0.24588035 0.171569347
vt 0.279997617 0.0686805248
vt 0.279997617 0.0249215364
vt 0.279997617 0.139008641
vt 0.279997617 0.102622032
vt 0.279997617 0.139008641
vt 0.127217174 0.292038858
vt 0.146001458 0.266730011
vt 0.326916754 0.186141491
vt 0.300476015 0.186029255
vt 0.17217648 0.0331116915
vt 0.134892687 0.0331116915
vt 0.279997617 0.254572868
vt 0.17217648 0.0331116915
vt 0.179431364 0.0331116915
vt 0.537908852 0.107232213
vt 0.575628936 0.107232213
vt 0.553237438 0.119673967
vt 0.581527531 0.119673967
vt 0.499320328 0.107232213
vt 0.537908852 0.107232213
vt 0.48200649 0.119673967
vt 0.510947883 0.119673967
vt 0.456435025 0.107232213
vt 0.499320328 0.107232213
vt 0.449842513 0.119673967
vt 0.48200649 0.119673967
vt 0.575628936 0.107232213
vt 0.623357832 0.107232213
vt 0.581527531 0.119673967
vt 0.617324233 0.119673967
vt 0.537908852 0.107232213
vt 0.54306674 0.119673967
vt 0.575628936 0.107232213
vt 0.571356833 0.119673967
vt 0.36042279 0.107232213
vt 0.317540228 0.107232213
vt 0.366859257 0.119673967
vt 0.334697306 0.119673967
vt 0.54306674 0.119673967
vt 0.537908852 0.107232213
vt 0.514125347 0.119673967
vt 0.499320328 0.107232213
vt 0.471032381 0.119673967
vt 0.499320328 0.107232213
vt 0.438868403 0.119673967
vt 0.456435025 0.107232213
vt 0.623357832 0.107232213
vt 0.575628936 0.107232213
vt 0.607153535 0.119673967
vt 0.571356833 0.119673967
vt 0.456435025 0.107232213
vt 0.412519991 0.107232213
vt 0.438868403 0.119673967
vt 0.405932128 0.119673967
vt 0.388949692 0.107232213
vt 0.36042279 0.107232213
vt 0.388254404 0.119673967
vt 0.366859257 0.119673967
vt 0.412519991 0.107232213
vt 0.388949692 0.107232213
vt 0.405932128 0.119673967
vt 0.388254404 0.119673967
vn 0.146460414 0.917333305 -0.37020126
vn 0.311978668 0.891497552 -0.328483492
vn 0.167327479 0.908300519 -0.383395046
vn 0.322250396 0.887734532 -0.328758568
vn -0.0217057019 0.953353405 -0.301075011
vn 0.214722395 0.907176554 -0.361835718
vn 0.0914104804 0.933160126 -0.347643882
vn 0.292654485 0.891968131 -0.34459576
vn 0.433294207 0.809126139 -0.396952003
vn 0.471225023 0.81670481 -0.333077133
vn 0.453216642 0.848785698 -0.2723189
vn 0.460842133 0.842659056 -0.278478503
vn 0.0914104804 0.933160126 -0.347643882
vn 0.471225023 0.81670481 -0.333077133
vn 0.115200371 0.936866462 -0.330167025
vn -0.0958457515 0.960435331 -0.261491179
vn 0.377545446 0.837949455 -0.394081295
vn 0.288777053 0.0521579944 0.955974579
vn 0.486249834 -0.0818032101 0.869982421
vn 0.309198141 0.0178296398 0.950830519
vn -0.0535917208 0.255764782 0.965252399
vn -0.0683223829 -0.0391373374 0.996895373
vn 0.288777053 0.0521579944 0.955974579
vn 0.154176801 -0.161468267 0.974760234
vn -0.0757034346 -0.569306195 0.818632603
vn -0.0535917208 0.255764782 0.965252399
vn 0.288777053 0.0521579944 0.955974579
vn -0.0716537908 -0.129333764 0.989008844
vn 0.58215791 -0.20076105 0.787900507
vn 0.61924696 -0.0269435346 0.784733951
vn 0.877034307 -0.265953928 0.400099188
vn 0.516559064 -0.846859932 0.126471579
vn 0.956561565 -0.28831321 0.0431931913
vn 0.951317906 -0.168981105 0.257758737
vn 0.882301807 -0.112137139 0.45713082
vn 0.877034307 -0.265953928 0.400099188
vn 0.937498689 -0.168960318 -0.304217815
vn 0.951608002 -0.0197567325 -0.306678742
vn 0.979350686 0.0942260996 0.178867877
vn 0.77853018 0.0534606241 0.625326216
vn 0.0431925207 -0.0495587215 -0.997836828
vn 0.0431925207 -0.0495587178 -0.997836769
vn 0.0431925207 -0.0495587289 -0.997836888
vn 0.0431925207 -0.0495587289 -0.997836828
vn 0.937498689 -0.168960318 -0.304217815
vn 0.772264361 -0.148111016 0.61779511
vn 0.951317906 -0.168981105 0.257758737
vn 0.77853018 0.0534606241 0.625326216
vn -0.109093599 -0.175953224 0.978334844
vn 0.877034307 -0.265953928 0.400099188
vn 0.322469085 -0.765236437 0.557159603
vn 0.516559064 -0.846859932 0.126471579
vn 0.901666701 -0.0863468722 0.42372331
vn 0.511652768 -0.469155163 0.719795048
vn 0.58215791 -0.20076105 0.787900507
vn 0.61924696 -0.0269435346 0.784733951
vn 0.512418807 -0.137641788 0.847632945
vn 0.61924696 -0.0269435346 0.784733951
vn 0.511652768 -0.469155163 0.719795048
vn 0.979350686 0.0942260996 0.178867877
vn 0.951608002 -0.0197567325 -0.306678742
vn 0.632705629 -0.0311816782 -0.773764372
vn 0.632705629 -0.0311816782 -0.773764372
vn 0.615908742 -0.111565836 -0.779877841
vn 0.0673541799 0.0153809944 -0.997610569
vn 0.0587359965 0.0353826806 -0.997646272
vn 0.901666701 -0.0863468722 0.42372331
vn 0.882301807 -0.112137139 0.45713082
vn 0.951317906 -0.168981105 0.257758737
vn 0.632705629 -0.0311816782 -0.773764372
vn 0.951608002 -0.0197567325 -0.306678742
vn 0.937498689 -0.168960318 -0.304217815
vn 0.398363352 -0.912911117 0.0888814554
vn -0.368509203 -0.298140168 0.880518794
vn 0.615908742 -0.111565836 -0.779877841
vn 0.0587359965 0.0353826806 -0.997646272
vn 0.937498689 -0.168960318 -0.304217815
vn 0.956561565 -0.28831321 0.0431931913
vn 0.322469085 -0.765236437 0.557159603
vn 0.512418807 -0.137641788 0.847632945
vn -0.109093599 -0.175953224 0.978334844
vn -0.174539328 -0.840111136 0.513565183
vn -0.174539328 -0.840111136 0.513565183
vn -0.184140563 -0.979138017 0.085912697
vn 0.322469085 -0.765236437 0.557159603
vn 0.516559064 -0.846859932 0.126471579
vn -0.109093599 -0.175953224 0.978334844
vn -0.407751173 0.0819548517 0.909407675
vn -0.438280761 0.0467324965 0.897622466
vn -0.602714479 -0.0352189504 0.797179282
vn -0.319890648 -0.142759487 0.936637461
vn -0.696629643 -0.146055549 0.702406526
vn -0.747774005 0.0084488485 0.663899541
vn -0.975212574 0.0104743624 -0.221022144
vn -0.732404053 -0.673673749 -0.0987320468
vn -0.971291065 -0.176505148 0.159498438
vn -0.971291065 -0.176505148 0.159498438
vn -0.99814105 -0.050050199 0.0347783193
vn -0.949598193 -0.0272660088 0.312281787
vn -0.899510264 -0.00944582745 -0.43679747
vn -0.847326636 0.123013578 0.516628623
vn -0.982844114 0.178167716 0.0476835296
vn -0.900623381 0.0594802834 -0.430510908
vn 0.0857226625 -0.0513781458 -0.994993389
vn 0.08572267 -0.0513781495 -0.994993389
vn 0.0857226774 -0.051378157 -0.994993448
vn 0.08572267 -0.051378157 -0.994993448
vn -0.899510264 -0.00944582745 -0.43679747
vn -0.99814105 -0.050050199 0.0347783193
vn -0.857277095 -0.0784000605 0.508850992
vn -0.847326636 0.123013578 0.516628623
vn -0.109093599 -0.175953224 0.978334844
vn -0.571702182 -0.743563056 0.346800238
vn -0.971291065 -0.176505148 0.159498438
vn -0.732404053 -0.673673749 -0.0987320468
vn -0.696629643 -0.146055549 0.702406526
vn -0.954020679 -0.00696203299 0.299660057
vn -0.747774005 0.0084488485 0.663899541
vn -0.686675847 -0.116815723 0.71751678
vn -0.640777647 -0.419855177 0.642748535
vn -0.982844114 0.178167716 0.0476835296
vn -0.52462095 0.0183279775 -0.851138592
vn -0.900623381 0.0594802834 -0.430510908
vn -0.566378653 0.0825275257 -0.820002735
vn -0.52462095 0.0183279775 -0.851138592
vn -0.954020679 -0.00696203299 0.299660057
vn -0.52462095 0.0183279775 -0.851138592
vn -0.900623381 0.0594802834 -0.430510908
vn -0.899510264 -0.00944582745 -0.43679747
vn -0.566378653 0.0825275257 -0.820002735
vn -0.0140552325 0.56485939 0.825067461
vn -0.975212574 0.0104743624 -0.221022144
vn -0.899510264 -0.00944582745 -0.43679747
vn -0.571702182 -0.743563056 0.346800238
vn -0.109093599 -0.175953224 0.978334844
vn -0.686675847 -0.116815723 0.71751678
vn -0.571702182 -0.743563056 0.346800238
vn -0.732404053 -0.673673749 -0.0987320468
vn -0.109093599 -0.175953224 0.978334844
vn -0.640777647 -0.419855177 0.642748535
vn -0.99814105 -0.050050199 0.0347783193
vn -0.949598193 -0.0272660088 0.312281787
vn -0.255135119 0.145278797 0.955928922
vn -0.255135089 0.145278752 0.955928862
vn -0.255135119 0.145278782 0.955928981
vn -0.255135119 0.145278767 0.955928922
vn 0.093150869 0.995504737 0.0171275623
vn 0.0931508616 0.995504677 0.0171275605
vn 0.093150869 0.995504677 0.0171275605
vn 0.093150869 0.995504677 0.0171275605
vn 0.0404093564 0.99858588 0.034542691
vn 0.0870512649 0.994940698 0.0501521565
vn 0.058097057 0.997840524 0.0306423884
vn 0.976468205 -0.186872825 0.107649013
vn 0.955915868 -0.111686714 0.271571517
vn 0.976468205 -0.18687284 0.107649013
vn 0.955661297 -0.294333309 0.00892044976
vn 0.428597808 -0.228948548 -0.874006033
vn 0.0516164005 -0.287890941 -0.956271112
vn -0.326563805 -0.196643189 -0.924493074
vn 0.0896711648 0.994589865 -0.0524415299
vn 0.0896711573 0.994589806 -0.0524415299
vn 0.0896711498 0.994589806 -0.0524415299
vn 0.0896711498 0.994589865 -0.0524415299
vn -0.875121951 0.252553105 -0.412769347
vn -0.875121951 0.252553135 -0.412769347
vn -0.875121891 0.252553135 -0.412769288
vn -0.875122011 0.252553135 -0.412769347
vn -0.0420399904 -0.999061227 -0.0104552293
vn -0.0420400016 -0.999061227 -0.0104549741
vn -0.0420399942 -0.999061346 -0.0104552303
vn -0.0420400053 -0.999061286 -0.0104549751
vn 0.800080717 -0.206205636 0.563338399
vn -0.0755867213 -0.264304727 0.961472631
vn 0.224421442 -0.210372686 0.951513648
vn 0.0765635893 0.307444483 -0.948480904
vn 0.0765635744 0.307444453 -0.948480844
vn 0.0765635744 0.307444513 -0.948480844
vn 0.0765635744 0.307444483 -0.948480785
vn -0.471816421 0.317348987 0.822604895
vn -0.47181645 0.317348987 0.822604954
vn -0.47181645 0.317348987 0.822604954
vn -0.47181651 0.317349017 0.822604954
vn -0.928541899 0.33262524 -0.16483435
vn -0.928541839 0.33262524 -0.164834365
vn -0.928541899 0.33262527 -0.164834365
vn -0.928541899 0.33262527 -0.16483435
vn -0.0114485547 0.998365581 -0.0559912324
vn -0.0114485528 0.998365581 -0.0559912324
vn -0.0114485547 0.998365641 -0.0559912324
vn 0.0367969498 0.995559573 0.0866433084
vn 0.0367969535 0.995559573 0.0866433159
vn 0.0367969535 0.995559573 0.0866433159
vn 0.501276493 -0.174406841 -0.847528279
vn 0.603485465 -0.231266737 -0.76309967
vn 0.501276493 -0.174406856 -0.847528219
vn 0.671333969 0.0670278072 0.738117933
vn 0.671333969 0.0670278072 0.738117874
vn 0.671333969 0.0670277998 0.738117814
vn 0.671333969 0.0670278072 0.738117874
vn 0.799440742 -0.381167233 -0.464333951
vn -0.0315879248 0.999021351 0.0309613831
vn -0.0315879248 0.999021351 0.0309613794
vn -0.0315879248 0.999021292 0.0309613775
vn 0.990441859 0.0918302312 -0.102917992
vn 0.990441918 0.0918302462 -0.102917999
vn 0.990441918 0.0918302312 -0.102917992
vn 0.990441859 0.0918302312 -0.102917992
vn 0.0695551857 0.137915447 -0.987998724
vn 0.0695551783 0.137915432 -0.987998724
vn 0.0695551857 0.137915432 -0.987998724
vn 0.0695551783 0.137915432 -0.987998664
vn 0.799440742 -0.381167233 -0.464333951
vn 0.0516164005 -0.287890941 -0.956271112
vn 0.137274593 0.128492385 0.982163608
vn 0.137274593 0.128492385 0.982163668
vn 0.137274608 0.128492415 0.982163668
vn 0.137274608 0.128492385 0.982163608
vn -0.00962061901 0.999901116 0.0102549475
vn -0.00962061901 0.999901175 0.0102549475
vn -0.00962061994 0.999901235 0.0102549493
vn -0.00962061901 0.999901116 0.0102549475
vn -0.994434476 -0.102559544 -0.0241173469
vn -0.994434536 -0.102559537 -0.0241173469
vn -0.989527881 -0.0284622665 0.141507342
vn -0.969906092 -0.211959064 -0.119814865
vn 0.0029819638 0.998298228 -0.0582367815
vn 0.224498332 0.853711307 0.469869673
vn 0.00298196473 0.998298407 -0.0582367927
vn 0.249179423 0.810235202 0.530498564
vn 0.940484047 0.174882725 -0.291385949
vn 0.940484047 0.17488274 -0.291385978
vn 0.940484047 0.17488274 -0.291385949
vn 0.940484107 0.174882755 -0.291385978
vn -0.0420400053 -0.999061286 -0.0104549751
vn -0.042040024 -0.999061346 -0.0104547227
vn -0.0420400202 -0.999061286 -0.0104547208
vn -0.882448852 -0.134228274 0.450851172
vn -0.760140955 -0.31444937 -0.568601191
vn -0.365929931 -0.185117975 0.91204536
vn 0.224498332 0.853711307 0.469869673
vn 0.38358748 0.280755818 0.879793644
vn 0.249179423 0.810235202 0.530498564
vn 0.38358742 0.280755788 0.879793644
vn 0.967099011 0.251531214 -0.0380999595
vn 0.967099011 0.251531214 -0.0380999595
vn 0.967099011 0.251531214 -0.0380999595
vn 0.967099011 0.251531214 -0.0380999558
vn 0.10362874 0.993442714 -0.0482964404
vn 0.103628755 0.993442774 -0.0482964404
vn 0.103628747 0.993442714 -0.0482964404
vn -0.5141958 -0.183453232 -0.837823153
vn -0.397213578 -0.135970205 -0.907597601
vn -0.397213578 -0.135970205 -0.907597601
vn -0.75530678 0.12805821 0.642738581
vn -0.755306721 0.128058195 0.642738581
vn -0.75530678 0.128058195 0.642738581
vn -0.755306721 0.12805818 0.642738521
vn -0.760140955 -0.31444937 -0.568601191
vn 0.112017564 0.99287796 0.0405625962
vn 0.112017564 0.99287802 0.0405625962
vn 0.112017557 0.99287802 0.0405625924
vn -0.956558108 0.175121382 -0.233086124
vn -0.956558049 0.175121352 -0.233086109
vn -0.956558049 0.175121367 -0.233086094
vn -0.956558049 0.175121382 -0.233086124
vn 0.0743214339 0.137711927 -0.987680018
vn 0.0743214414 0.137711927 -0.987680018
vn 0.0743214339 0.137711927 -0.987679958
vn 0.0743214265 0.137711927 -0.987679958
vn -0.760140955 -0.31444937 -0.568601191
vn -0.0718325824 -0.134636268 0.988287985
vn 0.0587294139 -0.140801281 0.988294363
vn -0.201285169 -0.129677877 0.970910788
vn 0.0233978685 0.999324977 0.0283219907
vn -0.00803210773 0.999008358 0.0437937602
vn 0.0516164005 -0.287890941 -0.956271112
vn -0.152210727 0.958496809 0.241072074
vn 0.1997668 0.943439782 0.264602631
vn 0.0406781882 0.998703659 0.0305983014
vn 0.36727041 0.926732421 -0.0792441592
vn -0.273348987 0.954137802 -0.122071788
vn 0.0651013851 0.920803785 -0.384554595
vn 0.606423497 0.310344517 0.732077122
vn -0.108361721 -0.0786513686 0.990995347
vn 0.589166045 -0.136133417 0.796461523
vn -0.349143207 -0.189884335 0.917629004
vn 0.904199958 0.421042293 0.0717348382
vn 0.0420397744 0.999061227 0.0104555758
vn -0.0343979076 0.524977267 0.850420952
vn 0.780355692 0.0773532912 -0.620533228
vn 0.482605696 -0.136595324 -0.865120411
vn -0.562234879 -0.238543183 -0.791826427
vn -0.554949582 -0.193971053 -0.808953762
vn -0.0780403316 -0.391087532 0.917038858
vn -0.0420405157 -0.999061227 -0.0104541909
vn 0.780355692 0.0773532912 -0.620533228
vn 0.482605696 -0.136595324 -0.865120411
vn -0.554949582 -0.193971053 -0.808953762
vn -0.562234879 -0.238543183 -0.791826427
vn -0.0313595496 -0.0819454789 0.996143341
vn -0.669718087 0.364936382 0.646760523
vn -0.866612256 0.496796399 -0.0466523878
vn -0.699192464 -0.0810188428 0.710327983
vn -0.681554854 0.139892474 -0.718270838
vn -0.373225421 -0.0999834538 -0.922337294
vn 0.206699789 -0.213662714 0.954789639
vn 0.640128374 -0.28997913 -0.711440682
vn 0.63899976 -0.245047644 -0.729130328
vn -0.681554854 0.139892474 -0.718270838
vn 0.63899976 -0.245047644 -0.729130328
vn -0.373225421 -0.0999834538 -0.922337294
vn 0.640128374 -0.28997913 -0.711440682
vn -0.938610375 -0.0982221961 -0.330700874
vn -0.938610315 -0.0982221887 -0.330700845
vn -0.938610315 -0.0982221961 -0.330700845
vn -0.938610315 -0.0982222036 -0.330700874
vn 0.81481266 -0.123793945 0.566352725
vn 0.81481266 -0.123793937 0.566352785
vn 0.814812601 -0.123793945 0.566352785
vn 0.81481266 -0.123793937 0.566352785
vn 0.248917058 -0.796768427 -0.550636411
vn 0.248917073 -0.796768427 -0.550636351
vn 0.248917043 -0.796768427 -0.550636351
vn 0.248917028 -0.796768367 -0.550636292
vn -0.434156328 0.623150408 0.650532067
vn -0.434156328 0.623150408 0.650532067
vn -0.434156299 0.623150408 0.650532067
vn -0.434156269 0.623150349 0.650532007
vn 0.814775407 -0.103820607 0.570405424
vn 0.814775348 -0.103820607 0.570405424
vn 0.814775407 -0.103820615 0.570405424
vn 0.814775348 -0.1038206 0.570405364
vn -0.939158857 -0.12321353 -0.320622921
vn -0.939158857 -0.123213507 -0.320622891
vn -0.939158916 -0.12321353 -0.320622891
vn -0.939158857 -0.123213522 -0.320622891
vn -0.345881879 0.614922523 0.708686173
vn -0.34588185 0.614922464 0.708686173
vn -0.34588185 0.614922464 0.708686173
vn -0.345881879 0.614922464 0.708686173
vn -0.301629186 0.582069099 0.755126059
vn -0.301629186 0.582069099 0.755126059
vn -0.301629245 0.582069099 0.755126119
vn -0.301629186 0.582069099 0.755126059
vn -0.285684437 0.632750452 0.71972996
vn -0.285684437 0.632750511 0.71973002
vn -0.285684437 0.632750511 0.71973002
vn -0.285684437 0.632750452 0.7197299
vn -0.937127709 -0.119623624 -0.327844501
vn -0.937127709 -0.119623616 -0.327844501
vn -0.93712765 -0.119623616 -0.327844471
vn -0.93712765 -0.119623631 -0.327844501
vn -0.284010768 0.631774366 0.72124815
vn -0.284010798 0.631774426 0.721248209
vn -0.284010798 0.631774426 0.721248209
vn -0.284010798 0.631774426 0.721248209
vn 0.815873384 -0.119928338 0.565657079
vn 0.815873384 -0.11992833 0.56565702
vn 0.815873384 -0.119928345 0.565657079
vn 0.815873325 -0.119928323 0.56565696
vn -0.379258126 -0.639001787 0.669208407
vn -0.35842222 -0.629532456 0.689363658
vn -0.379258096 -0.639001846 0.669208467
vn -0.357802242 -0.632150114 0.687287211
vn -0.262484223 -0.610108435 0.747575998
vn -0.320970237 -0.614045501 0.721059024
vn -0.234652773 -0.587530315 0.774432778
vn -0.344523191 -0.668419719 0.659180522
vn -0.321866125 -0.678264201 0.66057539
vn -0.361992985 -0.66550535 0.652735531
vn -0.351057053 -0.627118826 0.695327878
vn -0.35300681 -0.631275415 0.690563202
vn -0.235736787 -0.407230347 0.882378399
vn -0.110152021 -0.38671723 0.915596187
vn -0.240938917 -0.243156135 0.939586878
vn -0.204215869 -0.0505988225 0.977617323
vn 0.321927041 -0.939911842 0.113704786
vn 0.274969667 -0.958220482 0.0787731037
vn -0.00181497645 -0.991871655 -0.127228767
vn -0.00194560573 -0.991822124 -0.127612859
vn -0.185661748 0.581415832 0.792139649
vn -0.511050344 0.474983037 0.716392934
vn -0.0385582112 0.897845745 0.438618511
vn 0.338783205 0.924139857 0.176610991
vn 0.341829389 0.939727187 -0.00809026416
vn 0.0387729146 0.729310274 0.683083594
vn -0.283352196 0.243735075 0.927526116
vn -0.0833018422 0.0645447597 0.994431913
vn -0.511050344 0.474983037 0.716392934
vn -0.204215869 -0.0505988225 0.977617323
vn -0.694497049 0.372610748 0.615495682
vn 0.913018763 -0.144026458 -0.381645232
vn 0.923076987 -0.157184377 -0.351029813
vn 0.813025296 -0.453068227 0.365676224
vn 0.833290339 -0.456278592 0.312149018
vn -0.0951155052 -0.0531911775 0.994044125
vn 0.648596466 -0.0245219301 -0.7607373
vn 0.693653643 -0.0217653867 -0.719979823
vn -0.663941026 0.394629717 0.635176837
vn -0.0385582112 0.897845745 0.438618511
vn 0.783053935 -0.616856396 0.0794652253
vn 0.773674726 -0.627237678 0.0894436985
vn 0.907574415 -0.405656666 -0.108403675
vn 0.901954412 -0.416328996 -0.114666954
vn 0.0348552205 0.997893035 0.0547233634
vn -0.0385582112 0.897845745 0.438618511
vn 0.243362561 0.0590108335 -0.968138635
vn 0.245986313 0.0583686642 -0.967514336
vn -0.663941026 0.394629717 0.635176837
vn -0.142181128 0.4212915 0.895710886
vn -0.204215869 -0.0505988225 0.977617323
vn -0.353656918 -0.406120926 0.842610538
vn -0.166144446 -0.0560586303 0.984506726
vn -0.469870657 -0.877343953 -0.0974124745
vn -0.443896085 -0.890404344 -0.100679867
vn 0.214517206 0.438526154 0.872741222
vn -0.199476659 0.889939666 0.410141975
vn -0.282096893 0.955993235 -0.080611892
vn -0.501152694 0.859031975 0.104450881
vn -0.352354914 0.730097353 0.585494518
vn 0.129521459 0.265919089 0.955254495
vn -0.199476659 0.889939666 0.410141975
vn -0.166144446 -0.0560586303 0.984506726
vn 0.394738108 0.272720456 0.877385616
vn 0.214517206 0.438526154 0.872741222
vn -0.850421309 -0.0384147391 -0.52469784
vn -0.939308584 -0.311148942 0.144518852
vn -0.801697016 0.00173258537 -0.597728252
vn -0.940897763 -0.308421165 0.139956176
vn -0.203430116 0.00817620847 0.979055285
vn -0.149492174 0.101201363 0.983570218
vn -0.406772226 0.147460848 -0.901549637
vn -0.310373306 0.146168947 -0.939309835
vn 0.379162788 0.291531503 0.878205538
vn -0.932553411 -0.325955331 0.155233011
vn -0.934079945 -0.328689426 0.139491096
vn -0.862355292 -0.50570941 0.0245245323
vn -0.836095154 -0.548571348 -0.00377845671
vn -0.199476659 0.889939666 0.410141975
vn 0.379162788 0.291531503 0.878205538
vn -0.166144446 -0.0560586303 0.984506726
vn -0.801379442 -0.48343268 0.352255404
vn -0.801379502 -0.48343268 0.352255374
vn -0.801379442 -0.48343271 0.352255404
vn -0.801379442 -0.483432651 0.352255404
vn 0.680448651 0.62006098 0.390530318
vn 0.680448651 0.62006104 0.390530318
vn 0.680448592 0.62006104 0.390530318
vn 0.680448651 0.62006104 0.390530318
vn 0.350164682 0.236865237 0.906244755
vn 0.350164652 0.236865237 0.906244755
vn 0.350164652 0.236865252 0.906244814
vn 0.350164622 0.236865237 0.906244755
vn 0.401789606 -0.828667998 -0.389710903
vn 0.401784748 -0.828670621 -0.389710367
vn 0.406231612 -0.826275468 -0.390185654
vn 0.398747563 -0.830299318 -0.389362782
vn 0.398742914 -0.830301344 -0.389363438
vn 0.3967233 -0.831145525 -0.389625162
vn 0.400331289 -0.829453468 -0.389540464
vn 0.400299013 -0.829470873 -0.389536709
vn -0.348672628 -0.879628301 -0.323545039
vn -0.347244292 -0.880383372 -0.323027015
vn -0.348677337 -0.879625857 -0.323546678
vn -0.347275347 -0.8803671 -0.32303834
vn -0.345746815 -0.881167889 -0.32249409
vn -0.345751524 -0.881165802 -0.322494477
vn -0.343724191 -0.882025599 -0.322311282
vn -0.352954298 -0.877362311 -0.325051636
vn -0.329536408 -0.202727884 0.922120988
vn -0.329536408 -0.202727884 0.922120988
vn -0.329536438 -0.202727899 0.922121048
vn -0.329536408 -0.202727869 0.922121048
vn 0.198262647 0.804347694 -0.560104251
vn 0.799440742 -0.381167233 -0.464333951
vn -0.960723341 0.041803278 -0.274341106
vn -0.941896796 -0.118014552 -0.314488441
vn -0.988151371 0.147712216 0.041689463
vn -0.988151371 0.147712216 0.041689463
vn -0.576339543 0.0135903498 -0.817097306
vn -0.281484962 0.48223114 -0.829589903
vn -0.281484962 0.48223114 -0.829589903
vn 0.239710599 0.538754523 -0.807640016
vn -0.576339543 0.0135903498 -0.817097306
vn -0.988151371 0.147712216 0.041689463
vn -0.859835148 0.0371079035 0.509221494
vn -0.326603115 0.281025261 0.902416229
vn -0.869226217 0.464455277 0.169490099
vn -0.988151371 0.147712216 0.041689463
vn -0.577371776 0.219674975 -0.78637445
vn -0.576339543 0.0135903498 -0.817097306
vn 0.0532130152 0.0653230771 0.996444285
vn -0.326603115 0.281025261 0.902416229
vn 0.0877024755 0.11056748 0.989991426
vn -0.404583216 0.243699595 0.881432354
vn -0.326603115 0.281025261 0.902416229
vn -0.988151371 0.147712216 0.041689463
vn -0.404583216 0.243699595 0.881432354
vn -0.869226217 0.464455277 0.169490099
vn -0.577371776 0.219674975 -0.78637445
vn -0.576339543 0.0135903498 -0.817097306
vn -0.126351938 -0.105610415 -0.986347675
vn -0.100110173 0.124271467 -0.98718518
vn -0.358838707 -0.92639482 -0.11413791
vn -0.0637510642 -0.997421801 0.0329480618
vn -0.227423146 -0.973022461 -0.0388083383
vn -0.0651312172 -0.997347593 0.032489527
vn -0.13039048 0.420087159 0.898067415
vn -0.326603115 0.281025261 0.902416229
vn -0.119680852 -0.987497568 -0.102592334
vn -0.119543828 -0.987547219 -0.102272131
vn -0.149216786 -0.973705292 -0.172140256
vn -0.806732237 -0.435181439 -0.399750203
vn -0.241191804 -0.206174508 0.948324144
vn -0.15594694 0.680733144 0.715739548
vn -0.302846789 -0.193371072 0.933215678
vn -0.355876446 0.873290002 -0.332740963
vn -0.15594694 0.680733144 0.715739548
vn 0.14123939 0.909033954 -0.392057061
vn -0.805517912 -0.388355732 0.447571844
vn -0.235562518 -0.568185031 0.788464427
vn -0.281484962 0.48223114 -0.829589903
vn -0.876106083 -0.25955677 0.406286091
vn -0.326348573 0.870111883 0.369326174
vn -0.102581486 0.413202047 0.904843211
vn -0.102581479 0.413201988 0.904843211
vn -0.102581471 0.413201988 0.904843092
vn -0.995630741 -0.0173072573 -0.0917600989
vn -0.956637442 0.0275064446 -0.289979726
vn -0.995630741 -0.0173072573 -0.0917600989
vn -0.281484962 0.48223114 -0.829589903
vn -0.916490138 -0.353424907 -0.187447533
vn -0.916490138 -0.353424907 -0.187447533
vn -0.916490138 -0.353424907 -0.187447533
vn -0.934242845 -0.356626481 -0.00279326458
vn -0.995630741 -0.0173072573 -0.0917600989
vn -0.15594694 0.680733144 0.715739548
vn -0.244070575 -0.0169318188 0.969609678
vn 0.619399309 -0.321952224 -0.716024697
vn 0.901810408 0.189637899 0.388298124
vn 0.543939114 -0.757249892 -0.361528486
vn 0.9359231 0.318201691 0.150982291
vn -0.800420642 -0.283762515 -0.528020442
vn -0.68542552 -0.0307467524 -0.727493286
vn 0.543939114 -0.757249892 -0.361528486
vn 0.619399309 -0.321952224 -0.716024697
vn -0.800420642 -0.283762515 -0.528020442
vn -0.847314417 0.378861755 -0.372185349
vn -0.68542552 -0.0307467524 -0.727493286
vn -0.66989392 0.646129906 -0.365729749
vn 0.901810408 0.189637899 0.388298124
vn 0.9359231 0.318201691 0.150982291
vn -0.94206053 0.210364372 -0.261282742
vn -0.778354585 -0.623023689 0.0774963945
vn -0.800420642 -0.283762515 -0.528020442
vn 0.543939114 -0.757249892 -0.361528486
vn -0.00225743814 -0.993925869 -0.110028483
vn -0.800420642 -0.283762515 -0.528020442
vn -0.778354585 -0.623023689 0.0774963945
vn 0.355365813 0.750407934 -0.557317615
vn -0.00225743814 -0.993925869 -0.110028483
vn 0.9359231 0.318201691 0.150982291
vn 0.543939114 -0.757249892 -0.361528486
vn 0.9359231 0.318201691 0.150982291
vn 0.355365813 0.750407934 -0.557317615
vn 0.996552408 -0.0829217732 -0.00268598273
vn -0.0857165605 0.996051192 -0.0231239609
vn 0.973796368 0.187924117 0.128082246
vn 0.34982416 0.890229166 0.291744918
vn 0.146453798 -0.730649233 0.666860521
vn 0.768866599 -0.356048912 0.531105757
vn -0.639197707 -0.0606417134 0.766647756
vn -0.37183094 0.561617851 0.739139378
vn -0.639197707 -0.0606417134 0.766647756
vn -0.907685935 -0.145021975 0.39379549
vn 0.146453798 -0.730649233 0.666860521
vn -0.139255479 -0.907010615 0.397416174
vn 0.146453798 -0.730649233 0.666860521
vn -0.139255479 -0.907010615 0.397416174
vn 0.768866599 -0.356048912 0.531105757
vn 0.785923719 -0.611625135 0.0907674655
vn -0.37183094 0.561617851 0.739139378
vn -0.744106531 0.644345522 0.176420808
vn 0.460531741 0.146730199 0.875431657
vn 0.463069856 0.152819574 0.873047888
vn 0.396577626 0.276452661 0.875385702
vn 0.28129974 0.257461071 0.924437284
vn 0.21303536 0.092227973 0.97268182
vn 0.213470697 0.086240612 0.973135531
vn 0.270555168 0.0355538726 0.962047696
vn 0.305926442 0.046156019 0.950935662
vn 0.463069856 0.152819574 0.873047888
vn 0.460531741 0.146730199 0.875431657
vn 0.36707437 0.0504495725 0.928822458
vn 0.362489164 0.0504743531 0.930620193
vn -0.461736858 -0.0115409754 -0.88694191
vn -0.550184667 -0.0644880161 -0.832549155
vn -0.380846262 -0.0200886521 -0.924420118
vn -0.375908554 -0.0189224556 -0.926463544
vn -0.251676053 0.0607363954 -0.965903819
vn -0.242978066 0.0347767249 -0.969408154
vn -0.222892299 0.0170052182 -0.974694788
vn 0.213470697 0.086240612 0.973135531
vn 0.208576277 0.197961077 0.957761586
vn 0.208570346 0.200720102 0.957188547
vn -0.550184667 -0.0644880161 -0.832549155
vn -0.461736858 -0.0115409754 -0.88694191
vn -0.249815971 0.0953996852 -0.963582277
vn -0.918468893 -0.315639704 0.238299325
vn -0.31450057 -0.94911623 -0.0163648855
vn -0.869750023 -0.451604038 0.198968649
vn -0.259530604 -0.965275288 -0.0297916774
vn 0.396577626 0.276452661 0.875385702
vn 0.28129974 0.257461071 0.924437284
vn -0.222892299 0.0170052182 -0.974694788
vn -0.242978066 0.0347767249 -0.969408154
vn -0.869750023 -0.451604038 0.198968649
vn -0.713565111 0.658232927 0.239904925
vn -0.918468893 -0.315639704 0.238299325
vn -0.741515458 0.620571136 0.255042136
vn 0.145491675 0.936289668 -0.319677383
vn 0.289631456 0.862815201 -0.414322972
vn 0.604685307 -0.702658594 -0.375002086
vn 0.754970968 0.243024573 -0.609063208
vn 0.659231901 -0.627768099 -0.41390875
vn 0.767054796 0.205184743 -0.607886553
vn 0.767054796 0.205184743 -0.607886553
vn 0.754970968 0.243024573 -0.609063208
vn 0.289631456 0.862815201 -0.414322972
vn 0.145491675 0.936289668 -0.319677383
vn -0.461736858 -0.0115409754 -0.88694191
vn -0.235714123 0.0862485096 -0.967987597
vn -0.249815971 0.0953996852 -0.963582277
vn -0.232765943 0.090345636 -0.968327224
vn -0.472046226 0.589411438 0.655565798
vn 0.825387418 0.56099385 0.0634154454
vn -0.0269758366 0.871891439 0.488955677
vn 0.600092888 0.624403775 -0.500008285
vn 0.826392412 0.047771316 -0.561064661
vn 0.859701991 -0.510596156 0.0142884199
vn -0.226253286 -0.813891709 0.535153925
vn -0.535950601 -0.664302886 0.521016896
vn -0.226253286 -0.813891709 0.535153925
vn -0.535950601 -0.664302886 0.521016896
vn 0.785923719 -0.611625135 0.0907674655
vn 0.85116744 -0.523708224 0.0352642909
vn 0.996552408 -0.0829217732 -0.00268598273
vn 0.950135529 -0.125079885 -0.285652637
vn 0.950135529 -0.125079885 -0.285652637
vn -0.243292034 0.887171268 -0.39209196
vn 0.826392412 0.047771316 -0.561064661
vn 0.600092888 0.624403775 -0.500008285
vn 0.785923719 -0.611625135 0.0907674655
vn -0.373404533 -0.866107345 0.33230567
vn -0.226253286 -0.813891709 0.535153925
vn -0.0269758366 0.871891439 0.488955677
vn 0.950135529 -0.125079885 -0.285652637
vn -0.226253286 -0.813891709 0.535153925
vn -0.89973706 -0.227537856 0.372424036
vn -0.373404533 -0.866107345 0.33230567
vn -0.243292034 0.887171268 -0.39209196
vn -0.763157129 0.64086473 0.0829675123
vn -0.243292034 0.887171268 -0.39209196
vn -0.251676053 0.0607363954 -0.965903819
vn -0.242978066 0.0347767249 -0.969408154
vn 0.973796368 0.187924117 0.128082246
vn 0.34982416 0.890229166 0.291744918
vn -0.31450057 -0.94911623 -0.0163648855
vn -0.259530604 -0.965275288 -0.0297916774
vn -0.100110173 0.124271467 -0.98718518
vn -0.373404533 -0.866107345 0.33230567
vn 0.305926442 0.046156019 0.950935662
vn 0.270555168 0.0355538726 0.962047696
vn -0.00236782525 -0.993053794 -0.117638461
vn -0.00723765418 -0.993126154 -0.116825208
vn 0.979685783 0.00871715974 0.200349167
vn 0.984784663 0.163286477 -0.0594686903
vn 0.986982048 -0.0476312488 -0.153615475
vn 0.55356288 0.134897262 -0.82180953
vn 0.67885071 0.403319687 -0.61359185
vn 0.984784663 0.163286477 -0.0594686903
vn 0.67885071 0.403319687 -0.61359185
vn 0.55356288 0.134897262 -0.82180953
vn 0.666590989 -0.185920417 0.721865714
vn 0.561709404 0.031719733 0.826726317
vn 0.984784663 0.163286477 -0.0594686903
vn 0.910773873 0.344349891 0.227846473
vn 0.532915592 0.161845118 -0.83054626
vn 0.984784663 0.163286477 -0.0594686903
vn 0.55356288 0.134897262 -0.82180953
vn 0.472523212 0.184671849 0.861752987
vn 0.561709404 0.031719733 0.826726317
vn 0.472523212 0.184671849 0.861752987
vn 0.910773873 0.344349891 0.227846473
vn 0.561709404 0.031719733 0.826726317
vn 0.984784663 0.163286477 -0.0594686903
vn 0.532915592 0.161845118 -0.83054626
vn 0.55356288 0.134897262 -0.82180953
vn 0.111895658 -0.991908789 0.0599683672
vn 0.261263609 -0.963678181 0.0553694591
vn 0.561709404 0.031719733 0.826726317
vn 0.11990726 -0.98262167 -0.141693369
vn 0.266473293 -0.933708966 -0.239122346
vn 0.11954625 -0.982700586 -0.141450882
vn 0.842720449 -0.538060129 0.0177038889
vn -0.14928849 -0.109037161 0.98276341
vn -0.0456806235 0.213266745 0.975925505
vn 0.531587362 0.762543321 -0.368703812
vn 0.33512634 -0.570427239 0.749868631
vn 0.67885071 0.403319687 -0.61359185
vn 0.659635425 -0.211176768 0.721308172
vn 0.0264096968 0.847037613 0.530876398
vn -0.15594694 0.680733144 0.715739548
vn 0.996463537 0.0753606036 0.0371633358
vn 0.996463537 0.0753606036 0.0371633358
vn 0.9947474 -0.0252791923 0.0991889015
vn 0.88136518 -0.427468538 0.201161593
vn 0.67885071 0.403319687 -0.61359185
vn 0.88136518 -0.427468538 0.201161593
vn 0.88136518 -0.427468538 0.201161593
vn 0.0264096968 0.847037613 0.530876398
vn 0.996463537 0.0753606036 0.0371633358
vn -0.900589585 0.431718796 0.0505709834
vn -0.897697926 0.345722377 -0.273156404
vn -0.520437777 -0.779652417 -0.348262072
vn 0.0108996648 -0.846312046 -0.532575905
vn 0.857236803 -0.4690184 -0.212524623
vn -0.520437777 -0.779652417 -0.348262072
vn 0.85527128 -0.474844098 -0.207446814
vn 0.0108996648 -0.846312046 -0.532575905
vn 0.85527128 -0.474844098 -0.207446814
vn 0.595846891 0.796349585 -0.103893906
vn 0.857236803 -0.4690184 -0.212524623
vn 0.534368873 0.84511143 0.0153869046
vn -0.897697926 0.345722377 -0.273156404
vn -0.900589585 0.431718796 0.0505709834
vn 0.857236803 -0.4690184 -0.212524623
vn 0.867917538 -0.43757537 -0.235046968
vn 0.647136748 0.758453488 0.0772170499
vn -0.520437777 -0.779652417 -0.348262072
vn 0.857236803 -0.4690184 -0.212524623
vn -0.553736627 -0.821679413 0.134976953
vn 0.867917538 -0.43757537 -0.235046968
vn -0.520437777 -0.779652417 -0.348262072
vn -0.553736627 -0.821679413 0.134976953
vn -0.900589585 0.431718796 0.0505709834
vn -0.648414195 0.62496525 0.43471539
vn -0.900589585 0.431718796 0.0505709834
vn -0.648414195 0.62496525 0.43471539
vn -0.279059976 0.662637651 0.695008457
vn -4.8489469e-06 0.920830011 0.389964253
vn -0.900224924 -0.0196978562 0.434979528
vn -0.939079762 -0.285480678 0.191389516
vn 0.0588943847 -0.945210874 0.32110402
vn 0.825793564 -0.268842876 0.495770574
vn -0.573872626 -0.644219279 0.505620182
vn 0.5348441 0.276880533 0.798297524
vn 0.264081985 -0.962817788 -0.0569449738
vn 0.983956873 -0.164627895 0.0687488168
vn 0.0588943847 -0.945210874 0.32110402
vn 0.825793564 -0.268842876 0.495770574
vn -0.708751082 -0.705368519 0.0112792132
vn 0.264081985 -0.962817788 -0.0569449738
vn -0.573872626 -0.644219279 0.505620182
vn 0.0588943847 -0.945210874 0.32110402
vn 0.735713542 0.62846756 0.252495706
vn 0.5348441 0.276880533 0.798297524
vn -0.00421387702 -0.138953343 0.990289927
vn -0.124878548 -0.267819613 0.955341816
vn -0.0860859379 -0.161475107 0.983114958
vn -0.1369652 -0.260670066 0.955662966
vn 0.0590673164 -0.323448062 0.944400549
vn 0.0021889701 -0.378613979 0.92555207
vn 0.0589144602 -0.329138815 0.94244194
vn -0.0351140536 -0.369337767 0.928631544
vn -0.059556596 -0.334346205 0.940566659
vn -0.0587051585 -0.33743155 0.939517677
vn -0.124878548 -0.267819613 0.955341816
vn -0.1369652 -0.260670066 0.955662966
vn 0.0567991994 0.333135068 -0.941166699
vn 0.265803665 0.314979166 -0.911118269
vn 0.0726663545 0.332407951 -0.940332115
vn 0.13366656 0.381383002 -0.914702237
vn 0.00615502335 0.386372566 -0.922322333
vn -0.0268027019 0.336485237 -0.941307187
vn -0.00528521277 0.359701037 -0.933052659
vn 0.0589144602 -0.329138815 0.94244194
vn 0.0787369385 -0.19149974 0.97832942
vn 0.0796451196 -0.187629551 0.979005516
vn 0.265803665 0.314979166 -0.911118269
vn -0.0221573561 0.429509908 -0.902790308
vn 0.13366656 0.381383002 -0.914702237
vn 0.962454736 -0.260030478 0.0778786391
vn 0.935256183 -0.351797193 0.0391753428
vn 0.375086337 -0.894204378 -0.244353861
vn 0.197305158 -0.938192844 -0.284367263
vn -0.0860859379 -0.161475107 0.983114958
vn -0.00421387702 -0.138953343 0.990289927
vn -0.0268027019 0.336485237 -0.941307187
vn -0.00528521277 0.359701037 -0.933052659
vn 0.962454736 -0.260030478 0.0778786391
vn 0.737477303 0.608912349 0.292152196
vn 0.935256183 -0.351797193 0.0391753428
vn 0.693197608 0.659741879 0.290202677
vn -0.393574536 0.911325395 -0.120768934
vn -0.323779345 0.942479253 -0.083065562
vn -0.618093669 -0.632781208 -0.46642068
vn -0.758154809 -0.419595987 -0.499139696
vn -0.855006576 0.291501135 -0.428941578
vn -0.83780098 0.360497326 -0.410037965
vn -0.393574536 0.911325395 -0.120768934
vn -0.323779345 0.942479253 -0.083065562
vn -0.83780098 0.360497326 -0.410037965
vn -0.855006576 0.291501135 -0.428941578
vn 0.13366656 0.381383002 -0.914702237
vn -0.0221573561 0.429509908 -0.902790308
vn -0.0108363535 0.410324126 -0.911875367
vn -0.0146240247 0.414676666 -0.909851313
vn -0.594806492 0.799713194 0.0816332921
vn -0.752935052 0.397349179 0.524597526
vn -0.0535862371 0.314355284 0.947791815
vn 0.412033528 -0.0657154024 0.908795774
vn -0.862205505 -0.328724921 -0.385411084
vn -0.847196281 0.363298386 -0.387650192
vn 0.466627866 -0.864048123 -0.188889712
vn 0.378823221 -0.922730505 -0.0711435601
vn 0.378823221 -0.922730505 -0.0711435601
vn 0.466627866 -0.864048123 -0.188889712
vn -0.708751082 -0.705368519 0.0112792132
vn -0.939079762 -0.285480678 0.191389516
vn -0.802127063 -0.59696424 -0.0150306206
vn -0.983731091 -0.0579484925 -0.17004469
vn -0.983731091 -0.0579484925 -0.17004469
vn -0.847196281 0.363298386 -0.387650192
vn 0.154780939 0.986575186 0.0520788431
vn -0.594806492 0.799713194 0.0816332921
vn -0.708751082 -0.705368519 0.0112792132
vn 0.470450759 -0.868956745 -0.153591007
vn 0.378823221 -0.922730505 -0.0711435601
vn -0.0535862371 0.314355284 0.947791815
vn -0.983731091 -0.0579484925 -0.17004469
vn 0.378823221 -0.922730505 -0.0711435601
vn 0.972419322 -0.232549205 0.0179309882
vn 0.470450759 -0.868956745 -0.153591007
vn 0.154780939 0.986575186 0.0520788431
vn 0.734142363 0.651033461 0.192848414
vn 0.154780939 0.986575186 0.0520788431
vn -0.00528521277 0.359701037 -0.933052659
vn 0.00615502335 0.386372566 -0.922322333
vn -0.900224924 -0.0196978562 0.434979528
vn -0.279059976 0.662637651 0.695008457
vn 0.197305158 -0.938192844 -0.284367263
vn 0.375086337 -0.894204378 -0.244353861
vn 0.470450759 -0.868956745 -0.153591007
vn -0.0351140536 -0.369337767 0.928631544
vn 0.0021889701 -0.378613979 0.92555207
vn -0.496826679 0.115021631 -0.860193789
vn -0.496826649 0.115021639 -0.860193789
vn -0.496826679 0.115021624 -0.860193789
vn -0.496826679 0.115021624 -0.860193729
vn 0.225274414 0.751746774 -0.619780719
vn 0.225274414 0.751746833 -0.619780719
vn 0.225274444 0.751746833 -0.619780779
vn 0.225274414 0.751746893 -0.619780779
vn 0.5763129 0.816890299 0.02352795
vn 0.576312959 0.816890359 0.0235279519
vn 0.576312959 0.816890299 0.0235279519
vn 0.5763129 0.816890299 0.02352795
vn -0.857532799 -0.397828072 -0.326144546
vn -0.85753274 -0.397828102 -0.326144576
vn -0.857532859 -0.397828132 -0.326144606
vn -0.857532859 -0.397828192 -0.326144606
vn 0.486615658 -0.0785207599 -0.870080233
vn 0.486615717 -0.0785207599 -0.870080233
vn 0.486615717 -0.0785207599 -0.870080233
vn 0.486615658 -0.0785207599 -0.870080233
vn 0.777306497 -0.48585254 0.399677485
vn 0.777306378 -0.48585248 0.399677455
vn 0.777306437 -0.48585248 0.399677426
vn 0.777306437 -0.48585251 0.399677426
vn -0.241432652 0.570034921 -0.785347402
vn -0.241432652 0.570034921 -0.785347402
vn -0.241432622 0.570034862 -0.785347342
vn -0.241432622 0.570034862 -0.785347342
vn -0.599975646 0.795257509 -0.0871474594
vn -0.599975646 0.795257509 -0.0871474519
vn -0.599975646 0.795257509 -0.0871474519
vn -0.599975646 0.795257509 -0.0871474594
vn 0.817097008 -0.489474654 -0.304577142
vn 0.817096889 -0.489474595 -0.304577112
vn 0.817096889 -0.489474624 -0.304577112
vn 0.817096949 -0.489474654 -0.304577142
vn -0.617357969 0.72445935 0.306639254
vn -0.617358088 0.724459291 0.306639284
vn -0.617358088 0.72445935 0.306639254
vn -0.617358088 0.72445935 0.306639284
vn 0.294496357 -0.0979008079 0.950624764
vn 0.294496298 -0.097900793 0.950624645
vn 0.294496328 -0.0979008004 0.950624704
vn 0.294496357 -0.0979008153 0.950624764
vn -0.321479231 0.408638388 0.854204774
vn -0.321479231 0.408638418 0.854204774
vn -0.321479201 0.408638388 0.854204774
vn -0.321479231 0.408638388 0.854204774
f 1/1/1 2/2/2 3/3/3
f 3/3/3 2/2/2 4/4/4
f 5/5/5 6/6/6 7/7/7
f 7/7/7 6/6/6 8/8/8
f 9/9/9 10/10/10 6/6/6
f 6/6/6 10/10/10 8/8/8
f 11/11/11 4/4/4 12/12/12
f 12/12/12 4/4/4 2/2/2
f 2/2/2 1/1/1 8/8/8
f 8/8/8 1/1/1 13/13/13
f 2/2/2 8/8/8 12/12/12
f 12/12/12 8/8/8 14/14/14
f 6/6/6 5/5/5 15/15/15
f 15/15/15 5/5/5 16/16/16
f 17/17/17 9/9/9 15/15/15
f 15/15/15 9/9/9 6/6/6
f 18/18/18 19/19/19 20/20/20
f 21/21/21 22/22/22 23/23/23
f 23/23/23 22/22/22 19/19/19
f 19/19/19 24/24/24 20/20/20
f 22/22/22 25/25/25 19/19/19
f 19/19/19 25/25/25 24/24/24
f 26/26/26 27/27/27 28/28/28
f 27/27/27 20/20/20 29/29/29
f 29/29/29 20/20/20 30/30/30
f 31/31/31 32/32/32 33/33/33
f 34/34/34 35/35/35 33/33/33
f 33/33/33 35/35/35 36/36/36
f 37/37/37 34/34/34 33/33/33
f 38/38/38 39/39/39 40/40/40
f 41/41/41 42/42/42 43/43/43
f 43/43/43 42/42/42 44/44/44
f 45/45/45 46/46/46 47/47/47
f 47/47/47 46/46/46 39/39/39
f 39/39/39 46/46/46 48/48/48
f 49/49/49 24/24/24 25/25/25
f 50/50/50 51/51/51 52/52/52
f 53/53/53 54/54/54 55/55/55
f 55/55/55 56/56/56 35/35/35
f 57/57/57 51/51/51 50/50/50
f 57/57/57 30/30/30 20/20/20
f 57/57/57 36/36/36 58/58/58
f 58/58/58 36/36/36 35/35/35
f 27/27/27 29/29/29 59/59/59
f 60/60/60 61/61/61 62/62/62
f 63/63/63 64/64/64 65/65/65
f 65/65/65 64/64/64 66/66/66
f 67/67/67 68/68/68 69/69/69
f 70/70/70 71/71/71 64/64/64
f 64/64/64 71/71/71 72/72/72
f 73/73/73 74/74/74 75/75/75
f 75/75/75 74/74/74 76/76/76
f 77/77/77 78/78/78 75/75/75
f 75/75/75 78/78/78 73/73/73
f 79/79/79 80/80/80 81/81/81
f 79/79/79 81/81/81 82/82/82
f 83/83/83 84/84/84 85/85/85
f 85/85/85 84/84/84 86/86/86
f 20/20/20 24/24/24 57/57/57
f 57/57/57 24/24/24 87/87/87
f 88/88/88 89/89/89 90/90/90
f 21/21/21 88/88/88 22/22/22
f 22/22/22 88/88/88 90/90/90
f 90/90/90 89/89/89 91/91/91
f 22/22/22 90/90/90 25/25/25
f 25/25/25 90/90/90 91/91/91
f 26/26/26 28/28/28 88/88/88
f 88/88/88 92/92/92 89/89/89
f 89/89/89 92/92/92 93/93/93
f 94/94/94 95/95/95 96/96/96
f 94/94/94 97/97/97 98/98/98
f 98/98/98 97/97/97 99/99/99
f 100/100/100 94/94/94 98/98/98
f 101/101/101 102/102/102 103/103/103
f 104/104/104 105/105/105 106/106/106
f 106/106/106 105/105/105 107/107/107
f 108/108/108 109/109/109 110/110/110
f 109/109/109 102/102/102 110/110/110
f 110/110/110 102/102/102 111/111/111
f 112/112/112 25/25/25 91/91/91
f 113/113/113 114/114/114 115/115/115
f 116/116/116 117/117/117 99/99/99
f 116/116/116 99/99/99 118/118/118
f 113/113/113 119/119/119 114/114/114
f 119/119/119 89/89/89 93/93/93
f 118/118/118 99/99/99 119/119/119
f 119/119/119 99/99/99 97/97/97
f 88/88/88 120/120/120 92/92/92
f 121/121/121 122/122/122 123/123/123
f 66/66/66 124/124/124 65/65/65
f 65/65/65 124/124/124 125/125/125
f 121/121/121 126/126/126 122/122/122
f 127/127/127 124/124/124 128/128/128
f 128/128/128 124/124/124 129/129/129
f 130/130/130 76/76/76 131/131/131
f 131/131/131 76/76/76 74/74/74
f 131/131/131 132/132/132 130/130/130
f 132/132/132 133/133/133 130/130/130
f 134/134/134 135/135/135 136/136/136
f 134/134/134 82/82/82 135/135/135
f 83/83/83 137/137/137 84/84/84
f 84/84/84 137/137/137 138/138/138
f 89/89/89 119/119/119 91/91/91
f 119/119/119 139/139/139 91/91/91
f 53/53/53 55/55/55 35/35/35
f 116/116/116 140/140/140 117/117/117
f 67/67/67 60/60/60 62/62/62
f 67/67/67 69/69/69 60/60/60
f 126/126/126 141/141/141 142/142/142
f 121/121/121 141/141/141 126/126/126
f 28/28/28 27/27/27 59/59/59
f 88/88/88 28/28/28 120/120/120
f 143/143/143 144/144/144 145/145/145
f 145/145/145 144/144/144 146/146/146
f 147/147/147 148/148/148 149/149/149
f 149/149/149 148/148/148 150/150/150
f 151/151/151 152/152/152 153/153/153
f 154/154/154 155/155/155 156/156/156
f 156/156/156 155/155/155 157/157/157
f 158/158/158 159/159/159 160/160/160
f 161/161/161 162/162/162 163/163/163
f 163/163/163 162/162/162 164/164/164
f 165/165/165 166/166/166 167/167/167
f 167/167/167 166/166/166 168/168/168
f 169/169/169 170/170/170 171/171/171
f 171/171/171 170/170/170 172/172/172
f 173/173/173 157/157/157 155/155/155
f 174/174/174 173/173/173 175/175/175
f 176/176/176 177/177/177 178/178/178
f 178/178/178 177/177/177 179/179/179
f 180/180/180 181/181/181 182/182/182
f 182/182/182 181/181/181 183/183/183
f 184/184/184 185/185/185 186/186/186
f 186/186/186 185/185/185 187/187/187
f 188/188/188 189/189/189 190/190/190
f 191/191/191 192/192/192 193/193/193
f 158/158/158 194/194/194 195/195/195
f 195/195/195 194/194/194 196/196/196
f 197/197/197 198/198/198 199/199/199
f 199/199/199 198/198/198 200/200/200
f 201/201/201 195/195/195 157/157/157
f 202/202/202 203/203/203 204/204/204
f 205/205/205 206/206/206 207/207/207
f 207/207/207 206/206/206 208/208/208
f 209/209/209 210/210/210 211/211/211
f 211/211/211 210/210/210 212/212/212
f 213/213/213 214/214/214 158/158/158
f 215/215/215 216/216/216 217/217/217
f 217/217/217 216/216/216 218/218/218
f 219/219/219 220/220/220 221/221/221
f 221/221/221 220/220/220 222/222/222
f 223/223/223 224/224/224 225/225/225
f 225/225/225 224/224/224 226/226/226
f 227/227/227 228/228/228 229/229/229
f 229/229/229 228/228/228 230/230/230
f 231/231/231 232/232/232 233/233/233
f 233/233/233 232/232/232 234/234/234
f 235/235/235 170/170/170 236/236/236
f 236/236/236 170/170/170 237/237/237
f 238/238/238 226/226/226 239/239/239
f 240/240/240 225/225/225 238/238/238
f 241/241/241 242/242/242 243/243/243
f 243/243/243 242/242/242 244/244/244
f 245/245/245 246/246/246 247/247/247
f 247/247/247 246/246/246 248/248/248
f 249/249/249 250/250/250 251/251/251
f 160/160/160 252/252/252 253/253/253
f 253/253/253 252/252/252 254/254/254
f 255/255/255 256/256/256 257/257/257
f 257/257/257 256/256/256 258/258/258
f 252/252/252 259/259/259 226/226/226
f 260/260/260 261/261/261 262/262/262
f 263/263/263 264/264/264 265/265/265
f 265/265/265 264/264/264 266/266/266
f 267/267/267 268/268/268 269/269/269
f 269/269/269 268/268/268 270/270/270
f 252/252/252 160/160/160 271/271/271
f 272/272/272 175/175/175 273/273/273
f 240/240/240 272/272/272 274/274/274
f 174/174/174 175/175/175 272/272/272
f 240/240/240 174/174/174 272/272/272
f 151/151/151 275/275/275 276/276/276
f 151/151/151 153/153/153 275/275/275
f 175/175/175 173/173/173 155/155/155
f 240/240/240 238/238/238 174/174/174
f 213/213/213 158/158/158 195/195/195
f 271/271/271 160/160/160 277/277/277
f 278/278/278 279/279/279 280/280/280
f 280/280/280 279/279/279 281/281/281
f 282/282/282 278/278/278 280/280/280
f 281/281/281 283/283/283 280/280/280
f 282/282/282 280/280/280 283/283/283
f 284/284/284 285/285/285 286/286/286
f 286/286/286 285/285/285 287/287/287
f 288/288/288 289/289/289 284/284/284
f 284/284/284 289/289/289 290/290/290
f 284/284/284 286/286/286 288/288/288
f 288/288/288 286/286/286 291/291/291
f 291/291/291 286/286/286 292/292/292
f 287/287/287 293/293/293 286/286/286
f 286/286/286 293/293/293 292/292/292
f 287/287/287 285/285/285 293/293/293
f 293/293/293 285/285/285 294/294/294
f 295/295/295 296/296/296 285/285/285
f 285/285/285 296/296/296 294/294/294
f 297/297/297 298/298/298 299/299/299
f 299/299/299 298/298/298 300/300/300
f 295/295/295 290/290/290 301/301/301
f 301/301/301 290/290/290 302/302/302
f 290/290/290 289/289/289 302/302/302
f 302/302/302 289/289/289 303/303/303
f 302/302/302 303/303/303 304/304/304
f 303/303/303 305/305/305 304/304/304
f 305/305/305 306/306/306 304/304/304
f 307/307/307 304/304/304 308/308/308
f 308/308/308 304/304/304 306/306/306
f 307/307/307 308/308/308 301/301/301
f 301/301/301 308/308/308 309/309/309
f 309/309/309 296/296/296 301/301/301
f 301/301/301 296/296/296 295/295/295
f 310/310/310 311/311/311 312/312/312
f 312/312/312 311/311/311 313/313/313
f 295/295/295 285/285/285 290/290/290
f 290/290/290 285/285/285 284/284/284
f 302/302/302 304/304/304 301/301/301
f 301/301/301 304/304/304 307/307/307
f 314/314/314 315/315/315 316/316/316
f 316/316/316 315/315/315 317/317/317
f 318/318/318 319/319/319 320/320/320
f 320/320/320 319/319/319 321/321/321
f 322/322/322 323/323/323 324/324/324
f 324/324/324 323/323/323 325/325/325
f 326/326/326 327/327/327 328/328/328
f 328/328/328 327/327/327 329/329/329
f 330/330/330 331/331/331 332/332/332
f 332/332/332 331/331/331 333/333/333
f 334/334/334 335/335/335 336/336/336
f 336/336/336 335/335/335 337/337/337
f 338/338/338 339/339/339 340/340/340
f 340/340/340 339/339/339 341/341/341
f 342/342/342 343/343/343 344/344/344
f 344/344/344 343/343/343 345/345/345
f 346/346/346 347/347/347 348/348/348
f 348/348/348 347/347/347 349/349/349
f 350/350/350 351/351/351 352/352/352
f 352/352/352 351/351/351 353/353/353
f 354/354/354 355/355/355 356/356/356
f 356/356/356 355/355/355 357/357/357
f 358/358/358 359/359/359 360/360/360
f 360/360/360 359/359/359 361/361/361
f 362/362/362 363/363/363 364/364/364
f 364/364/364 363/363/363 365/365/365
f 366/366/366 367/367/367 368/368/368
f 369/369/369 370/370/370 371/371/371
f 372/372/372 367/367/367 366/366/366
f 371/371/371 365/365/365 373/373/373
f 369/369/369 371/371/371 373/373/373
f 373/373/373 365/365/365 372/372/372
f 372/372/372 365/365/365 363/363/363
f 372/372/372 363/363/363 367/367/367
f 374/374/374 375/375/375 376/376/376
f 376/376/376 375/375/375 377/377/377
f 378/378/378 379/379/379 380/380/380
f 380/380/380 379/379/379 381/381/381
f 376/376/376 377/377/377 382/382/382
f 382/382/382 377/377/377 383/383/383
f 384/384/384 385/385/385 386/386/386
f 387/387/387 388/388/388 389/389/389
f 390/390/390 391/391/391 392/392/392
f 392/392/392 391/391/391 388/388/388
f 393/393/393 394/394/394 395/395/395
f 395/395/395 394/394/394 396/396/396
f 389/389/389 388/388/388 397/397/397
f 397/397/397 388/388/388 391/391/391
f 398/398/398 394/394/394 399/399/399
f 399/399/399 394/394/394 393/393/393
f 392/392/392 388/388/388 400/400/400
f 400/400/400 388/388/388 401/401/401
f 402/402/402 403/403/403 404/404/404
f 404/404/404 403/403/403 405/405/405
f 404/404/404 405/405/405 396/396/396
f 396/396/396 405/405/405 395/395/395
f 386/386/386 406/406/406 384/384/384
f 387/387/387 385/385/385 407/407/407
f 408/408/408 398/398/398 409/409/409
f 409/409/409 398/398/398 399/399/399
f 410/410/410 384/384/384 411/411/411
f 411/411/411 384/384/384 406/406/406
f 412/412/412 375/375/375 397/397/397
f 378/378/378 403/403/403 379/379/379
f 379/379/379 403/403/403 402/402/402
f 374/374/374 376/376/376 413/413/413
f 413/413/413 376/376/376 414/414/414
f 415/415/415 380/380/380 416/416/416
f 416/416/416 380/380/380 381/381/381
f 382/382/382 417/417/417 376/376/376
f 376/376/376 417/417/417 414/414/414
f 418/418/418 419/419/419 420/420/420
f 421/421/421 422/422/422 423/423/423
f 422/422/422 424/424/424 425/425/425
f 425/425/425 424/424/424 426/426/426
f 427/427/427 428/428/428 429/429/429
f 429/429/429 428/428/428 430/430/430
f 431/431/431 424/424/424 432/432/432
f 432/432/432 424/424/424 422/422/422
f 427/427/427 429/429/429 433/433/433
f 433/433/433 429/429/429 434/434/434
f 423/423/423 422/422/422 435/435/435
f 435/435/435 422/422/422 425/425/425
f 436/436/436 437/437/437 438/438/438
f 438/438/438 437/437/437 439/439/439
f 430/430/430 428/428/428 436/436/436
f 436/436/436 428/428/428 437/437/437
f 419/419/419 418/418/418 406/406/406
f 421/421/421 440/440/440 420/420/420
f 409/409/409 433/433/433 408/408/408
f 408/408/408 433/433/433 434/434/434
f 406/406/406 418/418/418 411/411/411
f 411/411/411 418/418/418 441/441/441
f 442/442/442 431/431/431 413/413/413
f 415/415/415 416/416/416 439/439/439
f 439/439/439 416/416/416 438/438/438
f 443/443/443 444/444/444 445/445/445
f 445/445/445 444/444/444 446/446/446
f 447/447/447 448/448/448 449/449/449
f 449/449/449 448/448/448 450/450/450
f 451/451/451 452/452/452 453/453/453
f 453/453/453 452/452/452 454/454/454
f 455/455/455 456/456/456 457/457/457
f 458/458/458 459/459/459 460/460/460
f 461/461/461 459/459/459 462/462/462
f 462/462/462 459/459/459 458/458/458
f 456/456/456 455/455/455 462/462/462
f 462/462/462 455/455/455 461/461/461
f 463/463/463 464/464/464 465/465/465
f 465/465/465 464/464/464 466/466/466
f 466/466/466 464/464/464 467/467/467
f 467/467/467 464/464/464 468/468/468
f 467/467/467 468/468/468 469/469/469
f 470/470/470 463/463/463 465/465/465
f 471/471/471 472/472/472 473/473/473
f 473/473/473 472/472/472 474/474/474
f 387/387/387 401/401/401 388/388/388
f 421/421/421 432/432/432 422/422/422
f 386/386/386 475/475/475 406/406/406
f 419/419/419 406/406/406 475/475/475
f 476/476/476 157/157/157 173/173/173
f 225/225/225 226/226/226 238/238/238
f 477/477/477 478/478/478 479/479/479
f 480/480/480 478/478/478 481/481/481
f 481/481/481 478/478/478 482/482/482
f 483/483/483 484/484/484 485/485/485
f 477/477/477 486/486/486 487/487/487
f 487/487/487 486/486/486 488/488/488
f 489/489/489 490/490/490 491/491/491
f 491/491/491 490/490/490 492/492/492
f 493/493/493 494/494/494 495/495/495
f 495/495/495 494/494/494 496/496/496
f 497/497/497 498/498/498 499/499/499
f 499/499/499 498/498/498 500/500/500
f 501/501/501 502/502/502 503/503/503
f 503/503/503 502/502/502 504/504/504
f 505/505/505 506/506/506 507/507/507
f 507/507/507 506/506/506 508/508/508
f 493/493/493 509/509/509 510/510/510
f 510/510/510 509/509/509 487/487/487
f 511/511/511 512/512/512 513/513/513
f 514/514/514 505/505/505 507/507/507
f 515/515/515 516/516/516 517/517/517
f 518/518/518 519/519/519 520/520/520
f 521/521/521 522/522/522 515/515/515
f 484/484/484 523/523/523 520/520/520
f 520/520/520 523/523/523 518/518/518
f 524/524/524 521/521/521 515/515/515
f 519/519/519 518/518/518 525/525/525
f 515/515/515 517/517/517 524/524/524
f 526/526/526 527/527/527 528/528/528
f 524/524/524 529/529/529 477/477/477
f 478/478/478 477/477/477 530/530/530
f 530/530/530 477/477/477 531/531/531
f 478/478/478 530/530/530 532/532/532
f 533/533/533 532/532/532 530/530/530
f 518/518/518 532/532/532 534/534/534
f 525/525/525 518/518/518 535/535/535
f 536/536/536 537/537/537 517/517/517
f 524/524/524 477/477/477 521/521/521
f 538/538/538 515/515/515 539/539/539
f 540/540/540 541/541/541 542/542/542
f 542/542/542 541/541/541 543/543/543
f 544/544/544 545/545/545 546/546/546
f 546/546/546 545/545/545 547/547/547
f 548/548/548 549/549/549 550/550/550
f 550/550/550 549/549/549 551/551/551
f 551/551/551 549/549/549 552/552/552
f 552/552/552 549/549/549 553/553/553
f 554/554/554 549/549/549 555/555/555
f 555/555/555 549/549/549 556/556/556
f 557/557/557 558/558/558 559/559/559
f 559/559/559 558/558/558 560/560/560
f 561/561/561 562/562/562 563/563/563
f 563/563/563 562/562/562 564/564/564
f 549/549/549 554/554/554 565/565/565
f 565/565/565 554/554/554 566/566/566
f 567/567/567 568/568/568 569/569/569
f 569/569/569 568/568/568 570/570/570
f 571/571/571 572/572/572 573/573/573
f 573/573/573 572/572/572 574/574/574
f 575/575/575 576/576/576 577/577/577
f 577/577/577 576/576/576 578/578/578
f 579/579/579 580/580/580 581/581/581
f 581/581/581 580/580/580 582/582/582
f 583/583/583 584/584/584 575/575/575
f 575/575/575 584/584/584 576/576/576
f 568/568/568 584/584/584 570/570/570
f 570/570/570 584/584/584 583/583/583
f 582/582/582 567/567/567 581/581/581
f 581/581/581 567/567/567 569/569/569
f 585/585/585 586/586/586 587/587/587
f 587/587/587 586/586/586 588/588/588
f 589/589/589 590/590/590 591/591/591
f 591/591/591 590/590/590 592/592/592
f 593/593/593 594/594/594 595/595/595
f 595/595/595 594/594/594 596/596/596
f 597/597/597 598/598/598 599/599/599
f 599/599/599 598/598/598 600/600/600
f 601/601/601 602/602/602 603/603/603
f 604/604/604 589/589/589 605/605/605
f 605/605/605 589/589/589 606/606/606
f 607/607/607 608/608/608 609/609/609
f 610/610/610 611/611/611 612/612/612
f 612/612/612 611/611/611 613/613/613
f 614/614/614 615/615/615 606/606/606
f 606/606/606 615/615/615 605/605/605
f 600/600/600 616/616/616 599/599/599
f 599/599/599 616/616/616 617/617/617
f 618/618/618 619/619/619 620/620/620
f 620/620/620 619/619/619 621/621/621
f 621/621/621 619/619/619 622/622/622
f 622/622/622 619/619/619 623/623/623
f 624/624/624 625/625/625 626/626/626
f 626/626/626 625/625/625 627/627/627
f 628/628/628 629/629/629 630/630/630
f 630/630/630 629/629/629 631/631/631
f 632/632/632 633/633/633 634/634/634
f 634/634/634 633/633/633 635/635/635
f 636/636/636 637/637/637 638/638/638
f 638/638/638 637/637/637 639/639/639
f 639/639/639 637/637/637 640/640/640
f 640/640/640 637/637/637 641/641/641
f 640/640/640 641/641/641 642/642/642
f 642/642/642 641/641/641 643/643/643
f 638/638/638 644/644/644 636/636/636
f 636/636/636 644/644/644 645/645/645
f 636/636/636 643/643/643 637/637/637
f 637/637/637 643/643/643 641/641/641
f 646/646/646 647/647/647 648/648/648
f 648/648/648 647/647/647 649/649/649
f 650/650/650 651/651/651 652/652/652
f 652/652/652 651/651/651 653/653/653
f 654/654/654 580/580/580 655/655/655
f 656/656/656 657/657/657 567/567/567
f 567/567/567 657/657/657 568/568/568
f 658/658/658 659/659/659 648/648/648
f 650/650/650 652/652/652 659/659/659
f 576/576/576 660/660/660 578/578/578
f 578/578/578 660/660/660 661/661/661
f 662/662/662 657/657/657 653/653/653
f 660/660/660 576/576/576 663/663/663
f 663/663/663 576/576/576 584/584/584
f 664/664/664 663/663/663 568/568/568
f 568/568/568 663/663/663 584/584/584
f 635/635/635 633/633/633 665/665/665
f 665/665/665 633/633/633 666/666/666
f 667/667/667 668/668/668 572/572/572
f 572/572/572 668/668/668 574/574/574
f 669/669/669 624/624/624 670/670/670
f 670/670/670 624/624/624 626/626/626
f 664/664/664 568/568/568 657/657/657
f 485/485/485 484/484/484 671/671/671
f 672/672/672 647/647/647 646/646/646
f 595/595/595 596/596/596 673/673/673
f 673/673/673 596/596/596 674/674/674
f 524/524/524 517/517/517 529/529/529
f 515/515/515 522/522/522 539/539/539
f 675/675/675 676/676/676 511/511/511
f 511/511/511 676/676/676 512/512/512
f 677/677/677 678/678/678 679/679/679
f 680/680/680 681/681/681 682/682/682
f 682/682/682 681/681/681 679/679/679
f 683/683/683 684/684/684 484/484/484
f 685/685/685 686/686/686 677/677/677
f 677/677/677 686/686/686 687/687/687
f 688/688/688 689/689/689 690/690/690
f 690/690/690 689/689/689 691/691/691
f 692/692/692 693/693/693 495/495/495
f 495/495/495 693/693/693 493/493/493
f 694/694/694 695/695/695 696/696/696
f 696/696/696 695/695/695 697/697/697
f 698/698/698 503/503/503 699/699/699
f 699/699/699 503/503/503 504/504/504
f 508/508/508 506/506/506 700/700/700
f 700/700/700 506/506/506 701/701/701
f 702/702/702 685/685/685 493/493/493
f 493/493/493 685/685/685 509/509/509
f 703/703/703 704/704/704 705/705/705
f 706/706/706 700/700/700 701/701/701
f 707/707/707 708/708/708 516/516/516
f 709/709/709 520/520/520 519/519/519
f 710/710/710 707/707/707 522/522/522
f 709/709/709 711/711/711 520/520/520
f 520/520/520 711/711/711 484/484/484
f 712/712/712 707/707/707 710/710/710
f 519/519/519 713/713/713 709/709/709
f 707/707/707 712/712/712 708/708/708
f 714/714/714 708/708/708 713/713/713
f 712/712/712 677/677/677 715/715/715
f 716/716/716 677/677/677 717/717/717
f 717/717/717 677/677/677 679/679/679
f 718/718/718 717/717/717 719/719/719
f 719/719/719 717/717/717 679/679/679
f 709/709/709 720/720/720 719/719/719
f 713/713/713 721/721/721 709/709/709
f 722/722/722 708/708/708 723/723/723
f 712/712/712 710/710/710 677/677/677
f 538/538/538 539/539/539 707/707/707
f 724/724/724 725/725/725 726/726/726
f 726/726/726 725/725/725 727/727/727
f 728/728/728 729/729/729 730/730/730
f 730/730/730 729/729/729 731/731/731
f 732/732/732 733/733/733 734/734/734
f 734/734/734 733/733/733 735/735/735
f 733/733/733 736/736/736 735/735/735
f 735/735/735 736/736/736 737/737/737
f 738/738/738 735/735/735 739/739/739
f 739/739/739 735/735/735 740/740/740
f 741/741/741 742/742/742 743/743/743
f 743/743/743 742/742/742 744/744/744
f 745/745/745 746/746/746 747/747/747
f 747/747/747 746/746/746 748/748/748
f 749/749/749 750/750/750 735/735/735
f 735/735/735 750/750/750 740/740/740
f 751/751/751 752/752/752 753/753/753
f 753/753/753 752/752/752 754/754/754
f 755/755/755 756/756/756 757/757/757
f 757/757/757 756/756/756 758/758/758
f 759/759/759 760/760/760 761/761/761
f 761/761/761 760/760/760 762/762/762
f 763/763/763 764/764/764 765/765/765
f 765/765/765 764/764/764 766/766/766
f 760/760/760 767/767/767 762/762/762
f 762/762/762 767/767/767 768/768/768
f 768/768/768 767/767/767 751/751/751
f 751/751/751 767/767/767 752/752/752
f 753/753/753 754/754/754 765/765/765
f 765/765/765 754/754/754 763/763/763
f 769/769/769 770/770/770 771/771/771
f 771/771/771 770/770/770 772/772/772
f 773/773/773 774/774/774 775/775/775
f 775/775/775 774/774/774 776/776/776
f 777/777/777 778/778/778 779/779/779
f 779/779/779 778/778/778 780/780/780
f 781/781/781 782/782/782 783/783/783
f 783/783/783 782/782/782 784/784/784
f 785/785/785 786/786/786 787/787/787
f 788/788/788 789/789/789 773/773/773
f 773/773/773 789/789/789 790/790/790
f 791/791/791 792/792/792 793/793/793
f 794/794/794 795/795/795 796/796/796
f 796/796/796 795/795/795 797/797/797
f 798/798/798 790/790/790 799/799/799
f 799/799/799 790/790/790 789/789/789
f 781/781/781 783/783/783 800/800/800
f 800/800/800 783/783/783 801/801/801
f 802/802/802 803/803/803 804/804/804
f 804/804/804 803/803/803 805/805/805
f 806/806/806 805/805/805 807/807/807
f 807/807/807 805/805/805 803/803/803
f 808/808/808 809/809/809 810/810/810
f 810/810/810 809/809/809 811/811/811
f 812/812/812 813/813/813 814/814/814
f 814/814/814 813/813/813 815/815/815
f 816/816/816 817/817/817 818/818/818
f 818/818/818 817/817/817 819/819/819
f 820/820/820 821/821/821 822/822/822
f 822/822/822 821/821/821 823/823/823
f 824/824/824 821/821/821 825/825/825
f 825/825/825 821/821/821 820/820/820
f 826/826/826 824/824/824 827/827/827
f 827/827/827 824/824/824 825/825/825
f 822/822/822 823/823/823 828/828/828
f 828/828/828 823/823/823 829/829/829
f 823/823/823 821/821/821 826/826/826
f 826/826/826 821/821/821 824/824/824
f 830/830/830 831/831/831 832/832/832
f 832/832/832 831/831/831 833/833/833
f 834/834/834 835/835/835 836/836/836
f 836/836/836 835/835/835 837/837/837
f 838/838/838 839/839/839 764/764/764
f 840/840/840 754/754/754 841/841/841
f 841/841/841 754/754/754 752/752/752
f 842/842/842 831/831/831 843/843/843
f 834/834/834 843/843/843 835/835/835
f 760/760/760 759/759/759 844/844/844
f 844/844/844 759/759/759 845/845/845
f 846/846/846 837/837/837 841/841/841
f 767/767/767 760/760/760 847/847/847
f 847/847/847 760/760/760 844/844/844
f 767/767/767 847/847/847 752/752/752
f 752/752/752 847/847/847 848/848/848
f 849/849/849 818/818/818 850/850/850
f 850/850/850 818/818/818 819/819/819
f 851/851/851 757/757/757 852/852/852
f 852/852/852 757/757/757 758/758/758
f 809/809/809 808/808/808 853/853/853
f 853/853/853 808/808/808 854/854/854
f 848/848/848 841/841/841 752/752/752
f 684/684/684 671/671/671 484/484/484
f 855/855/855 830/830/830 832/832/832
f 777/777/777 856/856/856 778/778/778
f 778/778/778 856/856/856 857/857/857
f 712/712/712 715/715/715 708/708/708
f 707/707/707 539/539/539 522/522/522
f 703/703/703 705/705/705 675/675/675
f 675/675/675 705/705/705 676/676/676
f 858/858/858 859/859/859 860/860/860
f 860/860/860 859/859/859 861/861/861
f 862/862/862 863/863/863 864/864/864
f 864/864/864 863/863/863 865/865/865
f 866/866/866 867/867/867 868/868/868
f 868/868/868 867/867/867 869/869/869
f 870/870/870 871/871/871 872/872/872
f 872/872/872 871/871/871 873/873/873
f 874/874/874 875/875/875 876/876/876
f 876/876/876 875/875/875 877/877/877
f 878/878/878 879/879/879 880/880/880
f 880/880/880 879/879/879 881/881/881
f 882/882/882 883/883/883 884/884/884
f 884/884/884 883/883/883 885/885/885
f 886/886/886 887/887/887 888/888/888
f 888/888/888 887/887/887 889/889/889
f 890/890/890 891/891/891 892/892/892
f 892/892/892 891/891/891 893/893/893
f 894/894/894 895/895/895 896/896/896
f 896/896/896 895/895/895 897/897/897
f 898/898/898 899/899/899 900/900/900
f 900/900/900 899/899/899 901/901/901
f 902/902/902 903/903/903 904/904/904
f 904/904/904 903/903/903 905/905/905
