# Extracted from the Cocos Creator 3.8.3 playable build
# Geometry-only OBJ preview for Unity; rig and animation stay in the raw assets.
o mesh_d481ee1e
v -0.00947934762 0.706283629 13.3529167
v -0.0402710512 0.545883298 9.5249939
v -0.0402714014 0.545883358 13.3529167
v -0.00948059559 0.706283689 9.5249939
v -0.00947934762 0.706283629 13.3529167
v 0.152583987 0.726566553 9.5249939
v -0.00948059559 0.706283689 9.5249939
v 0.152585238 0.726566792 13.3529167
v 0.22195515 0.578701615 13.3529167
v 0.152583987 0.726566553 9.5249939
v 0.152585238 0.726566792 13.3529167
v 0.221954763 0.578701615 9.5249939
v -0.00947934762 0.706283629 13.3529167
v -0.0402714014 0.545883358 13.3529167
v 0.152585238 0.726566792 13.3529167
v 0.10276369 0.467033029 13.3529167
v 0.221954763 0.578701615 9.5249939
v 0.22195515 0.578701615 13.3529167
v 0.102763936 0.467033029 9.5249939
v 0.10276369 0.467033029 13.3529167
v -0.0402710512 0.545883298 9.5249939
v 0.102763936 0.467033029 9.5249939
v -0.0402714014 0.545883358 13.3529167
v 0.22195515 0.578701615 13.3529167
v -0.0402714014 0.545883358 13.3529167
v 0.10276369 0.467033029 13.3529167
v 0.152585238 0.726566792 13.3529167
v -0.11395549 0.81902945 13.4682655
v -0.176631689 0.49254331 13.1723375
v -0.176630586 0.49254331 13.4682655
v -0.113959454 0.81902957 13.1723375
v -0.11395549 0.81902945 13.4682655
v 0.215914071 0.860313892 13.1723375
v -0.113959454 0.81902957 13.1723375
v 0.215918124 0.86031431 13.4682655
v 0.357116669 0.559342861 13.4682655
v 0.215914071 0.860313892 13.1723375
v 0.215918124 0.86031431 13.4682655
v 0.357114434 0.559342861 13.1723375
v -0.11395549 0.81902945 13.4682655
v -0.176630586 0.49254331 13.4682655
v 0.215918124 0.86031431 13.4682655
v 0.114509165 0.332048327 13.4682655
v 0.357114434 0.559342861 13.1723375
v 0.357116669 0.559342861 13.4682655
v 0.114508078 0.332047909 13.1723375
v -0.176630586 0.49254331 13.4682655
v 0.114508078 0.332047909 13.1723375
v 0.114509165 0.332048327 13.4682655
v -0.176631689 0.49254331 13.1723375
v 0.357116669 0.559342861 13.4682655
v 0.114509165 0.332048327 13.4682655
v 1.98639965 2.18994522 2.63080788
v 1.93193185 -1.1148572 2.63080788
v 1.93193185 -1.1148572 2.16982365
v 1.98639965 2.18994522 2.16982365
v 1.652987 2.19544029 2.63080788
v 1.93193185 -1.1148572 2.63080788
v 1.98639965 2.18994522 2.63080788
v 1.59851921 -1.10936213 2.63080788
v 1.93193185 -1.1148572 2.16982365
v 1.652987 2.19544029 2.16982365
v 1.98639965 2.18994522 2.16982365
v 1.59851921 -1.10936213 2.16982365
v 1.60326266 -0.301100314 2.60291719
v 1.63563275 1.6629324 -0.210987955
v 1.63563263 1.6629324 2.60291719
v 1.60326278 -0.301100433 -0.210987955
v -0.304929554 -3.57816982 1.90346897
v -0.257389724 -4.31564951 1.84236157
v -0.320291549 -3.62515163 2.00396919
v -0.27755478 -4.28812551 1.94903553
v -0.320291549 -3.62515163 2.00396919
v -0.176661044 -4.24255228 1.93209016
v -0.21459493 -3.65408659 1.98084986
v -0.27755478 -4.28812551 1.94903553
v -0.156495929 -4.27007771 1.82541645
v -0.21459493 -3.65408659 1.98084986
v -0.176661044 -4.24255228 1.93209016
v -0.199232638 -3.6071043 1.88034976
v -0.257389724 -4.31564951 1.84236157
v -0.304929554 -3.57816982 1.90346897
v -0.156495929 -4.27007771 1.82541645
v -0.199232638 -3.6071043 1.88034976
v -0.320291549 -3.62515163 2.00396919
v -0.121401258 -3.41502786 2.10701275
v -0.304929554 -3.57816982 1.90346897
v -0.177657336 -3.49034214 2.1633296
v -0.177657336 -3.49034214 2.1633296
v -0.320291549 -3.62515163 2.00396919
v -0.21459493 -3.65408659 1.98084986
v -0.112854622 -3.54761028 2.09602737
v -0.0565984324 -3.47229552 2.03971052
v -0.21459493 -3.65408659 1.98084986
v -0.199232638 -3.6071043 1.88034976
v -0.112854622 -3.54761028 2.09602737
v -0.199232638 -3.6071043 1.88034976
v -0.121401258 -3.41502786 2.10701275
v -0.0565984324 -3.47229552 2.03971052
v -0.304929554 -3.57816982 1.90346897
v -0.017320808 -3.63014507 2.29993629
v -0.121401258 -3.41502786 2.10701275
v -0.177657336 -3.49034214 2.1633296
v 0.0835728794 -3.58457327 2.28299046
v 0.00284399092 -3.6576705 2.1932621
v -0.177657336 -3.49034214 2.1633296
v -0.112854622 -3.54761028 2.09602737
v -0.017320808 -3.63014507 2.29993629
v -0.0565984324 -3.47229552 2.03971052
v 0.103737794 -3.61209774 2.17631674
v 0.00284399092 -3.6576705 2.1932621
v -0.112854622 -3.54761028 2.09602737
v -0.121401258 -3.41502786 2.10701275
v 0.103737794 -3.61209774 2.17631674
v -0.0565984324 -3.47229552 2.03971052
v 0.0835728794 -3.58457327 2.28299046
v -0.017320808 -3.63014507 2.29993629
v 0.131112665 -4.32205248 2.22188282
v 0.0835728794 -3.58457327 2.28299046
v 0.0254158899 -4.29311895 2.24500227
v -0.017320808 -3.63014507 2.29993629
v 0.0407778397 -4.24613619 2.14450216
v 0.0254158899 -4.29311895 2.24500227
v 0.00284399092 -3.6576705 2.1932621
v 0.146474615 -4.27507067 2.12138319
v 0.00284399092 -3.6576705 2.1932621
v 0.103737794 -3.61209774 2.17631674
v 0.0407778397 -4.24613619 2.14450216
v 0.0835728794 -3.58457327 2.28299046
v 0.146474615 -4.27507067 2.12138319
v 0.103737794 -3.61209774 2.17631674
v 0.131112665 -4.32205248 2.22188282
v -0.0524156168 -4.48519516 2.01833963
v 0.131112665 -4.32205248 2.22188282
v 0.0254158899 -4.29311895 2.24500227
v -0.117218427 -4.42792702 2.08564186
v 0.0407778397 -4.24613619 2.14450216
v -0.0609622374 -4.35261297 2.02932549
v -0.117218427 -4.42792702 2.08564186
v 0.0254158899 -4.29311895 2.24500227
v 0.00384046882 -4.40988064 1.9620229
v 0.0407778397 -4.24613619 2.14450216
v 0.146474615 -4.27507067 2.12138319
v -0.0609622374 -4.35261297 2.02932549
v 0.146474615 -4.27507067 2.12138319
v -0.0524156168 -4.48519516 2.01833963
v 0.00384046882 -4.40988064 1.9620229
v 0.131112665 -4.32205248 2.22188282
v -0.0524156168 -4.48519516 2.01833963
v -0.27755478 -4.28812551 1.94903553
v -0.257389724 -4.31564951 1.84236157
v -0.117218427 -4.42792702 2.08564186
v -0.117218427 -4.42792702 2.08564186
v -0.176661044 -4.24255228 1.93209016
v -0.27755478 -4.28812551 1.94903553
v -0.0609622374 -4.35261297 2.02932549
v 0.00384046882 -4.40988064 1.9620229
v -0.156495929 -4.27007771 1.82541645
v -0.176661044 -4.24255228 1.93209016
v -0.0609622374 -4.35261297 2.02932549
v -0.156495929 -4.27007771 1.82541645
v 0.00384046882 -4.40988064 1.9620229
v -0.0524156168 -4.48519516 2.01833963
v -0.257389724 -4.31564951 1.84236157
v 0.98347795 -3.59686136 0.475952744
v 0.947472811 -4.30043936 0.586506724
v 0.958458066 -3.63391352 0.586506724
v 0.971258104 -4.33829498 0.475952744
v 0.958458066 -3.63391352 0.586506724
v 1.05802453 -4.26479721 0.559507012
v 1.06777525 -3.67317915 0.559507012
v 0.947472811 -4.30043936 0.586506724
v 1.09279478 -3.63612747 0.44895339
v 1.05802453 -4.26479721 0.559507012
v 1.08180952 -4.30265331 0.44895339
v 1.06777525 -3.67317915 0.559507012
v 0.971258104 -4.33829498 0.475952744
v 1.09279478 -3.63612747 0.44895339
v 1.08180952 -4.30265331 0.44895339
v 0.98347795 -3.59686136 0.475952744
v 0.958458066 -3.63391352 0.586506724
v 1.18048537 -3.43282938 0.665713191
v 0.98347795 -3.59686136 0.475952744
v 1.11221862 -3.49836755 0.734489679
v 1.11221862 -3.49836755 0.734489679
v 0.958458066 -3.63391352 0.586506724
v 1.06777525 -3.67317915 0.559507012
v 1.17828858 -3.56612158 0.665713191
v 1.24655545 -3.5005815 0.596936703
v 1.06777525 -3.67317915 0.559507012
v 1.09279478 -3.63612747 0.44895339
v 1.17828858 -3.56612158 0.665713191
v 1.09279478 -3.63612747 0.44895339
v 1.18048537 -3.43282938 0.665713191
v 1.24655545 -3.5005815 0.596936703
v 0.98347795 -3.59686136 0.475952744
v 1.18048537 -3.43282938 0.665713191
v 1.26142883 -3.63890696 0.882472754
v 1.37198043 -3.60326481 0.855473518
v 1.11221862 -3.49836755 0.734489679
v 1.28521419 -3.67676258 0.77191925
v 1.11221862 -3.49836755 0.734489679
v 1.17828858 -3.56612158 0.665713191
v 1.26142883 -3.63890696 0.882472754
v 1.24655545 -3.5005815 0.596936703
v 1.39576519 -3.64112091 0.744919777
v 1.28521419 -3.67676258 0.77191925
v 1.17828858 -3.56612158 0.665713191
v 1.18048537 -3.43282938 0.665713191
v 1.39576519 -3.64112091 0.744919777
v 1.24655545 -3.5005815 0.596936703
v 1.37198043 -3.60326481 0.855473518
v 1.26142883 -3.63890696 0.882472754
v 1.35976064 -4.34469843 0.855473518
v 1.37198043 -3.60326481 0.855473518
v 1.25044358 -4.3054328 0.882472754
v 1.25044358 -4.3054328 0.882472754
v 1.26142883 -3.63890696 0.882472754
v 1.28521419 -3.67676258 0.77191925
v 1.27546346 -4.26838064 0.77191925
v 1.39576519 -3.64112091 0.744919777
v 1.38477993 -4.30764675 0.744919777
v 1.27546346 -4.26838064 0.77191925
v 1.28521419 -3.67676258 0.77191925
v 1.35976064 -4.34469843 0.855473518
v 1.39576519 -3.64112091 0.744919777
v 1.37198043 -3.60326481 0.855473518
v 1.38477993 -4.30764675 0.744919777
v 1.16275311 -4.50873089 0.665713191
v 1.35976064 -4.34469843 0.855473518
v 1.25044358 -4.3054328 0.882472754
v 1.09668314 -4.4409771 0.734489679
v 1.27546346 -4.26838064 0.77191925
v 1.16494989 -4.37543774 0.665713191
v 1.09668314 -4.4409771 0.734489679
v 1.25044358 -4.3054328 0.882472754
v 1.27546346 -4.26838064 0.77191925
v 1.23101997 -4.44319105 0.596936703
v 1.16494989 -4.37543774 0.665713191
v 1.38477993 -4.30764675 0.744919777
v 1.38477993 -4.30764675 0.744919777
v 1.16275311 -4.50873089 0.665713191
v 1.23101997 -4.44319105 0.596936703
v 1.35976064 -4.34469843 0.855473518
v 1.16275311 -4.50873089 0.665713191
v 0.947472811 -4.30043936 0.586506724
v 0.971258104 -4.33829498 0.475952744
v 1.09668314 -4.4409771 0.734489679
v 1.09668314 -4.4409771 0.734489679
v 1.05802453 -4.26479721 0.559507012
v 0.947472811 -4.30043936 0.586506724
v 1.16494989 -4.37543774 0.665713191
v 1.23101997 -4.44319105 0.596936703
v 1.08180952 -4.30265331 0.44895339
v 1.05802453 -4.26479721 0.559507012
v 1.16494989 -4.37543774 0.665713191
v 1.08180952 -4.30265331 0.44895339
v 1.23101997 -4.44319105 0.596936703
v 1.16275311 -4.50873089 0.665713191
v 0.971258104 -4.33829498 0.475952744
v 2.22921538 -0.16118288 7.14589024
v 2.23270822 0.0507480502 7.3853426
v 2.22944069 -0.147501528 7.3853426
v 2.23403931 0.131496072 7.14589024
v 2.2444303 0.76196748 7.14589024
v 2.23837709 0.394690543 7.46691513
v 2.23655415 0.284084082 7.14589024
v 2.24260736 0.651361465 7.46691513
v 2.24827576 0.995304227 7.3853426
v 2.25176883 1.20723534 7.14589024
v 2.25154328 1.19355392 7.3853426
v 2.24694514 0.914556205 7.14589024
v 2.2444303 0.76196748 7.14589024
v 2.24407268 0.740298629 6.2840991
v 2.24694514 0.914556205 7.14589024
v 2.24049163 0.52302599 6.26704025
v 2.24049163 0.52302599 6.26704025
v 2.2444303 0.76196748 7.14589024
v 2.23655415 0.284084082 7.14589024
v 2.23403931 0.131496072 7.14589024
v 2.23691082 0.305753618 6.2840991
v 2.23655415 0.284084082 7.14589024
v 2.24049163 0.52302599 6.26704025
v 2.24694514 0.914556205 7.14589024
v 2.24958539 1.07474911 6.31914282
v 2.25176883 1.20723534 7.14589024
v 2.24407268 0.740298629 6.2840991
v 2.22921538 -0.16118288 7.14589024
v 2.23139906 -0.0286965966 6.31914282
v 2.23403931 0.131496072 7.14589024
v 2.23691082 0.305753618 6.2840991
v 1.84952724 -0.141240001 7.37521887
v 2.22944069 -0.147501528 7.3853426
v 1.85279477 0.0570095479 7.37521887
v 2.23270822 0.0507480502 7.3853426
v 2.23139906 -0.0286965966 6.31914282
v 2.22921538 -0.16118288 7.14589024
v 1.8493017 -0.154921353 7.13576746
v 1.85148561 -0.0224350691 6.309021
v 2.23139906 -0.0286965966 6.31914282
v 1.85148561 -0.0224350691 6.309021
v 2.23691082 0.305753618 6.2840991
v 1.85699785 0.312015116 6.27397585
v 1.87185514 1.21349692 7.13576746
v 2.24958539 1.07474911 6.31914282
v 1.86967194 1.08101058 6.309021
v 2.25176883 1.20723534 7.14589024
v 1.85412538 0.137757599 7.13576746
v 2.23403931 0.131496072 7.14589024
v 1.85664034 0.290345609 7.13576746
v 2.23655415 0.284084082 7.14589024
v 2.24260736 0.651361465 7.46691513
v 1.85846364 0.400952041 7.45679283
v 2.23837709 0.394690543 7.46691513
v 1.86269391 0.657622933 7.45679283
v 1.8645165 0.768229008 7.13576746
v 2.24694514 0.914556205 7.14589024
v 1.86703134 0.920817733 7.13576746
v 2.2444303 0.76196748 7.14589024
v 1.86836231 1.00156569 7.37521887
v 2.24827576 0.995304227 7.3853426
v 1.87162971 1.19981551 7.37521887
v 2.25154328 1.19355392 7.3853426
v 2.24407268 0.740298629 6.2840991
v 1.86967194 1.08101058 6.309021
v 2.24958539 1.07474911 6.31914282
v 1.8641597 0.746560097 6.27397585
v 1.85279477 0.0570095479 7.37521887
v 2.23403931 0.131496072 7.14589024
v 1.85412538 0.137757599 7.13576746
v 2.23270822 0.0507480502 7.3853426
v 2.22944069 -0.147501528 7.3853426
v 1.84952724 -0.141240001 7.37521887
v 2.22921538 -0.16118288 7.14589024
v 1.8493017 -0.154921353 7.13576746
v 2.23837709 0.394690543 7.46691513
v 1.85846364 0.400952041 7.45679283
v 2.23655415 0.284084082 7.14589024
v 1.85664034 0.290345609 7.13576746
v 1.86269391 0.657622933 7.45679283
v 2.2444303 0.76196748 7.14589024
v 1.8645165 0.768229008 7.13576746
v 2.24260736 0.651361465 7.46691513
v 2.24827576 0.995304227 7.3853426
v 1.86836231 1.00156569 7.37521887
v 2.24694514 0.914556205 7.14589024
v 1.86703134 0.920817733 7.13576746
v 1.87162971 1.19981551 7.37521887
v 2.25176883 1.20723534 7.14589024
v 1.87185514 1.21349692 7.13576746
v 2.25154328 1.19355392 7.3853426
v 1.8641597 0.746560097 6.27397585
v 2.24049163 0.52302599 6.26704025
v 1.86057878 0.529287457 6.25691843
v 2.24407268 0.740298629 6.2840991
v 1.86057878 0.529287457 6.25691843
v 2.24049163 0.52302599 6.26704025
v 1.85699785 0.312015116 6.27397585
v 2.23691082 0.305753618 6.2840991
v 1.88425052 0.528897762 9.43004417
v 1.85429347 -1.28881478 8.21282768
v 1.91420996 2.34661078 8.21282768
v 1.91421008 2.34660983 2.60291719
v 1.89970016 1.46624768 -0.21098797
v 1.91420972 2.34661007 -0.21098797
v 1.89970052 1.46624756 2.60291815
v 1.85429347 -1.28881478 8.21282768
v 1.89970052 1.46624756 2.60291815
v 1.91420996 2.34661078 8.21282768
v 1.86880291 -0.408452511 2.60291815
v 1.85429323 -1.28881478 2.60291719
v 1.86880255 -0.408452511 -0.21098797
v 1.86880291 -0.408452511 2.60291815
v 1.85429287 -1.28881502 -0.21098797
v 1.86880291 -0.408452511 2.60291815
v 1.85429347 -1.28881478 8.21282768
v 1.85429323 -1.28881478 2.60291719
v 1.89970052 1.46624756 2.60291815
v 1.91421008 2.34660983 2.60291719
v 1.91420996 2.34661078 8.21282768
v 1.88189483 2.27421618 2.63399363
v 1.91083658 4.03023815 -0.1354101
v 1.91083658 4.03023815 2.63399363
v 1.88189483 2.27421618 -0.1354101
v -3.74766302 -0.441482127 3.51842833
v -1.83073485 -0.473075807 1.16738617
v -1.83073533 -0.473075807 4.0567379
v -3.74766326 -0.441482127 1.16738629
v -1.78113115 -1.22889781 2.61860085
v 1.85429287 -1.28881502 -0.21098797
v 1.85429323 -1.28881478 2.61860037
v -1.78113174 -1.22889781 -0.210987702
v 0.0569245182 4.43091345 3.83138752
v 0.732140303 2.08968616 3.83024931
v 0.770533085 4.41915226 3.83138752
v 0.018531695 2.10144734 3.83024931
v 0.732143044 2.08984923 3.63869047
v 0.770533085 4.41915226 3.83138752
v 0.732140303 2.08968616 3.83024931
v 0.770536005 4.41931486 3.63982868
v 0.770533085 4.41915226 3.83138752
v 0.0569275022 4.43107605 3.63982821
v 0.0569245182 4.43091345 3.83138752
v 0.770536005 4.41931486 3.63982868
v 0.0185343642 2.10161042 3.63868999
v 0.0569275022 4.43107605 3.63982821
v 0.732143044 2.08984923 3.63869047
v 0.770536005 4.41931486 3.63982868
v 0.0569245182 4.43091345 3.83138752
v 0.0185343642 2.10161042 3.63868999
v 0.018531695 2.10144734 3.83024931
v 0.0569275022 4.43107605 3.63982821
v 0.769943655 4.38690519 3.78467989
v 1.52398503 2.0766356 3.78354073
v 1.56270051 4.4257021 3.78467989
v 0.732082367 2.08968711 3.7835412
v 1.52398765 2.07679844 3.63869047
v 1.56270051 4.4257021 3.78467989
v 1.52398503 2.0766356 3.78354073
v 1.56270373 4.42586565 3.63982868
v 1.56270051 4.4257021 3.78467989
v 0.769946575 4.38706827 3.63982821
v 0.769943655 4.38690519 3.78467989
v 1.56270373 4.42586565 3.63982868
v 0.732085109 2.08985019 3.63869047
v 0.769946575 4.38706827 3.63982821
v 1.52398765 2.07679844 3.63869047
v 1.56270373 4.42586565 3.63982868
v 0.769943655 4.38690519 3.78467989
v 0.732085109 2.08985019 3.63869047
v 0.732082367 2.08968711 3.7835412
v 0.769946575 4.38706827 3.63982821
v 2.48038554 4.48499537 3.83138752
v 1.53574932 2.07644153 3.83024931
v 2.44044375 2.06153107 3.83024931
v 1.57569098 4.49990606 3.83138657
v 2.44044638 2.06169391 3.63868999
v 2.48038554 4.48499537 3.83138752
v 2.44044375 2.06153107 3.83024931
v 2.4803884 4.48515797 3.63982868
v 2.48038554 4.48499537 3.83138752
v 1.57569456 4.50006866 3.63982868
v 1.57569098 4.49990606 3.83138657
v 2.4803884 4.48515797 3.63982868
v 1.53575194 2.0766046 3.63869047
v 1.57569456 4.50006866 3.63982868
v 2.44044638 2.06169391 3.63868999
v 2.4803884 4.48515797 3.63982868
v 1.57569098 4.49990606 3.83138657
v 1.53575194 2.0766046 3.63869047
v 1.53574932 2.07644153 3.83024931
v 1.57569456 4.50006866 3.63982868
v 2.38930726 3.53640604 4.21695805
v 2.24143815 2.95848513 4.21695805
v 2.37974477 2.95620561 4.21695805
v 2.25100064 3.53868556 4.21695805
v 2.39128947 3.65667892 4.09666777
v 2.25298285 3.65895844 3.7532835
v 2.25298285 3.65895844 4.09666872
v 2.39128971 3.65667892 3.75328207
v 2.37776256 2.83593273 4.09666777
v 2.23945594 2.83821225 3.7532835
v 2.37776279 2.83593273 3.75328207
v 2.23945594 2.83821225 4.09666872
v 2.23945594 2.83821225 3.7532835
v 2.23945594 2.83821225 4.09666872
v 2.25298285 3.65895844 3.7532835
v 2.23945594 2.83821225 4.09666872
v 2.24143815 2.95848513 4.21695805
v 2.25298285 3.65895844 3.7532835
v 2.24143815 2.95848513 4.21695805
v 2.25100064 3.53868556 4.21695805
v 2.25298285 3.65895844 3.7532835
v 2.25100064 3.53868556 4.21695805
v 2.25298285 3.65895844 4.09666872
v 2.25298285 3.65895844 3.7532835
v 2.24143815 2.95848513 4.21695805
v 2.23945594 2.83821225 4.09666872
v 2.37974477 2.95620561 4.21695805
v 2.37776256 2.83593273 4.09666777
v 2.39128947 3.65667892 4.09666777
v 2.25298285 3.65895844 4.09666872
v 2.25100064 3.53868556 4.21695805
v 2.38930726 3.53640604 4.21695805
v 2.39128971 3.65667892 3.75328207
v 2.39128947 3.65667892 4.09666777
v 2.37776279 2.83593273 3.75328207
v 2.39128947 3.65667892 4.09666777
v 2.38930726 3.53640604 4.21695805
v 2.37776279 2.83593273 3.75328207
v 2.38930726 3.53640604 4.21695805
v 2.37974477 2.95620561 4.21695805
v 2.37776279 2.83593273 3.75328207
v 2.37974477 2.95620561 4.21695805
v 2.37776256 2.83593273 4.09666777
v 2.37776279 2.83593273 3.75328207
v 2.09967637 4.1466012 3.66087198
v 1.90691996 4.09055185 -0.229556903
v 1.90691972 4.09055185 3.66087198
v 2.09967661 4.1466012 -0.22955735
v 2.09967637 4.1466012 3.66087198
v 2.21127486 4.0676651 -0.229556918
v 2.09967661 4.1466012 -0.22955735
v 2.2112751 4.0676651 3.66087198
v 2.19871306 3.93154907 3.66087198
v 2.21127486 4.0676651 -0.229556918
v 2.2112751 4.0676651 3.66087198
v 2.19871354 3.93154907 -0.229556918
v 2.19871306 3.93154907 3.66087198
v 2.07455301 3.87436962 -0.229556903
v 2.19871354 3.93154907 -0.229556918
v 2.07455254 3.87436962 3.66087294
v 2.09967637 4.1466012 3.66087198
v 1.90691972 4.09055185 3.66087198
v 2.2112751 4.0676651 3.66087198
v 1.89401031 3.93334079 3.66087198
v 2.07455254 3.87436962 3.66087294
v 1.90691972 4.09055185 3.66087198
v 2.19871306 3.93154907 3.66087198
v 2.2112751 4.0676651 3.66087198
v 2.07455254 3.87436962 3.66087294
v 1.90691972 4.09055185 3.66087198
v 2.07455254 3.87436962 3.66087294
v 2.2112751 4.0676651 3.66087198
v 1.89401031 3.93334079 3.66087198
v 2.07455301 3.87436962 -0.229556903
v 2.07455254 3.87436962 3.66087294
v 1.89401031 3.93334079 -0.229556903
v 1.90691972 4.09055185 3.66087198
v 1.89401031 3.93334079 -0.229556903
v 1.89401031 3.93334079 3.66087198
v 1.90691996 4.09055185 -0.229556903
v -0.439003259 -3.58594656 2.42804766
v 2.02770209 -3.62660217 -0.363600641
v 1.93529344 -3.72631121 -0.443584621
v -0.531412542 -3.68565655 2.34806395
v 2.1379354 -3.68257856 -0.265649676
v -0.439003259 -3.58594656 2.42804766
v -0.328770757 -3.6419239 2.52599812
v 2.02770209 -3.62660217 -0.363600641
v -0.328770757 -3.6419239 2.52599812
v 2.15575862 -3.8382659 -0.247683123
v 2.1379354 -3.68257856 -0.265649676
v -0.310948014 -3.79761076 2.54396486
v 2.06334901 -3.93797445 -0.32766667
v -0.310948014 -3.79761076 2.54396486
v -0.403357267 -3.89732122 2.46398163
v 2.15575862 -3.8382659 -0.247683123
v -0.439003259 -3.58594656 2.42804766
v -0.531412542 -3.68565655 2.34806395
v -0.328770757 -3.6419239 2.52599812
v -0.513589382 -3.8413434 2.36603165
v -0.403357267 -3.89732122 2.46398163
v -0.531412542 -3.68565655 2.34806395
v -0.310948014 -3.79761076 2.54396486
v -0.328770757 -3.6419239 2.52599812
v -0.403357267 -3.89732122 2.46398163
v -0.531412542 -3.68565655 2.34806395
v -0.403357267 -3.89732122 2.46398163
v -0.328770757 -3.6419239 2.52599812
v -0.513589382 -3.8413434 2.36603165
v 1.95311642 -3.88199759 -0.425617188
v 2.06334901 -3.93797445 -0.32766667
v -0.403357267 -3.89732122 2.46398163
v 1.95311642 -3.88199759 -0.425617188
v -0.531412542 -3.68565655 2.34806395
v 1.93529344 -3.72631121 -0.443584621
v -0.513589382 -3.8413434 2.36603165
v -0.350002319 -3.97937918 2.32730818
v 2.02124381 -4.0184617 -0.363600641
v 1.92883515 -4.11816931 -0.443584621
v -0.442411572 -4.07908773 2.24732542
v 2.13147688 -4.07443666 -0.265649676
v -0.350002319 -3.97937918 2.32730818
v -0.239769846 -4.03535509 2.42525864
v 2.02124381 -4.0184617 -0.363600641
v -0.239769846 -4.03535509 2.42525864
v 2.1493001 -4.23012447 -0.247683123
v 2.13147688 -4.07443666 -0.265649676
v -0.221946746 -4.19104385 2.44322586
v 2.05689049 -4.32983446 -0.32766667
v -0.221946746 -4.19104385 2.44322586
v -0.314355999 -4.2907548 2.36324167
v 2.1493001 -4.23012447 -0.247683123
v -0.350002319 -3.97937918 2.32730818
v -0.442411572 -4.07908773 2.24732542
v -0.239769846 -4.03535509 2.42525864
v -0.424588442 -4.23477554 2.26529169
v -0.314355999 -4.2907548 2.36324167
v -0.442411572 -4.07908773 2.24732542
v -0.442411572 -4.07908773 2.24732542
v -0.314355999 -4.2907548 2.36324167
v -0.239769846 -4.03535509 2.42525864
v -0.314355999 -4.2907548 2.36324167
v -0.221946746 -4.19104385 2.44322586
v -0.239769846 -4.03535509 2.42525864
v -0.424588442 -4.23477554 2.26529169
v 1.94665802 -4.27385664 -0.425617188
v 2.05689049 -4.32983446 -0.32766667
v -0.314355999 -4.2907548 2.36324167
v 1.94665802 -4.27385664 -0.425617188
v -0.442411572 -4.07908773 2.24732542
v 1.92883515 -4.11816931 -0.443584621
v -0.424588442 -4.23477554 2.26529169
v -0.29916662 -1.28677344 2.04162788
v -1.07366157 -4.51653528 2.04009151
v -0.352593213 -4.52841949 2.04009199
v -1.02023447 -1.27488923 2.04162788
v -0.352593213 -4.52841949 2.04009199
v -1.07366157 -4.51653528 2.04009151
v -1.07365847 -4.51635265 1.82079494
v -0.352590412 -4.52823687 1.82079518
v -0.352590412 -4.52823687 1.82079518
v -0.29916662 -1.28677344 2.04162788
v -0.352593213 -4.52841949 2.04009199
v -0.299163371 -1.28658938 1.82233155
v -1.07365847 -4.51635265 1.82079494
v -1.02023149 -1.27470517 1.82233131
v -0.352590412 -4.52823687 1.82079518
v -0.299163371 -1.28658938 1.82233155
v -1.02023447 -1.27488923 2.04162788
v -1.07365847 -4.51635265 1.82079494
v -1.07366157 -4.51653528 2.04009151
v -1.02023149 -1.27470517 1.82233131
v -1.89255834 -1.23331547 2.04162788
v -1.19776559 -4.5518074 2.04009199
v -1.14327574 -1.2456646 2.04162788
v -1.94704771 -4.53945827 2.04009199
v -1.19776559 -4.5518074 2.04009199
v -1.94704771 -4.53945827 2.04009199
v -1.94704461 -4.53927517 1.82079566
v -1.19776249 -4.5516243 1.82079542
v -1.19776249 -4.5516243 1.82079542
v -1.14327574 -1.2456646 2.04162788
v -1.19776559 -4.5518074 2.04009199
v -1.14327252 -1.24548078 1.82233131
v -1.94704461 -4.53927517 1.82079566
v -1.89255488 -1.23313165 1.82233155
v -1.19776249 -4.5516243 1.82079542
v -1.14327252 -1.24548078 1.82233131
v -1.89255834 -1.23331547 2.04162788
v -1.94704461 -4.53927517 1.82079566
v -1.94704771 -4.53945827 2.04009199
v -1.89255488 -1.23313165 1.82233155
v -1.98488641 -1.1282146 2.04162788
v -2.74556756 -4.48271847 2.04009199
v -2.04036474 -4.49434137 2.04009151
v -2.69008946 -1.11659193 2.04162788
v -2.04036474 -4.49434137 2.04009151
v -2.74556756 -4.48271847 2.04009199
v -2.74556494 -4.48253489 1.82079566
v -2.04036164 -4.49415779 1.82079566
v -2.04036164 -4.49415779 1.82079566
v -1.98488641 -1.1282146 2.04162788
v -2.04036474 -4.49434137 2.04009151
v -1.98488331 -1.12803102 1.82233155
v -2.74556494 -4.48253489 1.82079566
v -1.98488331 -1.12803102 1.82233155
v -2.04036164 -4.49415779 1.82079566
v -2.69008613 -1.11640835 1.82233131
v -2.69008946 -1.11659193 2.04162788
v -2.74556494 -4.48253489 1.82079566
v -2.74556756 -4.48271847 2.04009199
v -2.69008613 -1.11640835 1.82233131
v -2.69598055 -3.96931982 3.01739168
v -2.50982761 -3.91778326 -0.4138183
v -2.69588232 -3.96491814 -0.413818687
v -2.50992537 -3.92218447 3.01742315
v -2.50992537 -3.92218447 3.01742315
v -2.37597966 -4.05534506 -0.4138183
v -2.50982761 -3.91778326 -0.4138183
v -2.37607789 -4.05974674 3.01731014
v -2.37607789 -4.05974674 3.01731014
v -2.42818785 -4.24004173 -0.4138183
v -2.37597966 -4.05534506 -0.4138183
v -2.42828631 -4.24444389 3.01716518
v -2.61434126 -4.29157877 3.01713371
v -2.42818785 -4.24004173 -0.4138183
v -2.42828631 -4.24444389 3.01716518
v -2.61424327 -4.28717709 -0.413818717
v -2.50992537 -3.92218447 3.01742315
v -2.69598055 -3.96931982 3.01739168
v -2.37607789 -4.05974674 3.01731014
v -2.74818945 -4.15401649 3.01724672
v -2.61434126 -4.29157877 3.01713371
v -2.69598055 -3.96931982 3.01739168
v -2.42828631 -4.24444389 3.01716518
v -2.37607789 -4.05974674 3.01731014
v -2.61434126 -4.29157877 3.01713371
v -2.69598055 -3.96931982 3.01739168
v -2.61434126 -4.29157877 3.01713371
v -2.37607789 -4.05974674 3.01731014
v -2.74818945 -4.15401649 3.01724672
v -2.61424327 -4.28717709 -0.413818717
v -2.61434126 -4.29157877 3.01713371
v -2.74809027 -4.14961433 -0.413818687
v -2.69598055 -3.96931982 3.01739168
v -2.74809027 -4.14961433 -0.413818687
v -2.74818945 -4.15401649 3.01724672
v -2.69588232 -3.96491814 -0.413818687
v -3.87176323 -0.114513159 3.51721954
v -4.05084848 -0.196986914 -0.322016925
v -4.05084896 -0.196986318 3.51721954
v -3.87176347 -0.114513695 -0.322016954
v -3.71079731 -0.228368819 3.51721954
v -3.87176347 -0.114513695 -0.322016954
v -3.87176323 -0.114513159 3.51721954
v -3.71079659 -0.228369355 -0.322016954
v -3.72891521 -0.424697816 3.51721954
v -3.71079659 -0.228369355 -0.322016954
v -3.71079731 -0.228368819 3.51721954
v -3.72891474 -0.424698472 -0.322016954
v -3.72891521 -0.424697816 3.51721954
v -3.90800118 -0.50717169 -0.322016954
v -3.72891474 -0.424698472 -0.322016954
v -3.90800142 -0.507170737 3.51721954
v -3.87176323 -0.114513159 3.51721954
v -4.05084896 -0.196986318 3.51721954
v -3.71079731 -0.228368819 3.51721954
v -4.0689683 -0.393315196 3.51721954
v -3.90800142 -0.507170737 3.51721954
v -4.05084896 -0.196986318 3.51721954
v -4.05084896 -0.196986318 3.51721954
v -3.90800142 -0.507170737 3.51721954
v -3.71079731 -0.228368819 3.51721954
v -3.72891521 -0.424697816 3.51721954
v -3.71079731 -0.228368819 3.51721954
v -3.90800142 -0.507170737 3.51721954
v -4.06896734 -0.393315792 -0.322016925
v -3.90800118 -0.50717169 -0.322016954
v -4.0689683 -0.393315196 3.51721954
v -4.0689683 -0.393315196 3.51721954
v -4.05084848 -0.196986914 -0.322016925
v -4.06896734 -0.393315792 -0.322016925
v -4.05084896 -0.196986318 3.51721954
v 1.32512462 0.326456189 9.7198019
v 2.11775279 -1.84639287 8.27868271
v 2.15333891 0.312806487 9.71980095
v 1.28953838 -1.83274269 8.27868462
v 2.11775279 -1.84639287 8.27868271
v 1.28953838 -1.83274269 8.27868462
v 1.29307663 -1.61805558 7.95693541
v 2.12129092 -1.63170528 7.95693445
v 2.15687871 0.527493775 9.39805317
v 2.11775279 -1.84639287 8.27868271
v 2.12129092 -1.63170528 7.95693445
v 2.15333891 0.312806487 9.71980095
v 1.29307663 -1.61805558 7.95693541
v 1.32866335 0.541143715 9.39805317
v 2.12129092 -1.63170528 7.95693445
v 2.15687871 0.527493775 9.39805317
v 1.32866335 0.541143715 9.39805317
v 1.29307663 -1.61805558 7.95693541
v 1.28953838 -1.83274269 8.27868462
v 1.32512462 0.326456189 9.7198019
v 0.455979913 0.384313196 9.65457726
v 0.419022858 -1.85801029 8.14322281
v 1.28419435 0.37066263 9.65457726
v 1.27228689 -1.89483619 8.14329338
v 1.27228689 -1.89483619 8.14329338
v 0.419022858 -1.85801029 8.14322281
v 0.421548367 -1.7047739 7.91357183
v 1.27481246 -1.74160075 7.91364145
v 1.28419435 0.37066263 9.65457726
v 1.27481246 -1.74160075 7.91364145
v 1.28671992 0.523898423 9.42492676
v 1.27228689 -1.89483619 8.14329338
v 0.458505422 0.537549019 9.42492676
v 0.421548367 -1.7047739 7.91357183
v 0.419022858 -1.85801029 8.14322281
v 0.455979913 0.384313196 9.65457726
v 1.28671992 0.523898423 9.42492676
v 1.27481246 -1.74160075 7.91364145
v 0.421548367 -1.7047739 7.91357183
v 0.458505422 0.537549019 9.42492676
v 0.450403988 0.395379305 9.63813782
v -0.634015977 -1.74653339 8.19701672
v 0.414817452 -1.76381946 8.19701672
v -0.598430157 0.412665516 9.63813591
v 0.414817452 -1.76381946 8.19701672
v -0.634015977 -1.74653339 8.19701672
v -0.63137573 -1.58633757 7.9569335
v 0.417457789 -1.60362363 7.95693445
v 0.453044236 0.555575132 9.39805222
v 0.414817452 -1.76381946 8.19701672
v 0.417457789 -1.60362363 7.95693445
v 0.450403988 0.395379305 9.63813782
v -0.595789135 0.572861314 9.39805222
v -0.63137573 -1.58633757 7.9569335
v -0.634015977 -1.74653339 8.19701672
v -0.598430157 0.412665516 9.63813591
v -0.595789135 0.572861314 9.39805222
v 0.417457789 -1.60362363 7.95693445
v -0.63137573 -1.58633757 7.9569335
v 0.453044236 0.555575132 9.39805222
v -0.593306541 0.511933029 9.6482563
v -1.16395962 -1.69078207 8.17221642
v -0.629755139 -1.69958663 8.17221642
v -1.12751091 0.520737231 9.64825535
v -0.629755139 -1.69958663 8.17221642
v -1.16395962 -1.69078207 8.17221642
v -1.16131902 -1.53058624 7.9321332
v -0.627114892 -1.5393908 7.93213415
v -0.590666354 0.672128677 9.40817356
v -0.629755139 -1.69958663 8.17221642
v -0.627114892 -1.5393908 7.93213415
v -0.593306541 0.511933029 9.6482563
v -1.12487066 0.680933118 9.40817165
v -1.16131902 -1.53058624 7.9321332
v -1.16395962 -1.69078207 8.17221642
v -1.12751091 0.520737231 9.64825535
v -1.15156662 -1.68371892 7.88623476
v -1.11423433 0.581405997 9.39805222
v -1.1545372 -1.86399007 8.1564064
v -1.1172055 0.401134491 9.66822338
v -2.19975758 -1.84676337 8.1564064
v -2.15945363 0.598632693 9.39805222
v -2.19678664 -1.66649222 7.88623667
v -2.16242576 0.418360949 9.66822338
v -2.19678664 -1.66649222 7.88623667
v -1.1545372 -1.86399007 8.1564064
v -2.19975758 -1.84676337 8.1564064
v -1.15156662 -1.68371892 7.88623476
v -1.1172055 0.401134491 9.66822338
v -2.19975758 -1.84676337 8.1564064
v -1.1545372 -1.86399007 8.1564064
v -2.16242576 0.418360949 9.66822338
v -1.15156662 -1.68371892 7.88623476
v -2.15945363 0.598632693 9.39805222
v -1.11423433 0.581405997 9.39805222
v -2.19678664 -1.66649222 7.88623667
v -2.19819617 0.33682245 9.81903076
v 2.32272887 0.262311339 9.09692574
v 2.3227303 0.26231131 9.81903076
v -2.19819665 0.33682245 9.09692669
v -2.18964934 0.855400324 9.81903076
v -2.19819665 0.33682245 9.09692669
v -2.19819617 0.33682245 9.81903076
v -2.18964982 0.855400383 9.09692669
v -2.18964934 0.855400324 9.81903076
v 2.3312757 0.780889273 9.09692574
v -2.18964982 0.855400383 9.09692669
v 2.33127713 0.780889273 9.81903076
v 2.33127713 0.780889273 9.81903076
v 2.32272887 0.262311339 9.09692574
v 2.3312757 0.780889273 9.09692574
v 2.3227303 0.26231131 9.81903076
v -2.18964982 0.855400383 9.09692669
v 2.3312757 0.780889273 9.09692574
v -2.19819665 0.33682245 9.09692669
v 2.32272887 0.262311339 9.09692574
v -2.19819617 0.33682245 9.81903076
v 2.33127713 0.780889273 9.81903076
v -2.18964934 0.855400324 9.81903076
v 2.3227303 0.26231131 9.81903076
v 2.17224121 2.84108686 8.19701672
v 1.18207181 0.697620928 9.63813782
v 2.13665485 0.681888282 9.63813686
v 1.21765757 2.85681963 8.19701672
v 1.21765757 2.85681963 8.19701672
v 2.17224121 2.84108686 8.19701672
v 2.16960096 2.68089056 7.95693445
v 1.21501732 2.69662333 7.95693445
v 2.13401461 0.521692872 9.39805222
v 2.16960096 2.68089056 7.95693445
v 2.17224121 2.84108686 8.19701672
v 2.13665485 0.681888282 9.63813686
v 1.17943156 0.53742528 9.39805317
v 1.21501732 2.69662333 7.95693445
v 2.13401461 0.521692872 9.39805222
v 2.16960096 2.68089056 7.95693445
v 1.17943156 0.53742528 9.39805317
v 1.21765757 2.85681963 8.19701672
v 1.21501732 2.69662333 7.95693445
v 1.18207181 0.697620928 9.63813782
v 1.26620626 2.77450347 8.19993782
v 0.599236548 0.683457553 9.60252476
v 1.23157156 0.673035741 9.60252476
v 0.633871675 2.78492522 8.19993782
v 0.633871675 2.78492522 8.19993782
v 1.26620626 2.77450347 8.19993782
v 1.26399052 2.64007235 7.99846697
v 0.631656289 2.6504941 7.99846697
v 0.597054005 0.551027894 9.40405273
v 0.633871675 2.78492522 8.19993782
v 0.631656289 2.6504941 7.99846697
v 0.599236548 0.683457553 9.60252476
v 1.22938895 0.54060638 9.40405273
v 1.26399052 2.64007235 7.99846697
v 1.26620626 2.77450347 8.19993782
v 1.23157156 0.673035741 9.60252476
v 1.22938895 0.54060638 9.40405273
v 0.631656289 2.6504941 7.99846697
v 1.26399052 2.64007235 7.99846697
v 0.597054005 0.551027894 9.40405273
v 0.555217624 0.728033781 9.66822433
v 0.592549503 2.99315834 8.1564064
v -0.367920011 3.00898719 8.1564064
v -0.405251801 0.743863404 9.66822338
v -0.408223003 0.563592076 9.39805222
v 0.589578331 2.81288671 7.88623667
v 0.552246392 0.547762156 9.39805317
v -0.370891154 2.82871652 7.88623667
v -0.367920011 3.00898719 8.1564064
v 0.592549503 2.99315834 8.1564064
v 0.589578331 2.81288671 7.88623667
v -0.370891154 2.82871652 7.88623667
v -0.408223003 0.563592076 9.39805222
v -0.367920011 3.00898719 8.1564064
v -0.370891154 2.82871652 7.88623667
v -0.405251801 0.743863404 9.66822338
v 0.552246392 0.547762156 9.39805317
v 0.589578331 2.81288671 7.88623667
v 0.592549503 2.99315834 8.1564064
v 0.555217624 0.728033781 9.66822433
v -0.436627984 2.81993961 8.19993687
v -1.10416996 0.694159329 9.60252285
v -0.471834928 0.683737576 9.60252476
v -1.06896222 2.83036137 8.19993687
v -1.10613227 0.575094104 9.39805222
v -1.07149708 2.67656231 7.99546576
v -0.473797292 0.564672589 9.39805222
v -0.439162761 2.66614056 7.99546671
v -1.06896222 2.83036137 8.19993687
v -0.436627984 2.81993961 8.19993687
v -0.439162761 2.66614056 7.99546671
v -1.07149708 2.67656231 7.99546576
v -1.10416996 0.694159329 9.60252285
v -1.07149708 2.67656231 7.99546576
v -1.10613227 0.575094104 9.39805222
v -1.06896222 2.83036137 8.19993687
v -0.439162761 2.66614056 7.99546671
v -0.471834928 0.683737576 9.60252476
v -0.473797292 0.564672589 9.39805222
v -0.436627984 2.81993961 8.19993687
v -1.96216083 2.81459737 8.18029118
v -1.12515664 0.698762894 9.59064674
v -1.08918631 2.88127923 8.13396549
v -1.99320531 0.713068068 9.58287716
v -1.08918631 2.88127923 8.13396549
v -1.96419334 2.69127536 7.99547148
v -1.96216083 2.81459737 8.18029118
v -1.09121966 2.75795674 7.9491477
v -1.96419334 2.69127536 7.99547148
v -1.99523687 0.589747369 9.39805508
v -1.96216083 2.81459737 8.18029118
v -1.99320531 0.713068068 9.58287716
v -1.08918631 2.88127923 8.13396549
v -1.12688732 0.593759298 9.41220951
v -1.09121966 2.75795674 7.9491477
v -1.12515664 0.698762894 9.59064674
v -1.12688732 0.593759298 9.41220951
v -1.96419334 2.69127536 7.99547148
v -1.09121966 2.75795674 7.9491477
v -1.99523687 0.589747369 9.39805508
v 1.90787423 0.320901513 3.8715148
v 4.58745432 0.446490347 3.87151289
v 1.91471565 0.736002147 3.8715148
v 4.59149885 0.691885054 3.87151289
v 4.59149885 0.691885054 3.87151289
v 1.91471577 0.736002147 3.41770124
v 1.91471565 0.736002147 3.8715148
v 4.59149885 0.691885054 3.41770172
v 1.90787423 0.320901513 3.8715148
v 4.58465719 0.27678442 3.75196123
v 4.10949755 0.284615725 3.87151384
v 1.91471577 0.736002147 3.41770124
v 4.58465719 0.27678442 3.41770172
v 1.90787435 0.320901513 3.41770124
v 4.59149885 0.691885054 3.41770172
v 4.58745432 0.446490347 3.87151289
v 4.10949755 0.284615725 3.87151384
v 4.58465719 0.27678442 3.75196123
v 4.59149885 0.691885054 3.41770172
v 4.58465719 0.27678442 3.75196123
v 4.58465719 0.27678442 3.41770172
v 4.58745432 0.446490347 3.87151289
v 1.90787423 0.320901513 3.8715148
v 4.10949755 0.284615725 3.87151384
v 4.58465719 0.27678442 3.75196123
v 1.90787435 0.320901513 3.41770124
v 4.58465719 0.27678442 3.41770172
v 1.90787423 0.320901513 3.8715148
v 4.58745432 0.446490347 3.87151289
v 4.59149885 0.691885054 3.41770172
v 4.59149885 0.691885054 3.87151289
v 4.58465719 0.27678442 3.75196123
v 2.0103426 0.554803491 3.69672966
v 2.83855748 0.541153371 3.69672966
v 2.26445365 -1.13727069 2.57048655
v 2.83720708 0.459215105 3.81953335
v 2.26310301 -1.21921444 2.69329023
v 2.80939579 -1.22821784 2.69328976
v 2.80939579 -1.22821784 2.69328976
v 2.83855748 0.541153371 3.69672966
v 2.83720708 0.459215105 3.81953335
v 2.81074643 -1.14627385 2.57048702
v 2.80939579 -1.22821784 2.69328976
v 2.26310301 -1.21921444 2.69329023
v 2.26445365 -1.13727069 2.57048655
v 2.81074643 -1.14627385 2.57048702
v 2.26445365 -1.13727069 2.57048655
v 1.98504591 -0.980064929 2.84980345
v 1.98639607 -0.898124993 2.72699881
v 2.26310301 -1.21921444 2.69329023
v 1.98504591 -0.980064929 2.84980345
v 2.0103426 0.554803491 3.69672966
v 1.98639607 -0.898124993 2.72699881
v 2.0089922 0.472864568 3.81953573
v 2.0089922 0.472864568 3.81953573
v 1.98504591 -0.980064929 2.84980345
v 2.26310301 -1.21921444 2.69329023
v 2.0089922 0.472864568 3.81953573
v 2.26310301 -1.21921444 2.69329023
v 2.83720708 0.459215105 3.81953335
v 2.26445365 -1.13727069 2.57048655
v 2.83855748 0.541153371 3.69672966
v 2.81074643 -1.14627385 2.57048702
v 2.0103426 0.554803491 3.69672966
v 2.26445365 -1.13727069 2.57048655
v 1.98639607 -0.898124993 2.72699881
v 2.87202525 -1.1847136 2.54188108
v 2.89983654 0.50271672 3.66812277
v 3.73148608 -1.198879 2.54188108
v 3.75929737 0.488551825 3.66812277
v 3.75794697 0.406612873 3.79092741
v 2.87067485 -1.26665306 2.66468287
v 3.73013568 -1.28081846 2.66468382
v 2.89848614 0.420778185 3.79092646
v 3.73013568 -1.28081846 2.66468382
v 2.87067485 -1.26665306 2.66468287
v 2.87202525 -1.1847136 2.54188108
v 3.73148608 -1.198879 2.54188108
v 3.73013568 -1.28081846 2.66468382
v 3.75929737 0.488551825 3.66812277
v 3.75794697 0.406612873 3.79092741
v 3.73148608 -1.198879 2.54188108
v 2.87067485 -1.26665306 2.66468287
v 2.89983654 0.50271672 3.66812277
v 2.87202525 -1.1847136 2.54188108
v 2.89848614 0.420778185 3.79092646
v 4.44768381 -1.30946612 2.71047449
v 4.18291664 -1.12685418 2.82941055
v 4.28553772 -1.30679369 2.71047354
v 4.45483923 -0.875322282 3.0002346
v 4.47482109 0.337074399 3.54650116
v 4.45483923 -0.875322282 3.0002346
v 4.45683956 -0.753944695 2.81832314
v 4.47282076 0.21569261 3.72841263
v 3.77105165 0.348673284 3.54650021
v 3.75307083 -0.742345631 2.81832218
v 3.7510705 -0.863723218 3.0002346
v 3.76905107 0.227291495 3.72841263
v 3.75307083 -0.742345631 2.81832218
v 3.74591565 -1.17648411 2.52856302
v 3.74391508 -1.29786682 2.71047401
v 3.7510705 -0.863723218 3.0002346
v 4.44768381 -1.30946612 2.71047449
v 4.45683956 -0.753944695 2.81832314
v 4.45483923 -0.875322282 3.0002346
v 4.44968462 -1.18808317 2.52856207
v 4.07442379 -1.30331421 2.71047354
v 4.18491745 -1.00547266 2.64749813
v 4.18291664 -1.12685418 2.82941055
v 4.0764246 -1.18193126 2.52856302
v 4.28753853 -1.18541074 2.52856302
v 4.18291664 -1.12685418 2.82941055
v 4.18491745 -1.00547266 2.64749813
v 4.28553772 -1.30679369 2.71047354
v 4.28553772 -1.30679369 2.71047354
v 4.28753853 -1.18541074 2.52856302
v 4.44768381 -1.30946612 2.71047449
v 4.44968462 -1.18808317 2.52856207
v 4.07442379 -1.30331421 2.71047354
v 3.74391508 -1.29786682 2.71047401
v 3.74591565 -1.17648411 2.52856302
v 4.0764246 -1.18193126 2.52856302
v 4.47282076 0.21569261 3.72841263
v 3.7510705 -0.863723218 3.0002346
v 4.45483923 -0.875322282 3.0002346
v 3.76905107 0.227291495 3.72841263
v 3.7510705 -0.863723218 3.0002346
v 4.18291664 -1.12685418 2.82941055
v 4.45483923 -0.875322282 3.0002346
v 3.7510705 -0.863723218 3.0002346
v 4.07442379 -1.30331421 2.71047354
v 4.18291664 -1.12685418 2.82941055
v 3.74391508 -1.29786682 2.71047401
v 4.0764246 -1.18193126 2.52856302
v 3.74591565 -1.17648411 2.52856302
v 3.75307083 -0.742345631 2.81832218
v 4.18491745 -1.00547266 2.64749813
v 4.44968462 -1.18808317 2.52856207
v 4.18491745 -1.00547266 2.64749813
v 4.45683956 -0.753944695 2.81832314
v 4.28753853 -1.18541074 2.52856302
v 3.75307083 -0.742345631 2.81832218
v 4.45683956 -0.753944695 2.81832314
v 4.18491745 -1.00547266 2.64749813
v 3.75307083 -0.742345631 2.81832218
v 4.47482109 0.337074399 3.54650116
v 4.45683956 -0.753944695 2.81832314
v 3.77105165 0.348673284 3.54650021
v 4.40933847 1.8838017 2.7111702
v 3.72128344 1.8885653 2.71555948
v 4.09625912 2.0586493 2.59794855
v 3.72263408 1.97050691 2.83836365
v 4.38804722 0.591962278 3.75087929
v 4.41068935 1.96574569 2.83397627
v 3.70009828 0.603300869 3.75087929
v 4.41068935 1.96574569 2.83397627
v 4.38669682 0.510022938 3.62807369
v 4.40933847 1.8838017 2.7111702
v 4.38804722 0.591962278 3.75087929
v 4.09760952 2.14059281 2.72075081
v 3.72128344 1.8885653 2.71555948
v 3.72263408 1.97050691 2.83836365
v 4.09625912 2.0586493 2.59794855
v 4.09760952 2.14059281 2.72075081
v 4.41068935 1.96574569 2.83397627
v 4.40933847 1.8838017 2.7111702
v 4.09625912 2.0586493 2.59794855
v 3.72263408 1.97050691 2.83836365
v 4.41068935 1.96574569 2.83397627
v 4.09760952 2.14059281 2.72075081
v 3.72128344 1.8885653 2.71555948
v 4.38669682 0.510022938 3.62807369
v 3.69874763 0.521361649 3.62807465
v 4.40933847 1.8838017 2.7111702
v 3.70815015 2.06319141 2.75596428
v 3.43384385 2.24496722 2.63769007
v 2.70716619 2.25694513 2.63769007
v 3.66873217 0.471244782 3.64112616
v 3.70679951 1.98124719 2.63315916
v 3.70815015 2.06319141 2.75596428
v 3.67008257 0.553186476 3.76393175
v 2.70716619 2.25694513 2.63769007
v 3.43384385 2.24496722 2.63769007
v 3.43249321 2.16302919 2.51488352
v 2.7058239 2.17556453 2.51572227
v 3.43384385 2.24496722 2.63769007
v 3.70815015 2.06319141 2.75596428
v 3.70679951 1.98124719 2.63315916
v 3.43249321 2.16302919 2.51488352
v 2.68661785 0.487992883 3.64196491
v 2.70716619 2.25694513 2.63769007
v 2.7058239 2.17556453 2.51572227
v 2.68796015 0.56937325 3.76393127
v 2.68661785 0.487992883 3.64196491
v 3.70679951 1.98124719 2.63315916
v 3.66873217 0.471244782 3.64112616
v 2.7058239 2.17556453 2.51572227
v 2.71132541 2.31217027 2.6328702
v 1.69567811 0.645043314 3.7509675
v 2.6835804 0.62876153 3.7509656
v 1.72342181 2.32845235 2.6328702
v 1.69356215 0.516679406 3.55858707
v 2.70920968 2.18380427 2.44049215
v 2.68146491 0.500397444 3.55858612
v 1.72130609 2.20008636 2.44049215
v 2.70920968 2.18380427 2.44049215
v 2.6835804 0.62876153 3.7509656
v 2.68146491 0.500397444 3.55858612
v 2.71132541 2.31217027 2.6328702
v 1.72342181 2.32845235 2.6328702
v 2.71132541 2.31217027 2.6328702
v 2.70920968 2.18380427 2.44049215
v 1.72130609 2.20008636 2.44049215
v 1.69567811 0.645043314 3.7509675
v 1.72130609 2.20008636 2.44049215
v 1.69356215 0.516679406 3.55858707
v 1.72342181 2.32845235 2.6328702
v 1.59738278 2.2556057 8.35777092
v 1.79747283 2.04600453 6.67228031
v 1.78706706 2.01036787 8.35776997
v 1.63449049 2.2567203 6.67227983
v 1.77200091 2.51178718 8.35776997
v 1.78452826 2.4768405 6.67228031
v 1.59738278 2.2556057 8.35777092
v 1.63449049 2.2567203 6.67227983
v 2.06960464 2.42487931 8.35776997
v 2.04023957 2.40216732 6.67228031
v 1.77200091 2.51178718 8.35776997
v 1.78452826 2.4768405 6.67228031
v 2.07891607 2.11498594 8.35777092
v 2.04023957 2.40216732 6.67228031
v 2.06960464 2.42487931 8.35776997
v 2.04823995 2.13589573 6.67228174
v 1.78706706 2.01036787 8.35776997
v 2.04823995 2.13589573 6.67228174
v 2.07891607 2.11498594 8.35777092
v 1.79747283 2.04600453 6.67228031
v 1.79747283 2.04600453 6.67228031
v 1.78706741 2.01036787 -0.227180541
v 2.04823995 2.13589573 6.67228174
v 2.07891631 2.11498594 -0.227180138
v 2.04823995 2.13589573 6.67228174
v 2.07891631 2.11498594 -0.227180138
v 2.04023957 2.40216732 6.67228031
v 2.06960583 2.42487931 -0.22718057
v 2.04023957 2.40216732 6.67228031
v 1.7720015 2.51178718 -0.227180541
v 1.78452826 2.4768405 6.67228031
v 2.06960583 2.42487931 -0.22718057
v 1.78452826 2.4768405 6.67228031
v 1.5973829 2.25560546 -0.227180094
v 1.63449049 2.2567203 6.67227983
v 1.7720015 2.51178718 -0.227180541
v 1.63449049 2.2567203 6.67227983
v 1.5973829 2.25560546 -0.227180094
v 1.79747283 2.04600453 6.67228031
v 1.78706741 2.01036787 -0.227180541
v 1.54320216 -1.34020567 8.35777092
v 1.71758652 -1.13619518 2.64788866
v 1.62845719 -1.32419658 2.64788866
v 1.67601514 -1.06006002 8.35777092
v 1.67601514 -1.06006002 8.35777092
v 1.92392838 -1.16286635 2.64788866
v 1.71758652 -1.13619518 2.64788866
v 1.98349154 -1.09980321 8.35776997
v 2.04070926 -1.40451097 8.35776997
v 1.92392838 -1.16286635 2.64788866
v 1.98349154 -1.09980321 8.35776997
v 1.96232557 -1.36735082 2.64788866
v 1.76859629 -1.55308819 8.35777092
v 1.96232557 -1.36735082 2.64788866
v 2.04070926 -1.40451097 8.35776997
v 1.77971554 -1.46705866 2.64788866
v 1.76859629 -1.55308819 8.35777092
v 1.62845719 -1.32419658 2.64788866
v 1.77971554 -1.46705866 2.64788866
v 1.54320216 -1.34020567 8.35777092
v 1.62845719 -1.32419658 2.64788866
v 1.76859498 -1.55308819 -0.227180541
v 1.77971554 -1.46705866 2.64788866
v 1.54320216 -1.34020567 -0.227180526
v 1.76859498 -1.55308819 -0.227180541
v 1.96232557 -1.36735082 2.64788866
v 1.77971554 -1.46705866 2.64788866
v 2.04070807 -1.40451097 -0.227180138
v 2.04070807 -1.40451097 -0.227180138
v 1.92392838 -1.16286635 2.64788866
v 1.96232557 -1.36735082 2.64788866
v 1.98349094 -1.09980297 -0.227180555
v 1.92392838 -1.16286635 2.64788866
v 1.67601514 -1.06006002 -0.227180541
v 1.71758652 -1.13619518 2.64788866
v 1.98349094 -1.09980297 -0.227180555
v 1.71758652 -1.13619518 2.64788866
v 1.54320216 -1.34020567 -0.227180526
v 1.62845719 -1.32419658 2.64788866
v 1.67601514 -1.06006002 -0.227180541
v -1.49882233 -1.36141324 8.32749557
v -1.49882185 -1.36141324 -0.227180302
v -1.53629959 -1.05365324 8.32749557
v -1.53629935 -1.05365324 -0.227180302
v -1.77993822 -1.49215961 8.32749557
v -1.77993774 -1.49215961 -0.227180272
v -1.49882233 -1.36141324 8.32749557
v -1.49882185 -1.36141324 -0.227180302
v -1.99115515 -1.26520562 8.32749557
v -1.99115467 -1.26520562 -0.227180257
v -1.77993822 -1.49215961 8.32749557
v -1.77993774 -1.49215961 -0.227180272
v -1.84057856 -0.994193614 8.32749557
v -1.99115467 -1.26520562 -0.227180257
v -1.99115515 -1.26520562 8.32749557
v -1.84057808 -0.994193614 -0.227180272
v -1.53629959 -1.05365324 8.32749557
v -1.84057808 -0.994193614 -0.227180272
v -1.84057856 -0.994193614 8.32749557
v -1.53629935 -1.05365324 -0.227180302
v -4.59807062 1.80043387 3.44711208
v -1.89037311 -0.672913373 4.32344913
v -1.85035324 1.75514483 4.32344961
v -4.63809204 -0.627623618 3.44711208
v -1.80919623 -0.674251258 4.06885433
v -4.55691528 -0.628961504 3.19251776
v -1.76917601 1.75380683 4.06885481
v -4.51689482 1.79909611 3.19251776
v -4.63809204 -0.627623618 3.44711208
v -4.59807062 1.80043387 3.44711208
v -4.51689482 1.79909611 3.19251776
v -4.55691528 -0.628961504 3.19251776
v -4.63809204 -0.627623618 3.44711208
v -1.80919623 -0.674251258 4.06885433
v -1.89037311 -0.672913373 4.32344913
v -4.55691528 -0.628961504 3.19251776
v -1.76917601 1.75380683 4.06885481
v -4.51689482 1.79909611 3.19251776
v -4.59807062 1.80043387 3.44711208
v -1.85035324 1.75514483 4.32344961
v 1.68697655 -2.91518855 4.19454765
v 1.616009 -3.03355908 -0.413817763
v 1.616009 -3.03355908 4.19454908
v 1.68697667 -2.91518855 -0.413817763
v 1.82497191 -2.91746283 4.19454765
v 1.68697667 -2.91518855 -0.413817763
v 1.68697655 -2.91518855 4.19454765
v 1.8249718 -2.91746283 -0.413817763
v 1.89199924 -3.03810787 4.19454765
v 1.8249718 -2.91746283 -0.413817763
v 1.82497191 -2.91746283 4.19454765
v 1.89199948 -3.03810787 -0.413817763
v 1.82103252 -3.15647864 4.19454765
v 1.89199948 -3.03810787 -0.413817763
v 1.89199924 -3.03810787 4.19454765
v 1.8210324 -3.15647864 -0.413817763
v 1.68697655 -2.91518855 4.19454765
v 1.616009 -3.03355908 4.19454908
v 1.82497191 -2.91746283 4.19454765
v 1.68303716 -3.15420437 4.19454765
v 1.82103252 -3.15647864 4.19454765
v 1.616009 -3.03355908 4.19454908
v 1.616009 -3.03355908 4.19454908
v 1.82103252 -3.15647864 4.19454765
v 1.82497191 -2.91746283 4.19454765
v 1.82103252 -3.15647864 4.19454765
v 1.89199924 -3.03810787 4.19454765
v 1.82497191 -2.91746283 4.19454765
v 1.68303716 -3.15420437 4.19454765
v 1.8210324 -3.15647864 -0.413817763
v 1.82103252 -3.15647864 4.19454765
v 1.68303728 -3.15420437 -0.413817763
v 1.68303716 -3.15420437 4.19454765
v 1.616009 -3.03355908 -0.413817763
v 1.68303728 -3.15420437 -0.413817763
v 1.616009 -3.03355908 4.19454908
v 1.42151785 -3.21020269 2.99973583
v 1.46017146 -1.23065138 2.39800882
v 1.42336214 -3.23773527 2.50750256
v 1.45832765 -1.20311689 2.89024019
v 1.59045517 -3.2132585 3.0005393
v 1.6291095 -1.23370481 2.39881134
v 1.62726521 -1.20617175 2.89104462
v 1.59229946 -3.24079084 2.5083065
v 1.46017146 -1.23065138 2.39800882
v 1.59229946 -3.24079084 2.5083065
v 1.42336214 -3.23773527 2.50750256
v 1.6291095 -1.23370481 2.39881134
v 1.62726521 -1.20617175 2.89104462
v 1.6291095 -1.23370481 2.39881134
v 1.45832765 -1.20311689 2.89024019
v 1.46017146 -1.23065138 2.39800882
v 1.45832765 -1.20311689 2.89024019
v 1.59045517 -3.2132585 3.0005393
v 1.62726521 -1.20617175 2.89104462
v 1.42151785 -3.21020269 2.99973583
v 1.42151785 -3.21020269 2.99973583
v 1.59229946 -3.24079084 2.5083065
v 1.59045517 -3.2132585 3.0005393
v 1.42336214 -3.23773527 2.50750256
v 1.42188156 -3.22620392 2.0221777
v 1.459378 -1.27295971 1.65890038
v 1.42372191 -3.19422984 1.53021395
v 1.45806503 -1.27293825 2.15086317
v 1.59082019 -3.22915363 2.02261782
v 1.62831986 -1.27574396 1.6593405
v 1.62700665 -1.27572274 2.15130424
v 1.59266031 -3.19717956 1.53065455
v 1.459378 -1.27295971 1.65890038
v 1.59266031 -3.19717956 1.53065455
v 1.42372191 -3.19422984 1.53021395
v 1.62831986 -1.27574396 1.6593405
v 1.45806503 -1.27293825 2.15086317
v 1.59082019 -3.22915363 2.02261782
v 1.62700665 -1.27572274 2.15130424
v 1.42188156 -3.22620392 2.0221777
v 1.42372191 -3.19422984 1.53021395
v 1.59082019 -3.22915363 2.02261782
v 1.42188156 -3.22620392 2.0221777
v 1.59266031 -3.19717956 1.53065455
v 1.66522372 -2.92944574 1.85357749
v 1.23112905 -2.93413258 1.38591051
v 1.14046717 -2.93518758 1.84594953
v 1.67088902 -2.92941785 1.26663065
v 1.66736937 -3.09839845 1.85366213
v 1.23327529 -3.10308361 1.38599443
v 1.6730355 -3.09837008 1.26671433
v 1.1426121 -3.10413861 1.84603441
v 1.23112905 -2.93413258 1.38591051
v 1.67088902 -2.92941785 1.26663065
v 1.23327529 -3.10308361 1.38599443
v 1.6730355 -3.09837008 1.26671433
v 1.66522372 -2.92944574 1.85357749
v 1.1426121 -3.10413861 1.84603441
v 1.66736937 -3.09839845 1.85366213
v 1.14046717 -2.93518758 1.84594953
v 0.366386861 -2.94418454 1.37121594
v 1.23112905 -2.93413258 1.38591051
v 0.368532866 -3.11313581 1.37129998
v 1.23327529 -3.10308361 1.38599443
v 1.14046717 -2.93518758 1.84594953
v 0.366386861 -2.94418454 1.37121594
v 0.360721976 -2.94394851 1.83538234
v 1.23112905 -2.93413258 1.38591051
v 1.14046717 -2.93518758 1.84594953
v 0.362867266 -3.11289907 1.83546722
v 1.1426121 -3.10413861 1.84603441
v 0.360721976 -2.94394851 1.83538234
v 0.368532866 -3.11313581 1.37129998
v 1.1426121 -3.10413861 1.84603441
v 0.362867266 -3.11289907 1.83546722
v 1.23327529 -3.10308361 1.38599443
v -0.158226728 -2.94994998 1.25264883
v 0.366386861 -2.94418454 1.37121594
v -0.156080991 -3.11890125 1.25273335
v 0.368532866 -3.11313581 1.37129998
v -0.163892806 -2.94995451 1.82864439
v 0.366386861 -2.94418454 1.37121594
v -0.158226728 -2.94994998 1.25264883
v 0.360721976 -2.94394851 1.83538234
v 0.360721976 -2.94394851 1.83538234
v -0.161748022 -3.11890578 1.82872903
v 0.362867266 -3.11289907 1.83546722
v -0.163892806 -2.94995451 1.82864439
v -0.161748022 -3.11890578 1.82872903
v 0.368532866 -3.11313581 1.37129998
v 0.362867266 -3.11289907 1.83546722
v -0.156080991 -3.11890125 1.25273335
v -0.0581425354 -2.93490148 4.06586599
v -0.201410502 -3.00087929 -0.413818032
v -0.201410919 -3.00087929 4.06586599
v -0.0581423417 -2.93490148 -0.413818032
v -0.0581425354 -2.93490148 4.06586599
v 0.0706306994 -3.02598572 -0.413818032
v -0.0581423417 -2.93490148 -0.413818032
v 0.0706305057 -3.02598572 4.06586647
v 0.0561355948 -3.18304825 4.06586647
v 0.0706306994 -3.02598572 -0.413818032
v 0.0706305057 -3.02598572 4.06586647
v 0.0561355725 -3.18304825 -0.413818032
v -0.0871324986 -3.24902773 4.06586599
v 0.0561355725 -3.18304825 -0.413818032
v 0.0561355948 -3.18304825 4.06586647
v -0.087132521 -3.24902773 -0.413818032
v -0.0581425354 -2.93490148 4.06586599
v -0.201410919 -3.00087929 4.06586599
v 0.0706305057 -3.02598572 4.06586647
v -0.215905756 -3.15794373 4.06586599
v -0.0871324986 -3.24902773 4.06586599
v -0.201410919 -3.00087929 4.06586599
v 0.0561355948 -3.18304825 4.06586647
v 0.0706305057 -3.02598572 4.06586647
v -0.0871324986 -3.24902773 4.06586599
v -0.201410919 -3.00087929 4.06586599
v -0.0871324986 -3.24902773 4.06586599
v 0.0706305057 -3.02598572 4.06586647
v -0.0871324986 -3.24902773 4.06586599
v -0.215905577 -3.15794373 -0.413818032
v -0.087132521 -3.24902773 -0.413818032
v -0.215905756 -3.15794373 4.06586599
v -0.201410919 -3.00087929 4.06586599
v -0.215905577 -3.15794373 -0.413818032
v -0.215905756 -3.15794373 4.06586599
v -0.201410502 -3.00087929 -0.413818032
v -0.257457286 -1.23335099 3.76187849
v 0.473027557 -3.33595967 3.73650265
v 0.507473648 -1.24595809 3.76187992
v -0.291903406 -3.32335258 3.73650265
v -0.291861743 -3.32085681 3.5017705
v 0.507514715 -1.2434628 3.52714682
v 0.473068625 -3.33346391 3.5017705
v -0.257416099 -1.2308557 3.52714634
v 0.473027557 -3.33595967 3.73650265
v -0.291903406 -3.32335258 3.73650265
v -0.291861743 -3.32085681 3.5017705
v 0.473068625 -3.33346391 3.5017705
v -0.291903406 -3.32335258 3.73650265
v -0.257457286 -1.23335099 3.76187849
v -0.257416099 -1.2308557 3.52714634
v -0.291861743 -3.32085681 3.5017705
v 0.473027557 -3.33595967 3.73650265
v 0.507514715 -1.2434628 3.52714682
v 0.507473648 -1.24595809 3.76187992
v 0.473068625 -3.33346391 3.5017705
v 1.21475315 -1.25761557 3.79442883
v 0.506209314 -3.33650661 3.76905298
v 1.18030655 -3.34761667 3.76905298
v 0.540655434 -1.24650502 3.79442883
v 0.506250501 -3.33401084 3.53432035
v 1.21479428 -1.2551198 3.55969667
v 1.18034816 -3.34512091 3.5343194
v 0.540696621 -1.24400973 3.5596962
v 1.18030655 -3.34761667 3.76905298
v 0.506209314 -3.33650661 3.76905298
v 0.506250501 -3.33401084 3.53432035
v 1.18034816 -3.34512091 3.5343194
v 1.18030655 -3.34761667 3.76905298
v 1.21479428 -1.2551198 3.55969667
v 1.21475315 -1.25761557 3.79442883
v 1.18034816 -3.34512091 3.5343194
v 0.506209314 -3.33650661 3.76905298
v 0.540655434 -1.24650502 3.79442883
v 0.540696621 -1.24400973 3.5596962
v 0.506250501 -3.33401084 3.53432035
v 2.00303626 -1.24328637 3.80499554
v 1.21427011 -3.34882069 3.78752899
v 1.96813023 -3.36124539 3.78752804
v 1.24917698 -1.23086143 3.80499697
v 1.21432185 -3.34568214 3.58428144
v 2.003088 -1.24014711 3.60175085
v 1.96818209 -3.35810685 3.5842824
v 1.24922872 -1.22772241 3.6017499
v 1.96813023 -3.36124539 3.78752804
v 1.21427011 -3.34882069 3.78752899
v 1.21432185 -3.34568214 3.58428144
v 1.96818209 -3.35810685 3.5842824
v 1.96818209 -3.35810685 3.5842824
v 2.00303626 -1.24328637 3.80499554
v 1.96813023 -3.36124539 3.78752804
v 2.003088 -1.24014711 3.60175085
v 1.24917698 -1.23086143 3.80499697
v 1.21432185 -3.34568214 3.58428144
v 1.21427011 -3.34882069 3.78752899
v 1.24922872 -1.22772241 3.6017499
v 1.87194669 -1.93667531 4.21695805
v 1.7240777 -2.51459575 4.21695805
v 1.8623842 -2.51687527 4.21695805
v 1.73364019 -1.93439579 4.21695805
v 1.87392902 -1.81640267 4.09666872
v 1.73562253 -1.81412315 3.75328302
v 1.73562253 -1.81412315 4.09666872
v 1.87392938 -1.81640267 3.75328255
v 1.86040199 -2.63714814 4.09666872
v 1.72209549 -2.63486862 3.75328302
v 1.86040235 -2.63714814 3.75328255
v 1.72209549 -2.63486862 4.09666872
v 1.73562253 -1.81412315 3.75328302
v 1.73364019 -1.93439579 4.21695805
v 1.73562253 -1.81412315 4.09666872
v 1.7240777 -2.51459575 4.21695805
v 1.72209549 -2.63486862 4.09666872
v 1.8623842 -2.51687527 4.21695805
v 1.86040199 -2.63714814 4.09666872
v 1.73562253 -1.81412315 4.09666872
v 1.87194669 -1.93667531 4.21695805
v 1.87392902 -1.81640267 4.09666872
v 1.73364019 -1.93439579 4.21695805
v 1.86040235 -2.63714814 3.75328255
v 1.8623842 -2.51687527 4.21695805
v 1.86040199 -2.63714814 4.09666872
v 1.87392938 -1.81640267 3.75328255
v 1.8623842 -2.51687527 4.21695805
v 1.86040235 -2.63714814 3.75328255
v 1.87194669 -1.93667531 4.21695805
v 1.87392938 -1.81640267 3.75328255
v 1.87392902 -1.81640267 4.09666872
v 1.87194669 -1.93667531 4.21695805
v 1.72209549 -2.63486862 3.75328302
v 1.72209549 -2.63486862 4.09666872
v 1.7240777 -2.51459575 4.21695805
v 1.73562253 -1.81412315 3.75328302
v 1.7240777 -2.51459575 4.21695805
v 1.73364019 -1.93439579 4.21695805
v 1.72209549 -2.63486862 3.75328302
v -1.69405067 -4.15607452 1.83767116
v -1.52475166 -4.06155348 -0.413818389
v -1.69422352 -4.15165091 -0.413818359
v -1.52457881 -4.06597471 1.83773816
v -1.36181629 -4.16769457 1.83765209
v -1.52475166 -4.06155348 -0.413818389
v -1.52457881 -4.06597471 1.83773816
v -1.36198807 -4.16327 -0.413818389
v -1.36181629 -4.16769457 1.83765209
v -1.36869729 -4.35508585 -0.413818389
v -1.36198807 -4.16327 -0.413818389
v -1.36852491 -4.35951042 1.83749998
v -1.53799689 -4.44960737 1.83743441
v -1.36869729 -4.35508585 -0.413818389
v -1.36852491 -4.35951042 1.83749998
v -1.53816915 -4.44518375 -0.413818389
v -1.52457881 -4.06597471 1.83773816
v -1.69405067 -4.15607452 1.83767116
v -1.36181629 -4.16769457 1.83765209
v -1.70075965 -4.34789038 1.83751953
v -1.53799689 -4.44960737 1.83743441
v -1.69405067 -4.15607452 1.83767116
v -1.36852491 -4.35951042 1.83749998
v -1.36181629 -4.16769457 1.83765209
v -1.53799689 -4.44960737 1.83743441
v -1.69405067 -4.15607452 1.83767116
v -1.53799689 -4.44960737 1.83743441
v -1.36181629 -4.16769457 1.83765209
v -1.53799689 -4.44960737 1.83743441
v -1.70093215 -4.34346628 -0.413818359
v -1.53816915 -4.44518375 -0.413818389
v -1.70075965 -4.34789038 1.83751953
v -1.69405067 -4.15607452 1.83767116
v -1.70093215 -4.34346628 -0.413818359
v -1.70075965 -4.34789038 1.83751953
v -1.69422352 -4.15165091 -0.413818359
v 2.70716619 2.25694513 2.63769007
v 2.68796015 0.56937325 3.76393127
v 3.70815015 2.06319141 2.75596428
v 3.67008257 0.553186476 3.76393175
v 3.70679951 1.98124719 2.63315916
v 2.7058239 2.17556453 2.51572227
v 3.43249321 2.16302919 2.51488352
v 3.48886418 -0.618306339 2.81528997
v 3.61154461 -0.447877645 -0.285323679
v 3.53729224 -0.619104445 -0.285323679
v 3.57706475 -0.461729646 2.93489647
v 3.57706475 -0.461729646 2.93489647
v 3.78512788 -0.379306376 -0.285323679
v 3.61154461 -0.447877645 -0.285323679
v 3.78479218 -0.399694502 2.98443842
v 3.99036121 -0.468541324 2.93489647
v 3.78512788 -0.379306376 -0.285323679
v 3.78479218 -0.399694502 2.98443842
v 3.95635581 -0.45356065 -0.285323679
v 4.07335329 -0.627939522 2.81528997
v 3.95635581 -0.45356065 -0.285323679
v 3.99036121 -0.468541324 2.93489647
v 4.02492571 -0.627141297 -0.285323739
v 3.98515224 -0.784518898 2.69568253
v 4.02492571 -0.627141297 -0.285323739
v 4.07335329 -0.627939522 2.81528997
v 3.95067286 -0.798371494 -0.285323679
v 3.7774272 -0.846553862 2.6461401
v 3.95067286 -0.798371494 -0.285323679
v 3.98515224 -0.784518898 2.69568253
v 3.77709103 -0.866941273 -0.285323679
v 3.99036121 -0.468541324 2.93489647
v 3.98515224 -0.784518898 2.69568253
v 4.07335329 -0.627939522 2.81528997
v 3.7774272 -0.846553862 2.6461401
v 3.60586166 -0.792688549 -0.285323679
v 3.77709103 -0.866941273 -0.285323679
v 3.57185698 -0.777707279 2.69568205
v 3.57185698 -0.777707279 2.69568205
v 3.53729224 -0.619104445 -0.285323679
v 3.60586166 -0.792688549 -0.285323679
v 3.48886418 -0.618306339 2.81528997
v 3.57706475 -0.461729646 2.93489647
v 3.48886418 -0.618306339 2.81528997
v 3.57185698 -0.777707279 2.69568205
v 3.7774272 -0.846553862 2.6461401
v 3.78479218 -0.399694502 2.98443842
v 3.57706475 -0.461729646 2.93489647
v 3.57185698 -0.777707279 2.69568205
v 3.98515224 -0.784518898 2.69568253
v 3.99036121 -0.468541324 2.93489647
v 3.78479218 -0.399694502 2.98443842
v 3.7774272 -0.846553862 2.6461401
v 3.79977012 1.92770767 2.59841251
v 3.62838721 1.87072611 -0.308364749
v 3.59795141 1.85327697 2.65913773
v 3.79424524 1.96047425 -0.308364749
v 3.79977012 1.92770767 2.59841251
v 3.9749856 1.90665317 -0.308364749
v 3.79424524 1.96047425 -0.308364749
v 4.01323509 1.87776518 2.64547491
v 4.01323509 1.87776518 2.64547491
v 4.06473255 1.7407968 -0.308364779
v 3.9749856 1.90665317 -0.308364749
v 4.11329985 1.73270726 2.77275658
v 4.11329985 1.73270726 2.77275658
v 4.0109148 1.56005836 -0.308364749
v 4.06473255 1.7407968 -0.308364779
v 4.04134941 1.57750273 2.9056983
v 4.04134941 1.57750273 2.9056983
v 3.84505582 1.47031045 -0.308364749
v 4.0109148 1.56005836 -0.308364749
v 3.83953238 1.50307465 2.96642256
v 3.6260674 1.55301929 2.91936016
v 3.84505582 1.47031045 -0.308364749
v 3.83953238 1.50307465 2.96642256
v 3.66431546 1.52412701 -0.308364749
v 4.01323509 1.87776518 2.64547491
v 4.04134941 1.57750273 2.9056983
v 4.11329985 1.73270726 2.77275658
v 3.66431546 1.52412701 -0.308364749
v 3.6260674 1.55301929 2.91936016
v 3.52600098 1.69807506 2.79207802
v 3.57456946 1.68998456 -0.308364749
v 3.57456946 1.68998456 -0.308364749
v 3.52600098 1.69807506 2.79207802
v 3.59795141 1.85327697 2.65913773
v 3.62838721 1.87072611 -0.308364749
v 3.6260674 1.55301929 2.91936016
v 3.59795141 1.85327697 2.65913773
v 3.52600098 1.69807506 2.79207802
v 3.6260674 1.55301929 2.91936016
v 3.79977012 1.92770767 2.59841251
v 3.59795141 1.85327697 2.65913773
v 3.83953238 1.50307465 2.96642256
v 4.01323509 1.87776518 2.64547491
v 3.83953238 1.50307465 2.96642256
v 4.04134941 1.57750273 2.9056983
v 3.79977012 1.92770767 2.59841251
v 3.86211348 1.75398827 1.16440129
v 1.79194856 1.79776239 1.14147544
v 1.79004633 1.68234539 1.18928838
v 3.86036992 1.64822364 1.22171211
v 3.86211348 1.75398827 1.16440129
v 1.79273629 1.84556746 1.02604103
v 1.79194856 1.79776239 1.14147544
v 3.8628366 1.79779673 1.02604091
v 1.79273629 1.84556746 1.02604103
v 3.8628366 1.79779673 1.02604091
v 3.86211348 1.75398827 0.887681007
v 1.79194844 1.79776239 0.910607696
v 1.79004622 1.68234539 0.862794399
v 3.86211348 1.75398827 0.887681007
v 3.86036992 1.64822364 0.830369353
v 1.79194844 1.79776239 0.910607696
v 3.85862637 1.54245543 0.887681723
v 1.78814387 1.5669241 0.910607696
v 1.79004622 1.68234539 0.862794399
v 3.86036992 1.64822364 0.830369353
v 3.85790443 1.49864626 1.02604091
v 1.78735602 1.51911831 1.02604103
v 1.78814387 1.5669241 0.910607696
v 3.85862637 1.54245543 0.887681723
v 1.78814399 1.5669241 1.14147544
v 3.85790443 1.49864626 1.02604091
v 3.85862637 1.54245543 1.16440129
v 1.78735602 1.51911831 1.02604103
v 1.79004633 1.68234539 1.18928838
v 3.85862637 1.54245543 1.16440129
v 3.86036992 1.64822364 1.22171211
v 1.78814399 1.5669241 1.14147544
v 3.82684827 -0.385707378 1.16440129
v 1.75668335 -0.341933668 1.14147544
v 1.75478113 -0.457351565 1.18928838
v 3.82510471 -0.491473377 1.22171211
v 3.82684827 -0.385707378 1.16440129
v 1.7574712 -0.294125974 1.02604103
v 1.75668335 -0.341933668 1.14147544
v 3.82757139 -0.341896951 1.02604091
v 1.7574712 -0.294125974 1.02604103
v 3.82757139 -0.341896951 1.02604091
v 3.82684827 -0.385707378 0.887681007
v 1.75668323 -0.341933668 0.910607696
v 1.75478101 -0.457351565 0.862794399
v 3.82684827 -0.385707378 0.887681007
v 3.82510471 -0.491473377 0.830369353
v 1.75668323 -0.341933668 0.910607696
v 3.82336116 -0.597241819 0.887681723
v 1.75287879 -0.572769582 0.910607696
v 1.75478101 -0.457351565 0.862794399
v 3.82510471 -0.491473377 0.830369353
v 3.82263923 -0.641050041 1.02604091
v 1.75209081 -0.620577872 1.02604103
v 1.75287879 -0.572769582 0.910607696
v 3.82336116 -0.597241819 0.887681723
v 1.7528789 -0.572769582 1.14147544
v 3.82263923 -0.641050041 1.02604091
v 3.82336116 -0.597241819 1.16440129
v 1.75209081 -0.620577872 1.02604103
v 1.75478113 -0.457351565 1.18928838
v 3.82336116 -0.597241819 1.16440129
v 3.82510471 -0.491473377 1.22171211
v 1.7528789 -0.572769582 1.14147544
v 1.64322531 -0.2686221 2.81528997
v 1.60345101 -0.425997615 -0.28532353
v 1.55502439 -0.425199449 2.81528854
v 1.67770493 -0.254769206 -0.28532353
v 1.85095119 -0.206586897 2.81529045
v 1.67770493 -0.254769206 -0.28532353
v 1.64322531 -0.2686221 2.81528997
v 1.8512876 -0.186198115 -0.28532356
v 1.85095119 -0.206586897 2.81529045
v 2.02251554 -0.260452211 -0.28532356
v 1.8512876 -0.186198115 -0.28532356
v 2.0565207 -0.275433779 2.81528997
v 2.0565207 -0.275433779 2.81528997
v 2.09108686 -0.434034526 -0.285323143
v 2.02251554 -0.260452211 -0.28532356
v 2.13951302 -0.434832633 2.81528854
v 2.05131197 -0.591409862 2.81528711
v 2.09108686 -0.434034526 -0.285323143
v 2.13951302 -0.434832633 2.81528854
v 2.01683259 -0.605262816 -0.28532356
v 1.84358644 -0.653444827 2.81528664
v 2.01683259 -0.605262816 -0.28532356
v 2.05131197 -0.591409862 2.81528711
v 1.84325075 -0.673833907 -0.28532356
v 1.84358644 -0.653444827 2.81528664
v 1.67202199 -0.599579871 -0.28532353
v 1.84325075 -0.673833907 -0.28532356
v 1.63801754 -0.584598243 2.81528711
v 1.63801754 -0.584598243 2.81528711
v 1.60345101 -0.425997615 -0.28532353
v 1.67202199 -0.599579871 -0.28532353
v 1.55502439 -0.425199449 2.81528854
v 1.67814577 1.85015869 2.81528997
v 1.63837147 1.69278264 -0.28532353
v 1.58994484 1.69358087 2.81528854
v 1.71262538 1.86401129 -0.28532353
v 1.88587165 1.91219378 2.81529045
v 1.71262538 1.86401129 -0.28532353
v 1.67814577 1.85015869 2.81528997
v 1.88620806 1.93258214 -0.28532356
v 1.88587165 1.91219378 2.81529045
v 2.05743599 1.85832834 -0.28532356
v 1.88620806 1.93258214 -0.28532356
v 2.09144115 1.84334683 2.81528997
v 2.09144115 1.84334683 2.81528997
v 2.12600708 1.68474579 -0.285323143
v 2.05743599 1.85832834 -0.28532356
v 2.17443323 1.68394756 2.81528854
v 2.08623242 1.52737093 2.81528711
v 2.12600708 1.68474579 -0.285323143
v 2.17443323 1.68394756 2.81528854
v 2.05175304 1.51351786 -0.28532356
v 1.8785069 1.46533561 2.81528664
v 2.05175304 1.51351786 -0.28532356
v 2.08623242 1.52737093 2.81528711
v 1.87817121 1.444947 -0.28532356
v 1.8785069 1.46533561 2.81528664
v 1.70694244 1.5192008 -0.28532353
v 1.87817121 1.444947 -0.28532356
v 1.67293799 1.53418255 2.81528711
v 1.67293799 1.53418255 2.81528711
v 1.63837147 1.69278264 -0.28532353
v 1.70694244 1.5192008 -0.28532353
v 1.58994484 1.69358087 2.81528854
v 2.54858971 6.3526454 -0.333981216
v 2.78622127 6.14537621 1.46512878
v 2.75168705 5.96494532 1.36009026
v 2.5496552 6.15870857 -0.334985614
v 2.56362534 5.93956518 1.454988
v 2.35571957 6.1576395 -0.333835185
v 2.75168705 5.96494532 1.36009026
v 2.5496552 6.15870857 -0.334985614
v 2.59815812 6.11999464 1.56002665
v 2.35465503 6.35157537 -0.332830817
v 2.56362534 5.93956518 1.454988
v 2.35571957 6.1576395 -0.333835185
v 2.35465503 6.35157537 -0.332830817
v 2.78622127 6.14537621 1.46512878
v 2.54858971 6.3526454 -0.333981216
v 2.59815812 6.11999464 1.56002665
v 3.61778164 6.18960333 -0.333981305
v 3.41051221 5.95197248 1.46512878
v 3.2300818 5.98650694 1.36009026
v 3.42384553 6.18853855 -0.334985673
v 3.20470095 6.17456675 1.45498836
v 3.42277503 6.38247347 -0.333835274
v 3.2300818 5.98650694 1.36009026
v 3.42384553 6.18853855 -0.334985673
v 3.38513064 6.14003515 1.56002688
v 3.61671019 6.38353777 -0.332830906
v 3.20470095 6.17456675 1.45498836
v 3.42277503 6.38247347 -0.333835274
v 3.61671019 6.38353777 -0.332830906
v 3.41051221 5.95197248 1.46512878
v 3.61778164 6.18960333 -0.333981305
v 3.38513064 6.14003515 1.56002688
v 3.45474124 5.12040997 -0.333981305
v 3.21711063 5.32768059 1.46512878
v 3.25164247 5.50811195 1.36009026
v 3.4536767 5.31434822 -0.334985673
v 3.43970513 5.53349209 1.45498848
v 3.64761138 5.31541777 -0.333835274
v 3.25164247 5.50811195 1.36009026
v 3.4536767 5.31434822 -0.334985673
v 3.4051702 5.35306168 1.56002688
v 3.6486764 5.12148237 -0.332830906
v 3.43970513 5.53349209 1.45498848
v 3.64761138 5.31541777 -0.333835274
v 3.6486764 5.12148237 -0.332830906
v 3.21711063 5.32768059 1.46512878
v 3.45474124 5.12040997 -0.333981305
v 3.4051702 5.35306168 1.56002688
v 2.38554716 5.28345346 -0.333981216
v 2.59281802 5.52108335 1.46512854
v 2.77324605 5.48655128 1.36009026
v 2.5794847 5.28451872 -0.334985614
v 2.79862809 5.29848862 1.45498836
v 2.58055568 5.09058285 -0.333835214
v 2.77324605 5.48655128 1.36009026
v 2.5794847 5.28451872 -0.334985614
v 2.61819816 5.33302212 1.56002665
v 2.38661861 5.08951855 -0.332830817
v 2.79862809 5.29848862 1.45498836
v 2.58055568 5.09058285 -0.333835214
v 2.38661861 5.08951855 -0.332830817
v 2.59281802 5.52108335 1.46512854
v 2.38554716 5.28345346 -0.333981216
v 2.61819816 5.33302212 1.56002665
v 2.61455917 6.20660543 0.514395714
v 3.44509459 6.22921515 0.514396191
v 3.44386005 6.27450371 0.35684526
v 2.61332822 6.25189447 0.356844902
v 2.61779213 6.08785105 0.454311967
v 3.44509459 6.22921515 0.514396191
v 2.61455917 6.20660543 0.514395714
v 3.4483273 6.11046028 0.454312205
v 2.61779213 6.08785105 0.454311967
v 3.44709444 6.15574932 0.296761632
v 3.4483273 6.11046028 0.454312205
v 2.61655927 6.13314056 0.296761274
v 3.44709444 6.15574932 0.296761632
v 2.61655927 6.13314056 0.296761274
v 2.61332822 6.25189447 0.356844902
v 3.44386005 6.27450371 0.35684526
v 2.53158712 5.3494215 0.514395714
v 2.50897765 6.17995739 0.514395714
v 2.46368933 6.17872381 0.356844902
v 2.48629951 5.34819031 0.356844902
v 2.65034199 5.35265779 0.454311967
v 2.62773156 6.18318939 0.454311967
v 2.50897765 6.17995739 0.514395714
v 2.53158712 5.3494215 0.514395714
v 2.65034199 5.35265779 0.454311967
v 2.58244419 6.18195629 0.296761274
v 2.62773156 6.18318939 0.454311967
v 2.60505342 5.35142374 0.296761274
v 2.60505342 5.35142374 0.296761274
v 2.46368933 6.17872381 0.356844902
v 2.58244419 6.18195629 0.296761274
v 2.48629951 5.34819031 0.356844902
v 3.38877034 5.26644945 0.514395952
v 2.55823731 5.24384165 0.514395714
v 2.55947018 5.19855356 0.356844902
v 3.39000273 5.22116327 0.356845021
v 2.55500388 5.3625946 0.454311967
v 3.38877034 5.26644945 0.514395952
v 3.38553929 5.38520622 0.454312086
v 2.55823731 5.24384165 0.514395714
v 3.38553929 5.38520622 0.454312086
v 2.55623627 5.31730843 0.296761274
v 2.55500388 5.3625946 0.454311967
v 3.3867712 5.33991671 0.296761513
v 3.39000273 5.22116327 0.356845021
v 2.55947018 5.19855356 0.356844902
v 2.55623627 5.31730843 0.296761274
v 3.3867712 5.33991671 0.296761513
v 3.47174191 6.12363386 0.514396071
v 3.4943521 5.29310036 0.514396071
v 3.5396421 5.29433298 0.35684526
v 3.51703095 6.12486649 0.35684526
v 3.47174191 6.12363386 0.514396071
v 3.37559628 5.2898674 0.454312086
v 3.4943521 5.29310036 0.514396071
v 3.3529861 6.12040186 0.454312086
v 3.3529861 6.12040186 0.454312086
v 3.42088652 5.29110098 0.296761692
v 3.37559628 5.2898674 0.454312086
v 3.39827633 6.12163448 0.296761513
v 3.51703095 6.12486649 0.35684526
v 3.5396421 5.29433298 0.35684526
v 3.42088652 5.29110098 0.296761692
v 3.39827633 6.12163448 0.296761513
v 2.83134127 6.22567987 1.86135352
v 3.37214065 5.79991531 1.74272811
v 3.01817298 6.15057516 1.46558464
v 3.07971621 5.9433527 2.22143698
v 2.83134127 6.22567987 1.86135352
v 2.73274159 5.80105686 1.95607054
v 3.07971621 5.9433527 2.22143698
v 2.57469749 5.98038197 1.81141508
v 2.57469749 5.98038197 1.81141508
v 2.803864 5.5361743 1.67286265
v 2.73274159 5.80105686 1.95607054
v 2.67113209 5.99015427 1.46354783
v 3.07971621 5.9433527 2.22143698
v 2.803864 5.5361743 1.67286265
v 3.37214065 5.79991531 1.74272811
v 2.73274159 5.80105686 1.95607054
v 2.83134127 6.22567987 1.86135352
v 2.67113209 5.99015427 1.46354783
v 2.57469749 5.98038197 1.81141508
v 3.01817298 6.15057516 1.46558464
v 2.99528933 5.54974222 1.75494277
v 3.44595408 5.42911959 1.75494277
v 3.38872194 5.5537138 2.02895212
v 3.12245011 5.62498283 2.18741703
v 3.3337276 5.8840313 2.02895212
v 3.38872194 5.5537138 2.02895212
v 3.48970151 5.84228611 1.98961556
v 3.12245011 5.62498283 2.18741703
v 3.48970151 5.84228611 1.98961556
v 3.27649164 6.00862837 1.7549423
v 3.3337276 5.8840313 2.02895212
v 3.61686087 5.91752863 1.75494301
v 3.3337276 5.8840313 2.02895212
v 2.99528933 5.54974222 1.75494277
v 3.12245011 5.62498283 2.18741703
v 3.27649164 6.00862837 1.7549423
v 3.48970151 5.84228611 1.98961556
v 3.38872194 5.5537138 2.02895212
v 3.44595408 5.42911959 1.75494277
v 3.61686087 5.91752863 1.75494301
v 2.73347044 5.11807871 1.71094787
v 2.37471056 5.48886108 1.71094763
v 2.85820985 5.40572977 1.23666167
v 2.66631961 5.6040554 1.23666167
v 2.37471056 5.48886108 1.71094763
v 2.67086577 5.87998152 1.23666215
v 2.66631961 5.6040554 1.23666167
v 2.3832128 6.00472355 1.71094763
v 2.3832128 6.00472355 1.71094763
v 2.75399637 6.36348057 1.71094716
v 2.67086577 5.87998152 1.23666215
v 2.86918879 6.07187366 1.23666215
v 2.75399637 6.36348057 1.71094716
v 3.14511752 6.06732607 1.23666167
v 2.86918879 6.07187366 1.23666215
v 3.26985908 6.35497808 1.71094716
v 3.26985908 6.35497808 1.71094716
v 3.62861753 5.98419714 1.71094716
v 3.14511752 6.06732607 1.23666167
v 3.33701086 5.86900234 1.23666167
v 3.62861753 5.98419714 1.71094716
v 3.33246303 5.59307718 1.23666167
v 3.33701086 5.86900234 1.23666167
v 3.62011528 5.46833277 1.71094811
v 2.75399637 6.36348057 1.93214166
v 2.3832128 6.00472355 1.71094763
v 2.3832128 6.00472355 1.93214166
v 2.75399637 6.36348057 1.71094716
v 3.62011528 5.46833277 1.71094811
v 3.24933314 5.10957623 1.71094787
v 3.33246303 5.59307718 1.23666167
v 3.13413858 5.40118217 1.23666167
v 3.24933314 5.10957623 1.71094787
v 2.85820985 5.40572977 1.23666167
v 3.13413858 5.40118217 1.23666167
v 2.73347044 5.11807871 1.71094787
v 2.85820985 5.40572977 1.23666167
v 2.66631961 5.6040554 1.23666167
v 3.13413858 5.40118217 1.23666167
v 2.66631961 5.6040554 1.23666167
v 2.67086577 5.87998152 1.23666215
v 3.13413858 5.40118217 1.23666167
v 2.67086577 5.87998152 1.23666215
v 2.86918879 6.07187366 1.23666215
v 3.13413858 5.40118217 1.23666167
v 2.86918879 6.07187366 1.23666215
v 3.14511752 6.06732607 1.23666167
v 3.13413858 5.40118217 1.23666167
v 3.14511752 6.06732607 1.23666167
v 3.33701086 5.86900234 1.23666167
v 3.33701086 5.86900234 1.23666167
v 3.33246303 5.59307718 1.23666167
v 3.13413858 5.40118217 1.23666167
v 2.80512142 5.28330564 1.9321419
v 2.80512142 5.2833066 1.67575753
v 2.54221177 5.55502796 1.93214118
v 2.54221177 5.55502939 1.67575729
v 3.62861753 5.98419714 1.93214166
v 3.62011528 5.46833277 1.9321419
v 3.62011528 5.46833277 1.71094811
v 3.62861753 5.98419714 1.71094716
v 2.75399637 6.36348057 1.93214166
v 3.26985908 6.35497808 1.93214166
v 3.26985908 6.35497808 1.71094716
v 2.75399637 6.36348057 1.71094716
v 3.24933314 5.10957623 1.93214166
v 3.62011528 5.46833277 1.71094811
v 3.62011528 5.46833277 1.9321419
v 3.24933314 5.10957623 1.71094787
v 2.37471056 5.48886108 1.93214166
v 2.3832128 6.00472355 1.93214166
v 2.3832128 6.00472355 1.71094763
v 2.37471056 5.48886108 1.71094763
v 3.26985908 6.35497808 1.93214166
v 3.62861753 5.98419714 1.93214166
v 3.62861753 5.98419714 1.71094716
v 3.26985908 6.35497808 1.71094716
v 3.24933314 5.10957623 1.93214166
v 2.73347044 5.11807871 1.93214166
v 2.73347044 5.11807871 1.71094787
v 3.24933314 5.10957623 1.71094787
v 2.37471056 5.48886108 1.93214166
v 2.73347044 5.11807871 1.71094787
v 2.73347044 5.11807871 1.93214166
v 2.37471056 5.48886108 1.71094763
v 2.73347044 5.11807871 1.93214166
v 2.54221177 5.55502796 1.93214118
v 2.37471056 5.48886108 1.93214166
v 2.80512142 5.28330564 1.9321419
v 2.54844236 5.93307018 1.9321419
v 2.37471056 5.48886108 1.93214166
v 2.54221177 5.55502796 1.93214118
v 2.3832128 6.00472355 1.93214166
v 2.82016349 6.1959815 1.93214166
v 2.3832128 6.00472355 1.93214166
v 2.54844236 5.93307018 1.9321419
v 2.75399637 6.36348057 1.93214166
v 2.75399637 6.36348057 1.93214166
v 3.19820738 6.18975067 1.93214118
v 3.26985908 6.35497808 1.93214166
v 2.82016349 6.1959815 1.93214166
v 3.62861753 5.98419714 1.93214166
v 3.19820738 6.18975067 1.93214118
v 3.46111536 5.9180274 1.93214166
v 3.26985908 6.35497808 1.93214166
v 3.62011528 5.46833277 1.9321419
v 3.62861753 5.98419714 1.93214166
v 3.46111536 5.9180274 1.93214166
v 3.45488477 5.53998613 1.93214166
v 3.62011528 5.46833277 1.9321419
v 3.18316531 5.27707481 1.93214118
v 3.24933314 5.10957623 1.93214166
v 3.45488477 5.53998613 1.93214166
v 3.18316531 5.27707481 1.93214118
v 2.80512142 5.28330564 1.9321419
v 2.73347044 5.11807871 1.93214166
v 3.24933314 5.10957623 1.93214166
v 2.54221177 5.55502939 1.67575729
v 2.80512142 5.2833066 1.67575753
v 2.54844284 5.93306923 1.67575753
v 2.80512142 5.2833066 1.67575753
v 3.18316531 5.27707577 1.67575681
v 2.54844284 5.93306923 1.67575753
v 3.18316531 5.27707577 1.67575681
v 3.45488667 5.53998756 1.67575753
v 2.54844284 5.93306923 1.67575753
v 3.45488667 5.53998756 1.67575753
v 3.46111727 5.91802883 1.67575681
v 2.54844284 5.93306923 1.67575753
v 3.46111727 5.91802883 1.67575681
v 3.19820738 6.18975067 1.67575681
v 2.54844284 5.93306923 1.67575753
v 3.19820738 6.18975067 1.67575681
v 2.82016349 6.1959815 1.67575729
v 2.54844284 5.93306923 1.67575753
v 3.18316531 5.27707481 1.93214118
v 2.80512142 5.2833066 1.67575753
v 2.80512142 5.28330564 1.9321419
v 3.18316531 5.27707577 1.67575681
v 3.46111536 5.9180274 1.93214166
v 3.45488667 5.53998756 1.67575753
v 3.45488477 5.53998613 1.93214166
v 3.46111727 5.91802883 1.67575681
v 2.82016349 6.1959815 1.93214166
v 2.82016349 6.1959815 1.67575729
v 3.19820738 6.18975067 1.93214118
v 3.19820738 6.18975067 1.67575681
v 2.54221177 5.55502796 1.93214118
v 2.54844284 5.93306923 1.67575753
v 2.54844236 5.93307018 1.9321419
v 2.54221177 5.55502939 1.67575729
v 3.45488477 5.53998613 1.93214166
v 3.18316531 5.27707577 1.67575681
v 3.18316531 5.27707481 1.93214118
v 3.45488667 5.53998756 1.67575753
v 3.19820738 6.18975067 1.93214118
v 3.46111727 5.91802883 1.67575681
v 3.46111536 5.9180274 1.93214166
v 3.19820738 6.18975067 1.67575681
v 2.54844236 5.93307018 1.9321419
v 2.54844284 5.93306923 1.67575753
v 2.82016349 6.1959815 1.93214166
v 2.82016349 6.1959815 1.67575729
v 2.90269208 5.7201004 2.06669664
v 3.10356569 5.46288013 2.17458344
v 3.24235272 5.44208813 1.88014519
v 2.90237594 5.87743378 1.88014495
v 2.90269208 5.7201004 2.06669664
v 2.82039833 5.37225437 2.06669664
v 3.10356569 5.46288013 2.17458344
v 2.70273304 5.52292585 2.03991604
v 2.56394482 5.54371643 1.88014519
v 2.82039833 5.37225437 2.06669664
v 2.70273304 5.52292585 2.03991604
v 2.82071471 5.21492052 1.88014495
v 2.82071471 5.21492052 1.88014495
v 3.10356569 5.46288013 2.17458344
v 2.82039833 5.37225437 2.06669664
v 3.24235272 5.44208813 1.88014519
v 2.90269208 5.7201004 2.06669664
v 2.56394482 5.54371643 1.88014519
v 2.70273304 5.52292585 2.03991604
v 2.90237594 5.87743378 1.88014495
v 0.783680439 -1.07453203 6.29010773
v 0.776606321 -1.50377607 6.29010773
v 0.600414515 -1.50087214 6.04367208
v 0.607489347 -1.07162809 6.04367208
v -0.875499129 -1.04718637 6.30068636
v -0.733475208 -1.04952717 6.03309298
v -0.882573605 -1.47643042 6.30068636
v -0.740549684 -1.47877121 6.03309298
v -0.500416636 -1.05336833 6.49560595
v -0.0615258068 -1.48996234 6.58837795
v -0.0544512719 -1.0607183 6.58837795
v -0.507491231 -1.48261237 6.49560595
v 0.379805505 -1.06787562 6.50050163
v -0.0544512719 -1.0607183 6.58837795
v -0.0615258068 -1.48996234 6.58837795
v 0.372731179 -1.49711967 6.50050211
v -0.500416636 -1.05336833 6.49560595
v -0.882573605 -1.47643042 6.30068636
v -0.507491231 -1.48261237 6.49560595
v -0.875499129 -1.04718637 6.30068636
v -0.379013807 -1.48472977 6.22124958
v -0.733475208 -1.04952717 6.03309298
v -0.371939272 -1.05548573 6.22124958
v -0.740549684 -1.47877121 6.03309298
v -0.882573605 -1.47643042 6.30068636
v -0.379013807 -1.48472977 6.22124958
v -0.507491231 -1.48261237 6.49560595
v -0.740549684 -1.47877121 6.03309298
v 0.783680439 -1.07453203 6.29010773
v 0.372731179 -1.49711967 6.50050211
v 0.776606321 -1.50377607 6.29010773
v 0.379805505 -1.06787562 6.50050163
v 0.600414515 -1.50087214 6.04367208
v 0.273410678 -1.06612206 6.21684837
v 0.607489347 -1.07162809 6.04367208
v 0.266336143 -1.4953661 6.21684837
v 0.600414515 -1.50087214 6.04367208
v 0.776606321 -1.50377607 6.29010773
v 0.372731179 -1.49711967 6.50050211
v 0.266336143 -1.4953661 6.21684837
v -0.0615258217 -1.48996234 6.28542233
v -0.379013807 -1.48472977 6.22124958
v -0.371939272 -1.05548573 6.22124958
v -0.0544512868 -1.0607183 6.28542233
v -0.0615258217 -1.48996234 6.28542233
v 0.273410678 -1.06612206 6.21684837
v 0.266336143 -1.4953661 6.21684837
v -0.0544512868 -1.0607183 6.28542233
v 0.372731179 -1.49711967 6.50050211
v -0.0615258068 -1.48996234 6.58837795
v -0.0615258217 -1.48996234 6.28542233
v 0.266336143 -1.4953661 6.21684837
v -0.379013807 -1.48472977 6.22124958
v -0.0615258068 -1.48996234 6.58837795
v -0.507491231 -1.48261237 6.49560595
v -0.0615258217 -1.48996234 6.28542233
v -0.540306568 -1.39249206 6.33586168
v -0.54030627 -1.39249206 4.83558607
v -0.533147216 -0.958100259 6.33586168
v -0.533146918 -0.958100259 4.83558607
v -0.731969059 -0.954823434 6.33586168
v -0.73196882 -0.954823434 4.83558607
v -0.739128411 -1.38921523 6.33586168
v -0.739128172 -1.38921523 4.83558607
v -0.540306568 -1.39249206 6.33586168
v -0.739128172 -1.38921523 4.83558607
v -0.54030627 -1.39249206 4.83558607
v -0.739128411 -1.38921523 6.33586168
v 0.59426266 -1.41119123 6.33586168
v 0.594262958 -1.41119123 4.83558607
v 0.601422012 -0.976799548 6.33586168
v 0.60142231 -0.976799548 4.83558607
v 0.402600259 -0.973522723 6.33586168
v 0.402600557 -0.973522723 4.83558655
v 0.395440876 -1.4079144 6.33586168
v 0.395441175 -1.4079144 4.83558655
v 0.59426266 -1.41119123 6.33586168
v 0.395441175 -1.4079144 4.83558655
v 0.594262958 -1.41119123 4.83558607
v 0.395440876 -1.4079144 6.33586168
v 0.695585251 -1.07308006 4.96547461
v 0.688510656 -1.5023241 4.96547461
v 0.688510656 -1.5023241 4.6625185
v 0.695585251 -1.07308006 4.6625185
v 0.695585251 -1.07308006 4.96547461
v -0.811561584 -1.47760081 4.96547413
v 0.688510656 -1.5023241 4.96547461
v -0.804487109 -1.04835677 4.96547413
v -0.804487109 -1.04835677 4.66251755
v -0.811561584 -1.47760081 4.96547413
v -0.804487109 -1.04835677 4.96547413
v -0.811561704 -1.47760081 4.66251755
v -0.804487109 -1.04835677 4.66251755
v 0.688510656 -1.5023241 4.6625185
v -0.811561704 -1.47760081 4.66251755
v 0.695585251 -1.07308006 4.6625185
v -0.811561584 -1.47760081 4.96547413
v 0.688510656 -1.5023241 4.6625185
v 0.688510656 -1.5023241 4.96547461
v -0.811561704 -1.47760081 4.66251755
v -1.65715218 -1.41865587 7.95067835
v 1.79368412 -1.47553062 7.61393929
v 1.79368436 -1.47553062 7.9506793
v -1.6571523 -1.41865587 7.61393881
v 1.85429347 -1.28881478 8.21282768
v -1.78113103 -1.22889733 8.21282768
v -1.78113115 -1.22889781 2.61860085
v 1.85429323 -1.28881478 2.61860037
v 1.91083717 4.03023815 3.62096262
v 1.88189495 2.27421618 3.62096262
v 1.88189483 2.27421618 2.63399363
v 1.91083658 4.03023815 2.63399363
v -1.26931548 -3.54133701 3.01931286
v -2.02893305 -2.91544127 2.03505421
v -1.26931489 -3.54133701 2.03505373
v -2.02893376 -2.91544151 3.01931286
v -1.40303779 -2.15582252 3.01931286
v -2.02893305 -2.91544127 2.03505421
v -2.02893376 -2.91544151 3.01931286
v -1.40303743 -2.15582252 2.03505421
v -0.643419325 -2.78171921 3.01931286
v -1.40303743 -2.15582252 2.03505421
v -1.40303779 -2.15582252 3.01931286
v -0.643418431 -2.78171897 2.03505468
v -1.26931548 -3.54133701 3.01931286
v -0.643418431 -2.78171897 2.03505468
v -0.643419325 -2.78171921 3.01931286
v -1.26931489 -3.54133701 2.03505373
v -1.40303743 -2.15582252 2.03505421
v -1.26931489 -3.54133701 2.03505373
v -2.02893305 -2.91544127 2.03505421
v -0.643418431 -2.78171897 2.03505468
v -0.643419325 -2.78171921 3.01931286
v -2.02893376 -2.91544151 3.01931286
v -1.26931548 -3.54133701 3.01931286
v -1.40303779 -2.15582252 3.01931286
v -0.335080981 -1.37320852 3.01931286
v -0.523714185 -2.33922338 2.03505468
v -0.335081339 -1.373209 2.03505421
v -0.523713768 -2.33922338 3.01931334
v -1.48972869 -2.1505909 3.01931286
v -0.523714185 -2.33922338 2.03505468
v -0.523713768 -2.33922338 3.01931334
v -1.48972869 -2.1505909 2.03505421
v -1.30109525 -1.18457627 3.01931286
v -1.48972869 -2.1505909 2.03505421
v -1.48972869 -2.1505909 3.01931286
v -1.3010962 -1.18457603 2.03505421
v -1.30109525 -1.18457627 3.01931286
v -0.335081339 -1.373209 2.03505421
v -1.3010962 -1.18457603 2.03505421
v -0.335080981 -1.37320852 3.01931286
v -1.48972869 -2.1505909 2.03505421
v -0.335081339 -1.373209 2.03505421
v -0.523714185 -2.33922338 2.03505468
v -1.3010962 -1.18457603 2.03505421
v -1.30109525 -1.18457627 3.01931286
v -0.523713768 -2.33922338 3.01931334
v -0.335080981 -1.37320852 3.01931286
v -1.48972869 -2.1505909 3.01931286
v -0.496049672 -1.97570705 3.98248816
v -0.684682846 -2.94172215 2.9982295
v -0.49605003 -1.97570753 2.99822903
v -0.684682369 -2.94172215 3.98248911
v -1.65069747 -2.75308919 3.98248863
v -0.684682846 -2.94172215 2.9982295
v -0.684682369 -2.94172215 3.98248911
v -1.65069723 -2.75308919 2.99822903
v -1.46206403 -1.7870748 3.98248768
v -1.65069723 -2.75308919 2.99822903
v -1.65069747 -2.75308919 3.98248863
v -1.4620645 -1.7870748 2.99822903
v -1.46206403 -1.7870748 3.98248768
v -0.49605003 -1.97570753 2.99822903
v -1.4620645 -1.7870748 2.99822903
v -0.496049672 -1.97570705 3.98248816
v -1.65069723 -2.75308919 2.99822903
v -0.49605003 -1.97570753 2.99822903
v -0.684682846 -2.94172215 2.9982295
v -1.4620645 -1.7870748 2.99822903
v -1.46206403 -1.7870748 3.98248768
v -0.684682369 -2.94172215 3.98248911
v -0.496049672 -1.97570705 3.98248816
v -1.65069747 -2.75308919 3.98248863
v -3.55156755 -3.75487423 0.774661779
v -4.49230671 -4.04431581 -0.20959726
v -3.55156755 -3.75487423 -0.209597334
v -4.49230671 -4.04431677 0.774661779
v -4.78174782 -3.10357761 0.774661779
v -4.49230671 -4.04431581 -0.20959726
v -4.49230671 -4.04431677 0.774661779
v -4.78174877 -3.10357761 -0.20959723
v -4.78174782 -3.10357761 0.774661779
v -3.84100914 -2.81413412 -0.209597304
v -4.78174877 -3.10357761 -0.20959723
v -3.84100914 -2.81413555 0.77466166
v -3.84100914 -2.81413555 0.77466166
v -3.55156755 -3.75487423 -0.209597334
v -3.84100914 -2.81413412 -0.209597304
v -3.55156755 -3.75487423 0.774661779
v -3.55156755 -3.75487423 -0.209597334
v -4.78174877 -3.10357761 -0.20959723
v -3.84100914 -2.81413412 -0.209597304
v -4.49230671 -4.04431581 -0.20959726
v -4.49230671 -4.04431677 0.774661779
v -3.55156755 -3.75487423 0.774661779
v -4.78174782 -3.10357761 0.774661779
v -3.84100914 -2.81413555 0.77466166
v 1.98411417 2.11255002 5.1248045
v 1.92964649 -1.19225287 5.1248045
v 1.92964649 -1.19225287 4.72211361
v 1.98411417 2.11255002 4.72211361
v 1.65070176 2.11804509 5.1248045
v 1.92964649 -1.19225287 5.1248045
v 1.98411417 2.11255002 5.1248045
v 1.59623408 -1.1867578 5.1248045
v 1.92964649 -1.19225287 4.72211361
v 1.65070176 2.11804509 4.72211361
v 1.98411417 2.11255002 4.72211361
v 1.59623408 -1.1867578 4.72211361
v 1.53575194 2.0766046 3.63869047
v 2.44044375 2.06153107 3.83024931
v 1.53574932 2.07644153 3.83024931
v 2.44044638 2.06169391 3.63868999
v -2.01588154 2.31515718 8.35777092
v -1.81579101 2.10555601 6.67228079
v -1.82619727 2.06991959 8.35776901
v -1.97877383 2.31627178 6.67228031
v -1.84126365 2.57133865 8.35776901
v -1.82873595 2.53639197 6.67228079
v -2.01588154 2.31515718 8.35777092
v -1.97877383 2.31627178 6.67228031
v -1.54365981 2.48443079 8.35776901
v -1.57302439 2.46171904 6.67228079
v -1.84126365 2.57133865 8.35776901
v -1.82873595 2.53639197 6.67228079
v -1.53434837 2.17453766 8.35777092
v -1.57302439 2.46171904 6.67228079
v -1.54365981 2.48443079 8.35776901
v -1.56502438 2.19544721 6.67228079
v -1.82619727 2.06991959 8.35776901
v -1.56502438 2.19544721 6.67228079
v -1.53434837 2.17453766 8.35777092
v -1.81579101 2.10555601 6.67228079
v -1.81579101 2.10555601 6.67228079
v -1.82619655 2.06991959 -0.227179408
v -1.56502438 2.19544721 6.67228079
v -1.53434741 2.17453766 -0.227179855
v -1.56502438 2.19544721 6.67228079
v -1.53434741 2.17453766 -0.227179855
v -1.57302439 2.46171904 6.67228079
v -1.54365897 2.48443079 -0.227179855
v -1.57302439 2.46171904 6.67228079
v -1.8412627 2.57133865 -0.227179408
v -1.82873595 2.53639197 6.67228079
v -1.54365897 2.48443079 -0.227179855
v -1.82873595 2.53639197 6.67228079
v -2.0158813 2.31515718 -0.227179408
v -1.97877383 2.31627178 6.67228031
v -1.8412627 2.57133865 -0.227179408
v -1.97877383 2.31627178 6.67228031
v -2.0158813 2.31515718 -0.227179408
v -1.81579101 2.10555601 6.67228079
v -1.82619655 2.06991959 -0.227179408
v 0.203111798 4.09807301 2.63399363
v 1.95913422 4.06913185 -0.1354101
v 0.2031115 4.09807348 -0.135409966
v 1.95913446 4.06913185 2.63399363
v 1.9591341 4.06913137 3.62096262
v 0.203111798 4.09807301 2.63399363
v 0.203111887 4.09807396 3.62096262
v 1.95913446 4.06913185 2.63399363
v 0.273716331 4.17669535 3.66087198
v 0.0809599012 4.12064648 -0.229556337
v 0.0809597746 4.12064648 3.66087198
v 0.273716718 4.17669535 -0.229556769
v 0.385314941 4.09775925 3.66087198
v 0.273716718 4.17669535 -0.229556769
v 0.273716331 4.17669535 3.66087198
v 0.385314733 4.09775925 -0.229556784
v 0.372752905 3.96164346 3.66087198
v 0.385314733 4.09775925 -0.229556784
v 0.385314941 4.09775925 3.66087198
v 0.372753531 3.96164346 -0.229556784
v 0.372752905 3.96164346 3.66087198
v 0.248593062 3.90446401 -0.229556769
v 0.372753531 3.96164346 -0.229556784
v 0.248592615 3.90446401 3.66087294
v 0.273716331 4.17669535 3.66087198
v 0.0809597746 4.12064648 3.66087198
v 0.385314941 4.09775925 3.66087198
v 0.0680500418 3.96343517 3.66087198
v 0.248592615 3.90446401 3.66087294
v 0.0809597746 4.12064648 3.66087198
v 0.372752905 3.96164346 3.66087198
v 0.385314941 4.09775925 3.66087198
v 0.248592615 3.90446401 3.66087294
v 0.0809597746 4.12064648 3.66087198
v 0.248592615 3.90446401 3.66087294
v 0.385314941 4.09775925 3.66087198
v 0.0680500418 3.96343517 3.66087198
v 0.248593062 3.90446401 -0.229556769
v 0.248592615 3.90446401 3.66087294
v 0.0680502728 3.96343517 -0.229556337
v 0.0809597746 4.12064648 3.66087198
v 0.0680502728 3.96343517 -0.229556337
v 0.0680500418 3.96343517 3.66087198
v 0.0809599012 4.12064648 -0.229556337
v 0.0989525616 2.3036015 2.6339941
v 0.127894223 4.05962324 2.6339941
v 0.127894238 4.05962324 -0.135410175
v 0.0989525691 2.3036015 -0.135410175
v 0.127894938 4.05962324 3.62096262
v 0.0989525616 2.3036015 2.6339941
v 0.0989525318 2.3036015 3.62096262
v 0.127894223 4.05962324 2.6339941
v -0.619073391 -1.37058949 6.05728626
v -0.0800085291 -1.37947392 4.87930632
v -0.0800091028 -1.37947392 6.39524794
v -0.619072855 -1.37058949 4.87930632
v -0.0800091028 -1.37947392 6.39524794
v -0.0800085291 -1.37947392 4.87930632
v 0.470372826 -1.38854504 6.05728626
v 0.470373273 -1.38854504 4.87930632
v -1.72141373 2.39442158 2.61860085
v 1.91401064 2.33450484 2.61860037
v 1.91401029 2.33450484 -0.21098797
v -1.72141433 2.39442158 -0.210987702
v 1.91401088 2.33450484 8.21282768
v -1.72141361 2.39442253 8.21282768
v -1.84738994 0.590400398 9.43004417
v -1.81743014 2.40811348 8.21282768
v -1.87734652 -1.22731209 8.21282768
v -1.81743014 2.40811253 2.60291767
v -1.83193982 1.52775025 -0.210987687
v -1.8319397 1.52775025 2.60291815
v -1.81743026 2.40811253 -0.210987687
v -1.87734652 -1.22731209 8.21282768
v -1.8319397 1.52775025 2.60291815
v -1.86283731 -0.346949935 2.60291815
v -1.81743014 2.40811348 8.21282768
v -1.86283731 -0.346949935 2.60291815
v -1.86283743 -0.346949935 -0.210987687
v -1.87734699 -1.22731209 2.60291767
v -1.87734711 -1.22731233 -0.210987687
v -1.86283731 -0.346949935 2.60291815
v -1.87734699 -1.22731209 2.60291767
v -1.87734652 -1.22731209 8.21282768
v -1.8319397 1.52775025 2.60291815
v -1.81743014 2.40811348 8.21282768
v -1.81743014 2.40811253 2.60291767
vt 0.930766106 0.318909466
vt 0.937171698 0.180943489
vt 0.937171698 0.318909466
vt 0.930766106 0.180943489
vt 0.962797642 0.318909466
vt 0.956392169 0.180943489
vt 0.962797642 0.180943489
vt 0.956392169 0.318909466
vt 0.949986756 0.318909466
vt 0.956392169 0.180943489
vt 0.956392169 0.318909466
vt 0.949986756 0.180943489
vt 0.186999112 0.356576085
vt 0.181159109 0.354677916
vt 0.190609455 0.35160774
vt 0.94357717 0.318909466
vt 0.949986756 0.180943489
vt 0.949986756 0.318909466
vt 0.94357717 0.180943489
vt 0.94357717 0.318909466
vt 0.937171698 0.180943489
vt 0.94357717 0.180943489
vt 0.937171698 0.318909466
vt 0.186999112 0.346639276
vt 0.181159109 0.354677916
vt 0.181159109 0.348537564
vt 0.190609455 0.35160774
vt 0.972931504 0.652543604
vt 0.97547251 0.597815156
vt 0.97547251 0.652543604
vt 0.972931504 0.597815156
vt 0.985637844 0.652543604
vt 0.983097017 0.597815156
vt 0.985637844 0.597815156
vt 0.983097017 0.652543604
vt 0.980555952 0.652543604
vt 0.983097017 0.597815156
vt 0.983097017 0.652543604
vt 0.980555952 0.597815156
vt 0.202416152 0.911783755
vt 0.190529197 0.907920122
vt 0.209764868 0.901670933
vt 0.978013396 0.652543604
vt 0.980555952 0.597815156
vt 0.980555952 0.652543604
vt 0.978013396 0.597815156
vt 0.97547251 0.652543604
vt 0.978013396 0.597815156
vt 0.978013396 0.652543604
vt 0.97547251 0.597815156
vt 0.202416152 0.891558111
vt 0.190529197 0.895421624
vt 0.871620595 0.769971311
vt 0.871620595 0.894245684
vt 0.854287863 0.894245684
vt 0.854287863 0.769971311
vt 0.884158194 0.769971311
vt 0.871620595 0.894245684
vt 0.871620595 0.769971311
vt 0.884158194 0.894245684
vt 0.854287863 0.894245684
vt 0.841750264 0.769971311
vt 0.854287863 0.769971311
vt 0.841750264 0.894245684
vt 0.757419467 0.271901727
vt 0.819998205 0.396767676
vt 0.819998205 0.271901727
vt 0.757419467 0.396767676
vt 0.95296973 0.616409481
vt 0.95296973 0.640835226
vt 0.948895514 0.616409481
vt 0.948895514 0.640835226
vt 0.948895514 0.616409481
vt 0.944821239 0.640835226
vt 0.944821239 0.616409481
vt 0.948895514 0.640835226
vt 0.957044125 0.640835226
vt 0.961118519 0.616409481
vt 0.961118519 0.640835226
vt 0.957044125 0.616409481
vt 0.95296973 0.640835226
vt 0.95296973 0.616409481
vt 0.957044125 0.640835226
vt 0.957044125 0.616409481
vt 0.948895514 0.702325165
vt 0.95296973 0.693059087
vt 0.95296973 0.702325165
vt 0.948895514 0.693059087
vt 0.948895514 0.693059087
vt 0.948895514 0.702325165
vt 0.944821239 0.702325165
vt 0.944821239 0.693059087
vt 0.957044125 0.693059087
vt 0.961118519 0.702325165
vt 0.957044125 0.702325165
vt 0.961118519 0.693059087
vt 0.957044125 0.702325165
vt 0.95296973 0.693059087
vt 0.957044125 0.693059087
vt 0.95296973 0.702325165
vt 0.948895514 0.683793128
vt 0.95296973 0.693059087
vt 0.948895514 0.693059087
vt 0.95296973 0.683793128
vt 0.944821239 0.683793128
vt 0.948895514 0.693059087
vt 0.944821239 0.693059087
vt 0.948895514 0.683793128
vt 0.957044125 0.693059087
vt 0.957044125 0.683793128
vt 0.961118519 0.683793128
vt 0.961118519 0.693059087
vt 0.95296973 0.693059087
vt 0.957044125 0.683793128
vt 0.957044125 0.693059087
vt 0.95296973 0.683793128
vt 0.948895514 0.683793128
vt 0.95296973 0.659367323
vt 0.95296973 0.683793128
vt 0.948895514 0.659367323
vt 0.948895514 0.683793128
vt 0.944821239 0.659367323
vt 0.948895514 0.659367323
vt 0.944821239 0.683793128
vt 0.957044125 0.659367323
vt 0.961118519 0.683793128
vt 0.957044125 0.683793128
vt 0.961118519 0.659367323
vt 0.95296973 0.683793128
vt 0.957044125 0.659367323
vt 0.957044125 0.683793128
vt 0.95296973 0.659367323
vt 0.95296973 0.650101364
vt 0.95296973 0.659367323
vt 0.948895514 0.659367323
vt 0.948895514 0.650101364
vt 0.944821239 0.659367323
vt 0.944821239 0.650101364
vt 0.948895514 0.650101364
vt 0.948895514 0.659367323
vt 0.957044125 0.650101364
vt 0.961118519 0.659367323
vt 0.957044125 0.659367323
vt 0.961118519 0.650101364
vt 0.957044125 0.659367323
vt 0.95296973 0.650101364
vt 0.957044125 0.650101364
vt 0.95296973 0.659367323
vt 0.95296973 0.650101364
vt 0.948895514 0.640835226
vt 0.95296973 0.640835226
vt 0.948895514 0.650101364
vt 0.948895514 0.650101364
vt 0.944821239 0.640835226
vt 0.948895514 0.640835226
vt 0.944821239 0.650101364
vt 0.957044125 0.650101364
vt 0.957044125 0.640835226
vt 0.961118519 0.640835226
vt 0.961118519 0.650101364
vt 0.957044125 0.640835226
vt 0.957044125 0.650101364
vt 0.95296973 0.650101364
vt 0.95296973 0.640835226
vt 0.901997805 0.180943489
vt 0.897641897 0.205448389
vt 0.897641897 0.180943489
vt 0.901997805 0.205448389
vt 0.897641897 0.180943489
vt 0.893285751 0.205448389
vt 0.893285751 0.180943489
vt 0.897641897 0.205448389
vt 0.906353533 0.180943489
vt 0.91070956 0.205448389
vt 0.906353533 0.205448389
vt 0.91070956 0.180943489
vt 0.901997805 0.205448389
vt 0.906353533 0.180943489
vt 0.906353533 0.205448389
vt 0.901997805 0.180943489
vt 0.897641897 0.267137289
vt 0.901997805 0.257841289
vt 0.901997805 0.267137289
vt 0.897641897 0.257841289
vt 0.897641897 0.257841289
vt 0.897641897 0.267137289
vt 0.893285751 0.267137289
vt 0.893285751 0.257841289
vt 0.906353533 0.257841289
vt 0.91070956 0.267137289
vt 0.906353533 0.267137289
vt 0.91070956 0.257841289
vt 0.906353533 0.267137289
vt 0.901997805 0.257841289
vt 0.906353533 0.257841289
vt 0.901997805 0.267137289
vt 0.901997805 0.257841289
vt 0.897641897 0.248545289
vt 0.901997805 0.248545289
vt 0.897641897 0.257841289
vt 0.893285751 0.248545289
vt 0.897641897 0.257841289
vt 0.893285751 0.257841289
vt 0.897641897 0.248545289
vt 0.906353533 0.257841289
vt 0.906353533 0.248545289
vt 0.91070956 0.248545289
vt 0.91070956 0.257841289
vt 0.901997805 0.257841289
vt 0.906353533 0.248545289
vt 0.906353533 0.257841289
vt 0.901997805 0.248545289
vt 0.897641897 0.248545289
vt 0.901997805 0.224040389
vt 0.901997805 0.248545289
vt 0.897641897 0.224040389
vt 0.897641897 0.224040389
vt 0.897641897 0.248545289
vt 0.893285751 0.248545289
vt 0.893285751 0.224040389
vt 0.906353533 0.248545289
vt 0.906353533 0.224040389
vt 0.91070956 0.224040389
vt 0.91070956 0.248545289
vt 0.901997805 0.224040389
vt 0.906353533 0.248545289
vt 0.901997805 0.248545289
vt 0.906353533 0.224040389
vt 0.901997805 0.214744389
vt 0.901997805 0.224040389
vt 0.897641897 0.224040389
vt 0.897641897 0.214744389
vt 0.893285751 0.224040389
vt 0.893285751 0.214744389
vt 0.897641897 0.214744389
vt 0.897641897 0.224040389
vt 0.91070956 0.224040389
vt 0.906353533 0.214744389
vt 0.91070956 0.214744389
vt 0.906353533 0.224040389
vt 0.906353533 0.224040389
vt 0.901997805 0.214744389
vt 0.906353533 0.214744389
vt 0.901997805 0.224040389
vt 0.901997805 0.214744389
vt 0.897641897 0.205448389
vt 0.901997805 0.205448389
vt 0.897641897 0.214744389
vt 0.897641897 0.214744389
vt 0.893285751 0.205448389
vt 0.897641897 0.205448389
vt 0.893285751 0.214744389
vt 0.906353533 0.214744389
vt 0.906353533 0.205448389
vt 0.91070956 0.205448389
vt 0.91070956 0.214744389
vt 0.906353533 0.205448389
vt 0.906353533 0.214744389
vt 0.901997805 0.214744389
vt 0.901997805 0.205448389
vt 0.237593099 0.556549549
vt 0.242432207 0.565600216
vt 0.237593099 0.565600216
vt 0.24628827 0.556549549
vt 0.270241261 0.556549549
vt 0.256376088 0.570182681
vt 0.252079546 0.556549549
vt 0.266085774 0.570182681
vt 0.279992282 0.565600216
vt 0.284591407 0.556549549
vt 0.284591407 0.565600216
vt 0.276031524 0.556549549
vt 0.270241261 0.556549549
vt 0.269034505 0.525137663
vt 0.276031524 0.556549549
vt 0.260969043 0.525137663
vt 0.260969043 0.525137663
vt 0.270241261 0.556549549
vt 0.252079546 0.556549549
vt 0.24628827 0.556549549
vt 0.252908021 0.525137663
vt 0.252079546 0.556549549
vt 0.260969043 0.525137663
vt 0.276031524 0.556549549
vt 0.284591407 0.525137663
vt 0.284591407 0.556549549
vt 0.269034505 0.525137663
vt 0.237593099 0.556549549
vt 0.237593099 0.525137663
vt 0.24628827 0.556549549
vt 0.252908021 0.525137663
vt 0.963561416 0.00782084465
vt 0.973756611 0.00782084465
vt 0.963561416 0.0182701945
vt 0.973756611 0.0182701945
vt 0.237593099 0.525137663
vt 0.237593099 0.556549549
vt 0.223324507 0.556549549
vt 0.223324507 0.525137663
vt 0.237593099 0.525137663
vt 0.237593099 0.51166594
vt 0.252908021 0.525137663
vt 0.252493382 0.51166594
vt 0.298833162 0.556549549
vt 0.284591407 0.525137663
vt 0.298833162 0.525137663
vt 0.284591407 0.556549549
vt 0.963561416 0.0315886736
vt 0.973756611 0.0315886736
vt 0.963561416 0.0396312475
vt 0.973756611 0.0396312475
vt 0.973756611 0.0710485578
vt 0.963561416 0.057517767
vt 0.973756611 0.057517767
vt 0.963561416 0.0710485578
vt 0.963561416 0.0889425874
vt 0.973756611 0.0969852209
vt 0.963561416 0.0969852209
vt 0.973756611 0.0889425874
vt 0.963561416 0.110297501
vt 0.973756611 0.110297501
vt 0.963561416 0.120747924
vt 0.973756611 0.120747924
vt 0.269034505 0.525137663
vt 0.284591407 0.51166594
vt 0.284591407 0.525137663
vt 0.26928246 0.51166594
vt 0.963561416 0.0182701945
vt 0.973756611 0.0315886736
vt 0.963561416 0.0315886736
vt 0.973756611 0.0182701945
vt 0.237593099 0.565600216
vt 0.223324507 0.565600216
vt 0.237593099 0.556549549
vt 0.223324507 0.556549549
vt 0.973756611 0.057517767
vt 0.963561416 0.057517767
vt 0.973756611 0.0396312475
vt 0.963561416 0.0396312475
vt 0.963561416 0.0710485578
vt 0.973756611 0.0889425874
vt 0.963561416 0.0889425874
vt 0.973756611 0.0710485578
vt 0.973756611 0.110297501
vt 0.963561416 0.110297501
vt 0.973756611 0.0969852209
vt 0.963561416 0.0969852209
vt 0.298833162 0.565600216
vt 0.284591407 0.556549549
vt 0.298833162 0.556549549
vt 0.284591407 0.565600216
vt 0.26928246 0.51166594
vt 0.260969043 0.525137663
vt 0.260886997 0.51166594
vt 0.269034505 0.525137663
vt 0.260886997 0.51166594
vt 0.260969043 0.525137663
vt 0.252493382 0.51166594
vt 0.252908021 0.525137663
vt 0.234895587 0.360377192
vt 0.162418932 0.312484622
vt 0.306138635 0.312042117
vt 0.306138635 0.119048238
vt 0.271037698 0.00782084465
vt 0.306138635 0.00782084465
vt 0.271037728 0.119048238
vt 0.162418932 0.312484622
vt 0.271037728 0.119048238
vt 0.306138635 0.312042117
vt 0.19692494 0.119048238
vt 0.162418962 0.119048238
vt 0.196924955 0.00782084465
vt 0.19692494 0.119048238
vt 0.162418932 0.00782084465
vt 0.19692494 0.119048238
vt 0.162418932 0.312484622
vt 0.162418962 0.119048238
vt 0.271037728 0.119048238
vt 0.306138635 0.119048238
vt 0.306138635 0.312042117
vt 0.753558695 0.044716835
vt 0.687143803 0.148246229
vt 0.687143803 0.044716835
vt 0.753558755 0.148246229
vt 0.528281152 0.690398037
vt 0.457576692 0.779981971
vt 0.457576692 0.668686688
vt 0.528281152 0.779981971
vt 0.317025363 0.420226455
vt 0.463925987 0.311940312
vt 0.463925987 0.420226455
vt 0.317025363 0.311940312
vt 0.822976291 0.760326385
vt 0.796141565 0.847923994
vt 0.796141565 0.760326385
vt 0.822976291 0.847923994
vt 0.788939118 0.847923994
vt 0.796141565 0.760326385
vt 0.796141565 0.847923994
vt 0.788939118 0.760326385
vt 0.788939118 0.753123939
vt 0.762104511 0.760326385
vt 0.762104511 0.753123939
vt 0.788939118 0.760326385
vt 0.762104511 0.847923994
vt 0.762104511 0.760326385
vt 0.788939118 0.847923994
vt 0.788939118 0.760326385
vt 0.822976291 0.760326385
vt 0.830178678 0.847923994
vt 0.822976291 0.847923994
vt 0.830178678 0.760326385
vt 0.606955588 0.757629514
vt 0.577145219 0.844941795
vt 0.577145219 0.757629514
vt 0.606955588 0.844941795
vt 0.571701944 0.844941795
vt 0.577145219 0.757629514
vt 0.577145219 0.844941795
vt 0.571701944 0.757629514
vt 0.577145219 0.757629514
vt 0.606955588 0.752186239
vt 0.606955588 0.757629514
vt 0.577145219 0.752186239
vt 0.541907489 0.844941795
vt 0.541907489 0.757629514
vt 0.571701944 0.844941795
vt 0.571701944 0.757629514
vt 0.606955588 0.757629514
vt 0.612398982 0.844941795
vt 0.606955588 0.844941795
vt 0.612398982 0.757629514
vt 0.625298381 0.742812097
vt 0.591275275 0.651680887
vt 0.62529552 0.651679754
vt 0.591278136 0.74281317
vt 0.632497966 0.651682317
vt 0.625298381 0.742812097
vt 0.62529552 0.651679754
vt 0.632500887 0.7428146
vt 0.632501066 0.750017047
vt 0.666521072 0.742813587
vt 0.66652137 0.750015914
vt 0.632500887 0.7428146
vt 0.666518271 0.651681244
vt 0.666521072 0.742813587
vt 0.632497966 0.651682317
vt 0.632500887 0.7428146
vt 0.591278136 0.74281317
vt 0.584072888 0.651683867
vt 0.591275275 0.651680887
vt 0.584075749 0.74281615
vt 0.986986637 0.02712816
vt 0.9921875 0.0489461422
vt 0.986986637 0.0489460826
vt 0.9921875 0.0271282196
vt 0.986986637 0.020731926
vt 0.9921875 0.00782084465
vt 0.9921875 0.0207318664
vt 0.986986637 0.00782090425
vt 0.986986637 0.0553421974
vt 0.9921875 0.0682532191
vt 0.986986637 0.0682532191
vt 0.9921875 0.0553421974
vt 0.507180333 0.531495631
vt 0.507180333 0.544406474
vt 0.476316869 0.531495631
vt 0.507180333 0.544406474
vt 0.502657533 0.548929334
vt 0.476316869 0.531495631
vt 0.502657533 0.548929334
vt 0.480839521 0.548929334
vt 0.476316869 0.531495631
vt 0.480839521 0.548929334
vt 0.476316869 0.544406474
vt 0.476316869 0.531495631
vt 0.9921875 0.0489461422
vt 0.9921875 0.0553421974
vt 0.986986637 0.0489460826
vt 0.986986637 0.0553421974
vt 0.986986637 0.020731926
vt 0.9921875 0.0207318664
vt 0.9921875 0.0271282196
vt 0.986986637 0.02712816
vt 0.506919563 0.00782084465
vt 0.507028818 0.0208328366
vt 0.476439595 0.00782084465
vt 0.507028818 0.0208328366
vt 0.502540469 0.0253909826
vt 0.476439595 0.00782084465
vt 0.502540469 0.0253909826
vt 0.480820715 0.0253909826
vt 0.476439595 0.00782084465
vt 0.480820715 0.0253909826
vt 0.476316869 0.0208328366
vt 0.476439595 0.00782084465
vt 0.898651063 0.00782084465
vt 0.893285751 0.1715734
vt 0.893285751 0.00782084465
vt 0.898651063 0.1715734
vt 0.898651063 0.00782084465
vt 0.904016316 0.1715734
vt 0.898651063 0.1715734
vt 0.904016316 0.00782084465
vt 0.909381807 0.00782084465
vt 0.904016316 0.1715734
vt 0.904016316 0.00782084465
vt 0.909381807 0.1715734
vt 0.909381807 0.00782084465
vt 0.914747 0.1715734
vt 0.909381807 0.1715734
vt 0.914747 0.00782084465
vt 0.893285751 0.279446244
vt 0.898412168 0.27648747
vt 0.893285751 0.285365343
vt 0.903537095 0.279446244
vt 0.903537095 0.285365343
vt 0.898412168 0.27648747
vt 0.898412168 0.288324177
vt 0.893285751 0.285365343
vt 0.903537095 0.285365343
vt 0.898412168 0.27648747
vt 0.903537095 0.285365343
vt 0.893285751 0.285365343
vt 0.92011261 0.00782084465
vt 0.914747 0.1715734
vt 0.914747 0.00782084465
vt 0.92011261 0.1715734
vt 0.925477982 0.00782084465
vt 0.92011261 0.1715734
vt 0.92011261 0.00782084465
vt 0.925477982 0.1715734
vt 0.927623451 0.613101363
vt 0.927623451 0.753177404
vt 0.921692789 0.753177404
vt 0.921692789 0.613101363
vt 0.933553994 0.753177404
vt 0.927623451 0.613101363
vt 0.933553994 0.613101363
vt 0.927623451 0.753177404
vt 0.897970796 0.613101363
vt 0.903901398 0.753177404
vt 0.897970796 0.753177404
vt 0.903901398 0.613101363
vt 0.909831822 0.753177404
vt 0.903901398 0.613101363
vt 0.909831822 0.613101363
vt 0.903901398 0.753177404
vt 0.232694775 0.0994483829
vt 0.237830833 0.0964833498
vt 0.232694596 0.105378926
vt 0.242966771 0.0994487405
vt 0.242966607 0.105379224
vt 0.237830833 0.0964833498
vt 0.237830505 0.108344316
vt 0.232694596 0.105378926
vt 0.242966607 0.105379224
vt 0.237830833 0.0964833498
vt 0.242966607 0.105379224
vt 0.232694596 0.105378926
vt 0.915762305 0.613101363
vt 0.915762305 0.753177404
vt 0.909831822 0.753177404
vt 0.909831822 0.613101363
vt 0.915762305 0.753177404
vt 0.921692789 0.613101363
vt 0.921692789 0.753177404
vt 0.915762305 0.613101363
vt 0.909831822 0.762547493
vt 0.909831822 0.897408664
vt 0.903901398 0.897408664
vt 0.903901398 0.762547493
vt 0.915762246 0.897408664
vt 0.909831822 0.762547493
vt 0.915762246 0.762547493
vt 0.909831822 0.897408664
vt 0.915762246 0.762547493
vt 0.921693027 0.897408664
vt 0.915762246 0.897408664
vt 0.921693027 0.762547493
vt 0.927623451 0.897408664
vt 0.921693027 0.762547493
vt 0.927623451 0.762547493
vt 0.921693027 0.897408664
vt 0.209269375 0.0994489789
vt 0.214405715 0.0964834094
vt 0.209269375 0.105378747
vt 0.219541773 0.0994489789
vt 0.219541773 0.105378747
vt 0.214405715 0.0964834094
vt 0.214405715 0.0964834094
vt 0.219541773 0.105378747
vt 0.209269375 0.105378747
vt 0.219541773 0.105378747
vt 0.214405715 0.108344495
vt 0.209269375 0.105378747
vt 0.933553934 0.762547493
vt 0.933553934 0.897408664
vt 0.927623451 0.897408664
vt 0.927623451 0.762547493
vt 0.897970796 0.897408664
vt 0.903901398 0.762547493
vt 0.903901398 0.897408664
vt 0.897970796 0.762547493
vt 0.71313417 0.625716269
vt 0.740249336 0.747615635
vt 0.71313417 0.747615635
vt 0.740249336 0.625716269
vt 0.70488894 0.755860984
vt 0.677773714 0.755860984
vt 0.677773714 0.747615635
vt 0.70488894 0.747615635
vt 0.70488894 0.747615635
vt 0.71313417 0.625716269
vt 0.71313417 0.747615635
vt 0.70488894 0.625716269
vt 0.677773714 0.747615635
vt 0.677773714 0.625716269
vt 0.70488894 0.747615635
vt 0.70488894 0.625716269
vt 0.740249336 0.625716269
vt 0.748494744 0.747615635
vt 0.740249336 0.747615635
vt 0.748494744 0.625716269
vt 0.287922144 0.369725764
vt 0.259745985 0.494050264
vt 0.259745985 0.369725764
vt 0.287922144 0.494050264
vt 0.251500636 0.502295852
vt 0.223324507 0.502295852
vt 0.223324507 0.494050264
vt 0.251500636 0.494050264
vt 0.251500636 0.494050264
vt 0.259745985 0.369725764
vt 0.259745985 0.494050264
vt 0.251500636 0.369725764
vt 0.223324507 0.494050264
vt 0.223324507 0.369725764
vt 0.251500636 0.494050264
vt 0.251500636 0.369725764
vt 0.287922144 0.369725764
vt 0.296167463 0.494050264
vt 0.287922144 0.494050264
vt 0.296167463 0.369725764
vt 0.313059181 0.616059721
vt 0.342198223 0.730663121
vt 0.313059181 0.730663121
vt 0.342198223 0.616059721
vt 0.303998977 0.739723146
vt 0.274859995 0.739723146
vt 0.274859995 0.730663121
vt 0.303998977 0.730663121
vt 0.303998977 0.730663121
vt 0.313059181 0.616059721
vt 0.313059181 0.730663121
vt 0.303998977 0.616059721
vt 0.274859995 0.730663121
vt 0.303998977 0.616059721
vt 0.303998977 0.730663121
vt 0.274859995 0.616059721
vt 0.342198223 0.616059721
vt 0.351258248 0.730663121
vt 0.342198223 0.730663121
vt 0.351258248 0.616059721
vt 0.870616257 0.631595016
vt 0.87783277 0.760601223
vt 0.870616257 0.760601223
vt 0.87783277 0.631595016
vt 0.87783277 0.631595016
vt 0.885049284 0.760601223
vt 0.87783277 0.760601223
vt 0.885049284 0.631595016
vt 0.841750264 0.631595016
vt 0.848966718 0.760601223
vt 0.841750264 0.760601223
vt 0.848966718 0.631595016
vt 0.856183171 0.631595016
vt 0.848966718 0.760601223
vt 0.848966718 0.631595016
vt 0.856183171 0.760601223
vt 0.93545115 0.153245449
vt 0.941700816 0.149637341
vt 0.93545115 0.160461962
vt 0.947950602 0.153245628
vt 0.947950602 0.160462141
vt 0.941700816 0.149637341
vt 0.941700816 0.164070249
vt 0.93545115 0.160461962
vt 0.947950602 0.160462141
vt 0.941700816 0.149637341
vt 0.947950602 0.160462141
vt 0.93545115 0.160461962
vt 0.863399804 0.631595016
vt 0.856183171 0.760601223
vt 0.856183171 0.631595016
vt 0.863399804 0.760601223
vt 0.870616257 0.631595016
vt 0.863399804 0.760601223
vt 0.863399804 0.631595016
vt 0.870616257 0.760601223
vt 0.87685895 0.300070584
vt 0.869445741 0.444422603
vt 0.869445741 0.300070584
vt 0.87685895 0.444422603
vt 0.839793384 0.300070584
vt 0.832380176 0.444422603
vt 0.832380176 0.300070584
vt 0.839793384 0.444422603
vt 0.847206593 0.300070584
vt 0.839793384 0.444422603
vt 0.839793384 0.300070584
vt 0.847206593 0.444422603
vt 0.847206593 0.300070584
vt 0.854619622 0.444422603
vt 0.847206593 0.444422603
vt 0.854619622 0.300070584
vt 0.518482268 0.0115193725
vt 0.524901986 0.0078125
vt 0.518482268 0.0189317465
vt 0.531322718 0.0115193725
vt 0.531322718 0.0189317465
vt 0.524901986 0.0078125
vt 0.524901986 0.0078125
vt 0.531322718 0.0189317465
vt 0.518482268 0.0189317465
vt 0.524901986 0.0226386786
vt 0.518482268 0.0189317465
vt 0.854619622 0.300070584
vt 0.862032652 0.444422603
vt 0.854619622 0.444422603
vt 0.862032652 0.300070584
vt 0.862032652 0.300070584
vt 0.869445741 0.444422603
vt 0.862032652 0.444422603
vt 0.869445741 0.300070584
vt 0.0846448988 0.497595429
vt 0.0535006039 0.595209837
vt 0.0535006039 0.497595429
vt 0.0846448988 0.595209837
vt 0.0389567949 0.609753788
vt 0.0078125 0.609753788
vt 0.0078125 0.595209837
vt 0.0389567949 0.595209837
vt 0.0389567949 0.497595429
vt 0.0535006039 0.595209837
vt 0.0389567949 0.595209837
vt 0.0535006039 0.497595429
vt 0.0078125 0.595209837
vt 0.0078125 0.497595429
vt 0.0389567949 0.595209837
vt 0.0389567949 0.497595429
vt 0.0991887525 0.497595429
vt 0.0991887525 0.595209837
vt 0.0846448988 0.595209837
vt 0.0846448988 0.497595429
vt 0.437657118 0.616059721
vt 0.437657118 0.717963696
vt 0.406070828 0.616059721
vt 0.406070828 0.717963696
vt 0.395703554 0.72833091
vt 0.363875806 0.72833091
vt 0.363875806 0.717963696
vt 0.395703554 0.717963696
vt 0.406070828 0.616059721
vt 0.395703554 0.717963696
vt 0.395703554 0.616059721
vt 0.406070828 0.717963696
vt 0.448024392 0.616059721
vt 0.448024392 0.717963696
vt 0.437657118 0.717963696
vt 0.437657118 0.616059721
vt 0.395703554 0.616059721
vt 0.395703554 0.717963696
vt 0.363875806 0.717963696
vt 0.363875806 0.616059721
vt 0.212711811 0.696935773
vt 0.173271194 0.599321246
vt 0.212711811 0.599321246
vt 0.173271194 0.696935773
vt 0.223564133 0.588468909
vt 0.263004601 0.588468909
vt 0.263004601 0.599321246
vt 0.223564133 0.599321246
vt 0.223564133 0.696935773
vt 0.212711811 0.599321246
vt 0.223564133 0.599321246
vt 0.212711811 0.696935773
vt 0.162418932 0.696935773
vt 0.162418932 0.599321246
vt 0.173271194 0.599321246
vt 0.173271194 0.696935773
vt 0.263004601 0.696935773
vt 0.223564133 0.599321246
vt 0.263004601 0.599321246
vt 0.223564133 0.696935773
vt 0.0186647587 0.807329595
vt 0.0387530774 0.907309592
vt 0.0186647587 0.907309592
vt 0.0387530774 0.807329595
vt 0.0186647587 0.907309592
vt 0.0186647587 0.927397728
vt 0.0078125 0.927397728
vt 0.0078125 0.907309592
vt 0.0078125 0.807329595
vt 0.0186647587 0.907309592
vt 0.0078125 0.907309592
vt 0.0186647587 0.807329595
vt 0.0496054552 0.807329595
vt 0.0496054552 0.907309592
vt 0.0387530774 0.907309592
vt 0.0387530774 0.807329595
vt 0.150188088 0.589951158
vt 0.150188088 0.487547874
vt 0.162400395 0.589951158
vt 0.162400395 0.487547874
vt 0.201705068 0.589951158
vt 0.21391736 0.487547874
vt 0.21391736 0.589951158
vt 0.201705068 0.487547874
vt 0.110883459 0.589951158
vt 0.150188088 0.602163613
vt 0.110883459 0.602163613
vt 0.150188088 0.589951158
vt 0.162400395 0.487547874
vt 0.201705068 0.589951158
vt 0.162400395 0.589951158
vt 0.201705068 0.487547874
vt 0.150188088 0.589951158
vt 0.110883459 0.487547874
vt 0.150188088 0.487547874
vt 0.110883459 0.589951158
vt 0.503467321 0.204976916
vt 0.476316869 0.0349713564
vt 0.503467321 0.0349713564
vt 0.476316869 0.204976916
vt 0.550118566 0.232127428
vt 0.569619119 0.204976916
vt 0.569619119 0.232127428
vt 0.550118566 0.204976916
vt 0.522967935 0.204976916
vt 0.550118566 0.0349713564
vt 0.550118566 0.204976916
vt 0.522967935 0.0349713564
vt 0.550118566 0.00782084465
vt 0.569619119 0.0349713564
vt 0.550118566 0.0349713564
vt 0.569619119 0.00782084465
vt 0.550118566 0.204976916
vt 0.550118566 0.0349713564
vt 0.569619119 0.204976916
vt 0.569619119 0.0349713564
vt 0.503467321 0.204976916
vt 0.522967935 0.0349713564
vt 0.522967935 0.204976916
vt 0.503467321 0.0349713564
vt 0.096726425 0.709148109
vt 0.0608301833 0.611533701
vt 0.096726425 0.611533701
vt 0.0608301833 0.709148109
vt 0.14347519 0.720000505
vt 0.107578896 0.720000505
vt 0.107578896 0.709148109
vt 0.14347519 0.709148109
vt 0.107578896 0.611533701
vt 0.107578896 0.709148109
vt 0.096726425 0.709148109
vt 0.096726425 0.611533701
vt 0.14347519 0.611533701
vt 0.14347519 0.709148109
vt 0.107578896 0.611533701
vt 0.107578896 0.709148109
vt 0.0499778911 0.611533701
vt 0.0608301833 0.709148109
vt 0.0499778911 0.709148109
vt 0.0608301833 0.611533701
vt 0.794922054 0.741849363
vt 0.771143556 0.646844864
vt 0.794922054 0.646844864
vt 0.771143556 0.741849363
vt 0.827739716 0.750956297
vt 0.803961277 0.750956297
vt 0.803961277 0.741849363
vt 0.827739716 0.741849363
vt 0.762104511 0.646844864
vt 0.771143556 0.741849363
vt 0.762104511 0.741849363
vt 0.771143556 0.646844864
vt 0.803961277 0.646844864
vt 0.803961277 0.741849363
vt 0.794922054 0.741849363
vt 0.794922054 0.646844864
vt 0.803961277 0.646844864
vt 0.827739716 0.741849363
vt 0.803961277 0.741849363
vt 0.827739716 0.646844864
vt 0.524646819 0.559801996
vt 0.524646819 0.66220516
vt 0.488529205 0.66220516
vt 0.488529205 0.559801996
vt 0.572976947 0.559801996
vt 0.536859214 0.66220516
vt 0.536859214 0.559801996
vt 0.572976947 0.66220516
vt 0.572976947 0.674417555
vt 0.536859214 0.674417555
vt 0.536859214 0.66220516
vt 0.572976947 0.66220516
vt 0.476316869 0.559801996
vt 0.488529205 0.66220516
vt 0.476316869 0.66220516
vt 0.488529205 0.559801996
vt 0.536859214 0.559801996
vt 0.536859214 0.66220516
vt 0.524646819 0.66220516
vt 0.524646819 0.559801996
vt 0.79513377 0.541948199
vt 0.818906426 0.637474775
vt 0.79513377 0.637474775
vt 0.818906426 0.541948199
vt 0.762104511 0.637474775
vt 0.762104511 0.541948199
vt 0.785877228 0.637474775
vt 0.785877228 0.541948199
vt 0.762104511 0.532330096
vt 0.785877228 0.532330096
vt 0.785877228 0.541948199
vt 0.762104511 0.541948199
vt 0.818906426 0.637474775
vt 0.828162968 0.541948199
vt 0.828162968 0.637474775
vt 0.818906426 0.541948199
vt 0.785877228 0.541948199
vt 0.79513377 0.637474775
vt 0.785877228 0.637474775
vt 0.79513377 0.541948199
vt 0.695484936 0.254190564
vt 0.728237271 0.157616317
vt 0.728237271 0.254190564
vt 0.695484936 0.157616317
vt 0.73629415 0.262531638
vt 0.769129157 0.254190564
vt 0.769129157 0.262531638
vt 0.73629415 0.254190564
vt 0.687143803 0.254190564
vt 0.687143803 0.157616317
vt 0.695484936 0.254190564
vt 0.695484936 0.157616317
vt 0.728237271 0.254190564
vt 0.73629415 0.157616317
vt 0.73629415 0.254190564
vt 0.728237271 0.157616317
vt 0.73629415 0.157616317
vt 0.769129157 0.254190564
vt 0.73629415 0.254190564
vt 0.769129157 0.157616317
vt 0.790952265 0.522680759
vt 0.796472013 0.42197156
vt 0.806561232 0.522547126
vt 0.805699408 0.421892583
vt 0.805699408 0.421892583
vt 0.823623598 0.522401035
vt 0.806561232 0.522547126
vt 0.822761714 0.421746492
vt 0.790952265 0.522680759
vt 0.785595655 0.422064662
vt 0.790243447 0.439893603
vt 0.758281052 0.522960424
vt 0.773028314 0.422172308
vt 0.773889899 0.522826791
vt 0.757419467 0.422305942
vt 0.796472013 0.42197156
vt 0.790243447 0.439893603
vt 0.788678348 0.421535492
vt 0.822761714 0.421746492
vt 0.81006074 0.406245232
vt 0.82262814 0.406137586
vt 0.796472013 0.42197156
vt 0.790952265 0.522680759
vt 0.790243447 0.439893603
vt 0.785595655 0.422064662
vt 0.773889899 0.522826791
vt 0.773028314 0.422172308
vt 0.790952265 0.522680759
vt 0.805620551 0.412665129
vt 0.822761714 0.421746492
vt 0.805699408 0.421892583
vt 0.81006074 0.406245232
vt 0.628328323 0.766146839
vt 0.660189569 0.76522547
vt 0.640347362 0.840154946
vt 0.665745914 0.76524353
vt 0.68644762 0.842116773
vt 0.665847778 0.842244685
vt 0.665847778 0.842244685
vt 0.660189569 0.76522547
vt 0.665745914 0.76524353
vt 0.660278738 0.842292964
vt 0.659043908 0.847848177
vt 0.638345361 0.845103204
vt 0.640347362 0.840154946
vt 0.660278738 0.842292964
vt 0.640347362 0.840154946
vt 0.626238227 0.835988224
vt 0.62966156 0.831239164
vt 0.638345361 0.845103204
vt 0.697055519 0.831395924
vt 0.702501774 0.765231013
vt 0.702618659 0.83137852
vt 0.696939528 0.765243649
vt 0.696939528 0.765243649
vt 0.697055519 0.831395924
vt 0.68644762 0.842116773
vt 0.696939528 0.765243649
vt 0.68644762 0.842116773
vt 0.665745914 0.76524353
vt 0.640347362 0.840154946
vt 0.660189569 0.76522547
vt 0.660278738 0.842292964
vt 0.628328323 0.766146839
vt 0.640347362 0.840154946
vt 0.62966156 0.831239164
vt 0.233474419 0.805913627
vt 0.233474419 0.882199943
vt 0.201155245 0.805913627
vt 0.201155245 0.882199943
vt 0.195604309 0.882199943
vt 0.163284943 0.805913627
vt 0.195604309 0.805913627
vt 0.163284943 0.882199943
vt 0.201155245 0.800362527
vt 0.233474419 0.800362527
vt 0.233474419 0.805913627
vt 0.201155245 0.805913627
vt 0.195604309 0.805913627
vt 0.201155245 0.882199943
vt 0.195604309 0.882199943
vt 0.201155245 0.805913627
vt 0.163284943 0.805913627
vt 0.157733902 0.882199943
vt 0.157733902 0.805913627
vt 0.163284943 0.882199943
vt 0.320710808 0.846098363
vt 0.311783284 0.860983729
vt 0.315304369 0.843930662
vt 0.32071048 0.867546976
vt 0.329033226 0.921913803
vt 0.32071048 0.867546976
vt 0.329035342 0.867464185
vt 0.320709497 0.921913803
vt 0.288915128 0.921913803
vt 0.288916171 0.868142247
vt 0.297242105 0.867547274
vt 0.297241658 0.921913803
vt 0.288916171 0.868142247
vt 0.288916498 0.848270416
vt 0.297242224 0.846100628
vt 0.297242105 0.867547274
vt 0.320710808 0.846098363
vt 0.329035342 0.867464185
vt 0.32071048 0.867546976
vt 0.329036146 0.84579587
vt 0.733994246 0.282662749
vt 0.741113901 0.295713305
vt 0.733994246 0.295713305
vt 0.741113901 0.282662749
vt 0.741113901 0.308763862
vt 0.733994246 0.295713305
vt 0.741113901 0.295713305
vt 0.733994246 0.308763862
vt 0.733994246 0.308763862
vt 0.741113901 0.308763862
vt 0.733994246 0.314043641
vt 0.741113901 0.314043641
vt 0.733994246 0.282662749
vt 0.733994246 0.271901727
vt 0.741113901 0.271901727
vt 0.741113901 0.282662749
vt 0.320709497 0.921913803
vt 0.297242105 0.867547274
vt 0.32071048 0.867546976
vt 0.297241658 0.921913803
vt 0.297242105 0.867547274
vt 0.311783284 0.860983729
vt 0.32071048 0.867546976
vt 0.297242105 0.867547274
vt 0.308264166 0.843930662
vt 0.311783284 0.860983729
vt 0.297242224 0.846100628
vt 0.342004597 0.843325675
vt 0.3516711 0.843326032
vt 0.351670176 0.866787255
vt 0.338203847 0.860581756
vt 0.329036146 0.84579587
vt 0.338203847 0.860581756
vt 0.329035342 0.867464185
vt 0.335214853 0.843325436
vt 0.351670176 0.866787255
vt 0.329035342 0.867464185
vt 0.338203847 0.860581756
vt 0.351670176 0.866787255
vt 0.329033226 0.921913803
vt 0.329035342 0.867464185
vt 0.351667881 0.921913803
vt 0.537201166 0.862817526
vt 0.51120466 0.863251686
vt 0.525002956 0.856184959
vt 0.56868428 0.863123477
vt 0.542744577 0.925093591
vt 0.542762637 0.862820566
vt 0.568655908 0.925093591
vt 0.542762637 0.862820566
vt 0.537183762 0.925093591
vt 0.537201166 0.862817526
vt 0.542744577 0.925093591
vt 0.524770379 0.851044476
vt 0.51120466 0.863251686
vt 0.509112179 0.858059466
vt 0.525002956 0.856184959
vt 0.524770379 0.851044476
vt 0.539368331 0.857156754
vt 0.537201166 0.862817526
vt 0.525002956 0.856184959
vt 0.56868428 0.863123477
vt 0.542762637 0.862820566
vt 0.554665208 0.855136931
vt 0.51120466 0.863251686
vt 0.537183762 0.925093591
vt 0.511265576 0.925093591
vt 0.537201166 0.862817526
vt 0.0526193865 0.730686307
vt 0.0626511201 0.722270191
vt 0.0898267627 0.721222878
vt 0.0473449752 0.797959507
vt 0.0475014113 0.732331276
vt 0.0526193865 0.730686307
vt 0.0532589033 0.797959507
vt 0.0145863611 0.712890208
vt 0.0426948443 0.71896106
vt 0.0398037359 0.723421335
vt 0.0128821982 0.718250334
vt 0.0426948443 0.71896106
vt 0.0526193865 0.730686307
vt 0.0475014113 0.732331276
vt 0.0398037359 0.723421335
vt 0.0967830271 0.797959507
vt 0.0898267627 0.721222878
vt 0.0953404605 0.721028268
vt 0.0912022144 0.797959507
vt 0.0078125 0.797959507
vt 0.0475014113 0.732331276
vt 0.0473449752 0.797959507
vt 0.0128821982 0.718250334
vt 0.198894113 0.714982271
vt 0.236043423 0.790973008
vt 0.198894233 0.790973008
vt 0.236043349 0.714982212
vt 0.153048977 0.790992618
vt 0.190198094 0.715001881
vt 0.190198213 0.790992558
vt 0.153048858 0.715001941
vt 0.190198094 0.715001881
vt 0.198894233 0.790973008
vt 0.190198213 0.790992558
vt 0.198894113 0.714982271
vt 0.153048858 0.706305921
vt 0.190198094 0.706305861
vt 0.190198094 0.715001881
vt 0.153048858 0.715001941
vt 0.236043423 0.790973008
vt 0.244739309 0.715001822
vt 0.244739428 0.790992439
vt 0.236043349 0.714982212
vt 0.546592534 0.550431907
vt 0.557915509 0.484198987
vt 0.557915509 0.550431907
vt 0.546592534 0.484198987
vt 0.591883957 0.550431907
vt 0.591883957 0.484198987
vt 0.603206635 0.550431907
vt 0.603206635 0.484198987
vt 0.580561101 0.550431907
vt 0.580561101 0.484198987
vt 0.591883957 0.550431907
vt 0.591883957 0.484198987
vt 0.569238245 0.550431907
vt 0.580561101 0.484198987
vt 0.580561101 0.550431907
vt 0.569238245 0.484198987
vt 0.557915509 0.550431907
vt 0.569238245 0.484198987
vt 0.569238245 0.550431907
vt 0.557915509 0.484198987
vt 0.557915509 0.484198987
vt 0.557915509 0.241497517
vt 0.569238245 0.484198987
vt 0.569238245 0.241497517
vt 0.569238245 0.484198987
vt 0.569238245 0.241497517
vt 0.580561101 0.484198987
vt 0.580561101 0.241497517
vt 0.580561101 0.484198987
vt 0.591883957 0.241497517
vt 0.591883957 0.484198987
vt 0.580561101 0.241497517
vt 0.591883957 0.484198987
vt 0.603206635 0.241497517
vt 0.603206635 0.484198987
vt 0.591883957 0.241497517
vt 0.546592534 0.484198987
vt 0.546592534 0.241497517
vt 0.557915509 0.484198987
vt 0.557915509 0.241497517
vt 0.616868198 0.326125264
vt 0.627044618 0.522109568
vt 0.616868198 0.522109568
vt 0.627044618 0.326125264
vt 0.627044618 0.326125264
vt 0.637221217 0.522109568
vt 0.627044618 0.522109568
vt 0.637221217 0.326125264
vt 0.647397757 0.326125264
vt 0.637221217 0.522109568
vt 0.637221217 0.326125264
vt 0.647397757 0.522109568
vt 0.657574296 0.326125264
vt 0.647397757 0.522109568
vt 0.647397757 0.326125264
vt 0.657574296 0.522109568
vt 0.657574296 0.326125264
vt 0.667750895 0.522109568
vt 0.657574296 0.522109568
vt 0.667750895 0.326125264
vt 0.667750895 0.522109568
vt 0.657574296 0.635107279
vt 0.657574296 0.522109568
vt 0.667750895 0.635107279
vt 0.657574296 0.635107279
vt 0.647397757 0.522109568
vt 0.657574296 0.522109568
vt 0.647397757 0.635107279
vt 0.647397757 0.635107279
vt 0.637221217 0.522109568
vt 0.647397757 0.522109568
vt 0.637221217 0.635107279
vt 0.637221217 0.522109568
vt 0.627044618 0.635107279
vt 0.627044618 0.522109568
vt 0.637221217 0.635107279
vt 0.627044618 0.522109568
vt 0.616868198 0.635107279
vt 0.616868198 0.522109568
vt 0.627044618 0.635107279
vt 0.476316869 0.522125542
vt 0.476316869 0.214347005
vt 0.488499075 0.522125542
vt 0.488499075 0.214347005
vt 0.525045753 0.522125542
vt 0.525045753 0.214347005
vt 0.537228107 0.522125542
vt 0.537228107 0.214347005
vt 0.512863576 0.522125542
vt 0.512863576 0.214347005
vt 0.525045753 0.522125542
vt 0.525045753 0.214347005
vt 0.500681281 0.522125542
vt 0.512863576 0.214347005
vt 0.512863576 0.522125542
vt 0.500681281 0.214347005
vt 0.488499075 0.522125542
vt 0.500681281 0.214347005
vt 0.500681281 0.522125542
vt 0.488499075 0.214347005
vt 0.200469956 0.478177786
vt 0.109164894 0.369725764
vt 0.200469956 0.369725764
vt 0.109164894 0.478177786
vt 0.0991174579 0.369725764
vt 0.0991174877 0.478177786
vt 0.0078125 0.369725764
vt 0.0078125 0.478177786
vt 0.0991174877 0.488225341
vt 0.0078125 0.488225341
vt 0.0078125 0.478177786
vt 0.0991174877 0.478177786
vt 0.109164894 0.478177786
vt 0.0991174579 0.369725764
vt 0.109164894 0.369725764
vt 0.0991174877 0.478177786
vt 0.210517421 0.369725764
vt 0.210517421 0.478177786
vt 0.200469956 0.478177786
vt 0.200469956 0.369725764
vt 0.919735909 0.300070584
vt 0.914546549 0.473340809
vt 0.914546549 0.300070584
vt 0.919735909 0.473340809
vt 0.893789828 0.300070584
vt 0.888600707 0.473340809
vt 0.888600707 0.300070584
vt 0.893789828 0.473340809
vt 0.898979068 0.300070584
vt 0.893789828 0.473340809
vt 0.893789828 0.300070584
vt 0.898979068 0.473340809
vt 0.904168248 0.300070584
vt 0.898979068 0.473340809
vt 0.898979068 0.300070584
vt 0.904168248 0.473340809
vt 0.124938592 0.348377347
vt 0.12943311 0.345782697
vt 0.124938592 0.353566647
vt 0.133926377 0.348377347
vt 0.133926377 0.353566647
vt 0.12943311 0.345782697
vt 0.12943311 0.345782697
vt 0.133926377 0.353566647
vt 0.124938592 0.353566647
vt 0.133926377 0.353566647
vt 0.12943311 0.356161356
vt 0.124938592 0.353566647
vt 0.909357488 0.300070584
vt 0.904168248 0.473340809
vt 0.904168248 0.300070584
vt 0.909357488 0.473340809
vt 0.909357488 0.300070584
vt 0.914546549 0.473340809
vt 0.909357488 0.473340809
vt 0.914546549 0.300070584
vt 0.0546629354 0.0834103823
vt 0.0731993467 0.00782084465
vt 0.0731993467 0.0834103823
vt 0.0546629354 0.00782084465
vt 0.0980888903 0.0834103823
vt 0.0795523673 0.00782084465
vt 0.0980888903 0.00782084465
vt 0.0795523673 0.0834103823
vt 0.0731993467 0.00782084465
vt 0.0795523673 0.0834103823
vt 0.0731993467 0.0834103823
vt 0.0795523673 0.00782084465
vt 0.518482268 0.550032854
vt 0.518482268 0.531495631
vt 0.52483505 0.550032854
vt 0.52483505 0.531495631
vt 0.104441851 0.00782084465
vt 0.0980888903 0.0834103823
vt 0.0980888903 0.00782084465
vt 0.104441851 0.0834103823
vt 0.0546629354 0.0834103823
vt 0.0731993467 0.0897632837
vt 0.0546629354 0.0897632837
vt 0.0731993467 0.0834103823
vt 0.227791637 0.0141687989
vt 0.209269375 0.0871274471
vt 0.209269375 0.0141687989
vt 0.227791637 0.0871274471
vt 0.234139532 0.0141687989
vt 0.252661645 0.0871274471
vt 0.234139532 0.0871274471
vt 0.252661645 0.0141687989
vt 0.259009659 0.0871274471
vt 0.252661645 0.0141687989
vt 0.259009659 0.0141687989
vt 0.252661645 0.0871274471
vt 0.227791637 0.0871274471
vt 0.234139532 0.0141687989
vt 0.234139532 0.0871274471
vt 0.227791637 0.0141687989
vt 0.209269375 0.0141687989
vt 0.227791637 0.00782084465
vt 0.227791637 0.0141687989
vt 0.209269375 0.00782084465
vt 0.776191831 0.925857306
vt 0.757419467 0.90762794
vt 0.776191831 0.90762794
vt 0.757419467 0.925857306
vt 0.782474399 0.925857306
vt 0.801246822 0.90762794
vt 0.801246822 0.925857306
vt 0.782474399 0.90762794
vt 0.80752939 0.90762794
vt 0.80752939 0.925857306
vt 0.801246822 0.90762794
vt 0.801246822 0.925857306
vt 0.776191831 0.925857306
vt 0.782474399 0.90762794
vt 0.782474399 0.925857306
vt 0.776191831 0.90762794
vt 0.80752939 0.87704891
vt 0.80752939 0.90762794
vt 0.801246822 0.87704891
vt 0.801246822 0.90762794
vt 0.776191831 0.90762794
vt 0.757419467 0.87704891
vt 0.776191831 0.87704891
vt 0.757419467 0.90762794
vt 0.776191831 0.90762794
vt 0.782474399 0.87704891
vt 0.782474399 0.90762794
vt 0.776191831 0.87704891
vt 0.801246822 0.87704891
vt 0.782474399 0.90762794
vt 0.782474399 0.87704891
vt 0.801246822 0.90762794
vt 0.80752939 0.857294083
vt 0.80752939 0.87704891
vt 0.801246822 0.857294083
vt 0.801246822 0.87704891
vt 0.776191831 0.857294083
vt 0.757419467 0.87704891
vt 0.757419467 0.857294083
vt 0.776191831 0.87704891
vt 0.776191831 0.87704891
vt 0.782474399 0.857294083
vt 0.782474399 0.87704891
vt 0.776191831 0.857294083
vt 0.782474399 0.857294083
vt 0.801246822 0.87704891
vt 0.782474399 0.87704891
vt 0.801246822 0.857294083
vt 0.87140274 0.453792691
vt 0.865472257 0.622224927
vt 0.865472257 0.453792691
vt 0.87140274 0.622224927
vt 0.87140274 0.453792691
vt 0.877333283 0.622224927
vt 0.87140274 0.622224927
vt 0.877333283 0.453792691
vt 0.847680569 0.453792691
vt 0.841750264 0.622224927
vt 0.841750264 0.453792691
vt 0.847680569 0.622224927
vt 0.85361129 0.453792691
vt 0.847680569 0.622224927
vt 0.847680569 0.453792691
vt 0.85361129 0.622224927
vt 0.579387844 0.216469049
vt 0.584524512 0.213504314
vt 0.579387844 0.222400069
vt 0.589659691 0.216469049
vt 0.589659691 0.222400069
vt 0.584524512 0.213504314
vt 0.584524512 0.225365043
vt 0.579387844 0.222400069
vt 0.589659691 0.222400069
vt 0.584524512 0.213504314
vt 0.589659691 0.222400069
vt 0.579387844 0.222400069
vt 0.85361129 0.453792691
vt 0.859541833 0.622224927
vt 0.85361129 0.622224927
vt 0.859541833 0.453792691
vt 0.865472257 0.453792691
vt 0.859541833 0.622224927
vt 0.859541833 0.453792691
vt 0.865472257 0.622224927
vt 0.322475135 0.749093235
vt 0.29371047 0.827691853
vt 0.29371047 0.749093235
vt 0.322475135 0.827691853
vt 0.256119817 0.827691853
vt 0.284884304 0.749093235
vt 0.284884304 0.827691853
vt 0.256119817 0.749093235
vt 0.284884304 0.83651799
vt 0.256119817 0.83651799
vt 0.256119817 0.827691853
vt 0.284884304 0.827691853
vt 0.322475135 0.827691853
vt 0.322475135 0.749093235
vt 0.331301272 0.749093235
vt 0.331301272 0.827691853
vt 0.29371047 0.827691853
vt 0.284884304 0.749093235
vt 0.29371047 0.749093235
vt 0.284884304 0.827691853
vt 0.09820804 0.885928094
vt 0.0728591755 0.807329595
vt 0.09820804 0.807329595
vt 0.0728591755 0.885928094
vt 0.132383198 0.807329595
vt 0.107034273 0.885928094
vt 0.107034273 0.807329595
vt 0.132383198 0.885928094
vt 0.107034273 0.798503458
vt 0.132383198 0.798503458
vt 0.132383198 0.807329595
vt 0.107034273 0.807329595
vt 0.09820804 0.807329595
vt 0.107034273 0.885928094
vt 0.09820804 0.885928094
vt 0.107034273 0.807329595
vt 0.0728591755 0.807329595
vt 0.0728591755 0.885928094
vt 0.064033024 0.885928094
vt 0.064033024 0.807329595
vt 0.460262597 0.789352059
vt 0.487989068 0.870166004
vt 0.460262597 0.870166004
vt 0.487989068 0.789352059
vt 0.424781382 0.870166004
vt 0.452507973 0.789352059
vt 0.452507973 0.870166004
vt 0.424781382 0.789352059
vt 0.452507973 0.877920806
vt 0.424781382 0.877920806
vt 0.424781382 0.870166004
vt 0.452507973 0.870166004
vt 0.452507973 0.870166004
vt 0.460262597 0.789352059
vt 0.460262597 0.870166004
vt 0.452507973 0.789352059
vt 0.487989068 0.789352059
vt 0.495743811 0.870166004
vt 0.487989068 0.870166004
vt 0.495743811 0.789352059
vt 0.464738309 0.645925462
vt 0.457576692 0.629660368
vt 0.464738309 0.629660368
vt 0.457576692 0.645925462
vt 0.0592693649 0.0991333723
vt 0.0708195046 0.105348468
vt 0.0592693649 0.105348468
vt 0.0708195046 0.0991333723
vt 0.464738309 0.626131713
vt 0.457576692 0.616059721
vt 0.464738309 0.616059721
vt 0.457576692 0.626131713
vt 0.541907489 0.721486986
vt 0.546430171 0.738920569
vt 0.541907489 0.734397948
vt 0.457576692 0.629660368
vt 0.457576692 0.626131713
vt 0.464738309 0.629660368
vt 0.464738309 0.626131713
vt 0.0592693649 0.105348468
vt 0.0546629354 0.0991333723
vt 0.0592693649 0.0991333723
vt 0.0546629354 0.105348468
vt 0.780844688 0.243517995
vt 0.785367548 0.260951638
vt 0.780844688 0.256428778
vt 0.811708391 0.243517995
vt 0.785367548 0.260951638
vt 0.780844688 0.243517995
vt 0.80718559 0.260951638
vt 0.811708391 0.243517995
vt 0.811708391 0.256428778
vt 0.80718559 0.260951638
vt 0.572771132 0.721486986
vt 0.572771132 0.734397948
vt 0.568248391 0.738920569
vt 0.541907489 0.721486986
vt 0.568248391 0.738920569
vt 0.546430171 0.738920569
vt 0.572771132 0.721486986
vt 0.661565125 0.857212007
vt 0.668781579 0.941862702
vt 0.661565125 0.941862702
vt 0.668781579 0.857212007
vt 0.675997913 0.857212007
vt 0.668781579 0.941862702
vt 0.668781579 0.857212007
vt 0.675997913 0.941862702
vt 0.675997913 0.857212007
vt 0.683214486 0.941862702
vt 0.675997913 0.941862702
vt 0.683214486 0.857212007
vt 0.690430999 0.857212007
vt 0.683214486 0.941862702
vt 0.683214486 0.857212007
vt 0.690430999 0.941862702
vt 0.0827732831 0.096383214
vt 0.0890228972 0.0927751064
vt 0.0827732012 0.103599727
vt 0.0952726081 0.0963833332
vt 0.0952726081 0.103599846
vt 0.0890228972 0.0927751064
vt 0.0890228972 0.107208073
vt 0.0827732012 0.103599727
vt 0.0952726081 0.103599846
vt 0.0890228972 0.0927751064
vt 0.0952726081 0.103599846
vt 0.0827732012 0.103599727
vt 0.690430999 0.857212007
vt 0.697647572 0.941862702
vt 0.690430999 0.941862702
vt 0.697647572 0.857212007
vt 0.661565125 0.857212007
vt 0.654348493 0.941862702
vt 0.654348493 0.857212007
vt 0.661565125 0.941862702
vt 0.0898267627 0.721222878
vt 0.0912022144 0.797959507
vt 0.0526193865 0.730686307
vt 0.0532589033 0.797959507
vt 0.0475014113 0.732331276
vt 0.0128821982 0.718250334
vt 0.0398037359 0.723421335
vt 0.370052427 0.737700999
vt 0.376229316 0.873173654
vt 0.370052427 0.873173654
vt 0.376229316 0.737700999
vt 0.376229316 0.737700999
vt 0.382505953 0.873173654
vt 0.376229316 0.873173654
vt 0.382505953 0.737700999
vt 0.388782561 0.737700999
vt 0.382505953 0.873173654
vt 0.382505953 0.737700999
vt 0.388782561 0.873173654
vt 0.39495936 0.737700999
vt 0.388782561 0.873173654
vt 0.388782561 0.737700999
vt 0.39495936 0.873173654
vt 0.40113616 0.737700999
vt 0.39495936 0.873173654
vt 0.39495936 0.737700999
vt 0.40113616 0.873173654
vt 0.407412708 0.737700999
vt 0.40113616 0.873173654
vt 0.40113616 0.737700999
vt 0.407412708 0.873173654
vt 0.0218738187 0.340423703
vt 0.0078125 0.346246481
vt 0.0136381937 0.340423703
vt 0.407412708 0.737700999
vt 0.413689315 0.873173654
vt 0.407412708 0.873173654
vt 0.413689315 0.737700999
vt 0.363875806 0.737700999
vt 0.370052427 0.873173654
vt 0.363875806 0.873173654
vt 0.370052427 0.737700999
vt 0.0276968144 0.354482412
vt 0.0218738187 0.360307992
vt 0.0136381937 0.360307992
vt 0.0078125 0.354482412
vt 0.0276968144 0.346246481
vt 0.0276968144 0.354482412
vt 0.0136381937 0.360307992
vt 0.0078125 0.346246481
vt 0.0218738187 0.340423703
vt 0.0276968144 0.346246481
vt 0.0078125 0.354482412
vt 0.844851911 0.156290829
vt 0.838563681 0.290700495
vt 0.838563681 0.156290829
vt 0.844851911 0.290700495
vt 0.844851911 0.156290829
vt 0.85115087 0.290700495
vt 0.844851911 0.290700495
vt 0.85115087 0.156290829
vt 0.85115087 0.156290829
vt 0.857345581 0.290700495
vt 0.85115087 0.290700495
vt 0.857345581 0.156290829
vt 0.857345581 0.156290829
vt 0.863529146 0.290700495
vt 0.857345581 0.290700495
vt 0.863529146 0.156290829
vt 0.863529146 0.156290829
vt 0.869817317 0.290700495
vt 0.863529146 0.290700495
vt 0.869817317 0.156290829
vt 0.876116276 0.156290829
vt 0.869817317 0.290700495
vt 0.869817317 0.156290829
vt 0.876116276 0.290700495
vt 0.266752601 0.851745725
vt 0.252607226 0.845888078
vt 0.260892302 0.845888078
vt 0.876116276 0.290700495
vt 0.876116276 0.156290829
vt 0.882310987 0.156290829
vt 0.882310987 0.290700495
vt 0.832380176 0.290700495
vt 0.832380176 0.156290829
vt 0.838563681 0.156290829
vt 0.838563681 0.290700495
vt 0.246749729 0.860030711
vt 0.260892302 0.865891039
vt 0.252607226 0.865891039
vt 0.246749729 0.860030711
vt 0.266752601 0.860030711
vt 0.260892302 0.865891039
vt 0.246749729 0.851745725
vt 0.266752601 0.851745725
vt 0.246749729 0.851745725
vt 0.252607226 0.845888078
vt 0.266752601 0.860030711
vt 0.373096764 0.882543743
vt 0.373096764 0.96040076
vt 0.368486315 0.96040076
vt 0.368486315 0.882543743
vt 0.373096764 0.882543743
vt 0.378174007 0.96040076
vt 0.373096764 0.96040076
vt 0.378174007 0.882543743
vt 0.378174007 0.96040076
vt 0.378174007 0.882543743
vt 0.383251309 0.882543743
vt 0.383251309 0.96040076
vt 0.387861758 0.96040076
vt 0.383251309 0.882543743
vt 0.387861758 0.882543743
vt 0.383251309 0.96040076
vt 0.392472357 0.882543743
vt 0.392472357 0.96040076
vt 0.387861758 0.96040076
vt 0.387861758 0.882543743
vt 0.39754951 0.882543743
vt 0.39754951 0.96040076
vt 0.392472357 0.96040076
vt 0.392472357 0.882543743
vt 0.402626812 0.96040076
vt 0.39754951 0.882543743
vt 0.402626812 0.882543743
vt 0.39754951 0.96040076
vt 0.368486315 0.96040076
vt 0.363875806 0.882543743
vt 0.368486315 0.882543743
vt 0.363875806 0.96040076
vt 0.790065765 0.156290829
vt 0.790065765 0.234147906
vt 0.785455167 0.234147906
vt 0.785455167 0.156290829
vt 0.790065765 0.156290829
vt 0.795142889 0.234147906
vt 0.790065765 0.234147906
vt 0.795142889 0.156290829
vt 0.795142889 0.234147906
vt 0.795142889 0.156290829
vt 0.800220132 0.156290829
vt 0.800220132 0.234147906
vt 0.80483073 0.234147906
vt 0.800220132 0.156290829
vt 0.80483073 0.156290829
vt 0.800220132 0.234147906
vt 0.809441268 0.156290829
vt 0.809441268 0.234147906
vt 0.80483073 0.234147906
vt 0.80483073 0.156290829
vt 0.814518392 0.156290829
vt 0.814518392 0.234147906
vt 0.809441268 0.234147906
vt 0.809441268 0.156290829
vt 0.819595754 0.234147906
vt 0.814518392 0.156290829
vt 0.819595754 0.156290829
vt 0.814518392 0.234147906
vt 0.785455167 0.234147906
vt 0.780844688 0.156290829
vt 0.785455167 0.156290829
vt 0.780844688 0.234147906
vt 0.778334141 0.00782084465
vt 0.772561789 0.146920562
vt 0.772561789 0.00782084465
vt 0.778334141 0.146920562
vt 0.784690797 0.00782084465
vt 0.778334141 0.146920562
vt 0.778334141 0.00782084465
vt 0.784690797 0.146920562
vt 0.784690797 0.00782084465
vt 0.791047275 0.146920562
vt 0.784690797 0.146920562
vt 0.791047275 0.00782084465
vt 0.791047275 0.00782084465
vt 0.796819687 0.146920562
vt 0.791047275 0.146920562
vt 0.796819687 0.00782084465
vt 0.80259198 0.00782084465
vt 0.796819687 0.146920562
vt 0.796819687 0.00782084465
vt 0.80259198 0.146920562
vt 0.808948517 0.00782084465
vt 0.80259198 0.146920562
vt 0.80259198 0.00782084465
vt 0.808948517 0.146920562
vt 0.808948517 0.00782084465
vt 0.815305233 0.146920562
vt 0.808948517 0.146920562
vt 0.815305233 0.00782084465
vt 0.766789556 0.00782084465
vt 0.772561789 0.146920562
vt 0.766789556 0.146920562
vt 0.772561789 0.00782084465
vt 0.839239776 0.00782084465
vt 0.833467484 0.146920741
vt 0.833467484 0.00782084465
vt 0.839239776 0.146920741
vt 0.845596373 0.00782084465
vt 0.839239776 0.146920741
vt 0.839239776 0.00782084465
vt 0.845596373 0.146920741
vt 0.845596373 0.00782084465
vt 0.85195303 0.146920741
vt 0.845596373 0.146920741
vt 0.85195303 0.00782084465
vt 0.85195303 0.00782084465
vt 0.857725322 0.146920741
vt 0.85195303 0.146920741
vt 0.857725322 0.00782084465
vt 0.863497615 0.00782084465
vt 0.857725322 0.146920741
vt 0.857725322 0.00782084465
vt 0.863497615 0.146920741
vt 0.869854331 0.00782084465
vt 0.863497615 0.146920741
vt 0.863497615 0.00782084465
vt 0.869854331 0.146920741
vt 0.869854331 0.00782084465
vt 0.876210749 0.146920741
vt 0.869854331 0.146920741
vt 0.876210749 0.00782084465
vt 0.827695131 0.00782084465
vt 0.833467484 0.146920741
vt 0.827695131 0.146920741
vt 0.833467484 0.00782084465
vt 0.961482644 0.328279555
vt 0.961482644 0.393406689
vt 0.953808486 0.393406689
vt 0.953808486 0.328279555
vt 0.946124256 0.393406689
vt 0.946124256 0.328279555
vt 0.953808486 0.393406689
vt 0.953808486 0.328279555
vt 0.938450158 0.393406689
vt 0.938450158 0.328279555
vt 0.946124256 0.393406689
vt 0.946124256 0.328279555
vt 0.938450158 0.328279555
vt 0.930766106 0.393406689
vt 0.930766106 0.328279555
vt 0.938450158 0.393406689
vt 0.4976632 0.879536092
vt 0.4976632 0.944663227
vt 0.489989012 0.944663227
vt 0.489989012 0.879536092
vt 0.482304901 0.944663227
vt 0.482304901 0.879536092
vt 0.489989012 0.944663227
vt 0.489989012 0.879536092
vt 0.474630654 0.944663227
vt 0.474630654 0.879536092
vt 0.482304901 0.944663227
vt 0.482304901 0.879536092
vt 0.474630654 0.879536092
vt 0.466946781 0.944663227
vt 0.466946781 0.879536092
vt 0.474630654 0.944663227
vt 0.0385290124 0.619123876
vt 0.0385290124 0.684250951
vt 0.0308546983 0.684250951
vt 0.0308546983 0.619123876
vt 0.0231706668 0.684250951
vt 0.0231706668 0.619123876
vt 0.0308546983 0.684250951
vt 0.0308546983 0.619123876
vt 0.0154965306 0.684250951
vt 0.0154965306 0.619123876
vt 0.0231706668 0.684250951
vt 0.0231706668 0.619123876
vt 0.0154965306 0.619123876
vt 0.0078125 0.684250951
vt 0.0078125 0.619123876
vt 0.0154965306 0.684250951
vt 0.961482644 0.402776778
vt 0.961482644 0.467903852
vt 0.953808486 0.467903852
vt 0.953808486 0.402776778
vt 0.946124315 0.467903852
vt 0.946124315 0.402776778
vt 0.953808486 0.467903852
vt 0.953808486 0.402776778
vt 0.938450098 0.467903852
vt 0.938450098 0.402776778
vt 0.946124315 0.467903852
vt 0.946124315 0.402776778
vt 0.938450098 0.402776778
vt 0.930766106 0.467903852
vt 0.930766106 0.402776778
vt 0.938450098 0.467903852
vt 0.430945247 0.727333784
vt 0.430945247 0.758572638
vt 0.424781382 0.758572638
vt 0.424781382 0.727333784
vt 0.435950667 0.727333784
vt 0.430945247 0.758572638
vt 0.430945247 0.727333784
vt 0.435950667 0.758572638
vt 0.435950667 0.727333784
vt 0.442114502 0.758572638
vt 0.435950667 0.758572638
vt 0.442114502 0.727333784
vt 0.442114502 0.758572638
vt 0.442114502 0.727333784
vt 0.447119981 0.727333784
vt 0.447119981 0.758572638
vt 0.112362206 0.895298183
vt 0.112362206 0.926537156
vt 0.106198415 0.926537156
vt 0.106198415 0.895298183
vt 0.117367625 0.895298183
vt 0.117367625 0.926537156
vt 0.112362206 0.926537156
vt 0.112362206 0.895298183
vt 0.117367625 0.895298183
vt 0.123531416 0.926537156
vt 0.117367625 0.926537156
vt 0.123531416 0.895298183
vt 0.123531416 0.895298183
vt 0.128536895 0.926537156
vt 0.123531416 0.926537156
vt 0.128536895 0.895298183
vt 0.515276015 0.789352059
vt 0.515276015 0.820590973
vt 0.509112179 0.820590973
vt 0.509112179 0.789352059
vt 0.520281434 0.820590973
vt 0.515276015 0.789352059
vt 0.520281434 0.789352059
vt 0.515276015 0.820590973
vt 0.520281434 0.789352059
vt 0.52644521 0.820590973
vt 0.520281434 0.820590973
vt 0.52644521 0.789352059
vt 0.531450748 0.789352059
vt 0.531450748 0.820590973
vt 0.52644521 0.820590973
vt 0.52644521 0.789352059
vt 0.285708904 0.574970305
vt 0.285708904 0.606209219
vt 0.279545039 0.606209219
vt 0.279545039 0.574970305
vt 0.285708904 0.574970305
vt 0.290714324 0.606209219
vt 0.285708904 0.606209219
vt 0.290714324 0.574970305
vt 0.290714324 0.574970305
vt 0.296878129 0.606209219
vt 0.290714324 0.606209219
vt 0.296878129 0.574970305
vt 0.301883668 0.574970305
vt 0.301883668 0.606209219
vt 0.296878129 0.606209219
vt 0.296878129 0.574970305
vt 0.2648305 0.9035092
vt 0.266343951 0.877292395
vt 0.278963745 0.894620955
vt 0.249602526 0.891208708
vt 0.2648305 0.9035092
vt 0.248806328 0.908463717
vt 0.249602526 0.891208708
vt 0.257278472 0.914674759
vt 0.257278472 0.914674759
vt 0.238228083 0.91884762
vt 0.248806328 0.908463717
vt 0.255327255 0.928111553
vt 0.249602526 0.891208708
vt 0.236179546 0.916228414
vt 0.228009552 0.893979311
vt 0.248806328 0.908463717
vt 0.2648305 0.9035092
vt 0.269067436 0.921410918
vt 0.257278472 0.914674759
vt 0.279486269 0.911506653
vt 0.988197386 0.173876524
vt 0.958876371 0.168199956
vt 0.969338953 0.161494255
vt 0.976752877 0.15986222
vt 0.9788661 0.150491238
vt 0.969338953 0.161494255
vt 0.972197115 0.148317456
vt 0.976752877 0.15986222
vt 0.972197115 0.148317456
vt 0.987989128 0.142573774
vt 0.9788661 0.150491238
vt 0.966373026 0.138736069
vt 0.9788661 0.150491238
vt 0.988197386 0.173876524
vt 0.976752877 0.15986222
vt 0.987989128 0.142573774
vt 0.972197115 0.148317456
vt 0.969338953 0.161494255
vt 0.958876371 0.168199956
vt 0.966373026 0.138736069
vt 0.579387844 0.204148173
vt 0.579387844 0.179607391
vt 0.5986377 0.204148173
vt 0.5986377 0.179607391
vt 0.579387844 0.179607391
vt 0.5986377 0.15506655
vt 0.5986377 0.179607391
vt 0.579387844 0.15506655
vt 0.579387844 0.15506655
vt 0.579387844 0.130525708
vt 0.5986377 0.15506655
vt 0.5986377 0.130525708
vt 0.579387844 0.130525708
vt 0.5986377 0.105984092
vt 0.5986377 0.130525708
vt 0.579387844 0.105984092
vt 0.579387844 0.105984092
vt 0.579387844 0.0814433098
vt 0.5986377 0.105984092
vt 0.5986377 0.0814433098
vt 0.579387844 0.0814433098
vt 0.5986377 0.0569024682
vt 0.5986377 0.0814433098
vt 0.579387844 0.0569024682
vt 0.579387844 0.130525708
vt 0.579387844 0.15506655
vt 0.579387844 0.15506655
vt 0.579387844 0.130525708
vt 0.579387844 0.0569024682
vt 0.579387844 0.0323616862
vt 0.5986377 0.0569024682
vt 0.5986377 0.0323616862
vt 0.579387844 0.0323616862
vt 0.5986377 0.00782084465
vt 0.5986377 0.0323616862
vt 0.579387844 0.00782084465
vt 0.157236323 0.356635928
vt 0.166821852 0.352664828
vt 0.14764978 0.352664828
vt 0.166821852 0.352664828
vt 0.170792818 0.343079448
vt 0.14764978 0.352664828
vt 0.170792818 0.343079448
vt 0.166821852 0.333492935
vt 0.14764978 0.352664828
vt 0.166821852 0.333492935
vt 0.157236323 0.329521775
vt 0.14764978 0.352664828
vt 0.157236323 0.329521775
vt 0.14764978 0.333492935
vt 0.14764978 0.333492935
vt 0.143678769 0.343079448
vt 0.14764978 0.352664828
vt 0.611480534 0.909350395
vt 0.611480534 0.909350395
vt 0.627707183 0.902630389
vt 0.627707183 0.902630389
vt 0.579387844 0.0814433098
vt 0.579387844 0.0569024682
vt 0.579387844 0.0569024682
vt 0.579387844 0.0814433098
vt 0.579387844 0.130525708
vt 0.579387844 0.105984092
vt 0.579387844 0.105984092
vt 0.579387844 0.130525708
vt 0.579387844 0.0323616862
vt 0.579387844 0.0569024682
vt 0.579387844 0.0569024682
vt 0.579387844 0.0323616862
vt 0.579387844 0.179607391
vt 0.579387844 0.15506655
vt 0.579387844 0.15506655
vt 0.579387844 0.179607391
vt 0.579387844 0.105984092
vt 0.579387844 0.0814433098
vt 0.579387844 0.0814433098
vt 0.579387844 0.105984092
vt 0.579387844 0.0323616862
vt 0.579387844 0.00782084465
vt 0.579387844 0.00782084465
vt 0.579387844 0.0323616862
vt 0.579387844 0.179607391
vt 0.579387844 0.204148173
vt 0.579387844 0.204148173
vt 0.579387844 0.179607391
vt 0.611480534 0.918496311
vt 0.627707183 0.902630389
vt 0.634175003 0.909096122
vt 0.611480534 0.909350395
vt 0.634429276 0.886403501
vt 0.634175003 0.909096122
vt 0.627707183 0.902630389
vt 0.643575311 0.886403501
vt 0.627707183 0.870176733
vt 0.643575311 0.886403501
vt 0.634429276 0.886403501
vt 0.634175003 0.863709092
vt 0.634175003 0.863709092
vt 0.611480534 0.863454759
vt 0.611480534 0.854308903
vt 0.627707183 0.870176733
vt 0.588788092 0.863709092
vt 0.611480534 0.863454759
vt 0.595253646 0.870176733
vt 0.611480534 0.854308903
vt 0.579387844 0.886403501
vt 0.588788092 0.863709092
vt 0.595253646 0.870176733
vt 0.58853364 0.886403501
vt 0.579387844 0.886403501
vt 0.595253646 0.902630389
vt 0.588788092 0.909096122
vt 0.58853364 0.886403501
vt 0.595253646 0.902630389
vt 0.611480534 0.909350395
vt 0.611480534 0.918496311
vt 0.588788092 0.909096122
vt 0.627707183 0.902630389
vt 0.611480534 0.909350395
vt 0.634429276 0.886403501
vt 0.611480534 0.909350395
vt 0.595253646 0.902630389
vt 0.634429276 0.886403501
vt 0.595253646 0.902630389
vt 0.58853364 0.886403501
vt 0.634429276 0.886403501
vt 0.58853364 0.886403501
vt 0.595253646 0.870176733
vt 0.634429276 0.886403501
vt 0.595253646 0.870176733
vt 0.611480534 0.863454759
vt 0.634429276 0.886403501
vt 0.611480534 0.863454759
vt 0.627707183 0.870176733
vt 0.634429276 0.886403501
vt 0.595253646 0.902630389
vt 0.611480534 0.909350395
vt 0.611480534 0.909350395
vt 0.595253646 0.902630389
vt 0.595253646 0.870176733
vt 0.58853364 0.886403501
vt 0.58853364 0.886403501
vt 0.595253646 0.870176733
vt 0.627707183 0.870176733
vt 0.627707183 0.870176733
vt 0.611480534 0.863454759
vt 0.611480534 0.863454759
vt 0.627707183 0.902630389
vt 0.634429276 0.886403501
vt 0.634429276 0.886403501
vt 0.627707183 0.902630389
vt 0.58853364 0.886403501
vt 0.595253646 0.902630389
vt 0.595253646 0.902630389
vt 0.58853364 0.886403501
vt 0.611480534 0.863454759
vt 0.595253646 0.870176733
vt 0.595253646 0.870176733
vt 0.611480534 0.863454759
vt 0.634429276 0.886403501
vt 0.634429276 0.886403501
vt 0.627707183 0.870176733
vt 0.627707183 0.870176733
vt 0.561523855 0.6934762
vt 0.551199973 0.693858445
vt 0.542495072 0.68378216
vt 0.570060432 0.688127875
vt 0.561523855 0.6934762
vt 0.549933434 0.703575909
vt 0.551199973 0.693858445
vt 0.557904065 0.704425812
vt 0.563618481 0.712117791
vt 0.549933434 0.703575909
vt 0.557904065 0.704425812
vt 0.541907489 0.708803236
vt 0.541907489 0.708803236
vt 0.551199973 0.693858445
vt 0.549933434 0.703575909
vt 0.542495072 0.68378216
vt 0.561523855 0.6934762
vt 0.563618481 0.712117791
vt 0.557904065 0.704425812
vt 0.570060432 0.688127875
vt 0.979582787 0.51214093
vt 0.979582787 0.528204918
vt 0.96824646 0.528204918
vt 0.96824646 0.51214093
vt 0.951592445 0.0746300817
vt 0.951592445 0.0860208869
vt 0.93545115 0.0746300817
vt 0.93545115 0.0860208869
vt 0.951592445 0.0587348938
vt 0.93545115 0.0416057706
vt 0.951592445 0.0416057706
vt 0.93545115 0.0587348938
vt 0.951592445 0.0249449015
vt 0.951592445 0.0416057706
vt 0.93545115 0.0416057706
vt 0.93545115 0.0249449015
vt 0.951592445 0.0587348938
vt 0.93545115 0.0746300817
vt 0.93545115 0.0587348938
vt 0.951592445 0.0746300817
vt 0.93545115 0.101346731
vt 0.951592445 0.0860208869
vt 0.951592445 0.101346731
vt 0.93545115 0.0860208869
vt 0.979582787 0.588445067
vt 0.96824646 0.572909534
vt 0.979582787 0.572909534
vt 0.96824646 0.588445067
vt 0.951592445 0.00782084465
vt 0.93545115 0.0249449015
vt 0.93545115 0.00782084465
vt 0.951592445 0.0249449015
vt 0.93545115 0.140272617
vt 0.951592445 0.126122713
vt 0.951592445 0.140272617
vt 0.93545115 0.126122713
vt 0.96824646 0.528204918
vt 0.979582787 0.528204918
vt 0.979582787 0.543766916
vt 0.96824646 0.543766916
vt 0.93545115 0.11352706
vt 0.93545115 0.101346731
vt 0.951592445 0.101346731
vt 0.951592445 0.11352706
vt 0.93545115 0.11352706
vt 0.951592445 0.126122713
vt 0.93545115 0.126122713
vt 0.951592445 0.11352706
vt 0.979582787 0.543766916
vt 0.979582787 0.558325052
vt 0.96824646 0.558325052
vt 0.96824646 0.543766916
vt 0.96824646 0.572909534
vt 0.979582787 0.558325052
vt 0.979582787 0.572909534
vt 0.96824646 0.558325052
vt 0.972931504 0.305433929
vt 0.972931504 0.249025047
vt 0.989266455 0.305433929
vt 0.989266455 0.249025047
vt 0.989266455 0.314803958
vt 0.989266455 0.37121284
vt 0.972931504 0.314803958
vt 0.972931504 0.37121284
vt 0.352612168 0.796442151
vt 0.345135629 0.740033209
vt 0.352612168 0.740033209
vt 0.345135629 0.796442151
vt 0.972931504 0.239654958
vt 0.972931504 0.183246017
vt 0.989266396 0.239654958
vt 0.989266396 0.183246017
vt 0.989266455 0.380582929
vt 0.989266455 0.436991811
vt 0.972931504 0.380582929
vt 0.972931504 0.436991811
vt 0.563439131 0.990872502
vt 0.555962622 0.93446368
vt 0.563439131 0.93446368
vt 0.555962622 0.990872502
vt 0.595463693 0.559802055
vt 0.595463693 0.57594341
vt 0.584072888 0.57594347
vt 0.584072888 0.559801996
vt 0.972931504 0.502770841
vt 0.989072859 0.446361899
vt 0.989072919 0.502770841
vt 0.972931564 0.446361899
vt 0.932786942 0.953156114
vt 0.921396017 0.969297409
vt 0.921396017 0.953156114
vt 0.932786942 0.969297409
vt 0.932786942 0.953156114
vt 0.989195943 0.969297409
vt 0.932786942 0.969297409
vt 0.989195943 0.953156054
vt 0.595463693 0.63235271
vt 0.584072888 0.57594347
vt 0.595463693 0.57594341
vt 0.584072888 0.632352531
vt 0.957482338 0.607039392
vt 0.944821239 0.477273941
vt 0.957482338 0.477273941
vt 0.944821239 0.607039392
vt 0.463925987 0.606689632
vt 0.317025423 0.606689632
vt 0.317025363 0.420226455
vt 0.463925987 0.420226455
vt 0.687143803 0.00782084465
vt 0.753558695 0.00782084465
vt 0.753558695 0.044716835
vt 0.687143803 0.044716835
vt 0.66324538 0.988240063
vt 0.626238227 0.951232791
vt 0.66324538 0.951232791
vt 0.626238227 0.988240063
vt 0.616395056 0.964870632
vt 0.579387844 0.927863419
vt 0.616395056 0.927863419
vt 0.579387844 0.964870632
vt 0.227536425 0.925577343
vt 0.190529197 0.962584496
vt 0.190529197 0.925577343
vt 0.227536425 0.962584496
vt 0.944821239 0.804449916
vt 0.981828451 0.841457129
vt 0.944821239 0.841457129
vt 0.981828451 0.804449916
vt 0.509112179 0.93446368
vt 0.546119392 0.971470833
vt 0.509112179 0.971470833
vt 0.546119392 0.93446368
vt 0.091670163 0.978682637
vt 0.0546629354 0.941675484
vt 0.091670163 0.941675484
vt 0.0546629354 0.978682637
vt 0.143205583 0.974954545
vt 0.106198415 0.937947333
vt 0.143205583 0.937947333
vt 0.106198415 0.974954545
vt 0.79442668 0.972234607
vt 0.757419467 0.935227394
vt 0.79442668 0.935227394
vt 0.757419467 0.972234607
vt 0.855332255 0.903615773
vt 0.818325043 0.940622926
vt 0.818325043 0.903615773
vt 0.855332255 0.940622926
vt 0.317025363 0.968291044
vt 0.354032576 0.931283891
vt 0.354032576 0.968291044
vt 0.317025363 0.931283891
vt 0.710569024 0.930108249
vt 0.747576296 0.967115462
vt 0.710569024 0.967115462
vt 0.747576296 0.930108249
vt 0.949033082 0.943786025
vt 0.912025928 0.906778753
vt 0.949033082 0.906778753
vt 0.912025928 0.943786025
vt 0.143205568 0.766377866
vt 0.106198415 0.729370594
vt 0.143205568 0.729370594
vt 0.106198415 0.766377866
vt 0.724151015 0.300567865
vt 0.687143803 0.263560653
vt 0.724151015 0.263560653
vt 0.687143803 0.300567865
vt 0.902182639 0.906778753
vt 0.865175486 0.943786025
vt 0.865175486 0.906778753
vt 0.902182639 0.943786025
vt 0.944821239 0.795079827
vt 0.981828392 0.758072615
vt 0.981828392 0.795079827
vt 0.944821239 0.758072615
vt 0.0078125 0.936767817
vt 0.0448197313 0.97377497
vt 0.0078125 0.97377497
vt 0.0448197313 0.936767817
vt 0.180685982 0.928577244
vt 0.143678769 0.891570032
vt 0.180685982 0.891570032
vt 0.143678769 0.928577244
vt 0.981828332 0.748702526
vt 0.944821239 0.711695254
vt 0.981828332 0.711695254
vt 0.944821239 0.748702526
vt 0.452418476 0.989605606
vt 0.415411294 0.952598393
vt 0.452418476 0.952598393
vt 0.415411294 0.989605606
vt 0.944821239 0.850827157
vt 0.981828451 0.88783437
vt 0.944821239 0.88783437
vt 0.981828451 0.850827157
vt 0.0593479797 0.932305396
vt 0.0963551849 0.895298183
vt 0.0963551849 0.932305396
vt 0.0593479797 0.895298183
vt 0.307182133 0.968291044
vt 0.27017495 0.931283891
vt 0.307182133 0.931283891
vt 0.27017495 0.968291044
vt 0.80426991 0.949993014
vt 0.841277122 0.949993014
vt 0.80426991 0.987000167
vt 0.841277122 0.987000167
vt 0.917688906 0.482710898
vt 0.917688906 0.603731275
vt 0.900810063 0.603731275
vt 0.900810063 0.482710898
vt 0.929898143 0.482710898
vt 0.917688906 0.603731275
vt 0.917688906 0.482710898
vt 0.929898143 0.603731275
vt 0.900810063 0.603731275
vt 0.888600707 0.482710898
vt 0.900810063 0.482710898
vt 0.888600707 0.603731275
vt 0.591275036 0.64447844
vt 0.62529552 0.651679754
vt 0.591275275 0.651680887
vt 0.625295341 0.644477367
vt 0.616868198 0.316755176
vt 0.628191054 0.250522256
vt 0.628191054 0.316755176
vt 0.616868198 0.250522256
vt 0.662159503 0.316755176
vt 0.662159503 0.250522256
vt 0.673482299 0.316755176
vt 0.673482299 0.250522256
vt 0.650836706 0.316755176
vt 0.650836706 0.250522256
vt 0.662159503 0.316755176
vt 0.662159503 0.250522256
vt 0.63951385 0.316755176
vt 0.650836706 0.250522256
vt 0.650836706 0.316755176
vt 0.63951385 0.250522256
vt 0.628191054 0.316755176
vt 0.63951385 0.250522256
vt 0.63951385 0.316755176
vt 0.628191054 0.250522256
vt 0.628191054 0.250522256
vt 0.628191054 0.00782084465
vt 0.63951385 0.250522256
vt 0.63951385 0.00782084465
vt 0.63951385 0.250522256
vt 0.63951385 0.00782084465
vt 0.650836706 0.250522256
vt 0.650836706 0.00782084465
vt 0.650836706 0.250522256
vt 0.662159503 0.00782084465
vt 0.662159503 0.250522256
vt 0.650836706 0.00782084465
vt 0.662159503 0.250522256
vt 0.673482299 0.00782084465
vt 0.673482299 0.250522256
vt 0.662159503 0.00782084465
vt 0.616868198 0.250522256
vt 0.616868198 0.00782084465
vt 0.628191054 0.250522256
vt 0.628191054 0.00782084465
vt 0.677773714 0.363021374
vt 0.744188666 0.466550708
vt 0.677773714 0.466550708
vt 0.744188607 0.363021374
vt 0.744188607 0.326125264
vt 0.677773714 0.363021374
vt 0.677773714 0.326125264
vt 0.744188607 0.363021374
vt 0.72061938 0.756985724
vt 0.715254068 0.920738161
vt 0.715254068 0.756985724
vt 0.72061938 0.920738161
vt 0.725984693 0.756985724
vt 0.72061938 0.920738161
vt 0.72061938 0.756985724
vt 0.725984693 0.920738161
vt 0.731350303 0.756985724
vt 0.725984693 0.920738161
vt 0.725984693 0.756985724
vt 0.731350303 0.920738161
vt 0.731350303 0.756985724
vt 0.736715376 0.920738161
vt 0.731350303 0.920738161
vt 0.736715376 0.756985724
vt 0.293600172 0.338976502
vt 0.298726559 0.336017668
vt 0.293600172 0.344895601
vt 0.303851485 0.338976502
vt 0.303851485 0.344895601
vt 0.298726559 0.336017668
vt 0.298726559 0.347854376
vt 0.293600172 0.344895601
vt 0.303851485 0.344895601
vt 0.298726559 0.336017668
vt 0.303851485 0.344895601
vt 0.293600172 0.344895601
vt 0.742080927 0.756985724
vt 0.736715376 0.920738161
vt 0.736715376 0.756985724
vt 0.742080927 0.920738161
vt 0.747446358 0.756985724
vt 0.742080927 0.920738161
vt 0.742080927 0.756985724
vt 0.747446358 0.920738161
vt 0.744188607 0.512816846
vt 0.677773714 0.512816846
vt 0.677773714 0.61634618
vt 0.744188666 0.61634618
vt 0.677773714 0.475920796
vt 0.744188607 0.512816846
vt 0.744188607 0.475920796
vt 0.677773714 0.512816846
vt 0.457046747 0.931029499
vt 0.436445177 0.887290895
vt 0.436445296 0.943235517
vt 0.457037777 0.887290895
vt 0.436445296 0.943235517
vt 0.436445177 0.887290895
vt 0.415411294 0.931029499
vt 0.415420264 0.887290895
vt 0.317025363 0.116107047
vt 0.463925987 0.116106987
vt 0.463925987 0.00782084465
vt 0.317025363 0.00782084465
vt 0.463925987 0.302570224
vt 0.317025423 0.302570224
vt 0.0802891776 0.360377192
vt 0.151532218 0.312042117
vt 0.0078125149 0.312484622
vt 0.151532218 0.119048238
vt 0.116431311 0.00782084465
vt 0.116431311 0.119048238
vt 0.151532218 0.00782084465
vt 0.0078125149 0.312484622
vt 0.116431311 0.119048238
vt 0.0423185341 0.119048238
vt 0.151532218 0.312042117
vt 0.0423185341 0.119048238
vt 0.0423185192 0.00782084465
vt 0.0078125298 0.119048238
vt 0.0078125 0.00782084465
vt 0.0423185341 0.119048238
vt 0.0078125298 0.119048238
vt 0.0078125149 0.312484622
vt 0.116431311 0.119048238
vt 0.151532218 0.312042117
vt 0.151532218 0.119048238
vn -0.982068777 0.188522875 1.16815748e-07
vn -0.982068777 0.188522875 1.16815748e-07
vn -0.982068777 0.188522875 1.16815748e-07
vn -0.982068777 0.188522875 1.16815748e-07
vn -0.124185085 0.992259085 2.45870044e-08
vn -0.124185085 0.992259085 2.45870044e-08
vn -0.124185085 0.992259085 2.45870044e-08
vn -0.124185085 0.992259085 2.45870044e-08
vn 0.905321002 0.424727917 -2.07443946e-07
vn 0.905321002 0.424727917 -2.07443946e-07
vn 0.905321002 0.424727917 -2.07443946e-07
vn 0.905321002 0.424727917 -2.07443946e-07
vn 0 0 1
vn 0 0 1
vn 0 0 1
vn 0.683702946 -0.729760468 -1.08692904e-08
vn 0.683702946 -0.729760468 -1.08692904e-08
vn 0.683702946 -0.729760468 -1.08692904e-08
vn 0.683702946 -0.729760468 -1.08692904e-08
vn -0.4827694 -0.875747502 -5.54912347e-08
vn -0.4827694 -0.875747502 -5.54912347e-08
vn -0.4827694 -0.875747502 -5.54912347e-08
vn -0.4827694 -0.875747502 -5.54912347e-08
vn -3.58947295e-06 0 1
vn -3.58947295e-06 0 1
vn -3.58947295e-06 0 1
vn -3.58947295e-06 0 1
vn -0.982068896 0.188522071 8.46109197e-06
vn -0.982068896 0.188522071 8.46109197e-06
vn -0.982068896 0.188522071 8.46109197e-06
vn -0.982068896 0.188522071 8.46109197e-06
vn -0.124184012 0.992259145 1.21254334e-06
vn -0.124184012 0.992259145 1.21254334e-06
vn -0.124184012 0.992259145 1.21254334e-06
vn -0.124184012 0.992259145 1.21254334e-06
vn 0.905321538 0.424726993 -9.93585491e-06
vn 0.905321538 0.424726993 -9.93585491e-06
vn 0.905321538 0.424726993 -9.93585491e-06
vn 0.905321538 0.424726993 -9.93585491e-06
vn 0 0 1
vn 0 0 1
vn 0 0 1
vn 0.683701277 -0.729761958 -3.44741511e-06
vn 0.683701277 -0.729761958 -3.44741511e-06
vn 0.683701277 -0.729761958 -3.44741511e-06
vn 0.683701277 -0.729761958 -3.44741511e-06
vn -0.482769936 -0.875747144 2.33985679e-06
vn -0.482769936 -0.875747144 2.33985679e-06
vn -0.482769936 -0.875747144 2.33985679e-06
vn -0.482769936 -0.875747144 2.33985679e-06
vn 0 0 1
vn 0 0 1
vn 0.99986428 -0.0164791401 0
vn 0.99986428 -0.0164791401 0
vn 0.99986428 -0.0164791401 0
vn 0.99986428 -0.0164791401 0
vn 0 0 1
vn 0 0 1
vn 0 0 1
vn 0 0 1
vn 0 0 -1
vn 0 0 -1
vn 0 0 -1
vn 0 0 -1
vn 0.999864161 -0.0164792072 4.27973319e-08
vn 0.999864161 -0.0164792072 4.27973319e-08
vn 0.999864161 -0.0164792072 4.27973319e-08
vn 0.999864161 -0.0164792072 4.27973319e-08
vn -0.983649254 -0.0490498766 -0.173286557
vn -0.983649254 -0.0490498766 -0.173286557
vn -0.983649254 -0.0490498766 -0.173286557
vn -0.983649254 -0.0490498766 -0.173286557
vn 0.195251852 -0.0684797987 0.97835952
vn 0.195251852 -0.0684797987 0.97835952
vn 0.195251852 -0.0684797987 0.97835952
vn 0.195251852 -0.0684797987 0.97835952
vn 0.983648896 0.0490497686 0.173288956
vn 0.983648896 0.0490497686 0.173288956
vn 0.983648896 0.0490497686 0.173288956
vn 0.983648896 0.0490497686 0.173288956
vn -0.195248082 0.0684800968 -0.978360176
vn -0.195248082 0.0684800968 -0.978360176
vn -0.195248082 0.0684800968 -0.978360176
vn -0.195248082 0.0684800968 -0.978360176
vn -0.754133523 0.63851881 0.153546423
vn -0.754133523 0.63851881 0.153546423
vn -0.754133523 0.63851881 0.153546423
vn -0.754133523 0.63851881 0.153546423
vn -0.0199096594 -0.74212718 0.669963181
vn -0.0199096594 -0.74212718 0.669963181
vn -0.0199096594 -0.74212718 0.669963181
vn -0.0199096594 -0.74212718 0.669963181
vn 0.769132435 -0.624502063 -0.135765955
vn 0.769132435 -0.624502063 -0.135765955
vn 0.769132435 -0.624502063 -0.135765955
vn 0.769132435 -0.624502063 -0.135765955
vn 0.0359418951 0.756299257 -0.65323782
vn 0.0359418951 0.756299257 -0.65323782
vn 0.0359418951 0.756299257 -0.65323782
vn 0.0359418951 0.756299257 -0.65323782
vn -0.125184998 0.628154755 0.767952144
vn -0.125184998 0.628154755 0.767952144
vn -0.125184998 0.628154755 0.767952144
vn -0.125184998 0.628154755 0.767952144
vn -0.681740642 -0.731218517 0.0234352462
vn -0.681740642 -0.731218517 0.0234352462
vn -0.681740642 -0.731218517 0.0234352462
vn -0.681740642 -0.731218517 0.0234352462
vn 0.107304521 -0.613592982 -0.782297432
vn 0.107304521 -0.613592982 -0.782297432
vn 0.107304521 -0.613592982 -0.782297432
vn 0.107304521 -0.613592982 -0.782297432
vn 0.664887309 0.745933831 -0.0388272926
vn 0.664887309 0.745933831 -0.0388272926
vn 0.664887309 0.745933831 -0.0388272926
vn 0.664887309 0.745933831 -0.0388272926
vn 0.195254177 -0.0684804097 0.978358924
vn 0.195254177 -0.0684804097 0.978358924
vn 0.195254177 -0.0684804097 0.978358924
vn 0.195254177 -0.0684804097 0.978358924
vn -0.983649433 -0.0490498953 -0.173285425
vn -0.983649433 -0.0490498953 -0.173285425
vn -0.983649433 -0.0490498953 -0.173285425
vn -0.983649433 -0.0490498953 -0.173285425
vn -0.195248961 0.0684800521 -0.978359938
vn -0.195248961 0.0684800521 -0.978359938
vn -0.195248961 0.0684800521 -0.978359938
vn -0.195248961 0.0684800521 -0.978359938
vn 0.983649254 0.0490499884 0.173286468
vn 0.983649254 0.0490499884 0.173286468
vn 0.983649254 0.0490499884 0.173286468
vn 0.983649254 0.0490499884 0.173286468
vn -0.035939157 -0.756302714 0.653233945
vn -0.035939157 -0.756302714 0.653233945
vn -0.035939157 -0.756302714 0.653233945
vn -0.035939157 -0.756302714 0.653233945
vn -0.769132137 0.624501526 0.13577044
vn -0.769132137 0.624501526 0.13577044
vn -0.769132137 0.624501526 0.13577044
vn -0.769132137 0.624501526 0.13577044
vn 0.0199045707 0.74212724 -0.669963479
vn 0.0199045707 0.74212724 -0.669963479
vn 0.0199045707 0.74212724 -0.669963479
vn 0.0199045707 0.74212724 -0.669963479
vn 0.754135609 -0.638517022 -0.153542697
vn 0.754135609 -0.638517022 -0.153542697
vn 0.754135609 -0.638517022 -0.153542697
vn 0.754135609 -0.638517022 -0.153542697
vn -0.664887011 -0.74593395 0.0388311632
vn -0.664887011 -0.74593395 0.0388311632
vn -0.664887011 -0.74593395 0.0388311632
vn -0.664887011 -0.74593395 0.0388311632
vn -0.107305907 0.613593459 0.782296896
vn -0.107305907 0.613593459 0.782296896
vn -0.107305907 0.613593459 0.782296896
vn -0.107305907 0.613593459 0.782296896
vn 0.681740224 0.731218934 -0.0234313812
vn 0.681740224 0.731218934 -0.0234313812
vn 0.681740224 0.731218934 -0.0234313812
vn 0.681740224 0.731218934 -0.0234313812
vn 0.125186726 -0.628151298 -0.767954588
vn 0.125186726 -0.628151298 -0.767954588
vn 0.125186726 -0.628151298 -0.767954588
vn 0.125186726 -0.628151298 -0.767954588
vn -0.97635591 0.0160915703 -0.215569615
vn -0.97635591 0.0160915703 -0.215569615
vn -0.97635591 0.0160915703 -0.215569615
vn -0.97635591 0.0160915703 -0.215569615
vn 0.238447443 -0.0039299014 0.971147478
vn 0.238447443 -0.0039299014 0.971147478
vn 0.238447443 -0.0039299014 0.971147478
vn 0.238447443 -0.0039299014 0.971147478
vn 0.976356387 -0.0160918422 0.215567455
vn 0.976356387 -0.0160918422 0.215567455
vn 0.976356387 -0.0160918422 0.215567455
vn 0.976356387 -0.0160918422 0.215567455
vn -0.238444939 0.0039299028 -0.971148074
vn -0.238444939 0.0039299028 -0.971148074
vn -0.238444939 0.0039299028 -0.971148074
vn -0.238444939 0.0039299028 -0.971148074
vn -0.682060361 0.728659034 0.0620450117
vn -0.682060361 0.728659034 0.0620450117
vn -0.682060361 0.728659034 0.0620450117
vn -0.682060361 0.728659034 0.0620450117
vn -0.0398396887 -0.701812625 0.71124661
vn -0.0398396887 -0.701812625 0.71124661
vn -0.0398396887 -0.701812625 0.71124661
vn -0.0398396887 -0.701812625 0.71124661
vn 0.698713839 -0.713985085 -0.044991143
vn 0.698713839 -0.713985085 -0.044991143
vn 0.698713839 -0.713985085 -0.044991143
vn 0.698713839 -0.713985085 -0.044991143
vn 0.0575175509 0.716468573 -0.695244253
vn 0.0575175509 0.716468573 -0.695244253
vn 0.0575175509 0.716468573 -0.695244253
vn 0.0575175509 0.716468573 -0.695244253
vn -0.0338753834 0.717975497 0.695243597
vn -0.0338753834 0.717975497 0.695243597
vn -0.0338753834 0.717975497 0.695243597
vn -0.0338753834 0.717975497 0.695243597
vn -0.721861422 -0.690573692 0.044990018
vn -0.721861422 -0.690573692 0.044990018
vn -0.721861422 -0.690573692 0.044990018
vn -0.721861422 -0.690573692 0.044990018
vn 0.016691573 -0.702744603 -0.71124649
vn 0.016691573 -0.702744603 -0.71124649
vn 0.016691573 -0.702744603 -0.71124649
vn 0.016691573 -0.702744603 -0.71124649
vn 0.705702662 0.705786407 -0.0620433353
vn 0.705702662 0.705786407 -0.0620433353
vn 0.705702662 0.705786407 -0.0620433353
vn 0.705702662 0.705786407 -0.0620433353
vn 0.23844409 -0.00392987393 0.971148193
vn 0.23844409 -0.00392987393 0.971148193
vn 0.23844409 -0.00392987393 0.971148193
vn 0.23844409 -0.00392987393 0.971148193
vn -0.976355731 0.0160916392 -0.215570778
vn -0.976355731 0.0160916392 -0.215570778
vn -0.976355731 0.0160916392 -0.215570778
vn -0.976355731 0.0160916392 -0.215570778
vn -0.238446996 0.00392987812 -0.971147478
vn -0.238446996 0.00392987812 -0.971147478
vn -0.238446996 0.00392987812 -0.971147478
vn -0.238446996 0.00392987812 -0.971147478
vn 0.976356864 -0.0160915293 0.215565354
vn 0.976356864 -0.0160915293 0.215565354
vn 0.976356864 -0.0160915293 0.215565354
vn 0.976356864 -0.0160915293 0.215565354
vn -0.0575219058 -0.716468394 0.695244074
vn -0.0575219058 -0.716468394 0.695244074
vn -0.0575219058 -0.716468394 0.695244074
vn -0.0575219058 -0.716468394 0.695244074
vn -0.698711216 0.71398735 0.0449961089
vn -0.698711216 0.71398735 0.0449961089
vn -0.698711216 0.71398735 0.0449961089
vn -0.698711216 0.71398735 0.0449961089
vn 0.0398420058 0.701814473 -0.711244643
vn 0.0398420058 0.701814473 -0.711244643
vn 0.0398420058 0.701814473 -0.711244643
vn 0.0398420058 0.701814473 -0.711244643
vn 0.682062089 -0.728657007 -0.0620505586
vn 0.682062089 -0.728657007 -0.0620505586
vn 0.682062089 -0.728657007 -0.0620505586
vn 0.682062089 -0.728657007 -0.0620505586
vn -0.705702364 -0.705786586 0.0620431453
vn -0.705702364 -0.705786586 0.0620431453
vn -0.705702364 -0.705786586 0.0620431453
vn -0.705702364 -0.705786586 0.0620431453
vn -0.0166921616 0.702747226 0.711243689
vn -0.0166921616 0.702747226 0.711243689
vn -0.0166921616 0.702747226 0.711243689
vn -0.0166921616 0.702747226 0.711243689
vn 0.721859217 0.690575898 -0.0449913181
vn 0.721859217 0.690575898 -0.0449913181
vn 0.721859217 0.690575898 -0.0449913181
vn 0.721859217 0.690575898 -0.0449913181
vn 0.0338795371 -0.717976689 -0.695242047
vn 0.0338795371 -0.717976689 -0.695242047
vn 0.0338795371 -0.717976689 -0.695242047
vn 0.0338795371 -0.717976689 -0.695242047
vn 0.999864221 -0.0164785944 8.29088663e-07
vn 0.999864221 -0.0164785944 8.29088663e-07
vn 0.999864221 -0.0164785944 8.29088663e-07
vn 0.999864221 -0.0164785944 8.29088663e-07
vn 0.99986428 -0.0164790433 1.03659019e-08
vn 0.99986428 -0.0164790433 1.03659019e-08
vn 0.99986428 -0.0164790433 1.03659019e-08
vn 0.99986428 -0.0164790433 1.03659019e-08
vn 0.99986428 -0.0164785665 5.92125616e-07
vn 0.99986428 -0.0164785665 5.92125616e-07
vn 0.99986428 -0.0164785665 5.92125616e-07
vn 0.99986428 -0.0164785665 5.92125616e-07
vn 0.999864161 -0.0164791811 -5.70346231e-07
vn 0.999864161 -0.0164791811 -5.70346231e-07
vn 0.999864161 -0.0164791811 -5.70346231e-07
vn 0.999864161 -0.0164791811 -5.70346231e-07
vn 0.999864221 -0.0164786465 -6.82897166e-07
vn 0.999864221 -0.0164786465 -6.82897166e-07
vn 0.999864221 -0.0164786465 -6.82897166e-07
vn 0.999864221 -0.0164794289 -5.33786817e-07
vn 0.999864221 -0.0164794289 -5.33786817e-07
vn 0.999864221 -0.0164794289 -5.33786817e-07
vn 0.999864221 -0.0164794289 -5.33786817e-07
vn 0.999864101 -0.0164798964 -7.81784166e-08
vn 0.999864101 -0.0164798964 -7.81784166e-08
vn 0.999864101 -0.0164798964 -7.81784166e-08
vn 0.999864101 -0.0164798964 -7.81784166e-08
vn 0.999864221 -0.0164789762 -1.43919507e-07
vn 0.999864221 -0.0164789762 -1.43919507e-07
vn 0.999864221 -0.0164789762 -1.43919507e-07
vn 0.999864221 -0.0164789762 -1.43919507e-07
vn -0.0266305432 0.000438914227 0.999645174
vn -0.0266305432 0.000438914227 0.999645174
vn -0.0266305432 0.000438914227 0.999645174
vn -0.0266305432 0.000438914227 0.999645174
vn -0.0120561263 -0.98732537 -0.158250839
vn -0.015147699 -0.998678446 -0.0491116941
vn -0.0150549859 -0.998494327 -0.052749157
vn -0.0120561263 -0.98732537 -0.158250839
vn 0.0247674603 -0.10458342 -0.99420768
vn 0.0247674603 -0.10458342 -0.99420768
vn 0.0250147134 -0.0916566923 -0.995476425
vn 0.0250150617 -0.0916089341 -0.995480835
vn 0.017854644 0.998448253 -0.0527491644
vn 0.0204866659 0.987186432 -0.158250779
vn 0.0204866659 0.987186432 -0.158250779
vn 0.0177737903 0.998635173 -0.0491115637
vn -0.0266299583 0.000438859715 0.999645352
vn -0.0266299583 0.000438859715 0.999645352
vn -0.0266299583 0.000438859715 0.999645352
vn -0.0266299583 0.000438859715 0.999645352
vn -0.0266277008 0.00043885081 0.999645352
vn -0.0266277008 0.00043885081 0.999645352
vn -0.0266277008 0.00043885081 0.999645352
vn -0.0266277008 0.00043885081 0.999645352
vn -0.0266298428 0.000438889954 0.999645174
vn -0.0266298428 0.000438889954 0.999645174
vn -0.0266298428 0.000438889954 0.999645174
vn -0.0266298428 0.000438889954 0.999645174
vn -0.0266321003 0.000438889081 0.999645233
vn -0.0266321003 0.000438889081 0.999645233
vn -0.0266321003 0.000438889081 0.999645233
vn -0.0266321003 0.000438889081 0.999645233
vn 0.0280202422 0.0907825232 -0.995476484
vn 0.0282009281 0.103710353 -0.99420768
vn 0.0282009281 0.103710353 -0.99420768
vn 0.0280207861 0.0907347575 -0.995480835
vn 0.00710125174 0.947536647 0.319568247
vn 0.00710125174 0.947536647 0.319568247
vn 0.00710125174 0.947536647 0.319568247
vn 0.00710125174 0.947536647 0.319568247
vn -0.0179720912 -0.998209536 0.0570507422
vn -0.0179720912 -0.998209536 0.0570507422
vn -0.0151596563 -0.998681605 -0.0490445308
vn -0.0150513388 -0.998497903 -0.0526816249
vn -0.024257252 -0.945135653 0.325776279
vn -0.024257252 -0.945135653 0.325776279
vn -0.024257252 -0.945135653 0.325776279
vn -0.024257252 -0.945135653 0.325776279
vn 0.00690141041 0.945422113 0.325775146
vn 0.00690141041 0.945422113 0.325775146
vn 0.00690141041 0.945422113 0.325775146
vn 0.00690141041 0.945422113 0.325775146
vn -0.0241274759 -0.947256207 0.319567919
vn -0.0241274759 -0.947256207 0.319567919
vn -0.0241274759 -0.947256207 0.319567919
vn -0.0241274759 -0.947256207 0.319567919
vn 0.0149327358 0.998259544 0.0570511147
vn 0.0177620333 0.99863863 -0.0490440875
vn 0.0178584568 0.99845165 -0.0526813306
vn 0.0149327358 0.998259544 0.0570511147
vn 0.0280221906 0.0907263532 -0.995481491
vn 0.0266270712 -0.000411048532 -0.999645352
vn 0.0266231913 -0.000410687557 -0.999645472
vn 0.0280235279 0.0907740444 -0.99547714
vn 0.0266337022 -0.000467225909 -0.999645233
vn 0.026625935 -0.000466794445 -0.999645412
vn 0.0250153467 -0.0916006416 -0.99548161
vn 0.0250150338 -0.0916483477 -0.995477319
vn 0.999864101 -0.0164790563 9.76419756e-07
vn 0.999864101 -0.0164790563 9.76419756e-07
vn 0.999864101 -0.0164790563 9.76419756e-07
vn 0.999864221 -0.0164789893 -1.2816659e-07
vn 0.999864221 -0.0164789893 -1.2816659e-07
vn 0.999864221 -0.0164789893 -1.2816659e-07
vn 0.999864221 -0.0164789893 -1.2816659e-07
vn 0.999864161 -0.0164790619 1.32548994e-09
vn 0.999864161 -0.0164790619 1.32548994e-09
vn 0.999864161 -0.0164790619 1.32548994e-09
vn 0.999864161 -0.0164790619 1.32548994e-09
vn 0.999864161 -0.0164791793 -1.26641908e-07
vn 0.999864161 -0.0164791793 -1.26641908e-07
vn 0.999864161 -0.0164791793 -1.26641908e-07
vn 0.999864161 -0.0164791793 -1.26641908e-07
vn 0.999864221 -0.0164792482 -4.22110134e-08
vn 0.999864221 -0.0164792482 -4.22110134e-08
vn 0.999864221 -0.0164792482 -4.22110134e-08
vn 0.999864221 -0.0164792482 2.42723068e-08
vn 0.999864221 -0.0164792482 2.42723068e-08
vn 0.999864221 -0.0164792482 2.42723068e-08
vn 0.999864161 -0.0164791271 0
vn 0.999864161 -0.0164791271 0
vn 0.999864161 -0.0164791271 0
vn 0.999864161 -0.0164791271 0
vn -0.0164791755 -0.99986428 2.77734591e-09
vn -0.0164791755 -0.99986428 2.77734591e-09
vn -0.0164791755 -0.99986428 2.77734591e-09
vn -0.0164791755 -0.99986428 2.77734591e-09
vn -0.0164792165 -0.999864221 2.14998863e-08
vn -0.0164792165 -0.999864221 2.14998863e-08
vn -0.0164792165 -0.999864221 2.14998863e-08
vn -0.0164792165 -0.999864221 2.14998863e-08
vn -8.02959585e-06 -0.000488481543 0.999999821
vn -8.02959585e-06 -0.000488481543 0.999999821
vn -8.02959585e-06 -0.000488481543 0.999999821
vn -8.02959585e-06 -0.000488481543 0.999999821
vn 0.999864221 -0.016479183 7.84641429e-07
vn 0.999864221 -0.016479183 7.84641429e-07
vn 0.999864221 -0.016479183 7.84641429e-07
vn 0.999864221 -0.016479183 7.84641429e-07
vn 0.0164790489 0.999863923 0.000851016724
vn 0.0164790489 0.999863923 0.000851016724
vn 0.0164790489 0.999863923 0.000851016724
vn 0.0164790489 0.999863923 0.000851016724
vn 9.09154642e-06 0.0004884706 -0.999999821
vn 9.09154642e-06 0.0004884706 -0.999999821
vn 9.09154642e-06 0.0004884706 -0.999999821
vn 9.09154642e-06 0.0004884706 -0.999999821
vn -0.999864101 0.0164792202 -7.67943561e-07
vn -0.999864101 0.0164792202 -7.67943561e-07
vn -0.999864101 0.0164792202 -7.67943561e-07
vn -0.999864101 0.0164792202 -7.67943561e-07
vn 8.29190958e-06 -0.000490388426 0.999999821
vn 8.29190958e-06 -0.000490388426 0.999999821
vn 8.29190958e-06 -0.000490388426 0.999999821
vn 8.29190958e-06 -0.000490388426 0.999999821
vn 0.999864161 -0.0164791271 1.57633019e-06
vn 0.999864161 -0.0164791271 1.57633019e-06
vn 0.999864161 -0.0164791271 1.57633019e-06
vn 0.999864161 -0.0164791271 1.57633019e-06
vn -0.048880998 0.998804033 0.00112604897
vn -0.048880998 0.998804033 0.00112604897
vn -0.048880998 0.998804033 0.00112604897
vn -0.048880998 0.998804033 0.00112604897
vn -7.88095622e-06 0.000489967759 -0.999999881
vn -7.88095622e-06 0.000489967759 -0.999999881
vn -7.88095622e-06 0.000489967759 -0.999999881
vn -7.88095622e-06 0.000489967759 -0.999999881
vn -0.99986428 0.016479183 -9.85051997e-07
vn -0.99986428 0.016479183 -9.85051997e-07
vn -0.99986428 0.016479183 -9.85051997e-07
vn -0.99986428 0.016479183 -9.85051997e-07
vn -8.2622264e-06 -0.000469329534 0.999999881
vn -8.2622264e-06 -0.000469329534 0.999999881
vn -8.2622264e-06 -0.000469329534 0.999999881
vn -8.2622264e-06 -0.000469329534 0.999999881
vn 0.999864221 -0.0164791513 2.88844831e-07
vn 0.999864221 -0.0164791513 2.88844831e-07
vn 0.999864221 -0.0164791513 2.88844831e-07
vn 0.999864221 -0.0164791513 2.88844831e-07
vn 0.0164792389 0.999863863 0.000850093202
vn 0.0164792389 0.999863863 0.000850093202
vn 0.0164792389 0.999863863 0.000850093202
vn 0.0164792389 0.999863863 0.000850093202
vn 7.86134933e-06 0.000469637627 -0.99999994
vn 7.86134933e-06 0.000469637627 -0.99999994
vn 7.86134933e-06 0.000469637627 -0.99999994
vn 7.86134933e-06 0.000469637627 -0.99999994
vn -0.999864161 0.0164792202 -2.15029354e-06
vn -0.999864161 0.0164792202 -2.15029354e-06
vn -0.999864161 0.0164792202 -2.15029354e-06
vn -0.999864161 0.0164792202 -2.15029354e-06
vn 0 0 1
vn 0 0 1
vn 0 0 1
vn 0 0 1
vn 0.0164793786 0.999864161 -7.86440808e-07
vn 0.0164793786 0.999864161 -7.86440808e-07
vn 0.0164793786 0.999864161 -7.86440808e-07
vn 0.0164793786 0.999864161 -7.86440808e-07
vn -0.0164793599 -0.99986428 0
vn -0.0164793599 -0.99986428 0
vn -0.0164793599 -0.99986428 0
vn -0.0164793599 -0.99986428 0
vn -0.99986428 0.0164791923 0
vn -0.99986428 0.0164791923 0
vn -0.99986428 0.0164791923 0
vn -0.999864221 0.0164795201 -2.12803712e-07
vn -0.999864221 0.0164795201 -2.12803712e-07
vn -0.999864221 0.0164795201 -2.12803712e-07
vn -0.999864221 0.016479088 1.00380255e-07
vn -0.999864221 0.016479088 1.00380255e-07
vn -0.999864221 0.016479088 1.00380255e-07
vn -0.999864161 0.0164792407 0
vn -0.999864161 0.0164792407 0
vn -0.999864161 0.0164792407 0
vn -0.0116480235 -0.707011402 0.707106233
vn -0.0116480235 -0.707011402 0.707106233
vn -0.0116480235 -0.707011402 0.707106233
vn -0.0116480235 -0.707011402 0.707106233
vn 0.01165816 0.707011104 0.707106471
vn 0.01165816 0.707011104 0.707106471
vn 0.01165816 0.707011104 0.707106471
vn 0.01165816 0.707011104 0.707106471
vn 0.99986428 -0.0164791644 7.13681231e-07
vn 0.99986428 -0.0164791644 7.13681231e-07
vn 0.99986428 -0.0164791644 7.13681231e-07
vn 0.999864221 -0.0164794065 0
vn 0.999864221 -0.0164794065 0
vn 0.999864221 -0.0164794065 0
vn 0.999864221 -0.0164790396 6.0574115e-07
vn 0.999864221 -0.0164790396 6.0574115e-07
vn 0.999864221 -0.0164790396 6.0574115e-07
vn 0.999864221 -0.0164763797 6.9901688e-07
vn 0.999864221 -0.0164763797 6.9901688e-07
vn 0.999864221 -0.0164763797 6.9901688e-07
vn -0.279213279 0.960229099 -4.47554172e-08
vn -0.279213279 0.960229099 -4.47554172e-08
vn -0.279213279 0.960229099 -4.47554172e-08
vn -0.279213279 0.960229099 -4.47554172e-08
vn 0.577466726 0.816414118 3.03360217e-08
vn 0.577466726 0.816414118 3.03360217e-08
vn 0.577466726 0.816414118 3.03360217e-08
vn 0.577466726 0.816414118 3.03360217e-08
vn 0.995768487 -0.0918973982 3.33561161e-08
vn 0.995768487 -0.0918973982 3.33561161e-08
vn 0.995768487 -0.0918973982 3.33561161e-08
vn 0.995768487 -0.0918973982 3.33561161e-08
vn 0.418301612 -0.908308208 5.66057423e-08
vn 0.418301612 -0.908308208 5.66057423e-08
vn 0.418301612 -0.908308208 5.66057423e-08
vn 0.418301612 -0.908308208 5.66057423e-08
vn -1.38805603e-06 0 1
vn -1.38805603e-06 0 1
vn -1.38805603e-06 0 1
vn -4.09029735e-06 4.22426695e-07 1
vn -4.09029735e-06 4.22426695e-07 1
vn -4.09029735e-06 4.22426695e-07 1
vn 7.36680795e-06 -7.40322832e-07 1
vn 7.36680795e-06 -7.40322832e-07 1
vn 7.36680795e-06 -7.40322832e-07 1
vn 0 4.68459803e-06 1
vn 0 4.68459803e-06 1
vn 0 4.68459803e-06 1
vn -0.310489893 -0.950576663 0
vn -0.310489893 -0.950576663 0
vn -0.310489893 -0.950576663 0
vn -0.310489893 -0.950576663 0
vn -0.996645451 0.0818408057 -3.51801361e-08
vn -0.996645451 0.0818408057 -3.51801361e-08
vn -0.996645451 0.0818408057 -3.51801361e-08
vn -0.996645451 0.0818408057 -3.51801361e-08
vn -0.468156368 0.774757922 -0.424946934
vn -0.468156368 0.774757922 -0.424946934
vn -0.468156368 0.774757922 -0.424946934
vn -0.468156368 0.774757922 -0.424946934
vn 0.272704959 0.934849977 0.227349043
vn 0.272704959 0.934849977 0.227349043
vn 0.272704959 0.934849977 0.227349043
vn 0.272704959 0.934849977 0.227349043
vn 0.740864098 0.160090134 0.65229708
vn 0.740864098 0.160090134 0.65229708
vn 0.740864098 0.160090134 0.65229708
vn 0.740864098 0.160090134 0.65229708
vn 0.468156517 -0.774757624 0.424946994
vn 0.468156517 -0.774757624 0.424946994
vn 0.468156517 -0.774757624 0.424946994
vn 0.468156517 -0.774757624 0.424946994
vn -0.661099553 0.0108941486 0.750218987
vn -0.661099553 0.0108941486 0.750218987
vn -0.661099553 0.0108941486 0.750218987
vn -0.661097229 0.0108997906 0.750220954
vn -0.661097229 0.0108997906 0.750220954
vn -0.661097229 0.0108997906 0.750220954
vn -0.661099076 0.0108964443 0.750219584
vn -0.661099076 0.0108964443 0.750219584
vn -0.661099076 0.0108964443 0.750219584
vn -0.661098778 0.0108971288 0.750219703
vn -0.661098778 0.0108971288 0.750219703
vn -0.661098778 0.0108971288 0.750219703
vn -0.272707671 -0.934848607 -0.227351233
vn -0.272707671 -0.934848607 -0.227351233
vn -0.272707671 -0.934848607 -0.227351233
vn -0.272707671 -0.934848607 -0.227351233
vn -0.740863442 -0.160095096 -0.652296662
vn -0.740863442 -0.160095096 -0.652296662
vn -0.740863442 -0.160095096 -0.652296662
vn -0.740863442 -0.160095096 -0.652296662
vn -0.46872443 0.774770737 -0.424296588
vn -0.46872443 0.774770737 -0.424296588
vn -0.46872443 0.774770737 -0.424296588
vn -0.46872443 0.774770737 -0.424296588
vn 0.27300477 0.93484807 0.226996601
vn 0.27300477 0.93484807 0.226996601
vn 0.27300477 0.93484807 0.226996601
vn 0.27300477 0.93484807 0.226996601
vn 0.741742373 0.160076126 0.651301801
vn 0.741742373 0.160076126 0.651301801
vn 0.741742373 0.160076126 0.651301801
vn 0.741742373 0.160076126 0.651301801
vn 0.468729407 -0.774764478 0.424302548
vn 0.468729407 -0.774764478 0.424302548
vn 0.468729407 -0.774764478 0.424302548
vn 0.468729407 -0.774764478 0.424302548
vn -0.661096871 0.0108995307 0.750221372
vn -0.661096871 0.0108995307 0.750221372
vn -0.661096871 0.0108995307 0.750221372
vn -0.661097705 0.0108924452 0.750220776
vn -0.661097705 0.0108924452 0.750220776
vn -0.661097705 0.0108924452 0.750220776
vn -0.661095738 0.0108934175 0.750222445
vn -0.661095738 0.0108934175 0.750222445
vn -0.661095738 0.0108934175 0.750222445
vn -0.661102653 0.0108961901 0.750216246
vn -0.661102653 0.0108961901 0.750216246
vn -0.661102653 0.0108961901 0.750216246
vn -0.273018271 -0.934840679 -0.227010995
vn -0.273018271 -0.934840679 -0.227010995
vn -0.273018271 -0.934840679 -0.227010995
vn -0.273018271 -0.934840679 -0.227010995
vn -0.741741717 -0.160076469 -0.651302338
vn -0.741741717 -0.160076469 -0.651302338
vn -0.741741717 -0.160076469 -0.651302338
vn -0.741741717 -0.160076469 -0.651302338
vn -8.15774729e-06 -0.000473739579 0.99999994
vn -8.15774729e-06 -0.000473739579 0.99999994
vn -8.15774729e-06 -0.000473739579 0.99999994
vn -8.15774729e-06 -0.000473739579 0.99999994
vn -0.0164791513 -0.999863803 -0.000830661505
vn -0.0164791513 -0.999863803 -0.000830661505
vn -0.0164791513 -0.999863803 -0.000830661505
vn -0.0164791513 -0.999863803 -0.000830661505
vn 0.999864161 -0.016479129 0
vn 0.999864161 -0.016479129 0
vn 0.999864161 -0.016479129 0
vn 0.999864161 -0.016479129 0
vn 8.01992155e-06 0.000473812834 -0.999999881
vn 8.01992155e-06 0.000473812834 -0.999999881
vn 8.01992155e-06 0.000473812834 -0.999999881
vn 8.01992155e-06 0.000473812834 -0.999999881
vn -0.999864161 0.0164792445 -4.19173176e-08
vn -0.999864161 0.0164792445 -4.19173176e-08
vn -0.999864161 0.0164792445 -4.19173176e-08
vn -0.999864161 0.0164792445 -4.19173176e-08
vn -7.69741655e-06 -0.00046443101 0.99999994
vn -7.69741655e-06 -0.00046443101 0.99999994
vn -7.69741655e-06 -0.00046443101 0.99999994
vn -7.69741655e-06 -0.00046443101 0.99999994
vn -0.0164790377 -0.999863923 -0.000835653977
vn -0.0164790377 -0.999863923 -0.000835653977
vn -0.0164790377 -0.999863923 -0.000835653977
vn -0.0164790377 -0.999863923 -0.000835653977
vn 0.999864221 -0.0164791662 6.16493423e-07
vn 0.999864221 -0.0164791662 6.16493423e-07
vn 0.999864221 -0.0164791662 6.16493423e-07
vn 0.999864221 -0.0164791662 6.16493423e-07
vn 7.32006129e-06 0.000464436249 -0.999999881
vn 7.32006129e-06 0.000464436249 -0.999999881
vn 7.32006129e-06 0.000464436249 -0.999999881
vn 7.32006129e-06 0.000464436249 -0.999999881
vn -0.999864161 0.0164790209 -1.15078922e-06
vn -0.999864161 0.0164790209 -1.15078922e-06
vn -0.999864161 0.0164790209 -1.15078922e-06
vn -0.999864161 0.0164790209 -1.15078922e-06
vn -7.22952791e-06 -0.000456231181 0.999999881
vn -7.22952791e-06 -0.000456231181 0.999999881
vn -7.22952791e-06 -0.000456231181 0.999999881
vn -7.22952791e-06 -0.000456231181 0.999999881
vn -0.0164794046 -0.999863863 -0.00084010273
vn -0.0164794046 -0.999863863 -0.00084010273
vn -0.0164794046 -0.999863863 -0.00084010273
vn -0.0164794046 -0.999863863 -0.00084010273
vn 0.99986428 -0.0164791606 3.22938348e-07
vn 0.99986428 -0.0164791606 3.22938348e-07
vn 0.99986428 -0.0164791606 3.22938348e-07
vn 0.99986428 -0.0164791606 3.22938348e-07
vn 7.65235018e-06 0.000456116832 -0.99999994
vn 7.65235018e-06 0.000456116832 -0.99999994
vn 7.65235018e-06 0.000456116832 -0.99999994
vn 7.65235018e-06 0.000456116832 -0.99999994
vn -0.999864161 0.016479183 2.01836059e-07
vn -0.999864161 0.016479183 2.01836059e-07
vn -0.999864161 0.016479183 2.01836059e-07
vn -0.999864161 0.016479183 2.01836059e-07
vn -0.245581478 0.969375193 0.00123648474
vn -0.245581478 0.969375193 0.00123648474
vn -0.245581478 0.969375193 0.00123648474
vn -0.245581478 0.969375193 0.00123648474
vn 0.716715872 0.697364748 0.000914924662
vn 0.716715872 0.697364748 0.000914924662
vn 0.716715872 0.697364748 0.000914924662
vn 0.716715872 0.697364748 0.000914924662
vn 0.962294281 -0.272010297 -0.000321364467
vn 0.962294281 -0.272010297 -0.000321364467
vn 0.962294281 -0.272010297 -0.000321364467
vn 0.962294281 -0.272010297 -0.000321364467
vn 0.245581046 -0.969375312 -0.00123652909
vn 0.245581046 -0.969375312 -0.00123652909
vn 0.245581046 -0.969375312 -0.00123652909
vn 0.245581046 -0.969375312 -0.00123652909
vn 3.17612066e-05 -0.000791100902 0.999999762
vn 3.17612066e-05 -0.000791100902 0.999999762
vn 3.17612066e-05 -0.000791100902 0.999999762
vn 2.61561381e-05 -0.000793106097 0.999999642
vn 2.61561381e-05 -0.000793106097 0.999999642
vn 2.61561381e-05 -0.000793106097 0.999999642
vn 3.36298872e-05 -0.00079389126 0.999999642
vn 3.36298872e-05 -0.00079389126 0.999999642
vn 3.36298872e-05 -0.00079389126 0.999999642
vn 3.11383228e-05 -0.000792691077 0.999999702
vn 3.11383228e-05 -0.000792691077 0.999999702
vn 3.11383228e-05 -0.000792691077 0.999999702
vn -0.716718018 -0.697362483 -0.000915291836
vn -0.716718018 -0.697362483 -0.000915291836
vn -0.716718018 -0.697362483 -0.000915291836
vn -0.716718018 -0.697362483 -0.000915291836
vn -0.962293625 0.272012979 0.000321311847
vn -0.962293625 0.272012979 0.000321311847
vn -0.962293625 0.272012979 0.000321311847
vn -0.962293625 0.272012979 0.000321311847
vn -0.418298006 0.908309817 -1.46799621e-07
vn -0.418298006 0.908309817 -1.46799621e-07
vn -0.418298006 0.908309817 -1.46799621e-07
vn -0.418298006 0.908309817 -1.46799621e-07
vn 0.577469647 0.816412091 -7.70355442e-08
vn 0.577469647 0.816412091 -7.70355442e-08
vn 0.577469647 0.816412091 -7.70355442e-08
vn 0.577469647 0.816412091 -7.70355442e-08
vn 0.995768785 -0.0918943733 1.68491027e-07
vn 0.995768785 -0.0918943733 1.68491027e-07
vn 0.995768785 -0.0918943733 1.68491027e-07
vn 0.995768785 -0.0918943733 1.68491027e-07
vn 0.418296576 -0.908310533 2.28642463e-07
vn 0.418296576 -0.908310533 2.28642463e-07
vn 0.418296576 -0.908310533 2.28642463e-07
vn 0.418296576 -0.908310533 2.28642463e-07
vn -8.85253826e-07 0 1
vn -8.85253826e-07 0 1
vn -8.85253826e-07 0 1
vn 0 0 1
vn 0 0 1
vn 0 0 1
vn 0 0 0.99999994
vn 0 0 0.99999994
vn 0 0 0.99999994
vn 0 0 1
vn 0 0 1
vn -0.57746923 -0.816412389 7.22893958e-08
vn -0.57746923 -0.816412389 7.22893958e-08
vn -0.57746923 -0.816412389 7.22893958e-08
vn -0.57746923 -0.816412389 7.22893958e-08
vn -0.995768368 0.0918982029 -2.00107962e-07
vn -0.995768368 0.0918982029 -2.00107962e-07
vn -0.995768368 0.0918982029 -2.00107962e-07
vn -0.995768368 0.0918982029 -2.00107962e-07
vn -0.00914694648 -0.555013061 0.831791401
vn -0.00914694648 -0.555013061 0.831791401
vn -0.00914694648 -0.555013061 0.831791401
vn -0.00914694648 -0.555013061 0.831791401
vn -0.0137083409 -0.831677914 -0.555089176
vn -0.0137083409 -0.831677914 -0.555089176
vn -0.0137083409 -0.831677914 -0.555089176
vn -0.0137083409 -0.831677914 -0.555089176
vn 0.999864221 -0.0164803471 1.25753547e-06
vn 0.999864221 -0.0164803471 1.25753547e-06
vn 0.999864221 -0.0164803471 1.25753547e-06
vn 0.999864221 -0.0164803471 1.25753547e-06
vn 0.00914710946 0.555013239 -0.831791222
vn 0.00914710946 0.555013239 -0.831791222
vn 0.00914710946 0.555013239 -0.831791222
vn 0.00914710946 0.555013239 -0.831791222
vn -0.999864161 0.0164792463 -3.35713082e-07
vn -0.999864161 0.0164792463 -3.35713082e-07
vn -0.999864161 0.0164792463 -3.35713082e-07
vn -0.999864161 0.0164792463 -3.35713082e-07
vn -0.0167474467 -0.556717396 0.830533206
vn -0.0167474467 -0.556717396 0.830533206
vn -0.0167474467 -0.556717396 0.830533206
vn -0.0167474467 -0.556717396 0.830533206
vn -0.0358244255 -0.83110863 -0.554955006
vn -0.0358244255 -0.83110863 -0.554955006
vn -0.0358244255 -0.83110863 -0.554955006
vn -0.0358244255 -0.83110863 -0.554955006
vn 0.999948621 -0.00871312711 0.0051829163
vn 0.999948621 -0.00871312711 0.0051829163
vn 0.999948621 -0.00871312711 0.0051829163
vn 0.999948621 -0.00871312711 0.0051829163
vn -0.999864221 0.0164792519 1.97079657e-07
vn -0.999864221 0.0164792519 1.97079657e-07
vn -0.999864221 0.0164792519 1.97079657e-07
vn -0.999864221 0.0164792519 1.97079657e-07
vn 0.0167464819 0.556717753 -0.830532908
vn 0.0167464819 0.556717753 -0.830532908
vn 0.0167464819 0.556717753 -0.830532908
vn 0.0167464819 0.556717753 -0.830532908
vn -0.00914892182 -0.555013776 0.831790864
vn -0.00914892182 -0.555013776 0.831790864
vn -0.00914892182 -0.555013776 0.831790864
vn -0.00914892182 -0.555013776 0.831790864
vn -0.0137064541 -0.831677794 -0.555089355
vn -0.0137064541 -0.831677794 -0.555089355
vn -0.0137064541 -0.831677794 -0.555089355
vn -0.0137064541 -0.831677794 -0.555089355
vn 0.999864221 -0.0164790619 1.44168723e-07
vn 0.999864221 -0.0164790619 1.44168723e-07
vn 0.999864221 -0.0164790619 1.44168723e-07
vn 0.999864221 -0.0164790619 1.44168723e-07
vn -0.999864221 0.0164797828 -1.19312654e-06
vn -0.999864221 0.0164797828 -1.19312654e-06
vn -0.999864221 0.0164797828 -1.19312654e-06
vn -0.999864221 0.0164797828 -1.19312654e-06
vn 0.00914750062 0.555013239 -0.831791222
vn 0.00914750062 0.555013239 -0.831791222
vn 0.00914750062 0.555013239 -0.831791222
vn 0.00914750062 0.555013239 -0.831791222
vn -0.00914942939 -0.555013418 0.831791162
vn -0.00914942939 -0.555013418 0.831791162
vn -0.00914942939 -0.555013418 0.831791162
vn -0.00914942939 -0.555013418 0.831791162
vn -0.0137062203 -0.831677496 -0.555089712
vn -0.0137062203 -0.831677496 -0.555089712
vn -0.0137062203 -0.831677496 -0.555089712
vn -0.0137062203 -0.831677496 -0.555089712
vn 0.999864161 -0.0164788831 -1.45612287e-08
vn 0.999864161 -0.0164788831 -1.45612287e-08
vn 0.999864161 -0.0164788831 -1.45612287e-08
vn 0.999864161 -0.0164788831 -1.45612287e-08
vn -0.999864161 0.0164795835 -5.83662541e-07
vn -0.999864161 0.0164795835 -5.83662541e-07
vn -0.999864161 0.0164795835 -5.83662541e-07
vn -0.999864161 0.0164795835 -5.83662541e-07
vn 0.999864221 -0.0164787825 -5.50603829e-07
vn 0.999864221 -0.0164787825 -5.50603829e-07
vn 0.999864221 -0.0164787825 -5.50603829e-07
vn 0.999864221 -0.0164787825 -5.50603829e-07
vn -0.999864161 0.0164801348 -1.03699051e-06
vn -0.999864161 0.0164801348 -1.03699051e-06
vn -0.999864161 0.0164801348 -1.03699051e-06
vn -0.999864161 0.0164801348 -1.03699051e-06
vn -0.0137079973 -0.831679046 -0.555087388
vn -0.0137079973 -0.831679046 -0.555087388
vn -0.0137079973 -0.831679046 -0.555087388
vn -0.0137079973 -0.831679046 -0.555087388
vn -0.00914716162 -0.555013418 0.831791043
vn -0.00914716162 -0.555013418 0.831791043
vn -0.00914716162 -0.555013418 0.831791043
vn -0.00914716162 -0.555013418 0.831791043
vn 0.00914649852 0.555013239 -0.831791282
vn 0.00914649852 0.555013239 -0.831791282
vn 0.00914649852 0.555013239 -0.831791282
vn 0.00914649852 0.555013239 -0.831791282
vn -0.0164791457 -0.999864221 1.26798954e-08
vn -0.0164791457 -0.999864221 1.26798954e-08
vn -0.0164791457 -0.999864221 1.26798954e-08
vn -0.0164791457 -0.999864221 1.26798954e-08
vn -0.999864161 0.0164790414 6.60137232e-07
vn -0.999864161 0.0164790414 6.60137232e-07
vn -0.999864161 0.0164790414 6.60137232e-07
vn -0.999864161 0.0164790414 6.60137232e-07
vn 0.0164791457 0.999864221 -2.29774173e-08
vn 0.0164791457 0.999864221 -2.29774173e-08
vn 0.0164791457 0.999864221 -2.29774173e-08
vn 0.0164791457 0.999864221 -2.29774173e-08
vn 0.999864161 -0.0164790377 -1.98089583e-06
vn 0.999864161 -0.0164790377 -1.98089583e-06
vn 0.999864161 -0.0164790377 -1.98089583e-06
vn 0.999864161 -0.0164790377 -1.98089583e-06
vn -2.03334352e-07 3.47572793e-09 -0.99999994
vn -2.03334352e-07 3.47572793e-09 -0.99999994
vn -2.03334352e-07 3.47572793e-09 -0.99999994
vn -2.03334352e-07 3.47572793e-09 -0.99999994
vn 0 0 1
vn 0 0 1
vn 0 0 1
vn 0 0 1
vn 0.00914959051 0.555014014 0.831790686
vn 0.00914959051 0.555014014 0.831790686
vn 0.00914959051 0.555014014 0.831790686
vn 0.00914959051 0.555014014 0.831790686
vn 0.0137073249 0.831676424 -0.555091321
vn 0.0137073249 0.831676424 -0.555091321
vn 0.0137073249 0.831676424 -0.555091321
vn 0.0137073249 0.831676424 -0.555091321
vn 0.999864221 -0.0164791457 -3.97708853e-08
vn 0.999864221 -0.0164791457 -3.97708853e-08
vn 0.999864221 -0.0164791457 -3.97708853e-08
vn 0.999864221 -0.0164791457 -3.97708853e-08
vn -0.00914734323 -0.555013478 -0.831791162
vn -0.00914734323 -0.555013478 -0.831791162
vn -0.00914734323 -0.555013478 -0.831791162
vn -0.00914734323 -0.555013478 -0.831791162
vn -0.999864221 0.0164787434 1.69025398e-07
vn -0.999864221 0.0164787434 1.69025398e-07
vn -0.999864221 0.0164787434 1.69025398e-07
vn -0.999864221 0.0164787434 1.69025398e-07
vn 0.00914770458 0.555013359 0.831791103
vn 0.00914770458 0.555013359 0.831791103
vn 0.00914770458 0.555013359 0.831791103
vn 0.00914770458 0.555013359 0.831791103
vn 0.0137069309 0.831678987 -0.555087507
vn 0.0137069309 0.831678987 -0.555087507
vn 0.0137069309 0.831678987 -0.555087507
vn 0.0137069309 0.831678987 -0.555087507
vn -0.999864161 0.0164788309 -5.5805981e-07
vn -0.999864161 0.0164788309 -5.5805981e-07
vn -0.999864161 0.0164788309 -5.5805981e-07
vn -0.999864161 0.0164788309 -5.5805981e-07
vn 0.999864161 -0.0164791252 -3.06626248e-07
vn 0.999864161 -0.0164791252 -3.06626248e-07
vn 0.999864161 -0.0164791252 -3.06626248e-07
vn 0.999864161 -0.0164791252 -3.06626248e-07
vn -0.00916799065 -0.556199551 -0.830998182
vn -0.00916799065 -0.556199551 -0.830998182
vn -0.00916799065 -0.556199551 -0.830998182
vn -0.00916799065 -0.556199551 -0.830998182
vn 0.00914725289 0.555013597 0.831791043
vn 0.00914725289 0.555013597 0.831791043
vn 0.00914725289 0.555013597 0.831791043
vn 0.00914725289 0.555013597 0.831791043
vn -0.00914619491 -0.555013061 -0.831791341
vn -0.00914619491 -0.555013061 -0.831791341
vn -0.00914619491 -0.555013061 -0.831791341
vn -0.00914619491 -0.555013061 -0.831791341
vn 0.0137070706 0.831678212 -0.555088639
vn 0.0137070706 0.831678212 -0.555088639
vn 0.0137070706 0.831678212 -0.555088639
vn 0.0137070706 0.831678212 -0.555088639
vn -0.999864221 0.0164790507 2.61089895e-07
vn -0.999864221 0.0164790507 2.61089895e-07
vn -0.999864221 0.0164790507 2.61089895e-07
vn -0.999864221 0.0164790507 2.61089895e-07
vn 0.999864221 -0.0164791234 -2.86357903e-07
vn 0.999864221 -0.0164791234 -2.86357903e-07
vn 0.999864221 -0.0164791234 -2.86357903e-07
vn 0.999864221 -0.0164791234 -2.86357903e-07
vn 0.00904284138 0.548722506 0.835955679
vn 0.00904284138 0.548722506 0.835955679
vn 0.00904284138 0.548722506 0.835955679
vn 0.00904284138 0.548722506 0.835955679
vn -0.00914625172 -0.555013001 -0.831791341
vn -0.00914625172 -0.555013001 -0.831791341
vn -0.00914625172 -0.555013001 -0.831791341
vn -0.00914625172 -0.555013001 -0.831791341
vn 0.0131694172 0.799014568 -0.601167321
vn 0.0131694172 0.799014568 -0.601167321
vn 0.0131694172 0.799014568 -0.601167321
vn 0.0131694172 0.799014568 -0.601167321
vn -0.999864221 0.0164794736 -2.98174747e-08
vn -0.999864221 0.0164794736 -2.98174747e-08
vn -0.999864221 0.0164794736 -2.98174747e-08
vn -0.999864221 0.0164794736 -2.98174747e-08
vn 0.999864221 -0.0164789967 -6.55984422e-08
vn 0.999864221 -0.0164789967 -6.55984422e-08
vn 0.999864221 -0.0164789967 -6.55984422e-08
vn 0.999864221 -0.0164789967 -6.55984422e-08
vn 0.00171969587 0.5551157 0.831771314
vn 0.00171969587 0.5551157 0.831771314
vn 0.00171969587 0.5551157 0.831771314
vn 0.00171969587 0.5551157 0.831771314
vn -0.0925906301 0.82871896 -0.55195266
vn -0.0925906301 0.82871896 -0.55195266
vn -0.0925906301 0.82871896 -0.55195266
vn -0.0925906301 0.82871896 -0.55195266
vn -0.999882698 0.015295974 0.000787271711
vn -0.999882698 0.015295974 0.000787271711
vn -0.999882698 0.015295974 0.000787271711
vn -0.999882698 0.015295974 0.000787271711
vn 0.999864221 -0.0164797753 -1.94128165e-06
vn 0.999864221 -0.0164797753 -1.94128165e-06
vn 0.999864221 -0.0164797753 -1.94128165e-06
vn 0.999864221 -0.0164797753 -1.94128165e-06
vn 0.00730726356 -0.557701349 -0.83000958
vn 0.00730726356 -0.557701349 -0.83000958
vn 0.00730726356 -0.557701349 -0.83000958
vn 0.00730726356 -0.557701349 -0.83000958
vn 7.41484257e-07 -1.17410046e-08 1
vn 7.41484257e-07 -1.17410046e-08 1
vn 7.41484257e-07 -1.17410046e-08 1
vn 7.41484257e-07 -1.17410046e-08 1
vn 0.0164791532 0.999864221 9.81209283e-08
vn 0.0164791532 0.999864221 9.81209283e-08
vn 0.0164791532 0.999864221 9.81209283e-08
vn 0.0164791532 0.999864221 9.81209283e-08
vn -0.0164791066 -0.99986428 7.92479057e-07
vn -0.0164791066 -0.99986428 7.92479057e-07
vn -0.0164791066 -0.99986428 7.92479057e-07
vn 2.14513975e-07 -2.93516078e-09 -1
vn 2.14513975e-07 -2.93516078e-09 -1
vn 2.14513975e-07 -2.93516078e-09 -1
vn 2.14513975e-07 -2.93516078e-09 -1
vn 0.192132577 -0.56729418 0.800788641
vn 0.192132577 -0.56729418 0.800788641
vn 0.192132577 -0.56729418 0.800788641
vn 0.999864161 -0.0164798517 0
vn 0.999864161 -0.0164798517 0
vn 0.999864161 -0.0164798517 0
vn 5.58200725e-07 4.39840915e-06 1
vn 5.58200725e-07 4.39840915e-06 1
vn 5.58200725e-07 4.39840915e-06 1
vn -0.016479155 -0.999864161 2.02392023e-08
vn -0.016479155 -0.999864161 2.02392023e-08
vn -0.016479155 -0.999864161 2.02392023e-08
vn -0.016479155 -0.999864161 2.02392023e-08
vn 0.999864161 -0.0164800677 -8.66121326e-08
vn 0.999864161 -0.0164800677 -8.66121326e-08
vn 0.999864161 -0.0164800677 -8.66121326e-08
vn 0.999864161 -0.0164800677 -8.66121326e-08
vn 0.0091473097 0.555013001 -0.831791341
vn 0.0091473097 0.555013001 -0.831791341
vn 0.0091473097 0.555013001 -0.831791341
vn -0.00914629921 -0.555011868 0.831792116
vn -0.00914629921 -0.555011868 0.831792116
vn -0.00914629921 -0.555011868 0.831792116
vn 0.999864221 -0.0164796691 1.08818142e-07
vn 0.999864221 -0.0164796691 1.08818142e-07
vn 0.999864221 -0.0164796691 1.08818142e-07
vn 0.999864221 -0.0164796691 1.08818142e-07
vn -0.0137063991 -0.831667721 -0.555104375
vn -0.0137063991 -0.831667721 -0.555104375
vn -0.0137063991 -0.831667721 -0.555104375
vn -0.0137063991 -0.831667721 -0.555104375
vn -0.716703475 -0.576431513 -0.392508507
vn -0.716703475 -0.576431513 -0.392508507
vn -0.716703475 -0.576431513 -0.392508507
vn -0.716703475 -0.576431513 -0.392508507
vn -0.999864221 0.0164785404 1.12117732e-06
vn -0.999864221 0.0164785404 1.12117732e-06
vn -0.999864221 0.0164785404 1.12117732e-06
vn -0.999864221 0.0164785404 1.12117732e-06
vn -0.00915401615 -0.555013537 0.831790924
vn -0.00915401615 -0.555013537 0.831790924
vn -0.00915401615 -0.555013537 0.831790924
vn -0.00914444774 -0.555012643 0.831791639
vn -0.00914444774 -0.555012643 0.831791639
vn -0.00914444774 -0.555012643 0.831791639
vn 0.00914834719 0.55501318 -0.831791162
vn 0.00914834719 0.55501318 -0.831791162
vn 0.00914834719 0.55501318 -0.831791162
vn 0.00914723054 0.555013895 -0.831790805
vn 0.00914723054 0.555013895 -0.831790805
vn 0.00914723054 0.555013895 -0.831790805
vn 0.0091473069 0.555012107 -0.831791997
vn 0.0091473069 0.555012107 -0.831791997
vn 0.0091473069 0.555012107 -0.831791997
vn 0.0091473069 0.555012107 -0.831791997
vn -0.00914857443 -0.555012465 0.831791639
vn -0.00914857443 -0.555012465 0.831791639
vn -0.00914857443 -0.555012465 0.831791639
vn -0.00914857443 -0.555012465 0.831791639
vn -0.0137073146 -0.83167994 -0.555086076
vn -0.0137073146 -0.83167994 -0.555086076
vn -0.0137073146 -0.83167994 -0.555086076
vn -0.0137073146 -0.83167994 -0.555086076
vn 0.999864221 -0.0164805427 -4.13510918e-07
vn 0.999864221 -0.0164805427 -4.13510918e-07
vn 0.999864221 -0.0164805427 -4.13510918e-07
vn 0.999864221 -0.0164805427 -4.13510918e-07
vn -0.999864221 0.0164783131 3.94860081e-07
vn -0.999864221 0.0164783131 3.94860081e-07
vn -0.999864221 0.0164783131 3.94860081e-07
vn -0.999864221 0.0164783131 3.94860081e-07
vn -0.00914819539 -0.555012345 0.831791759
vn -0.00914819539 -0.555012345 0.831791759
vn -0.00914819539 -0.555012345 0.831791759
vn -0.00914819539 -0.555012345 0.831791759
vn 0.999864221 -0.0164786112 -6.85766963e-07
vn 0.999864221 -0.0164786112 -6.85766963e-07
vn 0.999864221 -0.0164786112 -6.85766963e-07
vn 0.999864221 -0.0164786112 -6.85766963e-07
vn -0.999864221 0.0164776985 -1.22544733e-07
vn -0.999864221 0.0164776985 -1.22544733e-07
vn -0.999864221 0.0164776985 -1.22544733e-07
vn -0.999864221 0.0164776985 -1.22544733e-07
vn -0.999864221 0.016478708 2.93684593e-07
vn -0.999864221 0.016478708 2.93684593e-07
vn -0.999864221 0.016478708 2.93684593e-07
vn -0.999864221 0.016478708 2.93684593e-07
vn 0.999864221 -0.0164797176 2.77368201e-07
vn 0.999864221 -0.0164797176 2.77368201e-07
vn 0.999864221 -0.0164797176 2.77368201e-07
vn 0.999864221 -0.0164797176 2.77368201e-07
vn 0.890847445 -0.382362038 -0.245336592
vn 0.890847445 -0.382362038 -0.245336592
vn 0.890847445 -0.382362038 -0.245336592
vn 0.890847445 -0.382362038 -0.245336592
vn -0.902961075 -0.352801055 -0.245341957
vn -0.902961075 -0.352801055 -0.245341957
vn -0.902961075 -0.352801055 -0.245341957
vn -0.902961075 -0.352801055 -0.245341957
vn -0.0137076648 -0.831673086 -0.555096388
vn -0.0137076648 -0.831673086 -0.555096388
vn -0.0137076648 -0.831673086 -0.555096388
vn -0.0137076648 -0.831673086 -0.555096388
vn -0.0137074804 -0.831672311 -0.55509764
vn -0.0137074804 -0.831672311 -0.55509764
vn -0.0137074804 -0.831672311 -0.55509764
vn -0.0137074804 -0.831672311 -0.55509764
vn -0.00914688408 -0.55501318 0.831791222
vn -0.00914688408 -0.55501318 0.831791222
vn -0.00914688408 -0.55501318 0.831791222
vn -0.00914688408 -0.55501318 0.831791222
vn -0.00914777536 -0.555011094 0.831792653
vn -0.00914777536 -0.555011094 0.831792653
vn -0.00914777536 -0.555011094 0.831792653
vn -0.00914817583 -0.555013001 0.831791401
vn -0.00914817583 -0.555013001 0.831791401
vn -0.00914817583 -0.555013001 0.831791401
vn -0.00914817583 -0.555013001 0.831791401
vn 0.00914613437 0.555014729 -0.831790209
vn 0.00914613437 0.555014729 -0.831790209
vn 0.00914613437 0.555014729 -0.831790209
vn 0.00914613437 0.555014729 -0.831790209
vn 0.0091478359 0.555016875 -0.831788838
vn 0.0091478359 0.555016875 -0.831788838
vn 0.0091478359 0.555016875 -0.831788838
vn 0.0091478359 0.555016875 -0.831788838
vn 0.00914896745 0.555017769 -0.831788182
vn 0.00914896745 0.555017769 -0.831788182
vn 0.00914896745 0.555017769 -0.831788182
vn 0.00914882496 0.555011928 -0.831792116
vn 0.00914882496 0.555011928 -0.831792116
vn 0.00914882496 0.555011928 -0.831792116
vn 0.00914882496 0.555011928 -0.831792116
vn -0.00914852507 -0.555006802 -0.831795573
vn -0.00914852507 -0.555006802 -0.831795573
vn -0.00914852507 -0.555006802 -0.831795573
vn 0.00914646406 0.555012226 0.831791937
vn 0.00914646406 0.555012226 0.831791937
vn 0.00914646406 0.555012226 0.831791937
vn 0.00914646406 0.555012226 0.831791937
vn 0.99986428 -0.0164770242 -6.87398142e-07
vn 0.99986428 -0.0164770242 -6.87398142e-07
vn 0.99986428 -0.0164770242 -6.87398142e-07
vn 0.99986428 -0.0164770242 -6.87398142e-07
vn -0.482821554 0.730882347 -0.482384086
vn -0.482821554 0.730882347 -0.482384086
vn -0.482821554 0.730882347 -0.482384086
vn -0.482821554 0.730882347 -0.482384086
vn 0.553861916 0.689753354 -0.466344714
vn 0.553861916 0.689753354 -0.466344714
vn 0.553861916 0.689753354 -0.466344714
vn 0.553861916 0.689753354 -0.466344714
vn 0.00914467871 0.555015385 0.831789732
vn 0.00914467871 0.555015385 0.831789732
vn 0.00914467871 0.555015385 0.831789732
vn -0.00914878584 -0.555013239 -0.831791222
vn -0.00914878584 -0.555013239 -0.831791222
vn -0.00914878584 -0.555013239 -0.831791222
vn -0.00914878584 -0.555013239 -0.831791222
vn 0.00914836768 0.555017829 0.831788123
vn 0.00914836768 0.555017829 0.831788123
vn 0.00914836768 0.555017829 0.831788123
vn 0.999738395 -0.0225148126 0.00402853964
vn 0.999738395 -0.0225148126 0.00402853964
vn 0.999738395 -0.0225148126 0.00402853964
vn 0.999738395 -0.0225148126 0.00402853964
vn 0.0137075409 0.831689894 -0.555071175
vn 0.0137075409 0.831689894 -0.555071175
vn 0.0137075409 0.831689894 -0.555071175
vn 0.0137075409 0.831689894 -0.555071175
vn 0.620126605 0.649405479 -0.440131247
vn 0.620126605 0.649405479 -0.440131247
vn 0.620126605 0.649405479 -0.440131247
vn 0.620126605 0.649405479 -0.440131247
vn -0.999913394 0.0129560074 0.00236036978
vn -0.999913394 0.0129560074 0.00236036978
vn -0.999913394 0.0129560074 0.00236036978
vn -0.999913394 0.0129560074 0.00236036978
vn -0.0101633826 -0.554994643 -0.831791818
vn -0.0101633826 -0.554994643 -0.831791818
vn -0.0101633826 -0.554994643 -0.831791818
vn -0.0101633826 -0.554994643 -0.831791818
vn 0.00911716931 0.553141534 0.833037376
vn 0.00911716931 0.553141534 0.833037376
vn 0.00911716931 0.553141534 0.833037376
vn 0.00911716931 0.553141534 0.833037376
vn -0.00911693089 -0.553141296 -0.833037555
vn -0.00911693089 -0.553141296 -0.833037555
vn -0.00911693089 -0.553141296 -0.833037555
vn -0.00911693089 -0.553141296 -0.833037555
vn 0.999864161 -0.0164792705 9.56347534e-08
vn 0.999864161 -0.0164792705 9.56347534e-08
vn 0.999864161 -0.0164792705 9.56347534e-08
vn 0.999864161 -0.0164792705 9.56347534e-08
vn 0.0137072317 0.831674874 -0.555093646
vn 0.0137072317 0.831674874 -0.555093646
vn 0.0137072317 0.831674874 -0.555093646
vn 0.0137072317 0.831674874 -0.555093646
vn -0.999864161 0.0164789818 1.06791924e-06
vn -0.999864161 0.0164789818 1.06791924e-06
vn -0.999864161 0.0164789818 1.06791924e-06
vn -0.999864161 0.0164789818 1.06791924e-06
vn -0.790875018 -0.611718297 -0.0178163983
vn -0.790894866 -0.611914873 -0.00674445368
vn -0.790875018 -0.611718297 -0.0178163983
vn -0.790982366 -0.611801744 -0.00674352702
vn -0.826173365 0.563134134 -0.017816592
vn -0.826285541 0.563210964 -0.0067437198
vn -0.826173365 0.563134134 -0.017816592
vn -0.826366425 0.563092291 -0.0067446474
vn 0.280271262 0.95975548 -0.0178160146
vn 0.280309021 0.959885716 -0.00679107103
vn 0.280271262 0.95975548 -0.0178160146
vn 0.280172288 0.959925652 -0.0067920126
vn 0.999390185 0.0300288741 -0.0178163927
vn 0.999521494 0.0301755834 -0.00679237768
vn 0.999390185 0.0300288741 -0.0178163927
vn 0.999525785 0.0300337486 -0.00679146219
vn 0.337386817 -0.941197455 -0.0178168621
vn 0.337566942 -0.941276968 -0.00679284893
vn 0.337386817 -0.941197455 -0.0178168621
vn 0.337431848 -0.941325426 -0.00679193065
vn 0.337399781 -0.941337049 -0.00676836073
vn 0.337437451 -0.941337824 0.00435321592
vn 0.337432772 -0.941325188 -0.00676842313
vn 0.337437451 -0.941337824 0.00435321592
vn 0.999527097 0.0299961828 -0.00676841196
vn 0.999539495 0.0300317463 0.00435317028
vn 0.999526024 0.0300312135 -0.00676846411
vn 0.999539495 0.0300317463 0.00435317028
vn 0.280342907 0.959876001 -0.00676855398
vn 0.280312926 0.95989877 0.00435303384
vn 0.28030926 0.959885836 -0.00676859403
vn 0.280312926 0.95989877 0.00435303384
vn -0.826265395 0.56324023 -0.00676851161
vn -0.826296329 0.563218772 0.00435307156
vn -0.826285422 0.563210845 -0.00676856097
vn -0.826296329 0.563218772 0.00435307156
vn -0.791003644 -0.611774027 -0.00676850509
vn -0.790992737 -0.611810088 0.00435307249
vn -0.790981829 -0.611802161 -0.00676856656
vn -0.790992737 -0.611810088 0.00435307249
vn -0.903528929 0.428350717 -0.012289783
vn -0.903580189 0.428375006 0.00611818954
vn -0.903650641 0.428226501 0.00611748174
vn -0.903528929 0.428350717 -0.012289783
vn 0.1281804 0.991674721 -0.012289729
vn 0.128187656 0.991731048 0.00611825287
vn 0.128024668 0.991752088 0.00611752644
vn 0.1281804 0.991674721 -0.012289729
vn 0.982748568 0.184537604 -0.0122898445
vn 0.982774019 0.184709609 0.00611741468
vn 0.982748568 0.184537604 -0.0122898445
vn 0.982804358 0.184548095 0.0061181318
vn 0.479194522 -0.877622664 -0.0122898519
vn 0.479365975 -0.877593756 0.00611739606
vn 0.479194522 -0.877622664 -0.0122898519
vn 0.479220957 -0.877672911 0.00611813739
vn -0.686589479 -0.726941526 -0.0122897197
vn -0.686629117 -0.726982176 0.00611826777
vn -0.686508954 -0.727095604 0.00611753017
vn -0.686589479 -0.726941526 -0.0122897197
vn -0.686628819 -0.726982713 0.00609203149
vn -0.686437964 -0.726778865 0.0244021155
vn -0.686628878 -0.726982653 0.00609205291
vn -0.686437964 -0.726778865 0.0244021155
vn 0.479087263 -0.877428055 0.024401905
vn 0.47922051 -0.877673447 0.00609184243
vn 0.479220569 -0.877673388 0.00609182101
vn 0.479087263 -0.877428055 0.024401905
vn 0.982530057 0.184497088 0.0244018957
vn 0.98280406 0.184549674 0.00613974966
vn 0.982803941 0.184549719 0.00613977341
vn 0.982530057 0.184497088 0.0244018957
vn 0.128188074 0.991731048 0.00609193649
vn 0.128151685 0.991454244 0.0244020037
vn 0.128187239 0.991731226 0.00609192438
vn 0.128151685 0.991454244 0.0244020037
vn -0.903580368 0.428375304 0.00609198771
vn -0.903327942 0.428255945 0.0244020503
vn -0.903580368 0.428375363 0.00609196723
vn -0.903327942 0.428255945 0.0244020503
vn 0.99266696 0.12088149 4.21375432e-08
vn 0.99266696 0.12088149 4.21375432e-08
vn 0.99266696 0.12088149 4.21375432e-08
vn 0.99266696 0.12088149 4.21375432e-08
vn 0.421716899 -0.906727612 2.24733547e-08
vn 0.421716899 -0.906727612 2.24733547e-08
vn 0.421716899 -0.906727612 2.24733547e-08
vn 0.421716899 -0.906727612 2.24733547e-08
vn -0.73203069 -0.681271493 -4.49467237e-08
vn -0.73203069 -0.681271493 -4.49467237e-08
vn -0.73203069 -0.681271493 -4.49467237e-08
vn -0.73203069 -0.681271493 -4.49467237e-08
vn -0.874137461 0.485678524 -4.49466953e-08
vn -0.874137461 0.485678524 -4.49466953e-08
vn -0.874137461 0.485678524 -4.49466953e-08
vn -0.874137461 0.485678524 -4.49466953e-08
vn 0.191784218 0.981437087 1.12366587e-08
vn 0.191784218 0.981437087 1.12366587e-08
vn 0.191784218 0.981437087 1.12366587e-08
vn 0.191784218 0.981437087 1.12366587e-08
vn -0.303774446 0.00500692241 0.952730834
vn -0.303774446 0.00500692241 0.952730834
vn -0.303774446 0.00500692241 0.952730834
vn -0.303774446 0.00500692241 0.952730834
vn 0.303774148 -0.00500687305 -0.952730954
vn 0.303774148 -0.00500687305 -0.952730954
vn 0.303774148 -0.00500687305 -0.952730954
vn 0.303774148 -0.00500687305 -0.952730954
vn -0.952601314 0.0157015715 -0.303815663
vn -0.952601314 0.0157015715 -0.303815663
vn -0.952601314 0.0157015715 -0.303815663
vn -0.952601314 0.0157015715 -0.303815663
vn -0.0164802838 -0.999864221 -3.0931426e-07
vn -0.0164802838 -0.999864221 -3.0931426e-07
vn -0.0164802838 -0.999864221 -3.0931426e-07
vn -0.0164802838 -0.999864221 -3.0931426e-07
vn 0.0164801236 0.999864221 0
vn 0.0164801236 0.999864221 0
vn 0.0164801236 0.999864221 0
vn 0.0164801236 0.999864221 0
vn -0.857667685 0.514204502 -1.58961893e-08
vn -0.857667685 0.514204502 -1.58961893e-08
vn -0.857667685 0.514204502 -1.58961893e-08
vn -0.857667685 0.514204502 -1.58961893e-08
vn 0.0164785702 0.999864221 1.54699666e-08
vn 0.0164785702 0.999864221 1.54699666e-08
vn 0.0164785702 0.999864221 1.54699666e-08
vn 0.0164785702 0.999864221 1.54699666e-08
vn 0.874150097 0.485655755 1.42851357e-08
vn 0.874150097 0.485655755 1.42851357e-08
vn 0.874150097 0.485655755 1.42851357e-08
vn 0.874150097 0.485655755 1.42851357e-08
vn 0.857670963 -0.51419884 1.75287216e-08
vn 0.857670963 -0.51419884 1.75287216e-08
vn 0.857670963 -0.51419884 1.75287216e-08
vn 0.857670963 -0.51419884 1.75287216e-08
vn 0 1.19668211e-05 1
vn 0 1.19668211e-05 1
vn 0 1.19668211e-05 1
vn 0 -1.19667357e-05 1
vn 0 -1.19667357e-05 1
vn 0 -1.19667357e-05 1
vn 9.63538605e-06 -1.13870335e-07 1
vn 9.63538605e-06 -1.13870335e-07 1
vn 9.63538605e-06 -1.13870335e-07 1
vn 0 0 1
vn 0 0 1
vn 0 0 1
vn -0.0164785702 -0.999864221 2.8902571e-08
vn -0.0164785702 -0.999864221 2.8902571e-08
vn -0.0164785702 -0.999864221 2.8902571e-08
vn -0.0164785702 -0.999864221 2.8902571e-08
vn -0.874147654 -0.485660136 -2.3428667e-08
vn -0.874147654 -0.485660136 -2.3428667e-08
vn -0.874147654 -0.485660136 -2.3428667e-08
vn -0.874147654 -0.485660136 -2.3428667e-08
vn -0.999825239 0.0180770159 -0.00475680595
vn -0.999825239 0.0180770159 -0.00475680595
vn -0.999825239 0.0180770159 -0.00475680595
vn -0.999825239 0.0180770159 -0.00475680595
vn 0.999825358 -0.0180774089 0.00475727068
vn 0.999825358 -0.0180774089 0.00475727068
vn 0.999825358 -0.0180774089 0.00475727068
vn 0.999825358 -0.0180774089 0.00475727068
vn 0.00376090198 -0.0545413978 -0.99850446
vn 0.00376090198 -0.0545413978 -0.99850446
vn 0.00376090198 -0.0545413978 -0.99850446
vn 0.00376090198 -0.0545413978 -0.99850446
vn 0.0183125138 0.998275697 -0.0557714961
vn 0.0183125138 0.998275697 -0.0557714961
vn 0.0183125138 0.998275697 -0.0557714961
vn 0.0183125138 0.998275697 -0.0557714961
vn -0.00376427383 0.0545417443 0.9985044
vn -0.00376427383 0.0545417443 0.9985044
vn -0.00376427383 0.0545417443 0.9985044
vn -0.00376427383 0.0545417443 0.9985044
vn -0.018321842 -0.998275578 0.0557689965
vn -0.018321842 -0.998275578 0.0557689965
vn -0.018321842 -0.998275578 0.0557689965
vn -0.018321842 -0.998275578 0.0557689965
vn -0.999821603 0.018710658 -0.00259664399
vn -0.999821603 0.018710658 -0.00259664399
vn -0.999821603 0.018710658 -0.00259664399
vn -0.999821603 0.018710658 -0.00259664399
vn 0.999821544 -0.0187107436 0.00259663374
vn 0.999821544 -0.0187107436 0.00259663374
vn 0.999821544 -0.0187107436 0.00259663374
vn 0.999821544 -0.0187107436 0.00259663374
vn 0.00373368571 0.066757679 -0.997762203
vn 0.00373368571 0.066757679 -0.997762203
vn 0.00373368571 0.066757679 -0.997762203
vn 0.00373368571 0.066757679 -0.997762203
vn -0.00371653191 -0.065668121 0.997834623
vn -0.00371653191 -0.065668121 0.997834623
vn -0.00371653191 -0.065668121 0.997834623
vn -0.00371653191 -0.065668121 0.997834623
vn -0.0172517002 -0.997741938 -0.0649107248
vn -0.0172517002 -0.997741938 -0.0649107248
vn -0.0172517002 -0.997741938 -0.0649107248
vn -0.0172517002 -0.997741938 -0.0649107248
vn -0.0108363014 0.999941289 3.78592194e-05
vn -0.0112529891 0.99993664 -0.000199193106
vn -0.0112528009 0.9999367 -0.000199380913
vn -0.0108363014 0.999941289 3.78592194e-05
vn 0.0108332336 -0.999941289 -3.78516343e-05
vn 0.0111245494 -0.999938071 0.000128623113
vn 0.0108332336 -0.999941289 -3.78516343e-05
vn 0.0112494789 -0.99993664 0.00019997239
vn -0.123482674 -0.00231177779 -0.992344022
vn -0.26173988 -0.00380395981 -0.965130985
vn -0.123771086 -0.00206585787 -0.992308676
vn -0.26173988 -0.00380395981 -0.965130985
vn -0.0145378411 0.000317021244 0.999894261
vn -0.014058535 0.000322264183 0.999901116
vn -0.0145378411 0.000317021244 0.999894261
vn -0.0139626889 0.000324639695 0.999902427
vn 0.119385973 0.000911608222 -0.992847502
vn -0.123425663 -0.00206364575 -0.992351711
vn 0.119194254 0.00101752707 -0.99287051
vn -0.123713002 -0.00191203807 -0.992316186
vn -0.011143785 0.999937892 -0.000138220639
vn -0.0114345299 0.999934554 -0.000305623224
vn -0.0114345299 0.999934554 -0.000305623224
vn -0.0110188276 0.999939263 -6.67622517e-05
vn -0.0138901109 0.00032646308 0.99990344
vn -0.0135545954 0.00033023284 0.99990803
vn -0.0138901025 0.000325738714 0.99990344
vn -0.0135545954 0.00033023284 0.99990803
vn 0.0114343716 -0.999934554 0.000306327449
vn 0.0114343716 -0.999934554 0.000306327449
vn 0.0114343716 -0.999934554 0.000306327449
vn 0.0114343716 -0.999934554 0.000306327449
vn 0.220423684 0.00231304229 -0.975401521
vn 0.119431466 0.00102173071 -0.992841959
vn 0.220423684 0.00231304229 -0.975401521
vn 0.119286396 0.0012021329 -0.992859185
vn -0.011177321 0.999937356 -0.000344905857
vn -0.0115087871 0.99993366 -0.000293117599
vn -0.011177321 0.999937356 -0.000344905857
vn -0.0115089267 0.9999336 -0.000293229969
vn -0.0128464811 0.000338526239 0.999917328
vn -0.0128464811 0.000338526239 0.999917328
vn -0.0128464811 0.000338526239 0.999917328
vn -0.0128464811 0.000338526239 0.999917328
vn 0.0111779068 -0.999937534 0.000345130247
vn 0.0111779068 -0.999937534 0.000345130247
vn 0.0111779068 -0.999937534 0.000345130247
vn 0.0111779068 -0.999937534 0.000345130247
vn -0.418294907 0.908311307 -8.11144503e-08
vn -0.418294907 0.908311307 -8.11144503e-08
vn -0.418294907 0.908311307 -8.11144503e-08
vn -0.418294907 0.908311307 -8.11144503e-08
vn 0.577468455 0.816413045 2.8213277e-08
vn 0.577468455 0.816413045 2.8213277e-08
vn 0.577468455 0.816413045 2.8213277e-08
vn 0.577468455 0.816413045 2.8213277e-08
vn 0.995768428 -0.0918976516 2.05709103e-08
vn 0.995768428 -0.0918976516 2.05709103e-08
vn 0.995768428 -0.0918976516 2.05709103e-08
vn 0.995768428 -0.0918976516 2.05709103e-08
vn 0.418304086 -0.908307076 -1.84221207e-08
vn 0.418304086 -0.908307076 -1.84221207e-08
vn 0.418304086 -0.908307076 -1.84221207e-08
vn 0.418304086 -0.908307076 -1.84221207e-08
vn -2.7664048e-06 3.17070658e-06 1
vn -2.7664048e-06 3.17070658e-06 1
vn -2.7664048e-06 3.17070658e-06 1
vn 0 0 1
vn 0 0 1
vn 0 0 1
vn 0 3.20793873e-07 1
vn 0 3.20793873e-07 1
vn 0 3.20793873e-07 1
vn -3.6885499e-06 -8.43043324e-07 1
vn -3.6885499e-06 -8.43043324e-07 1
vn -3.6885499e-06 -8.43043324e-07 1
vn -0.577467024 -0.816413999 -2.20750662e-09
vn -0.577467024 -0.816413999 -2.20750662e-09
vn -0.577467024 -0.816413999 -2.20750662e-09
vn -0.577467024 -0.816413999 -2.20750662e-09
vn -0.995768607 0.0918961763 -7.32918295e-08
vn -0.995768607 0.0918961763 -7.32918295e-08
vn -0.995768607 0.0918961763 -7.32918295e-08
vn -0.995768607 0.0918961763 -7.32918295e-08
vn -0.000201258881 -0.0121376766 0.999926329
vn -0.000201258881 -0.0121376766 0.999926329
vn -0.000201258881 -0.0121376766 0.999926329
vn -0.000201258881 -0.0121376766 0.999926329
vn 0.00020043207 0.0121374615 -0.999926329
vn 0.00020043207 0.0121374615 -0.999926329
vn 0.00020043207 0.0121374615 -0.999926329
vn 0.00020043207 0.0121374615 -0.999926329
vn -0.0164781772 -0.999807715 -0.0106312903
vn -0.0164781772 -0.999807715 -0.0106312903
vn -0.0164781772 -0.999807715 -0.0106312903
vn -0.0164781772 -0.999807715 -0.0106312903
vn -0.99986428 0.0164790638 -1.26018517e-06
vn -0.99986428 0.0164790638 -1.26018517e-06
vn -0.99986428 0.0164790638 -1.26018517e-06
vn -0.99986428 0.0164790638 -1.26018517e-06
vn 0.999864161 -0.0164791457 -2.58109424e-07
vn 0.999864161 -0.0164791457 -2.58109424e-07
vn 0.999864161 -0.0164791457 -2.58109424e-07
vn 0.999864161 -0.0164791457 -2.58109424e-07
vn -0.000199957823 -0.0121373525 0.999926329
vn -0.000199957823 -0.0121373525 0.999926329
vn -0.000199957823 -0.0121373525 0.999926329
vn -0.000199957823 -0.0121373525 0.999926329
vn 0.000199669623 0.0121376989 -0.999926329
vn 0.000199669623 0.0121376989 -0.999926329
vn 0.000199669623 0.0121376989 -0.999926329
vn 0.000199669623 0.0121376989 -0.999926329
vn -0.0164782498 -0.999807775 -0.0106326416
vn -0.0164782498 -0.999807775 -0.0106326416
vn -0.0164782498 -0.999807775 -0.0106326416
vn -0.0164782498 -0.999807775 -0.0106326416
vn 0.999864161 -0.016479278 9.86888949e-07
vn 0.999864161 -0.016479278 9.86888949e-07
vn 0.999864161 -0.016479278 9.86888949e-07
vn 0.999864161 -0.016479278 9.86888949e-07
vn -0.99986428 0.016479155 -2.27743854e-07
vn -0.99986428 0.016479155 -2.27743854e-07
vn -0.99986428 0.016479155 -2.27743854e-07
vn -0.99986428 0.016479155 -2.27743854e-07
vn -0.00013435127 -0.00824494474 0.999966025
vn -0.00013435127 -0.00824494474 0.999966025
vn -0.00013435127 -0.00824494474 0.999966025
vn -0.00013435127 -0.00824494474 0.999966025
vn 0.000137339128 0.00824523252 -0.999965966
vn 0.000137339128 0.00824523252 -0.999965966
vn 0.000137339128 0.00824523252 -0.999965966
vn 0.000137339128 0.00824523252 -0.999965966
vn -0.0164772328 -0.999744952 -0.0154430568
vn -0.0164772328 -0.999744952 -0.0154430568
vn -0.0164772328 -0.999744952 -0.0154430568
vn -0.0164772328 -0.999744952 -0.0154430568
vn 0.999864221 -0.0164788123 3.28769005e-07
vn 0.999864221 -0.0164788123 3.28769005e-07
vn 0.999864221 -0.0164788123 3.28769005e-07
vn 0.999864221 -0.0164788123 3.28769005e-07
vn -0.999864221 0.0164791699 0
vn -0.999864221 0.0164791699 0
vn -0.999864221 0.0164791699 0
vn -0.999864221 0.0164791699 0
vn 0 0 1
vn 0 0 1
vn 0 0 1
vn 0 0 1
vn 0.0164793991 0.999864161 -1.27473115e-07
vn 0.0164793991 0.999864161 -1.27473115e-07
vn 0.0164793991 0.999864161 -1.27473115e-07
vn 0.0164793991 0.999864161 -1.27473115e-07
vn -0.0164793991 -0.999864161 -6.27430325e-07
vn -0.0164793991 -0.999864161 -6.27430325e-07
vn -0.0164793991 -0.999864161 -6.27430325e-07
vn -0.0164793991 -0.999864161 -6.27430325e-07
vn -0.999864161 0.016482126 0
vn -0.999864161 0.016482126 0
vn -0.999864161 0.016482126 0
vn -0.0116531178 -0.707012177 0.707105279
vn -0.0116531178 -0.707012177 0.707105279
vn -0.0116531178 -0.707012177 0.707105279
vn -0.0116531178 -0.707012177 0.707105279
vn 0.0116518354 0.707011878 0.707105577
vn 0.0116518354 0.707011878 0.707105577
vn 0.0116518354 0.707011878 0.707105577
vn 0.0116518354 0.707011878 0.707105577
vn 0.999864221 -0.0164770298 1.03716468e-06
vn 0.999864221 -0.0164770298 1.03716468e-06
vn 0.999864221 -0.0164770298 1.03716468e-06
vn 0.999864221 -0.0164793618 9.10289316e-07
vn 0.999864221 -0.0164793618 9.10289316e-07
vn 0.999864221 -0.0164793618 9.10289316e-07
vn 0.999864221 -0.0164793618 9.10289316e-07
vn 0.99986428 -0.0164777748 1.03716616e-06
vn 0.99986428 -0.0164777748 1.03716616e-06
vn 0.99986428 -0.0164777748 1.03716616e-06
vn -0.99986428 0.0164777748 0
vn -0.99986428 0.0164777748 0
vn -0.99986428 0.0164777748 0
vn -0.999864161 0.0164790172 -1.26867263e-07
vn -0.999864161 0.0164790172 -1.26867263e-07
vn -0.999864161 0.0164790172 -1.26867263e-07
vn -0.999864161 0.0164790172 -1.26867263e-07
vn -0.469425887 0.882970095 0.00177045481
vn -0.469425887 0.882970095 0.00177045481
vn -0.469425887 0.882970095 0.00177045481
vn -0.469425887 0.882970095 0.00177045481
vn 0.529965937 0.848017335 0.00162550004
vn 0.529965937 0.848017335 0.00162550004
vn 0.529965937 0.848017335 0.00162550004
vn 0.529965937 0.848017335 0.00162550004
vn 0.999388874 -0.0349541306 -0.000145073442
vn 0.999388874 -0.0349541306 -0.000145073442
vn 0.999388874 -0.0349541306 -0.000145073442
vn 0.999388874 -0.0349541306 -0.000145073442
vn 0.469420433 -0.882973015 -0.00177118077
vn 0.469420433 -0.882973015 -0.00177118077
vn 0.469420433 -0.882973015 -0.00177118077
vn 0.469420433 -0.882973015 -0.00177118077
vn 2.9192066e-05 -0.000798998226 0.999999642
vn 2.9192066e-05 -0.000798998226 0.999999642
vn 2.9192066e-05 -0.000798998226 0.999999642
vn 2.98931245e-05 -0.000791510975 0.999999762
vn 2.98931245e-05 -0.000791510975 0.999999762
vn 2.98931245e-05 -0.000791510975 0.999999762
vn 3.36295125e-05 -0.000794241787 0.999999702
vn 3.36295125e-05 -0.000794241787 0.999999702
vn 3.36295125e-05 -0.000794241787 0.999999702
vn 2.98930481e-05 -0.000790732331 0.999999702
vn 2.98930481e-05 -0.000790732331 0.999999702
vn 2.98930481e-05 -0.000790732331 0.999999702
vn -0.529962897 -0.848019302 -0.00162570691
vn -0.529962897 -0.848019302 -0.00162570691
vn -0.529962897 -0.848019302 -0.00162570691
vn -0.529962897 -0.848019302 -0.00162570691
vn -0.999388874 0.0349544287 0.000145334241
vn -0.999388874 0.0349544287 0.000145334241
vn -0.999388874 0.0349544287 0.000145334241
vn -0.999388874 0.0349544287 0.000145334241
vn 0.00914700422 0.555012167 0.831791997
vn 0.00914700422 0.555012167 0.831791997
vn 0.00914700422 0.555012167 0.831791997
vn 0.00914700422 0.555012167 0.831791997
vn -0.0102376537 -0.555279195 -0.831600964
vn -0.010206637 -0.555162609 -0.831679225
vn -0.0105581246 -0.556483626 -0.830791533
vn -0.894379377 0.447178632 -0.0108077042
vn -0.894379377 0.447178632 -0.0108077042
vn -0.894379377 0.447178632 -0.0108077042
vn -0.894379377 0.447178632 -0.0108077042
vn -0.32441473 0.945909321 0.00325014209
vn -0.32441473 0.945909321 0.00325014209
vn -0.32441473 0.945909321 0.00325014209
vn -0.32441473 0.945909321 0.00325014209
vn 0.35541141 0.934704363 0.00325004221
vn 0.35541141 0.934704363 0.00325004221
vn 0.35541141 0.934704363 0.00325004221
vn 0.35541141 0.934704363 0.00325004221
vn 0.908630252 0.417461663 -0.0108077507
vn 0.908630252 0.417461663 -0.0108077507
vn 0.908630252 0.417461663 -0.0108077507
vn 0.908630252 0.417461663 -0.0108077507
vn 0.897583842 -0.44069925 -0.0112902252
vn 0.897583842 -0.44069925 -0.0112902252
vn 0.897583842 -0.44069925 -0.0112902252
vn 0.897583842 -0.44069925 -0.0112902252
vn 0.323619843 -0.946180403 0.00357382349
vn 0.323619843 -0.946180403 0.00357382349
vn 0.323619843 -0.946180403 0.00357382349
vn 0.323619843 -0.946180403 0.00357382349
vn -0.0099409176 -0.603464067 0.797328234
vn -0.0099409176 -0.603464067 0.797328234
vn -0.0099409176 -0.603464067 0.797328234
vn -0.354621738 -0.935003102 0.0035738349
vn -0.354621738 -0.935003102 0.0035738349
vn -0.354621738 -0.935003102 0.0035738349
vn -0.354621738 -0.935003102 0.0035738349
vn -0.911619723 -0.410879463 -0.0112904012
vn -0.911619723 -0.410879463 -0.0112904012
vn -0.911619723 -0.410879463 -0.0112904012
vn -0.911619723 -0.410879463 -0.0112904012
vn -0.0099479286 -0.603463173 0.79732877
vn -0.0099479286 -0.603463173 0.79732877
vn -0.0099479286 -0.603463173 0.79732877
vn -0.00994602125 -0.603461862 0.797329843
vn -0.00994602125 -0.603461862 0.797329843
vn -0.00994602125 -0.603461862 0.797329843
vn -0.00994602125 -0.603461862 0.797329843
vn -0.00994671509 -0.603461385 0.797330141
vn -0.00994671509 -0.603461385 0.797330141
vn -0.00994671509 -0.603461385 0.797330141
vn -0.00994671509 -0.603461385 0.797330141
vn -0.406882703 0.913460135 0.00608312711
vn -0.406882703 0.913460135 0.00608312711
vn -0.406882703 0.913460135 0.00608312711
vn -0.406882703 0.913460135 0.00608312711
vn 0.253617853 0.967269123 0.00828148704
vn 0.253617853 0.967269123 0.00828148704
vn 0.253617853 0.967269123 0.00828148704
vn 0.253617853 0.967269123 0.00828148704
vn 0.855137885 0.518320262 -0.00912583806
vn 0.855137885 0.518320262 -0.00912583806
vn 0.855137885 0.518320262 -0.00912583806
vn 0.855137885 0.518320262 -0.00912583806
vn 0.934999049 -0.354473054 -0.0112070702
vn 0.934999049 -0.354473054 -0.0112070702
vn 0.934999049 -0.354473054 -0.0112070702
vn 0.934999049 -0.354473054 -0.0112070702
vn 0.408473581 -0.912753642 0.00549440179
vn 0.408473581 -0.912753642 0.00549440179
vn 0.408473581 -0.912753642 0.00549440179
vn 0.408473581 -0.912753642 0.00549440179
vn -0.25537014 -0.966814697 0.00744825834
vn -0.25537014 -0.966814697 0.00744825834
vn -0.25537014 -0.966814697 0.00744825834
vn -0.25537014 -0.966814697 0.00744825834
vn -0.0137030389 0.65413177 0.75625664
vn -0.0137030389 0.65413177 0.75625664
vn -0.0137030389 0.65413177 0.75625664
vn -0.851907611 -0.523621142 -0.00862725172
vn -0.851907611 -0.523621142 -0.00862725172
vn -0.851907611 -0.523621142 -0.00862725172
vn -0.851907611 -0.523621142 -0.00862725172
vn -0.93796742 0.346526623 -0.0116778258
vn -0.93796742 0.346526623 -0.0116778258
vn -0.93796742 0.346526623 -0.0116778258
vn -0.93796742 0.346526623 -0.0116778258
vn -0.0137064978 0.65413636 0.756252468
vn -0.0137064978 0.65413636 0.756252468
vn -0.0137064978 0.65413636 0.756252468
vn -0.0136884786 0.654132247 0.756256402
vn -0.0136884786 0.654132247 0.756256402
vn -0.0136884786 0.654132247 0.756256402
vn -0.0136884786 0.654132247 0.756256402
vn -0.0136888996 0.65413177 0.7562567
vn -0.0136888996 0.65413177 0.7562567
vn -0.0136888996 0.65413177 0.7562567
vn -0.0136888996 0.65413177 0.7562567
vn -0.003996382 0.429314822 0.903146029
vn -0.003996382 0.429314822 0.903146029
vn -0.003996382 0.429314822 0.903146029
vn -0.003996382 0.429314822 0.903146029
vn 0.0189125519 0.940390468 0.339570373
vn 0.0189125519 0.940390468 0.339570373
vn 0.0189125519 0.940390468 0.339570373
vn 0.0189125519 0.940390468 0.339570373
vn 0.0189124681 0.940389931 -0.339572191
vn 0.0189124681 0.940389931 -0.339572191
vn 0.0189124681 0.940389931 -0.339572191
vn 0.0189124681 0.940389931 -0.339572191
vn -0.00399669306 0.429319203 -0.903144062
vn -0.00399669306 0.429319203 -0.903144062
vn -0.00399669306 0.429319203 -0.903144062
vn -0.00399669306 0.429319203 -0.903144062
vn -0.018141944 -0.42894417 -0.90314883
vn -0.018141944 -0.42894417 -0.90314883
vn -0.018141944 -0.42894417 -0.90314883
vn -0.018141944 -0.42894417 -0.90314883
vn -0.0120868385 -0.940500617 -0.339577049
vn -0.0120868385 -0.940500617 -0.339577049
vn -0.0120868385 -0.940500617 -0.339577049
vn -0.0120868385 -0.940500617 -0.339577049
vn -0.0120867901 -0.94050163 0.339574367
vn -0.0120867901 -0.94050163 0.339574367
vn -0.0120867901 -0.94050163 0.339574367
vn -0.0120867901 -0.94050163 0.339574367
vn -0.0181415286 -0.42893818 0.903151691
vn -0.0181415286 -0.42893818 0.903151691
vn -0.0181415286 -0.42893818 0.903151691
vn -0.0181415286 -0.42893818 0.903151691
vn -0.00399650028 0.429311633 0.903147519
vn -0.00399650028 0.429311633 0.903147519
vn -0.00399650028 0.429311633 0.903147519
vn -0.00399650028 0.429311633 0.903147519
vn 0.0189123247 0.940385222 0.339584857
vn 0.0189123247 0.940385222 0.339584857
vn 0.0189123247 0.940385222 0.339584857
vn 0.0189123247 0.940385222 0.339584857
vn 0.0189122129 0.940384448 -0.339587152
vn 0.0189122129 0.940384448 -0.339587152
vn 0.0189122129 0.940384448 -0.339587152
vn 0.0189122129 0.940384448 -0.339587152
vn -0.0039968295 0.429315716 -0.903145611
vn -0.0039968295 0.429315716 -0.903145611
vn -0.0039968295 0.429315716 -0.903145611
vn -0.0039968295 0.429315716 -0.903145611
vn -0.0181423537 -0.428949326 -0.903146267
vn -0.0181423537 -0.428949326 -0.903146267
vn -0.0181423537 -0.428949326 -0.903146267
vn -0.0181423537 -0.428949326 -0.903146267
vn -0.0120876823 -0.940498412 -0.339583039
vn -0.0120876823 -0.940498412 -0.339583039
vn -0.0120876823 -0.940498412 -0.339583039
vn -0.0120876823 -0.940498412 -0.339583039
vn -0.0120876227 -0.940499544 0.339579999
vn -0.0120876227 -0.940499544 0.339579999
vn -0.0120876227 -0.940499544 0.339579999
vn -0.0120876227 -0.940499544 0.339579999
vn -0.0181419998 -0.42894274 0.903149545
vn -0.0181419998 -0.42894274 0.903149545
vn -0.0181419998 -0.42894274 0.903149545
vn -0.0181419998 -0.42894274 0.903149545
vn -0.89594996 0.44401741 -0.0110435151
vn -0.89594996 0.44401741 -0.0110435151
vn -0.89594996 0.44401741 -0.0110435151
vn -0.89594996 0.44401741 -0.0110435151
vn -0.324038208 0.946037829 0.00340452348
vn -0.324038208 0.946037829 0.00340452348
vn -0.324038208 0.946037829 0.00340452348
vn -0.324038208 0.946037829 0.00340452348
vn 0.355037808 0.934845805 0.00340451021
vn 0.355037808 0.934845805 0.00340451021
vn 0.355037808 0.934845805 0.00340451021
vn 0.355037808 0.934845805 0.00340451021
vn 0.910096049 0.414250106 -0.0110435728
vn 0.910096049 0.414250106 -0.0110435728
vn 0.910096049 0.414250106 -0.0110435728
vn 0.910096049 0.414250106 -0.0110435728
vn 0.895949483 -0.444018662 -0.0110433949
vn 0.895949483 -0.444018662 -0.0110433949
vn 0.895949483 -0.444018662 -0.0110433949
vn 0.895949483 -0.444018662 -0.0110433949
vn 0.324038327 -0.946037769 0.00340461824
vn 0.324038327 -0.946037769 0.00340461824
vn 0.324038327 -0.946037769 0.00340461824
vn 0.324038327 -0.946037769 0.00340461824
vn -0.355036885 -0.934846103 0.00340457959
vn -0.355036885 -0.934846103 0.00340457959
vn -0.355036885 -0.934846103 0.00340457959
vn -0.355036885 -0.934846103 0.00340457959
vn -0.910095334 -0.414251775 -0.0110435206
vn -0.910095334 -0.414251775 -0.0110435206
vn -0.910095334 -0.414251775 -0.0110435206
vn -0.910095334 -0.414251775 -0.0110435206
vn -0.895950794 0.444016039 -0.0110435486
vn -0.895950794 0.444016039 -0.0110435486
vn -0.895950794 0.444016039 -0.0110435486
vn -0.895950794 0.444016039 -0.0110435486
vn -0.324037194 0.946038187 0.0034043591
vn -0.324037194 0.946038187 0.0034043591
vn -0.324037194 0.946038187 0.0034043591
vn -0.324037194 0.946038187 0.0034043591
vn 0.355037272 0.934845984 0.0034044513
vn 0.355037272 0.934845984 0.0034044513
vn 0.355037272 0.934845984 0.0034044513
vn 0.355037272 0.934845984 0.0034044513
vn 0.910097003 0.414248079 -0.0110435775
vn 0.910097003 0.414248079 -0.0110435775
vn 0.910097003 0.414248079 -0.0110435775
vn 0.910097003 0.414248079 -0.0110435775
vn 0.895948946 -0.444019645 -0.01104338
vn 0.895948946 -0.444019645 -0.01104338
vn 0.895948946 -0.444019645 -0.01104338
vn 0.895948946 -0.444019645 -0.01104338
vn 0.324039072 -0.94603765 0.00340454909
vn 0.324039072 -0.94603765 0.00340454909
vn 0.324039072 -0.94603765 0.00340454909
vn 0.324039072 -0.94603765 0.00340454909
vn -0.355036914 -0.934846103 0.00340448739
vn -0.355036914 -0.934846103 0.00340448739
vn -0.355036914 -0.934846103 0.00340448739
vn -0.355036914 -0.934846103 0.00340448739
vn -0.910095215 -0.414252013 -0.0110434964
vn -0.910095215 -0.414252013 -0.0110434964
vn -0.910095215 -0.414252013 -0.0110434964
vn -0.910095215 -0.414252013 -0.0110434964
vn 0.990107179 -0.0515521429 -0.130499139
vn 0.990107179 -0.0515521429 -0.130499139
vn 0.990107179 -0.0515521429 -0.130499139
vn 0.990107179 -0.0515521429 -0.130499139
vn 0.0380675085 -0.991833448 -0.121725559
vn 0.0380675085 -0.991833448 -0.121725559
vn 0.0380675085 -0.991833448 -0.121725559
vn 0.0380675085 -0.991833448 -0.121725559
vn -0.990414739 0.0523357689 0.127826139
vn -0.990414739 0.0523357689 0.127826139
vn -0.990414739 0.0523357689 0.127826139
vn -0.990414739 0.0523357689 0.127826139
vn -0.0377934761 0.991710901 0.122806139
vn -0.0377934761 0.991710901 0.122806139
vn -0.0377934761 0.991710901 0.122806139
vn -0.0377934761 0.991710901 0.122806139
vn -0.0515540428 -0.990107179 -0.130499154
vn -0.0515540428 -0.990107179 -0.130499154
vn -0.0515540428 -0.990107179 -0.130499154
vn -0.0515540428 -0.990107179 -0.130499154
vn -0.99183321 -0.0380749181 -0.121726207
vn -0.99183321 -0.0380749181 -0.121726207
vn -0.99183321 -0.0380749181 -0.121726207
vn -0.99183321 -0.0380749181 -0.121726207
vn 0.0523325317 0.990415037 0.127825782
vn 0.0523325317 0.990415037 0.127825782
vn 0.0523325317 0.990415037 0.127825782
vn 0.0523325317 0.990415037 0.127825782
vn 0.991710722 0.0377961323 0.122806266
vn 0.991710722 0.0377961323 0.122806266
vn 0.991710722 0.0377961323 0.122806266
vn 0.991710722 0.0377961323 0.122806266
vn -0.990107536 0.0515477024 -0.130498871
vn -0.990107536 0.0515477024 -0.130498871
vn -0.990107536 0.0515477024 -0.130498871
vn -0.990107536 0.0515477024 -0.130498871
vn -0.0380685851 0.991833389 -0.121726073
vn -0.0380685851 0.991833389 -0.121726073
vn -0.0380685851 0.991833389 -0.121726073
vn -0.0380685851 0.991833389 -0.121726073
vn 0.9904145 -0.0523391627 0.127827317
vn 0.9904145 -0.0523391627 0.127827317
vn 0.9904145 -0.0523391627 0.127827317
vn 0.9904145 -0.0523391627 0.127827317
vn 0.0377984941 -0.991710544 0.122807056
vn 0.0377984941 -0.991710544 0.122807056
vn 0.0377984941 -0.991710544 0.122807056
vn 0.0377984941 -0.991710544 0.122807056
vn 0.0515467413 0.990107715 -0.130498335
vn 0.0515467413 0.990107715 -0.130498335
vn 0.0515467413 0.990107715 -0.130498335
vn 0.0515467413 0.990107715 -0.130498335
vn 0.99183315 0.0380760171 -0.121725544
vn 0.99183315 0.0380760171 -0.121725544
vn 0.99183315 0.0380760171 -0.121725544
vn 0.99183315 0.0380760171 -0.121725544
vn -0.0523371957 -0.990414619 0.127826303
vn -0.0523371957 -0.990414619 0.127826303
vn -0.0523371957 -0.990414619 0.127826303
vn -0.0523371957 -0.990414619 0.127826303
vn -0.991710722 -0.0377947316 0.122806303
vn -0.991710722 -0.0377947316 0.122806303
vn -0.991710722 -0.0377947316 0.122806303
vn -0.991710722 -0.0377947316 0.122806303
vn -0.0261530597 0.960698187 0.276360571
vn -0.0261530597 0.960698187 0.276360571
vn -0.0261530597 0.960698187 0.276360571
vn -0.0261530597 0.960698187 0.276360571
vn 0.0122813201 -0.451155752 0.892360687
vn 0.0122813201 -0.451155752 0.892360687
vn 0.0122813201 -0.451155752 0.892360687
vn 0.0122813201 -0.451155752 0.892360687
vn 0.0261523779 -0.960697293 -0.276363641
vn 0.0261523779 -0.960697293 -0.276363641
vn 0.0261523779 -0.960697293 -0.276363641
vn 0.0261523779 -0.960697293 -0.276363641
vn -0.0122810462 0.451155216 -0.892360985
vn -0.0122810462 0.451155216 -0.892360985
vn -0.0122810462 0.451155216 -0.892360985
vn -0.0122810462 0.451155216 -0.892360985
vn -0.960698962 -0.0261534285 0.276357293
vn -0.960698962 -0.0261534285 0.276357293
vn -0.960698962 -0.0261534285 0.276357293
vn -0.960698962 -0.0261534285 0.276357293
vn 0.451155156 0.0122820102 0.892360985
vn 0.451155156 0.0122820102 0.892360985
vn 0.451155156 0.0122820102 0.892360985
vn 0.451155156 0.0122820102 0.892360985
vn 0.960698903 0.0261535328 -0.276357621
vn 0.960698903 0.0261535328 -0.276357621
vn 0.960698903 0.0261535328 -0.276357621
vn 0.960698903 0.0261535328 -0.276357621
vn -0.45115447 -0.0122818938 -0.892361343
vn -0.45115447 -0.0122818938 -0.892361343
vn -0.45115447 -0.0122818938 -0.892361343
vn -0.45115447 -0.0122818938 -0.892361343
vn 0.0261520837 -0.960699916 0.276354253
vn 0.0261520837 -0.960699916 0.276354253
vn 0.0261520837 -0.960699916 0.276354253
vn 0.0261520837 -0.960699916 0.276354253
vn -0.0122820502 0.451154798 0.892361164
vn -0.0122820502 0.451154798 0.892361164
vn -0.0122820502 0.451154798 0.892361164
vn -0.0122820502 0.451154798 0.892361164
vn -0.0261534005 0.960699022 -0.276357353
vn -0.0261534005 0.960699022 -0.276357353
vn -0.0261534005 0.960699022 -0.276357353
vn -0.0261534005 0.960699022 -0.276357353
vn 0.0122817019 -0.451156735 -0.89236027
vn 0.0122817019 -0.451156735 -0.89236027
vn 0.0122817019 -0.451156735 -0.89236027
vn 0.0122817019 -0.451156735 -0.89236027
vn 0.960696399 0.0261542704 0.276366234
vn 0.960696399 0.0261542704 0.276366234
vn 0.960696399 0.0261542704 0.276366234
vn 0.960696399 0.0261542704 0.276366234
vn -0.451152712 -0.0122820195 0.892362237
vn -0.451152712 -0.0122820195 0.892362237
vn -0.451152712 -0.0122820195 0.892362237
vn -0.451152712 -0.0122820195 0.892362237
vn -0.960695028 -0.0261539388 -0.276370764
vn -0.960695028 -0.0261539388 -0.276370764
vn -0.960695028 -0.0261539388 -0.276370764
vn -0.960695028 -0.0261539388 -0.276370764
vn 0.451152593 0.0122820968 -0.892362356
vn 0.451152593 0.0122820968 -0.892362356
vn 0.451152593 0.0122820968 -0.892362356
vn 0.451152593 0.0122820968 -0.892362356
vn 0.631932914 0.759028971 0.156639457
vn 0.631932914 0.759028971 0.156639457
vn 0.631932914 0.759028971 0.156639457
vn 0.631932914 0.759028971 0.156639457
vn -0.587016344 0.303704321 0.750450313
vn -0.587016344 0.303704321 0.750450313
vn -0.587016344 0.303704321 0.750450313
vn -0.587016344 0.303704321 0.750450313
vn -0.894485056 -0.443280578 -0.0583009049
vn -0.894485056 -0.443280578 -0.0583009049
vn -0.894485056 -0.443280578 -0.0583009049
vn -0.894485056 -0.443280578 -0.0583009049
vn 0.174892411 -0.830655038 0.528606474
vn 0.174892411 -0.830655038 0.528606474
vn 0.174892411 -0.830655038 0.528606474
vn 0.174892411 -0.830655038 0.528606474
vn -0.521045327 0.809823871 -0.269624025
vn -0.521045327 0.809823871 -0.269624025
vn -0.521045327 0.809823871 -0.269624025
vn -0.521045327 0.809823871 -0.269624025
vn -0.188680917 -0.939913988 0.284537017
vn -0.188680917 -0.939913988 0.284537017
vn -0.188680917 -0.939913988 0.284537017
vn -0.188680917 -0.939913988 0.284537017
vn 0.439054161 0.0730978772 0.895482004
vn 0.439054161 0.0730978772 0.895482004
vn 0.439054161 0.0730978772 0.895482004
vn 0.439054161 0.0730978772 0.895482004
vn 0.267003953 0.883906841 0.383949965
vn 0.267003953 0.883906841 0.383949965
vn 0.267003953 0.883906841 0.383949965
vn 0.267003953 0.883906841 0.383949965
vn -0.774098516 0.584617138 0.242887318
vn -0.774098516 0.584617138 0.242887318
vn -0.774098516 0.584617138 0.242887318
vn -0.774098516 0.584617138 0.242887318
vn 0.889283836 -0.293423295 0.350823402
vn 0.889283836 -0.293423295 0.350823402
vn 0.889283836 -0.293423295 0.350823402
vn 0.889283836 -0.293423295 0.350823402
vn -0.613323152 -0.593432188 -0.521222591
vn -0.613323152 -0.593432188 -0.521222591
vn -0.613323152 -0.593432188 -0.521222591
vn -0.613323152 -0.593432188 -0.521222591
vn -0.853302896 0.0140631292 -0.52122587
vn -0.853302896 0.0140631292 -0.52122587
vn -0.853302896 0.0140631292 -0.52122587
vn -0.853302896 0.0140631292 -0.52122587
vn -0.593431473 0.613322377 -0.521224141
vn -0.593431473 0.613322377 -0.521224141
vn -0.593431473 0.613322377 -0.521224141
vn -0.593431473 0.613322377 -0.521224141
vn 0.014063512 0.853303671 -0.521224439
vn 0.014063512 0.853303671 -0.521224439
vn 0.014063512 0.853303671 -0.521224439
vn 0.014063512 0.853303671 -0.521224439
vn 0.613320112 0.593434215 -0.521223843
vn 0.613320112 0.593434215 -0.521223843
vn 0.613320112 0.593434215 -0.521223843
vn 0.613320112 0.593434215 -0.521223843
vn 0.853304207 -0.0140647544 -0.521223724
vn 0.853304207 -0.0140647544 -0.521223724
vn 0.853304207 -0.0140647544 -0.521223724
vn 0.853304207 -0.0140647544 -0.521223724
vn -0.695355237 0.718666136 0
vn -0.695355237 0.718666136 0
vn -0.695355237 0.718666136 0
vn -0.695355237 0.718666136 0
vn 0.593432903 -0.61332196 -0.521223068
vn 0.593432903 -0.61332196 -0.521223068
vn 0.593432903 -0.61332196 -0.521223068
vn 0.593432903 -0.61332196 -0.521223068
vn -0.0140639255 -0.853305221 -0.521221995
vn -0.0140639255 -0.853305221 -0.521221995
vn -0.0140639255 -0.853305221 -0.521221995
vn -0.0140639255 -0.853305221 -0.521221995
vn 0 0 -1
vn 0 0 -1
vn 0 0 -1
vn 0 1.71586555e-06 -1
vn 0 1.71586555e-06 -1
vn 0 1.71586555e-06 -1
vn -6.48389005e-07 5.14362455e-07 -1
vn -6.48389005e-07 5.14362455e-07 -1
vn -6.48389005e-07 5.14362455e-07 -1
vn -1.94512745e-06 2.84732913e-08 -1
vn -1.94512745e-06 2.84732913e-08 -1
vn -1.94512745e-06 2.84732913e-08 -1
vn 0 0 -1
vn 0 0 -1
vn 5.53430368e-07 0 -1
vn 5.53430368e-07 0 -1
vn 5.53430368e-07 0 -1
vn 0.718665123 0.695356429 3.68927613e-06
vn 0.718665123 0.695356429 3.68927613e-06
vn 0.718665123 0.695356429 3.68927613e-06
vn 0.718665123 0.695356429 3.68927613e-06
vn 0.999864161 -0.0164790414 0
vn 0.999864161 -0.0164790414 0
vn 0.999864161 -0.0164790414 0
vn 0.999864161 -0.0164790414 0
vn 0.0164798368 0.999864221 0
vn 0.0164798368 0.999864221 0
vn 0.0164798368 0.999864221 0
vn 0.0164798368 0.999864221 0
vn 0.695356488 -0.718665004 0
vn 0.695356488 -0.718665004 0
vn 0.695356488 -0.718665004 0
vn 0.695356488 -0.718665004 0
vn -0.999864221 0.016479373 0
vn -0.999864221 0.016479373 0
vn -0.999864221 0.016479373 0
vn -0.999864221 0.016479373 0
vn 0.718662381 0.69535929 0
vn 0.718662381 0.69535929 0
vn 0.718662381 0.69535929 0
vn 0.718662381 0.69535929 0
vn -0.0164798386 -0.999864161 0
vn -0.0164798386 -0.999864161 0
vn -0.0164798386 -0.999864161 0
vn -0.0164798386 -0.999864161 0
vn -0.718661785 -0.695359766 0
vn -0.718661785 -0.695359766 0
vn -0.718661785 -0.695359766 0
vn -0.718661785 -0.695359766 0
vn 0 1.07316077e-06 1
vn 0 1.07316077e-06 1
vn 0 1.07316077e-06 1
vn 0 1.07316077e-06 1
vn 8.01379315e-07 -8.11738005e-07 1
vn 8.01379315e-07 -8.11738005e-07 1
vn 8.01379315e-07 -8.11738005e-07 1
vn 8.01379315e-07 -8.11738005e-07 1
vn 0 7.00328997e-07 1
vn 0 7.00328997e-07 1
vn 0 7.00328997e-07 1
vn 0 7.00328997e-07 1
vn 6.761706e-07 -1.44152148e-06 1
vn 6.761706e-07 -1.44152148e-06 1
vn 6.761706e-07 -1.44152148e-06 1
vn 6.761706e-07 -1.44152148e-06 1
vn -1.60276443e-06 -6.13078328e-07 1
vn -1.60276443e-06 -6.13078328e-07 1
vn -1.60276443e-06 -6.13078328e-07 1
vn -1.60276443e-06 -6.13078328e-07 1
vn 0 2.78449392e-07 1
vn 0 2.78449392e-07 1
vn 0 2.78449392e-07 1
vn 0 2.78449392e-07 1
vn -3.20554432e-06 9.88358011e-07 1
vn -3.20554432e-06 9.88358011e-07 1
vn -3.20554432e-06 9.88358011e-07 1
vn -3.20554432e-06 9.88358011e-07 1
vn 9.26607129e-07 7.03184185e-07 1
vn 9.26607129e-07 7.03184185e-07 1
vn 9.26607129e-07 7.03184185e-07 1
vn 9.26607129e-07 7.03184185e-07 1
vn -2.35863513e-06 -6.05411117e-07 0.99999994
vn -2.35863513e-06 -6.05411117e-07 0.99999994
vn -2.35863513e-06 -6.05411117e-07 0.99999994
vn 1.95393022e-06 7.52299002e-07 1
vn 1.95393022e-06 7.52299002e-07 1
vn 1.95393022e-06 7.52299002e-07 1
vn -1.03622938e-06 -1.87856756e-06 1
vn -1.03622938e-06 -1.87856756e-06 1
vn -1.03622938e-06 -1.87856756e-06 1
vn 1.0794115e-06 1.8785779e-06 0.99999994
vn 1.0794115e-06 1.8785779e-06 0.99999994
vn 1.0794115e-06 1.8785779e-06 0.99999994
vn 7.32726733e-07 7.7056535e-07 1
vn 7.32726733e-07 7.7056535e-07 1
vn 7.32726733e-07 7.7056535e-07 1
vn 1.17928698e-06 -3.90102571e-07 1
vn 1.17928698e-06 -3.90102571e-07 1
vn 1.17928698e-06 -3.90102571e-07 1
vn 0.0164795239 0.999864221 3.6892543e-06
vn 0.0164795239 0.999864221 3.6892543e-06
vn 0.0164795239 0.999864221 3.6892543e-06
vn 0.0164795239 0.999864221 3.6892543e-06
vn -0.999864221 0.0164790805 -7.37855407e-06
vn -0.999864221 0.0164790805 -7.37855407e-06
vn -0.999864221 0.0164790805 -7.37855407e-06
vn -0.999864221 0.0164790805 -7.37855407e-06
vn -0.0164795257 -0.999864161 0
vn -0.0164795257 -0.999864161 0
vn -0.0164795257 -0.999864161 0
vn -0.0164795257 -0.999864161 0
vn 0.999864161 -0.0164795369 9.22321533e-07
vn 0.999864161 -0.0164795369 9.22321533e-07
vn 0.999864161 -0.0164795369 9.22321533e-07
vn 0.999864161 -0.0164795369 9.22321533e-07
vn -0.695361674 0.718659997 0
vn -0.695361674 0.718659997 0
vn -0.695361674 0.718659997 0
vn -0.695361674 0.718659997 0
vn -0.718666017 -0.695355356 -3.68927272e-06
vn -0.718666017 -0.695355356 -3.68927272e-06
vn -0.718666017 -0.695355356 -3.68927272e-06
vn -0.718666017 -0.695355356 -3.68927272e-06
vn 0.695361733 -0.718659937 0
vn 0.695361733 -0.718659937 0
vn 0.695361733 -0.718659937 0
vn 0.695361733 -0.718659937 0
vn 0.701735556 0.606293499 0.374132901
vn 0.701735556 0.606293499 0.374132901
vn 0.701735556 0.606293499 0.374132901
vn 0.701735556 0.606293499 0.374132901
vn -0.307809949 0.0728219077 0.948656917
vn -0.307809949 0.0728219077 0.948656917
vn -0.307809949 0.0728219077 0.948656917
vn -0.307809949 0.0728219077 0.948656917
vn -0.701777637 -0.520902812 0.48597157
vn -0.701777637 -0.520902812 0.48597157
vn -0.701777637 -0.520902812 0.48597157
vn -0.701777637 -0.520902812 0.48597157
vn 0.322231472 -0.853602469 0.409303844
vn 0.322231472 -0.853602469 0.409303844
vn 0.322231472 -0.853602469 0.409303844
vn 0.322231472 -0.853602469 0.409303844
vn -0.603213131 0.584349513 0.542834759
vn -0.603213131 0.584349513 0.542834759
vn -0.603213131 0.584349513 0.542834759
vn -0.603213131 0.584349513 0.542834759
vn 0.813326538 -0.0134046506 -0.581652939
vn 0.813326538 -0.0134046506 -0.581652939
vn 0.813326538 -0.0134046506 -0.581652939
vn 0.813326538 -0.0134046506 -0.581652939
vn -0.883154094 0.014555512 -0.46885705
vn -0.883154094 0.014555512 -0.46885705
vn -0.883154094 0.014555512 -0.46885705
vn -0.883154094 0.014555512 -0.46885705
vn -0.335447341 0.00552210025 0.942042828
vn -0.00277206302 5.53536229e-05 0.999996126
vn -0.00277237175 3.60870545e-05 0.999996126
vn -0.335446507 0.0055744783 0.942042828
vn 0.333352506 -0.00550020114 0.942786217
vn -0.00266194344 3.48549802e-05 0.999996424
vn -0.00266147312 5.40977562e-05 0.999996424
vn 0.333352864 -0.00548680825 0.942786157
vn -0.335466802 0.00552242668 0.942035794
vn -0.461011022 0.00759812212 0.887361884
vn -0.335466534 0.00553551782 0.942035794
vn -0.461011022 0.00759812212 0.887361884
vn 0.333097994 -0.00548990117 -0.94287616
vn 0.461545318 -0.00760687189 -0.887084007
vn 0.333097994 -0.00548989326 -0.94287622
vn 0.461545318 -0.00760687189 -0.887084007
vn -0.0164791588 -0.999864221 4.74086505e-07
vn -0.0164791588 -0.999864221 4.74086505e-07
vn -0.0164791588 -0.999864221 4.74086505e-07
vn -0.0164791588 -0.999864221 4.74086505e-07
vn 0.461895585 -0.00761184515 0.886901677
vn 0.333379924 -0.00548706157 0.94277662
vn 0.461895585 -0.00761184515 0.886901677
vn 0.333379745 -0.0055004349 0.942776561
vn -0.460101455 0.00758326147 -0.887834013
vn -0.335494697 0.00552958297 -0.942025959
vn -0.460101455 0.00758326147 -0.887834013
vn -0.335494727 0.00552957039 -0.942025959
vn -0.0164791271 -0.999864161 0
vn -0.0164791271 -0.999864161 0
vn -0.0164791271 -0.999864161 0
vn -0.0164791271 -0.999864161 0
vn -0.00331667066 5.46374358e-05 -0.999994576
vn 0.333051562 -0.00548910629 -0.94289273
vn 0.333051562 -0.0054891035 -0.94289273
vn -0.00331667066 5.46406955e-05 -0.999994576
vn -0.00342489779 5.6322664e-05 -0.999994099
vn -0.335475117 0.00552913686 -0.942032754
vn -0.335475117 0.00552912988 -0.942032754
vn -0.00342489779 5.63438516e-05 -0.999994099
vn -0.0164795388 -0.999864221 -2.57041478e-07
vn -0.0164795388 -0.999864221 -2.57041478e-07
vn -0.0164795388 -0.999864221 -2.57041478e-07
vn -0.0164795388 -0.999864221 -2.57041478e-07
vn -0.0164788142 -0.999864221 -2.58601233e-07
vn -0.0164788142 -0.999864221 -2.58601233e-07
vn -0.0164788142 -0.999864221 -2.58601233e-07
vn -0.0164788142 -0.999864221 -2.58601233e-07
vn 0.999864221 -0.0164790787 1.98611005e-07
vn 0.999864221 -0.0164790787 1.98611005e-07
vn 0.999864221 -0.0164790787 1.98611005e-07
vn 0.999864221 -0.0164790787 1.98611005e-07
vn -0.999864221 0.0164790787 -1.60031888e-07
vn -0.999864221 0.0164790787 -1.60031888e-07
vn -0.999864221 0.0164790787 -1.60031888e-07
vn -0.999864221 0.0164790787 -1.60031888e-07
vn -0.0164789762 -0.99986428 7.50022444e-09
vn -0.0164789762 -0.99986428 7.50022444e-09
vn -0.0164789762 -0.99986428 7.50022444e-09
vn -0.0164789762 -0.99986428 7.50022444e-09
vn 0.999864221 -0.0164790787 1.98611005e-07
vn 0.999864221 -0.0164790787 1.98611005e-07
vn 0.999864221 -0.0164790787 1.98611005e-07
vn 0.999864221 -0.0164790787 1.98611005e-07
vn -0.999864161 0.0164790824 -1.98611062e-07
vn -0.999864161 0.0164790824 -1.98611062e-07
vn -0.999864161 0.0164790824 -1.98611062e-07
vn -0.999864161 0.0164790824 -1.98611062e-07
vn -0.0164789744 -0.999864161 -1.11797451e-08
vn -0.0164789744 -0.999864161 -1.11797451e-08
vn -0.0164789744 -0.999864161 -1.11797451e-08
vn -0.0164789744 -0.999864161 -1.11797451e-08
vn 0.999864221 -0.0164793022 0
vn 0.999864221 -0.0164793022 0
vn 0.999864221 -0.0164793022 0
vn 0.999864221 -0.0164793022 0
vn -3.70173723e-07 5.2376139e-09 1
vn -3.70173723e-07 5.2376139e-09 1
vn -3.70173723e-07 5.2376139e-09 1
vn -3.70173723e-07 5.2376139e-09 1
vn -0.999864221 0.0164791569 1.93339346e-07
vn -0.999864221 0.0164791569 1.93339346e-07
vn -0.999864221 0.0164791569 1.93339346e-07
vn -0.999864221 0.0164791569 1.93339346e-07
vn 7.40347559e-07 -1.04753175e-08 -1
vn 7.40347559e-07 -1.04753175e-08 -1
vn 7.40347559e-07 -1.04753175e-08 -1
vn 7.40347559e-07 -1.04753175e-08 -1
vn -0.0164791569 -0.999864161 -5.24552377e-07
vn -0.0164791569 -0.999864161 -5.24552377e-07
vn -0.0164791569 -0.999864161 -5.24552377e-07
vn -0.0164791569 -0.999864161 -5.24552377e-07
vn -0.0164791699 -0.999864221 0
vn -0.0164791699 -0.999864221 0
vn -0.0164791699 -0.999864221 0
vn -0.0164791699 -0.999864221 0
vn -0.0164792519 -0.999864221 7.03294347e-08
vn -0.0164792519 -0.999864221 7.03294347e-08
vn -0.0164792519 -0.999864221 7.03294347e-08
vn -0.0164792519 -0.999864221 7.03294347e-08
vn 0.999864221 -0.01647944 -3.61057943e-07
vn 0.999864221 -0.01647944 -3.61057943e-07
vn 0.999864221 -0.01647944 -3.61057943e-07
vn 0.999864221 -0.01647944 -3.61057943e-07
vn -0.635905623 -0.771766841 -3.08536556e-07
vn -0.635905623 -0.771766841 -3.08536556e-07
vn -0.635905623 -0.771766841 -3.08536556e-07
vn -0.635905623 -0.771766841 -3.08536556e-07
vn -0.77176702 0.635905445 -1.88582348e-07
vn -0.77176702 0.635905445 -1.88582348e-07
vn -0.77176702 0.635905445 -1.88582348e-07
vn -0.77176702 0.635905445 -1.88582348e-07
vn 0.635905921 0.771766603 5.98392432e-07
vn 0.635905921 0.771766603 5.98392432e-07
vn 0.635905921 0.771766603 5.98392432e-07
vn 0.635905921 0.771766603 5.98392432e-07
vn 0.771766305 -0.635906219 5.79170603e-07
vn 0.771766305 -0.635906219 5.79170603e-07
vn 0.771766305 -0.635906219 5.79170603e-07
vn 0.771766305 -0.635906219 5.79170603e-07
vn 4.92210688e-07 3.73892362e-07 -0.99999994
vn 4.92210688e-07 3.73892362e-07 -0.99999994
vn 4.92210688e-07 3.73892362e-07 -0.99999994
vn 4.92210688e-07 3.73892362e-07 -0.99999994
vn 0 0 1
vn 0 0 1
vn 0 0 1
vn 0 0 1
vn 0.981463492 -0.191649452 -3.61440556e-07
vn 0.981463492 -0.191649452 -3.61440556e-07
vn 0.981463492 -0.191649452 -3.61440556e-07
vn 0.981463492 -0.191649452 -3.61440556e-07
vn -0.191649169 -0.981463552 0
vn -0.191649169 -0.981463552 0
vn -0.191649169 -0.981463552 0
vn -0.191649169 -0.981463552 0
vn -0.981463432 0.191649556 4.95089182e-07
vn -0.981463432 0.191649556 4.95089182e-07
vn -0.981463432 0.191649556 4.95089182e-07
vn -0.981463432 0.191649556 4.95089182e-07
vn 0.191649303 0.981463492 -2.60825828e-07
vn 0.191649303 0.981463492 -2.60825828e-07
vn 0.191649303 0.981463492 -2.60825828e-07
vn 0.191649303 0.981463492 -2.60825828e-07
vn 2.15342084e-07 -2.8416477e-07 -1
vn 2.15342084e-07 -2.8416477e-07 -1
vn 2.15342084e-07 -2.8416477e-07 -1
vn 2.15342084e-07 -2.8416477e-07 -1
vn -2.46105259e-07 2.84164912e-07 1
vn -2.46105259e-07 2.84164912e-07 1
vn -2.46105259e-07 2.84164912e-07 1
vn -2.46105259e-07 2.84164912e-07 1
vn 0.981463492 -0.191649377 -3.09709719e-07
vn 0.981463492 -0.191649377 -3.09709719e-07
vn 0.981463492 -0.191649377 -3.09709719e-07
vn 0.981463492 -0.191649377 -3.09709719e-07
vn -0.191649631 -0.981463432 1.85339161e-07
vn -0.191649631 -0.981463432 1.85339161e-07
vn -0.191649631 -0.981463432 1.85339161e-07
vn -0.191649631 -0.981463432 1.85339161e-07
vn -0.981463313 0.191649884 1.35567234e-07
vn -0.981463313 0.191649884 1.35567234e-07
vn -0.981463313 0.191649884 1.35567234e-07
vn -0.981463313 0.191649884 1.35567234e-07
vn 0.191649228 0.981463492 -3.60190398e-07
vn 0.191649228 0.981463492 -3.60190398e-07
vn 0.191649228 0.981463492 -3.60190398e-07
vn 0.191649228 0.981463492 -3.60190398e-07
vn 1.84579008e-07 -2.84164855e-07 -0.99999994
vn 1.84579008e-07 -2.84164855e-07 -0.99999994
vn 1.84579008e-07 -2.84164855e-07 -0.99999994
vn 1.84579008e-07 -2.84164855e-07 -0.99999994
vn -1.84578923e-07 1.04381229e-06 1
vn -1.84578923e-07 1.04381229e-06 1
vn -1.84578923e-07 1.04381229e-06 1
vn -1.84578923e-07 1.04381229e-06 1
vn 0.294070929 -0.955783546 -4.92210802e-07
vn 0.294070929 -0.955783546 -4.92210802e-07
vn 0.294070929 -0.955783546 -4.92210802e-07
vn 0.294070929 -0.955783546 -4.92210802e-07
vn -0.955783606 -0.294070959 3.90246896e-07
vn -0.955783606 -0.294070959 3.90246896e-07
vn -0.955783606 -0.294070959 3.90246896e-07
vn -0.955783606 -0.294070959 3.90246896e-07
vn -0.294071376 0.955783427 7.38315521e-07
vn -0.294071376 0.955783427 7.38315521e-07
vn -0.294071376 0.955783427 7.38315521e-07
vn -0.294071376 0.955783427 7.38315521e-07
vn 0.955783844 0.294070303 2.46105344e-07
vn 0.955783844 0.294070303 2.46105344e-07
vn 0.955783844 0.294070303 2.46105344e-07
vn 0.955783844 0.294070303 2.46105344e-07
vn -9.22894188e-08 6.67978961e-09 -0.99999994
vn -9.22894188e-08 6.67978961e-09 -0.99999994
vn -9.22894188e-08 6.67978961e-09 -0.99999994
vn -9.22894188e-08 6.67978961e-09 -0.99999994
vn 6.15263573e-08 7.56885115e-08 1
vn 6.15263573e-08 7.56885115e-08 1
vn 6.15263573e-08 7.56885115e-08 1
vn 6.15263573e-08 7.56885115e-08 1
vn 0.999864221 -0.0164791662 0
vn 0.999864221 -0.0164791662 0
vn 0.999864221 -0.0164791662 0
vn 0.999864221 -0.0164791662 0
vn 0 0 1
vn 0 0 1
vn 0 0 1
vn 0 0 1
vn 0 0 -1
vn 0 0 -1
vn 0 0 -1
vn 0 0 -1
vn -0.0164791066 -0.999863863 -0.000849845354
vn -0.0164791066 -0.999863863 -0.000849845354
vn -0.0164791066 -0.999863863 -0.000849845354
vn -0.0164791066 -0.999863863 -0.000849845354
vn -0.790874541 -0.611718953 -0.0178164672
vn -0.790894508 -0.611914814 -0.00679245964
vn -0.790874541 -0.611718953 -0.0178164672
vn -0.79098165 -0.611802161 -0.00679152925
vn -0.826173246 0.563134372 -0.0178165399
vn -0.826285422 0.563211203 -0.00674366858
vn -0.826173246 0.563134372 -0.0178165399
vn -0.826366305 0.56309253 -0.00674459524
vn 0.280270785 0.95975554 -0.0178160258
vn 0.280308634 0.959886074 -0.00674314238
vn 0.280270785 0.95975554 -0.0178160258
vn 0.280171305 0.959926188 -0.00674409233
vn 0.999390244 0.0300277192 -0.0178162511
vn 0.999521554 0.0301744267 -0.00679223519
vn 0.999390244 0.0300277192 -0.0178162511
vn 0.999525845 0.030032061 -0.00679132156
vn 0.337387413 -0.941197276 -0.017816769
vn 0.337567538 -0.941276789 -0.0067927558
vn 0.337387413 -0.941197276 -0.017816769
vn 0.337432951 -0.941325009 -0.00679183658
vn 0.33739996 -0.941337049 -0.00676835887
vn 0.33743763 -0.941337824 0.00435321871
vn 0.337433457 -0.941325068 -0.00676842034
vn 0.33743763 -0.941337824 0.00435321871
vn 0.999527156 0.0299967006 -0.00676841568
vn 0.999539554 0.0300322641 0.00435315911
vn 0.999526083 0.0300317295 -0.00676848181
vn 0.999539554 0.0300322641 0.00435315911
vn 0.280342519 0.95987612 -0.00676861499
vn 0.280312538 0.959898889 0.00435297471
vn 0.280308872 0.959885955 -0.00676865131
vn 0.280312538 0.959898889 0.00435297471
vn -0.826265037 0.563240826 -0.00676854048
vn -0.826295972 0.563219368 0.00435304269
vn -0.826285362 0.563211024 -0.00676858891
vn -0.826295972 0.563219368 0.00435304269
vn -0.791002929 -0.611774981 -0.00676855445
vn -0.790992022 -0.611811042 0.00435302407
vn -0.790981114 -0.611803114 -0.00676861312
vn -0.790992022 -0.611811042 0.00435302407
vn 0.01647898 0.999864221 1.01426842e-07
vn 0.01647898 0.999864221 1.01426842e-07
vn 0.01647898 0.999864221 1.01426842e-07
vn 0.01647898 0.999864221 1.01426842e-07
vn 0.0164792538 0.999864221 -5.50183472e-07
vn 0.0164792538 0.999864221 -5.50183472e-07
vn 0.0164792538 0.999864221 -5.50183472e-07
vn 0.0164792538 0.999864221 -5.50183472e-07
vn -0.279211104 0.960229754 -1.13352732e-08
vn -0.279211104 0.960229754 -1.13352732e-08
vn -0.279211104 0.960229754 -1.13352732e-08
vn -0.279211104 0.960229754 -1.13352732e-08
vn 0.577468097 0.816413224 3.83496008e-08
vn 0.577468097 0.816413224 3.83496008e-08
vn 0.577468097 0.816413224 3.83496008e-08
vn 0.577468097 0.816413224 3.83496008e-08
vn 0.995768607 -0.0918957815 5.21451149e-08
vn 0.995768607 -0.0918957815 5.21451149e-08
vn 0.995768607 -0.0918957815 5.21451149e-08
vn 0.995768607 -0.0918957815 5.21451149e-08
vn 0.418302208 -0.90830791 2.42678553e-08
vn 0.418302208 -0.90830791 2.42678553e-08
vn 0.418302208 -0.90830791 2.42678553e-08
vn 0.418302208 -0.90830791 2.42678553e-08
vn -1.3880715e-06 0 1
vn -1.3880715e-06 0 1
vn -1.3880715e-06 0 1
vn -4.09026416e-06 4.2243397e-07 1
vn -4.09026416e-06 4.2243397e-07 1
vn -4.09026416e-06 4.2243397e-07 1
vn 0 -7.40336873e-07 1
vn 0 -7.40336873e-07 1
vn 0 -7.40336873e-07 1
vn 1.92397965e-06 4.68458529e-06 0.99999994
vn 1.92397965e-06 4.68458529e-06 0.99999994
vn 1.92397965e-06 4.68458529e-06 0.99999994
vn -0.310489595 -0.950576782 -1.0956942e-07
vn -0.310489595 -0.950576782 -1.0956942e-07
vn -0.310489595 -0.950576782 -1.0956942e-07
vn -0.310489595 -0.950576782 -1.0956942e-07
vn -0.996645391 0.0818412751 -4.91824856e-08
vn -0.996645391 0.0818412751 -4.91824856e-08
vn -0.996645391 0.0818412751 -4.91824856e-08
vn -0.996645391 0.0818412751 -4.91824856e-08
vn -0.999864221 0.0164791439 -4.59553551e-09
vn -0.999864221 0.0164791439 -4.59553551e-09
vn -0.999864221 0.0164791439 -4.59553551e-09
vn -0.999864221 0.0164791439 -4.59553551e-09
vn -0.999864221 0.0164793599 3.46976179e-07
vn -0.999864221 0.0164793599 3.46976179e-07
vn -0.999864221 0.0164793599 3.46976179e-07
vn -0.999864221 0.0164793599 3.46976179e-07
vn -0.0164789651 -0.999864221 0
vn -0.0164789651 -0.999864221 0
vn -0.0164789651 -0.999864221 0
vn -0.0164789651 -0.999864221 0
vn -0.01647925 -0.99986428 0
vn -0.01647925 -0.99986428 0
vn -0.01647925 -0.99986428 0
vn -0.01647925 -0.99986428 0
vn 0.016479183 0.999864221 -3.32042553e-08
vn 0.016479183 0.999864221 -3.32042518e-08
vn 0.0164791178 0.999864221 0
vn 0.0164791178 0.999864221 0
vn 0.0164792519 0.999864221 -6.64085107e-08
vn 0.0164792519 0.999864221 -6.64085107e-08
vn -0.999864101 0.0164789483 -1.31648312e-06
vn -0.999864101 0.0164789483 -1.31648312e-06
vn -0.999864101 0.0164789483 -1.31648312e-06
vn -0.999864221 0.0164790247 4.2100595e-08
vn -0.999864221 0.0164790247 4.2100595e-08
vn -0.999864221 0.0164790247 4.2100595e-08
vn -0.999864221 0.0164790247 4.2100595e-08
vn -0.999864161 0.0164791234 3.03055181e-08
vn -0.999864161 0.0164791234 3.03055181e-08
vn -0.999864161 0.0164791234 3.03055181e-08
vn -0.999864161 0.0164791234 3.03055181e-08
vn -0.999864221 0.0164793506 4.17246966e-08
vn -0.999864221 0.0164793506 4.17246966e-08
vn -0.999864221 0.0164793506 4.17246966e-08
vn -0.999864221 0.0164793506 4.17246966e-08
vn -0.999864221 0.0164788663 8.49917043e-08
vn -0.999864221 0.0164788663 8.49917043e-08
vn -0.999864221 0.0164788663 8.49917043e-08
vn -0.999864161 0.0164788645 -3.01678083e-09
vn -0.999864161 0.0164788645 -3.01678083e-09
vn -0.999864161 0.0164788645 -3.01678083e-09
f 1/1/1 2/2/2 3/3/3
f 2/2/2 1/1/1 4/4/4
f 5/5/5 6/6/6 7/7/7
f 6/6/6 5/5/5 8/8/8
f 9/9/9 10/10/10 11/11/11
f 10/10/10 9/9/9 12/12/12
f 13/13/13 14/14/14 15/15/15
f 16/16/16 17/17/17 18/18/18
f 17/17/17 16/16/16 19/19/19
f 20/20/20 21/21/21 22/22/22
f 21/21/21 20/20/20 23/23/23
f 24/24/24 25/25/25 26/26/26
f 25/25/25 24/24/24 27/27/27
f 28/28/28 29/29/29 30/30/30
f 29/29/29 28/28/28 31/31/31
f 32/32/32 33/33/33 34/34/34
f 33/33/33 32/32/32 35/35/35
f 36/36/36 37/37/37 38/38/38
f 37/37/37 36/36/36 39/39/39
f 40/40/40 41/41/41 42/42/42
f 43/43/43 44/44/44 45/45/45
f 44/44/44 43/43/43 46/46/46
f 47/47/47 48/48/48 49/49/49
f 48/48/48 47/47/47 50/50/50
f 51/51/51 41/41/41 52/52/52
f 41/41/41 51/51/51 42/42/42
f 53/53/53 54/54/54 55/55/55
f 53/53/53 55/55/55 56/56/56
f 57/57/57 58/58/58 59/59/59
f 58/58/58 57/57/57 60/60/60
f 61/61/61 62/62/62 63/63/63
f 62/62/62 61/61/61 64/64/64
f 65/65/65 66/66/66 67/67/67
f 66/66/66 65/65/65 68/68/68
f 69/69/69 70/70/70 71/71/71
f 71/71/71 70/70/70 72/72/72
f 73/73/73 74/74/74 75/75/75
f 74/74/74 73/73/73 76/76/76
f 77/77/77 78/78/78 79/79/79
f 78/78/78 77/77/77 80/80/80
f 81/81/81 82/82/82 83/83/83
f 83/83/83 82/82/82 84/84/84
f 85/85/85 86/86/86 87/87/87
f 86/86/86 85/85/85 88/88/88
f 89/89/89 90/90/90 91/91/91
f 89/89/89 91/91/91 92/92/92
f 93/93/93 94/94/94 95/95/95
f 94/94/94 93/93/93 96/96/96
f 97/97/97 98/98/98 99/99/99
f 98/98/98 97/97/97 100/100/100
f 101/101/101 102/102/102 103/103/103
f 102/102/102 101/101/101 104/104/104
f 105/105/105 106/106/106 107/107/107
f 106/106/106 105/105/105 108/108/108
f 109/109/109 110/110/110 111/111/111
f 109/109/109 111/111/111 112/112/112
f 113/113/113 114/114/114 115/115/115
f 114/114/114 113/113/113 116/116/116
f 117/117/117 118/118/118 119/119/119
f 118/118/118 117/117/117 120/120/120
f 121/121/121 122/122/122 123/123/123
f 122/122/122 121/121/121 124/124/124
f 125/125/125 126/126/126 127/127/127
f 126/126/126 125/125/125 128/128/128
f 129/129/129 130/130/130 131/131/131
f 130/130/130 129/129/129 132/132/132
f 133/133/133 134/134/134 135/135/135
f 133/133/133 135/135/135 136/136/136
f 137/137/137 138/138/138 139/139/139
f 139/139/139 140/140/140 137/137/137
f 141/141/141 142/142/142 143/143/143
f 142/142/142 141/141/141 144/144/144
f 145/145/145 146/146/146 147/147/147
f 146/146/146 145/145/145 148/148/148
f 149/149/149 150/150/150 151/151/151
f 150/150/150 149/149/149 152/152/152
f 153/153/153 154/154/154 155/155/155
f 154/154/154 153/153/153 156/156/156
f 157/157/157 158/158/158 159/159/159
f 159/159/159 160/160/160 157/157/157
f 161/161/161 162/162/162 163/163/163
f 161/161/161 163/163/163 164/164/164
f 165/165/165 166/166/166 167/167/167
f 166/166/166 165/165/165 168/168/168
f 169/169/169 170/170/170 171/171/171
f 170/170/170 169/169/169 172/172/172
f 173/173/173 174/174/174 175/175/175
f 174/174/174 173/173/173 176/176/176
f 177/177/177 178/178/178 179/179/179
f 178/178/178 177/177/177 180/180/180
f 181/181/181 182/182/182 183/183/183
f 182/182/182 181/181/181 184/184/184
f 185/185/185 186/186/186 187/187/187
f 185/185/185 187/187/187 188/188/188
f 189/189/189 190/190/190 191/191/191
f 190/190/190 189/189/189 192/192/192
f 193/193/193 194/194/194 195/195/195
f 194/194/194 193/193/193 196/196/196
f 197/197/197 198/198/198 199/199/199
f 198/198/198 197/197/197 200/200/200
f 201/201/201 202/202/202 203/203/203
f 202/202/202 201/201/201 204/204/204
f 205/205/205 206/206/206 207/207/207
f 205/205/205 207/207/207 208/208/208
f 209/209/209 210/210/210 211/211/211
f 210/210/210 209/209/209 212/212/212
f 213/213/213 214/214/214 215/215/215
f 214/214/214 213/213/213 216/216/216
f 217/217/217 218/218/218 219/219/219
f 217/217/217 219/219/219 220/220/220
f 221/221/221 222/222/222 223/223/223
f 221/221/221 223/223/223 224/224/224
f 225/225/225 226/226/226 227/227/227
f 226/226/226 225/225/225 228/228/228
f 229/229/229 230/230/230 231/231/231
f 229/229/229 231/231/231 232/232/232
f 233/233/233 234/234/234 235/235/235
f 235/235/235 236/236/236 233/233/233
f 237/237/237 238/238/238 239/239/239
f 238/238/238 237/237/237 240/240/240
f 241/241/241 242/242/242 243/243/243
f 242/242/242 241/241/241 244/244/244
f 245/245/245 246/246/246 247/247/247
f 246/246/246 245/245/245 248/248/248
f 249/249/249 250/250/250 251/251/251
f 250/250/250 249/249/249 252/252/252
f 253/253/253 254/254/254 255/255/255
f 255/255/255 256/256/256 253/253/253
f 257/257/257 258/258/258 259/259/259
f 257/257/257 259/259/259 260/260/260
f 261/261/261 262/262/262 263/263/263
f 262/262/262 261/261/261 264/264/264
f 265/265/265 266/266/266 267/267/267
f 266/266/266 265/265/265 268/268/268
f 269/269/269 270/270/270 271/271/271
f 270/270/270 269/269/269 272/272/272
f 273/273/273 274/274/274 275/275/275
f 274/274/274 273/273/273 276/276/276
f 277/277/277 278/278/278 279/279/279
f 280/280/280 281/281/281 282/282/282
f 282/282/282 281/281/281 283/283/283
f 284/284/284 285/285/285 286/286/286
f 285/285/285 284/284/284 287/287/287
f 288/288/288 289/289/289 290/290/290
f 290/290/290 289/289/289 291/291/291
f 292/292/292 293/293/293 294/294/294
f 295/295/295 294/294/294 293/293/293
f 296/296/296 297/297/297 298/298/298
f 298/298/298 299/299/299 296/296/296
f 300/300/300 301/301/301 302/302/302
f 301/301/301 303/303/303 302/302/302
f 304/304/304 305/305/305 306/306/306
f 305/305/305 304/304/304 307/307/307
f 308/308/308 309/309/309 310/310/310
f 311/311/311 310/310/310 309/309/309
f 312/312/312 313/313/313 314/314/314
f 313/313/313 312/312/312 315/315/315
f 316/316/316 317/317/317 318/318/318
f 317/317/317 316/316/316 319/319/319
f 320/320/320 321/321/321 322/322/322
f 323/323/323 322/322/322 321/321/321
f 324/324/324 325/325/325 326/326/326
f 325/325/325 324/324/324 327/327/327
f 328/328/328 329/329/329 330/330/330
f 329/329/329 328/328/328 331/331/331
f 332/332/332 333/333/333 334/334/334
f 333/333/333 335/335/335 334/334/334
f 336/336/336 337/337/337 338/338/338
f 337/337/337 339/339/339 338/338/338
f 340/340/340 341/341/341 342/342/342
f 341/341/341 340/340/340 343/343/343
f 344/344/344 345/345/345 346/346/346
f 345/345/345 347/347/347 346/346/346
f 348/348/348 349/349/349 350/350/350
f 349/349/349 348/348/348 351/351/351
f 352/352/352 353/353/353 354/354/354
f 353/353/353 352/352/352 355/355/355
f 356/356/356 357/357/357 358/358/358
f 359/359/359 358/358/358 357/357/357
f 360/360/360 361/361/361 362/362/362
f 363/363/363 364/364/364 365/365/365
f 364/364/364 363/363/363 366/366/366
f 367/367/367 368/368/368 369/369/369
f 368/368/368 367/367/367 370/370/370
f 371/371/371 372/372/372 373/373/373
f 372/372/372 371/371/371 374/374/374
f 375/375/375 376/376/376 377/377/377
f 378/378/378 379/379/379 380/380/380
f 381/381/381 382/382/382 383/383/383
f 382/382/382 381/381/381 384/384/384
f 385/385/385 386/386/386 387/387/387
f 386/386/386 385/385/385 388/388/388
f 389/389/389 390/390/390 391/391/391
f 390/390/390 389/389/389 392/392/392
f 393/393/393 394/394/394 395/395/395
f 394/394/394 393/393/393 396/396/396
f 397/397/397 398/398/398 399/399/399
f 398/398/398 397/397/397 400/400/400
f 401/401/401 402/402/402 403/403/403
f 402/402/402 401/401/401 404/404/404
f 405/405/405 406/406/406 407/407/407
f 407/407/407 406/406/406 408/408/408
f 409/409/409 410/410/410 411/411/411
f 410/410/410 409/409/409 412/412/412
f 413/413/413 414/414/414 415/415/415
f 414/414/414 413/413/413 416/416/416
f 417/417/417 418/418/418 419/419/419
f 418/418/418 417/417/417 420/420/420
f 421/421/421 422/422/422 423/423/423
f 422/422/422 421/421/421 424/424/424
f 425/425/425 426/426/426 427/427/427
f 427/427/427 426/426/426 428/428/428
f 429/429/429 430/430/430 431/431/431
f 430/430/430 429/429/429 432/432/432
f 433/433/433 434/434/434 435/435/435
f 434/434/434 433/433/433 436/436/436
f 437/437/437 438/438/438 439/439/439
f 438/438/438 437/437/437 440/440/440
f 441/441/441 442/442/442 443/443/443
f 442/442/442 441/441/441 444/444/444
f 445/445/445 446/446/446 447/447/447
f 447/447/447 446/446/446 448/448/448
f 449/449/449 450/450/450 451/451/451
f 450/450/450 449/449/449 452/452/452
f 453/453/453 454/454/454 455/455/455
f 454/454/454 453/453/453 456/456/456
f 457/457/457 458/458/458 459/459/459
f 458/458/458 457/457/457 460/460/460
f 461/461/461 462/462/462 463/463/463
f 462/462/462 461/461/461 464/464/464
f 465/465/465 466/466/466 467/467/467
f 468/468/468 469/469/469 470/470/470
f 471/471/471 472/472/472 473/473/473
f 474/474/474 475/475/475 476/476/476
f 477/477/477 478/478/478 479/479/479
f 479/479/479 478/478/478 480/480/480
f 481/481/481 482/482/482 483/483/483
f 481/481/481 483/483/483 484/484/484
f 485/485/485 486/486/486 487/487/487
f 488/488/488 489/489/489 490/490/490
f 491/491/491 492/492/492 493/493/493
f 494/494/494 495/495/495 496/496/496
f 497/497/497 498/498/498 499/499/499
f 498/498/498 497/497/497 500/500/500
f 501/501/501 502/502/502 503/503/503
f 502/502/502 501/501/501 504/504/504
f 505/505/505 506/506/506 507/507/507
f 506/506/506 505/505/505 508/508/508
f 509/509/509 510/510/510 511/511/511
f 510/510/510 509/509/509 512/512/512
f 513/513/513 514/514/514 515/515/515
f 516/516/516 517/517/517 518/518/518
f 519/519/519 520/520/520 521/521/521
f 522/522/522 523/523/523 524/524/524
f 525/525/525 526/526/526 527/527/527
f 526/526/526 525/525/525 528/528/528
f 529/529/529 530/530/530 531/531/531
f 530/530/530 529/529/529 532/532/532
f 533/533/533 534/534/534 535/535/535
f 535/535/535 536/536/536 533/533/533
f 537/537/537 538/538/538 539/539/539
f 538/538/538 537/537/537 540/540/540
f 541/541/541 542/542/542 543/543/543
f 542/542/542 541/541/541 544/544/544
f 545/545/545 546/546/546 547/547/547
f 546/546/546 545/545/545 548/548/548
f 549/549/549 550/550/550 551/551/551
f 552/552/552 553/553/553 554/554/554
f 555/555/555 556/556/556 557/557/557
f 558/558/558 559/559/559 560/560/560
f 561/561/561 562/562/562 563/563/563
f 561/561/561 563/563/563 564/564/564
f 565/565/565 566/566/566 567/567/567
f 566/566/566 565/565/565 568/568/568
f 569/569/569 570/570/570 571/571/571
f 571/571/571 572/572/572 569/569/569
f 573/573/573 574/574/574 575/575/575
f 574/574/574 573/573/573 576/576/576
f 577/577/577 578/578/578 579/579/579
f 578/578/578 577/577/577 580/580/580
f 581/581/581 582/582/582 583/583/583
f 582/582/582 581/581/581 584/584/584
f 585/585/585 586/586/586 587/587/587
f 588/588/588 589/589/589 590/590/590
f 591/591/591 592/592/592 593/593/593
f 594/594/594 595/595/595 596/596/596
f 597/597/597 598/598/598 599/599/599
f 597/597/597 599/599/599 600/600/600
f 601/601/601 602/602/602 603/603/603
f 602/602/602 601/601/601 604/604/604
f 605/605/605 606/606/606 607/607/607
f 606/606/606 605/605/605 608/608/608
f 609/609/609 610/610/610 611/611/611
f 609/609/609 611/611/611 612/612/612
f 613/613/613 614/614/614 615/615/615
f 614/614/614 613/613/613 616/616/616
f 617/617/617 618/618/618 619/619/619
f 619/619/619 618/618/618 620/620/620
f 621/621/621 622/622/622 623/623/623
f 622/622/622 621/621/621 624/624/624
f 625/625/625 626/626/626 627/627/627
f 626/626/626 625/625/625 628/628/628
f 629/629/629 630/630/630 631/631/631
f 629/629/629 631/631/631 632/632/632
f 633/633/633 634/634/634 635/635/635
f 634/634/634 633/633/633 636/636/636
f 637/637/637 638/638/638 639/639/639
f 639/639/639 638/638/638 640/640/640
f 641/641/641 642/642/642 643/643/643
f 642/642/642 641/641/641 644/644/644
f 645/645/645 646/646/646 647/647/647
f 646/646/646 645/645/645 648/648/648
f 649/649/649 650/650/650 651/651/651
f 649/649/649 651/651/651 652/652/652
f 653/653/653 654/654/654 655/655/655
f 654/654/654 653/653/653 656/656/656
f 657/657/657 658/658/658 659/659/659
f 658/658/658 657/657/657 660/660/660
f 661/661/661 662/662/662 663/663/663
f 662/662/662 661/661/661 664/664/664
f 665/665/665 666/666/666 667/667/667
f 666/666/666 665/665/665 668/668/668
f 669/669/669 670/670/670 671/671/671
f 670/670/670 669/669/669 672/672/672
f 673/673/673 674/674/674 675/675/675
f 674/674/674 673/673/673 676/676/676
f 677/677/677 678/678/678 679/679/679
f 678/678/678 677/677/677 680/680/680
f 681/681/681 682/682/682 683/683/683
f 684/684/684 685/685/685 686/686/686
f 687/687/687 688/688/688 689/689/689
f 690/690/690 691/691/691 692/692/692
f 693/693/693 694/694/694 695/695/695
f 694/694/694 693/693/693 696/696/696
f 697/697/697 698/698/698 699/699/699
f 698/698/698 697/697/697 700/700/700
f 701/701/701 702/702/702 703/703/703
f 702/702/702 701/701/701 704/704/704
f 705/705/705 706/706/706 707/707/707
f 706/706/706 705/705/705 708/708/708
f 709/709/709 710/710/710 711/711/711
f 710/710/710 709/709/709 712/712/712
f 713/713/713 714/714/714 715/715/715
f 714/714/714 713/713/713 716/716/716
f 717/717/717 718/718/718 719/719/719
f 720/720/720 721/721/721 722/722/722
f 723/723/723 724/724/724 725/725/725
f 721/721/721 726/726/726 727/727/727
f 728/728/728 729/729/729 730/730/730
f 729/729/729 728/728/728 731/731/731
f 732/732/732 733/733/733 734/734/734
f 733/733/733 732/732/732 735/735/735
f 736/736/736 737/737/737 738/738/738
f 737/737/737 736/736/736 739/739/739
f 740/740/740 741/741/741 742/742/742
f 740/740/740 742/742/742 743/743/743
f 744/744/744 745/745/745 746/746/746
f 745/745/745 744/744/744 747/747/747
f 748/748/748 749/749/749 750/750/750
f 750/750/750 749/749/749 751/751/751
f 752/752/752 753/753/753 754/754/754
f 754/754/754 755/755/755 752/752/752
f 756/756/756 757/757/757 758/758/758
f 758/758/758 757/757/757 759/759/759
f 760/760/760 761/761/761 762/762/762
f 760/760/760 762/762/762 763/763/763
f 764/764/764 765/765/765 766/766/766
f 765/765/765 764/764/764 767/767/767
f 768/768/768 769/769/769 770/770/770
f 770/770/770 771/771/771 768/768/768
f 772/772/772 773/773/773 774/774/774
f 774/774/774 775/775/775 772/772/772
f 776/776/776 777/777/777 778/778/778
f 777/777/777 776/776/776 779/779/779
f 780/780/780 781/781/781 782/782/782
f 780/780/780 782/782/782 783/783/783
f 784/784/784 785/785/785 786/786/786
f 785/785/785 784/784/784 787/787/787
f 788/788/788 789/789/789 790/790/790
f 790/790/790 791/791/791 788/788/788
f 792/792/792 793/793/793 794/794/794
f 793/793/793 792/792/792 795/795/795
f 796/796/796 797/797/797 798/798/798
f 797/797/797 796/796/796 799/799/799
f 800/800/800 801/801/801 802/802/802
f 800/800/800 802/802/802 803/803/803
f 804/804/804 805/805/805 806/806/806
f 805/805/805 804/804/804 807/807/807
f 808/808/808 809/809/809 810/810/810
f 810/810/810 811/811/811 808/808/808
f 812/812/812 813/813/813 814/814/814
f 813/813/813 815/815/815 814/814/814
f 816/816/816 817/817/817 818/818/818
f 817/817/817 816/816/816 819/819/819
f 820/820/820 821/821/821 822/822/822
f 821/821/821 820/820/820 823/823/823
f 824/824/824 825/825/825 826/826/826
f 825/825/825 824/824/824 827/827/827
f 828/828/828 829/829/829 830/830/830
f 829/829/829 828/828/828 831/831/831
f 832/832/832 833/833/833 834/834/834
f 833/833/833 832/832/832 835/835/835
f 836/836/836 837/837/837 838/838/838
f 837/837/837 836/836/836 839/839/839
f 840/840/840 841/841/841 842/842/842
f 841/841/841 840/840/840 843/843/843
f 844/844/844 845/845/845 846/846/846
f 845/845/845 844/844/844 847/847/847
f 848/848/848 849/849/849 850/850/850
f 851/851/851 850/850/850 849/849/849
f 852/852/852 853/853/853 854/854/854
f 853/853/853 852/852/852 855/855/855
f 856/856/856 857/857/857 858/858/858
f 857/857/857 856/856/856 859/859/859
f 860/860/860 861/861/861 862/862/862
f 860/860/860 862/862/862 863/863/863
f 864/864/864 865/865/865 866/866/866
f 866/866/866 867/867/867 864/864/864
f 868/868/868 869/869/869 870/870/870
f 870/870/870 869/869/869 871/871/871
f 872/872/872 873/873/873 874/874/874
f 873/873/873 872/872/872 875/875/875
f 876/876/876 877/877/877 878/878/878
f 877/877/877 876/876/876 879/879/879
f 880/880/880 881/881/881 882/882/882
f 880/880/880 882/882/882 883/883/883
f 884/884/884 885/885/885 886/886/886
f 885/885/885 884/884/884 887/887/887
f 888/888/888 889/889/889 890/890/890
f 890/890/890 891/891/891 888/888/888
f 892/892/892 893/893/893 894/894/894
f 893/893/893 892/892/892 895/895/895
f 896/896/896 897/897/897 898/898/898
f 898/898/898 899/899/899 896/896/896
f 900/900/900 901/901/901 902/902/902
f 901/901/901 900/900/900 903/903/903
f 904/904/904 905/905/905 906/906/906
f 904/904/904 906/906/906 907/907/907
f 908/908/908 909/909/909 910/910/910
f 909/909/909 908/908/908 911/911/911
f 912/912/912 913/913/913 914/914/914
f 914/914/914 915/915/915 912/912/912
f 916/916/916 917/917/917 918/918/918
f 917/917/917 916/916/916 919/919/919
f 920/920/920 921/921/921 922/922/922
f 922/922/922 921/921/921 923/923/923
f 924/924/924 925/925/925 926/926/926
f 924/924/924 926/926/926 927/927/927
f 928/928/928 929/929/929 930/930/930
f 929/929/929 928/928/928 931/931/931
f 932/932/932 933/933/933 934/934/934
f 933/933/933 932/932/932 935/935/935
f 936/936/936 937/937/937 938/938/938
f 937/937/937 936/936/936 939/939/939
f 940/940/940 941/941/941 942/942/942
f 941/941/941 940/940/940 943/943/943
f 944/944/944 945/945/945 946/946/946
f 945/945/945 947/947/947 946/946/946
f 948/948/948 949/949/949 950/950/950
f 949/949/949 948/948/948 951/951/951
f 952/952/952 953/953/953 954/954/954
f 953/953/953 952/952/952 955/955/955
f 956/956/956 957/957/957 958/958/958
f 959/959/959 958/958/958 957/957/957
f 960/960/960 961/961/961 962/962/962
f 961/961/961 960/960/960 963/963/963
f 964/964/964 965/965/965 966/966/966
f 967/967/967 968/968/968 969/969/969
f 968/968/968 967/967/967 970/970/970
f 971/971/971 972/972/972 973/973/973
f 974/974/974 975/975/975 976/976/976
f 977/977/977 978/978/978 979/979/979
f 980/980/980 981/981/981 982/982/982
f 981/981/981 980/980/980 983/983/983
f 984/984/984 985/985/985 986/986/986
f 987/987/987 985/985/985 984/984/984
f 988/988/988 989/989/989 990/990/990
f 991/991/991 992/992/992 993/993/993
f 994/994/994 995/995/995 996/996/996
f 995/995/995 994/994/994 997/997/997
f 998/998/998 999/999/999 1000/1000/1000
f 998/998/998 1000/1000/1000 1001/1001/1001
f 1002/1002/1002 1003/1003/1003 1004/1004/1004
f 1003/1003/1003 1002/1002/1002 1005/1005/1005
f 1006/1006/1006 1007/1007/1007 1008/1008/1008
f 1007/1007/1007 1006/1006/1006 1009/1009/1009
f 1010/1010/1010 1011/1011/1011 1012/1012/1012
f 1013/1013/1013 1014/1014/1014 1015/1015/1015
f 1016/1016/1016 1017/1017/1017 1018/1018/1018
f 1019/1019/1019 1020/1020/1020 1021/1021/1021
f 1022/1022/1022 1023/1023/1023 1024/1024/1024
f 1024/1024/1024 1023/1023/1023 1025/1025/1025
f 1026/1026/1026 1027/1027/1027 1028/1028/1028
f 1027/1027/1027 1026/1026/1026 1029/1029/1029
f 1030/1030/1030 1031/1031/1031 1032/1032/1032
f 1030/1030/1030 1032/1032/1032 1033/1033/1033
f 1034/1034/1034 1035/1035/1035 1036/1036/1036
f 1035/1035/1035 1034/1034/1034 1037/1037/1037
f 1038/1038/1038 1039/1039/1039 1040/1040/1040
f 1039/1039/1039 1038/1038/1038 1041/1041/1041
f 1042/1042/1042 1043/1043/1043 1044/1044/1044
f 1043/1043/1043 1042/1042/1042 1045/1045/1045
f 1046/1046/1046 1047/1047/1047 1048/1048/1048
f 1047/1047/1047 1046/1046/1046 1049/1049/1049
f 1050/1050/1050 1051/1051/1051 1052/1052/1052
f 1052/1052/1052 1053/1053/1053 1050/1050/1050
f 1054/1054/1054 1055/1055/1055 1056/1056/1056
f 1056/1056/1056 1057/1057/1057 1054/1054/1054
f 1058/1058/1058 1059/1059/1059 1060/1060/1060
f 1059/1059/1059 1058/1058/1058 1061/1061/1061
f 1062/1062/1062 1063/1063/1063 1064/1064/1064
f 1063/1063/1063 1062/1062/1062 1065/1065/1065
f 1066/1066/1066 1067/1067/1067 1068/1068/1068
f 1067/1067/1067 1066/1066/1066 1069/1069/1069
f 1070/1070/1070 1071/1071/1071 1072/1072/1072
f 1072/1072/1072 1071/1071/1071 1073/1073/1073
f 1074/1074/1074 1075/1075/1075 1076/1076/1076
f 1074/1074/1074 1076/1076/1076 1077/1077/1077
f 1078/1078/1078 1079/1079/1079 1080/1080/1080
f 1079/1079/1079 1078/1078/1078 1081/1081/1081
f 1082/1082/1082 1083/1083/1083 1084/1084/1084
f 1085/1085/1085 1086/1086/1086 1087/1087/1087
f 1086/1086/1086 1085/1085/1085 1088/1088/1088
f 1089/1089/1089 1090/1090/1090 1091/1091/1091
f 1091/1091/1091 1092/1092/1092 1089/1089/1089
f 1093/1093/1093 1094/1094/1094 1095/1095/1095
f 1094/1094/1094 1093/1093/1093 1096/1096/1096
f 1097/1097/1097 1098/1098/1098 1099/1099/1099
f 1100/1100/1100 1101/1101/1101 1102/1102/1102
f 1101/1101/1101 1100/1100/1100 1103/1103/1103
f 1104/1104/1104 1105/1105/1105 1106/1106/1106
f 1107/1107/1107 1108/1108/1108 1109/1109/1109
f 1108/1108/1108 1107/1107/1107 1110/1110/1110
f 1111/1111/1111 1112/1112/1112 1113/1113/1113
f 1112/1112/1112 1111/1111/1111 1114/1114/1114
f 1115/1115/1115 1116/1116/1116 1117/1117/1117
f 1116/1116/1116 1115/1115/1115 1118/1118/1118
f 1119/1119/1119 1120/1120/1120 1121/1121/1121
f 1119/1119/1119 1121/1121/1121 1122/1122/1122
f 1123/1123/1123 1124/1124/1124 1125/1125/1125
f 1126/1126/1126 1127/1127/1127 1128/1128/1128
f 1127/1127/1127 1126/1126/1126 1129/1129/1129
f 1130/1130/1130 1131/1131/1131 1132/1132/1132
f 1133/1133/1133 1134/1134/1134 1135/1135/1135
f 1135/1135/1135 1136/1136/1136 1133/1133/1133
f 1137/1137/1137 1138/1138/1138 1139/1139/1139
f 1137/1137/1137 1139/1139/1139 1140/1140/1140
f 1141/1141/1141 1142/1142/1142 1143/1143/1143
f 1141/1141/1141 1143/1143/1143 1144/1144/1144
f 1145/1145/1145 1146/1146/1146 1147/1147/1147
f 1146/1146/1146 1145/1145/1145 1148/1148/1148
f 1149/1149/1149 1150/1150/1150 1151/1151/1151
f 1150/1150/1150 1149/1149/1149 1152/1152/1152
f 1153/1153/1153 1154/1154/1154 1155/1155/1155
f 1154/1154/1154 1153/1153/1153 1156/1156/1156
f 1157/1157/1157 1158/1158/1158 1159/1159/1159
f 1158/1158/1158 1157/1157/1157 1160/1160/1160
f 1161/1161/1161 1162/1162/1162 1163/1163/1163
f 1162/1162/1162 1161/1161/1161 1164/1164/1164
f 1165/1165/1165 1166/1166/1166 1167/1167/1167
f 1165/1165/1165 1167/1167/1167 1168/1168/1168
f 1169/1169/1169 1170/1170/1170 1171/1171/1171
f 1170/1170/1170 1169/1169/1169 1172/1172/1172
f 1173/1173/1173 1174/1174/1174 1175/1175/1175
f 1174/1174/1174 1173/1173/1173 1176/1176/1176
f 1177/1177/1177 1178/1178/1178 1179/1179/1179
f 1179/1179/1179 1178/1178/1178 1180/1180/1180
f 1181/1181/1181 1182/1182/1182 1183/1183/1183
f 1183/1183/1183 1182/1182/1182 1184/1184/1184
f 1185/1185/1185 1186/1186/1186 1187/1187/1187
f 1186/1186/1186 1185/1185/1185 1188/1188/1188
f 1189/1189/1189 1190/1190/1190 1191/1191/1191
f 1190/1190/1190 1189/1189/1189 1192/1192/1192
f 1193/1193/1193 1194/1194/1194 1195/1195/1195
f 1195/1195/1195 1194/1194/1194 1196/1196/1196
f 1197/1197/1197 1198/1198/1198 1199/1199/1199
f 1199/1199/1199 1198/1198/1198 1200/1200/1200
f 1201/1201/1201 1202/1202/1202 1203/1203/1203
f 1202/1202/1202 1201/1201/1201 1204/1204/1204
f 1205/1205/1205 1206/1206/1206 1207/1207/1207
f 1206/1206/1206 1205/1205/1205 1208/1208/1208
f 1209/1209/1209 1210/1210/1210 1211/1211/1211
f 1211/1211/1211 1210/1210/1210 1212/1212/1212
f 1213/1213/1213 1214/1214/1214 1215/1215/1215
f 1214/1214/1214 1213/1213/1213 1216/1216/1216
f 1217/1217/1217 1218/1218/1218 1219/1219/1219
f 1218/1218/1218 1217/1217/1217 1220/1220/1220
f 1221/1221/1221 1222/1222/1222 1223/1223/1223
f 1222/1222/1222 1221/1221/1221 1224/1224/1224
f 1225/1225/1225 1226/1226/1226 1227/1227/1227
f 1226/1226/1226 1225/1225/1225 1228/1228/1228
f 1229/1229/1229 1230/1230/1230 1231/1231/1231
f 1230/1230/1230 1229/1229/1229 1232/1232/1232
f 1233/1233/1233 1234/1234/1234 1235/1235/1235
f 1234/1234/1234 1233/1233/1233 1236/1236/1236
f 1237/1237/1237 1238/1238/1238 1239/1239/1239
f 1238/1238/1238 1237/1237/1237 1240/1240/1240
f 1241/1241/1241 1242/1242/1242 1243/1243/1243
f 1242/1242/1242 1241/1241/1241 1244/1244/1244
f 1245/1245/1245 1246/1246/1246 1247/1247/1247
f 1246/1246/1246 1245/1245/1245 1248/1248/1248
f 1249/1249/1249 1250/1250/1250 1251/1251/1251
f 1250/1250/1250 1249/1249/1249 1252/1252/1252
f 1253/1253/1253 1254/1254/1254 1255/1255/1255
f 1255/1255/1255 1254/1254/1254 1256/1256/1256
f 1257/1257/1257 1258/1258/1258 1259/1259/1259
f 1259/1259/1259 1258/1258/1258 1260/1260/1260
f 1261/1261/1261 1262/1262/1262 1263/1263/1263
f 1263/1263/1263 1262/1262/1262 1264/1264/1264
f 1265/1265/1265 1266/1266/1266 1267/1267/1267
f 1266/1266/1266 1265/1265/1265 1268/1268/1268
f 1269/1269/1269 1270/1270/1270 1271/1271/1271
f 1270/1270/1270 1269/1269/1269 1272/1272/1272
f 1273/1273/1273 1274/1274/1274 1275/1275/1275
f 1274/1274/1274 1273/1273/1273 1276/1276/1276
f 1277/1277/1277 1278/1278/1278 1279/1279/1279
f 1278/1278/1278 1280/1280/1280 1279/1279/1279
f 1281/1281/1281 1282/1282/1282 1283/1283/1283
f 1281/1281/1281 1283/1283/1283 1284/1284/1284
f 1285/1285/1285 1286/1286/1286 1287/1287/1287
f 1286/1286/1286 1285/1285/1285 1288/1288/1288
f 1289/1289/1289 1290/1290/1290 1291/1291/1291
f 1291/1291/1291 1292/1292/1292 1289/1289/1289
f 1293/1293/1293 1294/1294/1294 1295/1295/1295
f 1294/1294/1294 1293/1293/1293 1296/1296/1296
f 1297/1297/1297 1298/1298/1298 1299/1299/1299
f 1298/1298/1298 1297/1297/1297 1300/1300/1300
f 1301/1301/1301 1302/1302/1302 1303/1303/1303
f 1302/1302/1302 1301/1301/1301 1304/1304/1304
f 1305/1305/1305 1306/1306/1306 1307/1307/1307
f 1306/1306/1306 1305/1305/1305 1308/1308/1308
f 1309/1309/1309 1310/1310/1310 1311/1311/1311
f 1312/1312/1312 1313/1313/1313 1314/1314/1314
f 1315/1315/1315 1316/1316/1316 1317/1317/1317
f 1318/1318/1318 1319/1319/1319 1320/1320/1320
f 1321/1321/1321 1322/1322/1322 1323/1323/1323
f 1322/1322/1322 1321/1321/1321 1324/1324/1324
f 1325/1325/1325 1326/1326/1326 1327/1327/1327
f 1326/1326/1326 1325/1325/1325 1328/1328/1328
f 1329/1329/1329 1330/1330/1330 1331/1331/1331
f 1330/1330/1330 1329/1329/1329 1332/1332/1332
f 1333/1333/1333 1334/1334/1334 1335/1335/1335
f 1334/1334/1334 1333/1333/1333 1336/1336/1336
f 1337/1337/1337 1338/1338/1338 1339/1339/1339
f 1338/1338/1338 1337/1337/1337 1340/1340/1340
f 1341/1341/1341 1342/1342/1342 1343/1343/1343
f 1343/1343/1343 1342/1342/1342 1344/1344/1344
f 1345/1345/1345 1346/1346/1346 1347/1347/1347
f 1346/1346/1346 1345/1345/1345 1348/1348/1348
f 1349/1349/1349 1350/1350/1350 1351/1351/1351
f 1350/1350/1350 1349/1349/1349 1352/1352/1352
f 1353/1353/1353 1354/1354/1354 1355/1355/1355
f 1354/1354/1354 1353/1353/1353 1356/1356/1356
f 1357/1357/1357 1358/1358/1358 1359/1359/1359
f 1358/1358/1358 1357/1357/1357 1360/1360/1360
f 1361/1361/1361 1362/1362/1362 1363/1363/1363
f 1362/1362/1362 1361/1361/1361 1364/1364/1364
f 1365/1365/1365 1366/1366/1366 1367/1367/1367
f 1366/1366/1366 1365/1365/1365 1368/1368/1368
f 1369/1369/1369 1370/1370/1370 1371/1371/1371
f 1370/1370/1370 1369/1369/1369 1372/1372/1372
f 1373/1373/1373 1374/1374/1374 1375/1375/1375
f 1374/1374/1374 1373/1373/1373 1376/1376/1376
f 1377/1377/1377 1378/1378/1378 1379/1379/1379
f 1378/1378/1378 1377/1377/1377 1380/1380/1380
f 1381/1381/1381 1382/1382/1382 1383/1383/1383
f 1384/1384/1384 1383/1383/1383 1382/1382/1382
f 1385/1385/1385 1386/1386/1386 1387/1387/1387
f 1386/1386/1386 1385/1385/1385 1388/1388/1388
f 1389/1389/1389 1390/1390/1390 1391/1391/1391
f 1392/1392/1392 1391/1391/1391 1390/1390/1390
f 1393/1393/1393 1394/1394/1394 1395/1395/1395
f 1394/1394/1394 1393/1393/1393 1396/1396/1396
f 1397/1397/1397 1398/1398/1398 1399/1399/1399
f 1398/1398/1398 1397/1397/1397 1400/1400/1400
f 1401/1401/1401 1402/1402/1402 1403/1403/1403
f 1402/1402/1402 1401/1401/1401 1404/1404/1404
f 1405/1405/1405 1406/1406/1406 1407/1407/1407
f 1408/1408/1408 1407/1407/1407 1406/1406/1406
f 1409/1409/1409 1410/1410/1410 1411/1411/1411
f 1410/1410/1410 1409/1409/1409 1412/1412/1412
f 1413/1413/1413 1414/1414/1414 1415/1415/1415
f 1414/1414/1414 1413/1413/1413 1416/1416/1416
f 1417/1417/1417 1418/1418/1418 1419/1419/1419
f 1418/1418/1418 1417/1417/1417 1420/1420/1420
f 1421/1421/1421 1422/1422/1422 1423/1423/1423
f 1422/1422/1422 1421/1421/1421 1424/1424/1424
f 1425/1425/1425 1426/1426/1426 1427/1427/1427
f 1426/1426/1426 1425/1425/1425 1428/1428/1428
f 1429/1429/1429 1430/1430/1430 1431/1431/1431
f 1430/1430/1430 1429/1429/1429 1432/1432/1432
f 1433/1433/1433 1434/1434/1434 1435/1435/1435
f 1434/1434/1434 1433/1433/1433 1436/1436/1436
f 1437/1437/1437 1438/1438/1438 1439/1439/1439
f 1440/1440/1440 1441/1441/1441 1442/1442/1442
f 1443/1443/1443 1444/1444/1444 1445/1445/1445
f 1446/1446/1446 1447/1447/1447 1448/1448/1448
f 1449/1449/1449 1450/1450/1450 1451/1451/1451
f 1450/1450/1450 1449/1449/1449 1452/1452/1452
f 1453/1453/1453 1454/1454/1454 1455/1455/1455
f 1454/1454/1454 1453/1453/1453 1456/1456/1456
f 1457/1457/1457 1458/1458/1458 1459/1459/1459
f 1458/1458/1458 1457/1457/1457 1460/1460/1460
f 1461/1461/1461 1462/1462/1462 1463/1463/1463
f 1462/1462/1462 1461/1461/1461 1464/1464/1464
f 1465/1465/1465 1466/1466/1466 1467/1467/1467
f 1465/1465/1465 1467/1467/1467 1468/1468/1468
f 1469/1469/1469 1470/1470/1470 1471/1471/1471
f 1469/1469/1469 1471/1471/1471 1472/1472/1472
f 1473/1473/1473 1474/1474/1474 1475/1475/1475
f 1474/1474/1474 1473/1473/1473 1476/1476/1476
f 1477/1477/1477 1478/1478/1478 1479/1479/1479
f 1478/1478/1478 1477/1477/1477 1480/1480/1480
f 1481/1481/1481 1482/1482/1482 1483/1483/1483
f 1482/1482/1482 1481/1481/1481 1484/1484/1484
f 1485/1485/1485 1486/1486/1486 1487/1487/1487
f 1485/1485/1485 1487/1487/1487 1488/1488/1488
f 1489/1489/1489 1490/1490/1490 1491/1491/1491
f 1490/1490/1490 1489/1489/1489 1492/1492/1492
f 1493/1493/1493 1494/1494/1494 1495/1495/1495
f 1493/1493/1493 1495/1495/1495 1496/1496/1496
f 1497/1497/1497 1498/1498/1498 1499/1499/1499
f 1498/1498/1498 1497/1497/1497 1500/1500/1500
f 1501/1501/1501 1502/1502/1502 1503/1503/1503
f 1502/1502/1502 1501/1501/1501 1504/1504/1504
f 1505/1505/1505 1506/1506/1506 1507/1507/1507
f 1505/1505/1505 1507/1507/1507 1508/1508/1508
f 1509/1509/1509 1510/1510/1510 1511/1511/1511
f 1510/1510/1510 1509/1509/1509 1512/1512/1512
f 1513/1513/1513 1514/1514/1514 1515/1515/1515
f 1514/1514/1514 1513/1513/1513 1516/1516/1516
f 1517/1517/1517 1518/1518/1518 1519/1519/1519
f 1518/1518/1518 1517/1517/1517 1520/1520/1520
f 1521/1521/1521 1522/1522/1522 1523/1523/1523
f 1522/1522/1522 1521/1521/1521 1524/1524/1524
f 1525/1525/1525 1526/1526/1526 1527/1527/1527
f 1526/1526/1526 1525/1525/1525 1528/1528/1528
f 1529/1529/1529 1530/1530/1530 1531/1531/1531
f 1532/1532/1532 1533/1533/1533 1534/1534/1534
f 1534/1534/1534 1533/1533/1533 1535/1535/1535
f 1536/1536/1536 1537/1537/1537 1538/1538/1538
f 1537/1537/1537 1536/1536/1536 1539/1539/1539
f 1540/1540/1540 1541/1541/1541 1542/1542/1542
f 1543/1543/1543 1544/1544/1544 1545/1545/1545
f 1544/1544/1544 1543/1543/1543 1546/1546/1546
f 1547/1547/1547 1548/1548/1548 1549/1549/1549
f 1550/1550/1550 1551/1551/1551 1552/1552/1552
f 1553/1553/1553 1554/1554/1554 1555/1555/1555
f 1554/1554/1554 1553/1553/1553 1556/1556/1556
f 1557/1557/1557 1558/1558/1558 1559/1559/1559
f 1558/1558/1558 1557/1557/1557 1560/1560/1560
f 1561/1561/1561 1562/1562/1562 1563/1563/1563
f 1562/1562/1562 1561/1561/1561 1564/1564/1564
f 1565/1565/1565 1566/1566/1566 1567/1567/1567
f 1566/1566/1566 1565/1565/1565 1568/1568/1568
f 1569/1569/1569 1570/1570/1570 1571/1571/1571
f 1570/1570/1570 1569/1569/1569 1572/1572/1572
f 1573/1573/1573 1574/1574/1574 1575/1575/1575
f 1576/1576/1576 1577/1577/1577 1578/1578/1578
f 1579/1579/1579 1580/1580/1580 1581/1581/1581
f 1582/1582/1582 1583/1583/1583 1584/1584/1584
f 1585/1585/1585 1586/1586/1586 1587/1587/1587
f 1586/1586/1586 1585/1585/1585 1588/1588/1588
f 1589/1589/1589 1590/1590/1590 1591/1591/1591
f 1590/1590/1590 1589/1589/1589 1592/1592/1592
f 1593/1593/1593 1594/1594/1594 1595/1595/1595
f 1595/1595/1595 1594/1594/1594 1596/1596/1596
f 1597/1597/1597 1598/1598/1598 1599/1599/1599
f 1600/1600/1600 1601/1601/1601 1602/1602/1602
f 1601/1601/1601 1600/1600/1600 1603/1603/1603
f 1604/1604/1604 1605/1605/1605 1606/1606/1606
f 1605/1605/1605 1604/1604/1604 1607/1607/1607
f 1608/1608/1608 1609/1609/1609 1610/1610/1610
f 1609/1609/1609 1608/1608/1608 1611/1611/1611
f 1612/1612/1612 1613/1613/1613 1614/1614/1614
f 1613/1613/1613 1612/1612/1612 1615/1615/1615
f 1616/1616/1616 1617/1617/1617 1618/1618/1618
f 1617/1617/1617 1616/1616/1616 1619/1619/1619
f 1620/1620/1620 1621/1621/1621 1622/1622/1622
f 1621/1621/1621 1620/1620/1620 1623/1623/1623
f 1624/1624/1624 1625/1625/1625 1626/1626/1626
f 1627/1627/1627 1628/1628/1628 1629/1629/1629
f 1628/1628/1628 1627/1627/1627 1630/1630/1630
f 1631/1631/1631 1632/1632/1632 1633/1633/1633
f 1632/1632/1632 1631/1631/1631 1634/1634/1634
f 1635/1635/1635 1636/1636/1636 1637/1637/1637
f 1638/1638/1638 1639/1639/1639 1640/1640/1640
f 1640/1640/1640 1641/1641/1641 1638/1638/1638
f 1642/1642/1642 1643/1643/1643 1644/1644/1644
f 1644/1644/1644 1645/1645/1645 1642/1642/1642
f 1646/1646/1646 1647/1647/1647 1648/1648/1648
f 1647/1647/1647 1646/1646/1646 1649/1649/1649
f 1650/1650/1650 1651/1651/1651 1652/1652/1652
f 1651/1651/1651 1650/1650/1650 1653/1653/1653
f 1654/1654/1654 1655/1655/1655 1656/1656/1656
f 1655/1655/1655 1654/1654/1654 1657/1657/1657
f 1658/1658/1658 1659/1659/1659 1660/1660/1660
f 1659/1659/1659 1658/1658/1658 1661/1661/1661
f 1662/1662/1662 1663/1663/1663 1664/1664/1664
f 1663/1663/1663 1662/1662/1662 1665/1665/1665
f 1666/1666/1666 1667/1667/1667 1668/1668/1668
f 1667/1667/1667 1666/1666/1666 1669/1669/1669
f 1670/1670/1670 1671/1671/1671 1672/1672/1672
f 1673/1673/1673 1674/1674/1674 1675/1675/1675
f 1673/1673/1673 1675/1675/1675 1676/1676/1676
f 1677/1677/1677 1678/1678/1678 1679/1679/1679
f 1677/1677/1677 1679/1679/1679 1680/1680/1680
f 1681/1681/1681 1682/1682/1682 1683/1683/1683
f 1684/1684/1684 1685/1685/1685 1686/1686/1686
f 1685/1685/1685 1684/1684/1684 1687/1687/1687
f 1688/1688/1688 1689/1689/1689 1690/1690/1690
f 1689/1689/1689 1688/1688/1688 1691/1691/1691
f 1692/1692/1692 1693/1693/1693 1694/1694/1694
f 1692/1692/1692 1694/1694/1694 1695/1695/1695
f 1696/1696/1696 1697/1697/1697 1698/1698/1698
f 1697/1697/1697 1696/1696/1696 1699/1699/1699
f 1700/1700/1700 1701/1701/1701 1702/1702/1702
f 1700/1700/1700 1702/1702/1702 1703/1703/1703
f 1704/1704/1704 1705/1705/1705 1706/1706/1706
f 1705/1705/1705 1704/1704/1704 1707/1707/1707
f 1708/1708/1708 1709/1709/1709 1710/1710/1710
f 1708/1708/1708 1710/1710/1710 1711/1711/1711
f 1712/1712/1712 1713/1713/1713 1714/1714/1714
f 1712/1712/1712 1714/1714/1714 1715/1715/1715
f 1716/1716/1716 1717/1717/1717 1718/1718/1718
f 1717/1717/1717 1716/1716/1716 1719/1719/1719
f 1720/1720/1720 1721/1721/1721 1722/1722/1722
f 1721/1721/1721 1720/1720/1720 1723/1723/1723
f 1724/1724/1724 1725/1725/1725 1726/1726/1726
f 1724/1724/1724 1726/1726/1726 1727/1727/1727
f 1728/1728/1728 1729/1729/1729 1730/1730/1730
f 1729/1729/1729 1728/1728/1728 1731/1731/1731
f 1732/1732/1732 1733/1733/1733 1734/1734/1734
f 1732/1732/1732 1734/1734/1734 1735/1735/1735
f 1736/1736/1736 1737/1737/1737 1738/1738/1738
f 1737/1737/1737 1736/1736/1736 1739/1739/1739
f 1740/1740/1740 1741/1741/1741 1742/1742/1742
f 1740/1740/1740 1742/1742/1742 1743/1743/1743
f 1744/1744/1744 1745/1745/1745 1746/1746/1746
f 1744/1744/1744 1746/1746/1746 1747/1747/1747
f 1748/1748/1748 1749/1749/1749 1750/1750/1750
f 1749/1749/1749 1748/1748/1748 1751/1751/1751
f 1752/1752/1752 1753/1753/1753 1754/1754/1754
f 1753/1753/1753 1752/1752/1752 1755/1755/1755
f 1756/1756/1756 1757/1757/1757 1758/1758/1758
f 1757/1757/1757 1756/1756/1756 1759/1759/1759
f 1760/1760/1760 1761/1761/1761 1762/1762/1762
f 1761/1761/1761 1760/1760/1760 1763/1763/1763
f 1764/1764/1764 1765/1765/1765 1766/1766/1766
f 1765/1765/1765 1764/1764/1764 1767/1767/1767
f 1768/1768/1768 1769/1769/1769 1770/1770/1770
f 1769/1769/1769 1768/1768/1768 1771/1771/1771
f 1772/1772/1772 1773/1773/1773 1774/1774/1774
f 1773/1773/1773 1772/1772/1772 1775/1775/1775
f 1776/1776/1776 1777/1777/1777 1778/1778/1778
f 1777/1777/1777 1776/1776/1776 1779/1779/1779
f 1780/1780/1780 1781/1781/1781 1782/1782/1782
f 1781/1781/1781 1780/1780/1780 1783/1783/1783
f 1784/1784/1784 1785/1785/1785 1786/1786/1786
f 1785/1785/1785 1784/1784/1784 1787/1787/1787
f 1788/1788/1788 1789/1789/1789 1790/1790/1790
f 1789/1789/1789 1788/1788/1788 1791/1791/1791
f 1792/1792/1792 1793/1793/1793 1794/1794/1794
f 1793/1793/1793 1792/1792/1792 1795/1795/1795
f 1796/1796/1796 1797/1797/1797 1798/1798/1798
f 1797/1797/1797 1796/1796/1796 1799/1799/1799
f 1800/1800/1800 1801/1801/1801 1802/1802/1802
f 1801/1801/1801 1800/1800/1800 1803/1803/1803
f 1804/1804/1804 1805/1805/1805 1806/1806/1806
f 1805/1805/1805 1804/1804/1804 1807/1807/1807
f 1808/1808/1808 1809/1809/1809 1810/1810/1810
f 1809/1809/1809 1808/1808/1808 1811/1811/1811
f 1812/1812/1812 1813/1813/1813 1814/1814/1814
f 1813/1813/1813 1812/1812/1812 1815/1815/1815
f 1816/1816/1816 1817/1817/1817 1818/1818/1818
f 1817/1817/1817 1816/1816/1816 1819/1819/1819
f 1820/1820/1820 1821/1821/1821 1822/1822/1822
f 1822/1822/1822 1823/1823/1823 1820/1820/1820
f 1824/1824/1824 1825/1825/1825 1826/1826/1826
f 1826/1826/1826 1825/1825/1825 1827/1827/1827
f 1828/1828/1828 1829/1829/1829 1830/1830/1830
f 1830/1830/1830 1829/1829/1829 1831/1831/1831
f 1832/1832/1832 1833/1833/1833 1834/1834/1834
f 1833/1833/1833 1832/1832/1832 1835/1835/1835
f 1836/1836/1836 1837/1837/1837 1838/1838/1838
f 1838/1838/1838 1839/1839/1839 1836/1836/1836
f 1840/1840/1840 1841/1841/1841 1842/1842/1842
f 1842/1842/1842 1841/1841/1841 1843/1843/1843
f 1844/1844/1844 1845/1845/1845 1846/1846/1846
f 1846/1846/1846 1845/1845/1845 1847/1847/1847
f 1848/1848/1848 1849/1849/1849 1850/1850/1850
f 1849/1849/1849 1848/1848/1848 1851/1851/1851
f 1852/1852/1852 1853/1853/1853 1854/1854/1854
f 1854/1854/1854 1855/1855/1855 1852/1852/1852
f 1856/1856/1856 1857/1857/1857 1858/1858/1858
f 1858/1858/1858 1857/1857/1857 1859/1859/1859
f 1860/1860/1860 1861/1861/1861 1862/1862/1862
f 1862/1862/1862 1861/1861/1861 1863/1863/1863
f 1864/1864/1864 1865/1865/1865 1866/1866/1866
f 1865/1865/1865 1864/1864/1864 1867/1867/1867
f 1868/1868/1868 1869/1869/1869 1870/1870/1870
f 1870/1870/1870 1871/1871/1871 1868/1868/1868
f 1872/1872/1872 1873/1873/1873 1874/1874/1874
f 1874/1874/1874 1873/1873/1873 1875/1875/1875
f 1876/1876/1876 1877/1877/1877 1878/1878/1878
f 1878/1878/1878 1877/1877/1877 1879/1879/1879
f 1880/1880/1880 1881/1881/1881 1882/1882/1882
f 1881/1881/1881 1880/1880/1880 1883/1883/1883
f 1884/1884/1884 1885/1885/1885 1886/1886/1886
f 1884/1884/1884 1886/1886/1886 1887/1887/1887
f 1888/1888/1888 1889/1889/1889 1890/1890/1890
f 1889/1889/1889 1888/1888/1888 1891/1891/1891
f 1892/1892/1892 1893/1893/1893 1894/1894/1894
f 1893/1893/1893 1892/1892/1892 1895/1895/1895
f 1896/1896/1896 1897/1897/1897 1898/1898/1898
f 1896/1896/1896 1898/1898/1898 1899/1899/1899
f 1900/1900/1900 1901/1901/1901 1902/1902/1902
f 1900/1900/1900 1902/1902/1902 1903/1903/1903
f 1904/1904/1904 1905/1905/1905 1906/1906/1906
f 1906/1906/1906 1907/1907/1907 1904/1904/1904
f 1908/1908/1908 1909/1909/1909 1910/1910/1910
f 1909/1909/1909 1908/1908/1908 1911/1911/1911
f 1912/1912/1912 1913/1913/1913 1914/1914/1914
f 1913/1913/1913 1912/1912/1912 1915/1915/1915
f 1916/1916/1916 1917/1917/1917 1918/1918/1918
f 1916/1916/1916 1918/1918/1918 1919/1919/1919
f 1920/1920/1920 1921/1921/1921 1922/1922/1922
f 1921/1921/1921 1920/1920/1920 1923/1923/1923
f 1924/1924/1924 1925/1925/1925 1926/1926/1926
f 1925/1925/1925 1924/1924/1924 1927/1927/1927
f 1928/1928/1928 1929/1929/1929 1930/1930/1930
f 1928/1928/1928 1930/1930/1930 1931/1931/1931
f 1932/1932/1932 1933/1933/1933 1934/1934/1934
f 1932/1932/1932 1934/1934/1934 1935/1935/1935
f 1936/1936/1936 1937/1937/1937 1938/1938/1938
f 1937/1937/1937 1936/1936/1936 1939/1939/1939
f 1940/1940/1940 1941/1941/1941 1942/1942/1942
f 1941/1941/1941 1940/1940/1940 1943/1943/1943
f 1944/1944/1944 1945/1945/1945 1946/1946/1946
f 1946/1946/1946 1947/1947/1947 1944/1944/1944
f 1948/1948/1948 1949/1949/1949 1950/1950/1950
f 1949/1949/1949 1948/1948/1948 1951/1951/1951
f 1952/1952/1952 1953/1953/1953 1954/1954/1954
f 1953/1953/1953 1952/1952/1952 1955/1955/1955
f 1956/1956/1956 1957/1957/1957 1958/1958/1958
f 1957/1957/1957 1956/1956/1956 1959/1959/1959
f 1960/1960/1960 1961/1961/1961 1962/1962/1962
f 1961/1961/1961 1960/1960/1960 1963/1963/1963
f 1964/1964/1964 1965/1965/1965 1966/1966/1966
f 1965/1965/1965 1964/1964/1964 1967/1967/1967
f 1968/1968/1968 1969/1969/1969 1970/1970/1970
f 1968/1968/1968 1970/1970/1970 1971/1971/1971
f 1972/1972/1972 1973/1973/1973 1974/1974/1974
f 1973/1973/1973 1972/1972/1972 1975/1975/1975
f 1976/1976/1976 1977/1977/1977 1978/1978/1978
f 1977/1977/1977 1976/1976/1976 1979/1979/1979
f 1980/1980/1980 1981/1981/1981 1982/1982/1982
f 1981/1981/1981 1980/1980/1980 1983/1983/1983
f 1984/1984/1984 1985/1985/1985 1986/1986/1986
f 1984/1984/1984 1986/1986/1986 1987/1987/1987
f 1988/1988/1988 1989/1989/1989 1990/1990/1990
f 1990/1990/1990 1989/1989/1989 1991/1991/1991
f 1992/1992/1992 1993/1993/1993 1994/1994/1994
f 1993/1993/1993 1992/1992/1992 1995/1995/1995
f 1996/1996/1996 1997/1997/1997 1998/1998/1998
f 1998/1998/1998 1997/1997/1997 1999/1999/1999
f 2000/2000/2000 2001/2001/2001 2002/2002/2002
f 2001/2001/2001 2000/2000/2000 2003/2003/2003
f 2004/2004/2004 2005/2005/2005 2006/2006/2006
f 2006/2006/2006 2005/2005/2005 2007/2007/2007
f 2008/2008/2008 2009/2009/2009 2010/2010/2010
f 2009/2009/2009 2008/2008/2008 2011/2011/2011
f 2012/2012/2012 2013/2013/2013 2014/2014/2014
f 2013/2013/2013 2012/2012/2012 2015/2015/2015
f 2016/2016/2016 2017/2017/2017 2018/2018/2018
f 2018/2018/2018 2017/2017/2017 2019/2019/2019
f 2020/2020/2020 2021/2021/2021 2022/2022/2022
f 2021/2021/2021 2020/2020/2020 2023/2023/2023
f 2024/2024/2024 2025/2025/2025 2026/2026/2026
f 2027/2027/2027 2028/2028/2028 2029/2029/2029
f 2030/2030/2030 2031/2031/2031 2032/2032/2032
f 2033/2033/2033 2034/2034/2034 2035/2035/2035
f 2036/2036/2036 2037/2037/2037 2026/2026/2026
f 2038/2038/2038 2039/2039/2039 2040/2040/2040
f 2041/2041/2041 2042/2042/2042 2043/2043/2043
f 2043/2043/2043 2042/2042/2042 2044/2044/2044
f 2045/2045/2045 2046/2046/2046 2047/2047/2047
f 2045/2045/2045 2047/2047/2047 2048/2048/2048
f 2049/2049/2049 2050/2050/2050 2051/2051/2051
f 2049/2049/2049 2051/2051/2051 2052/2052/2052
f 2053/2053/2053 2054/2054/2054 2055/2055/2055
f 2054/2054/2054 2053/2053/2053 2056/2056/2056
f 2057/2057/2057 2058/2058/2058 2059/2059/2059
f 2057/2057/2057 2059/2059/2059 2060/2060/2060
f 2061/2061/2061 2062/2062/2062 2063/2063/2063
f 2061/2061/2061 2063/2063/2063 2064/2064/2064
f 2065/2065/2065 2066/2066/2066 2067/2067/2067
f 2065/2065/2065 2067/2067/2067 2068/2068/2068
f 2069/2069/2069 2070/2070/2070 2071/2071/2071
f 2070/2070/2070 2069/2069/2069 2072/2072/2072
f 2073/2073/2073 2074/2074/2074 2075/2075/2075
f 2074/2074/2074 2073/2073/2073 2076/2076/2076
f 2077/2077/2077 2078/2078/2078 2079/2079/2079
f 2078/2078/2078 2077/2077/2077 2080/2080/2080
f 2081/2081/2081 2082/2082/2082 2083/2083/2083
f 2082/2082/2082 2081/2081/2081 2084/2084/2084
f 2085/2085/2085 2086/2086/2086 2087/2087/2087
f 2086/2086/2086 2085/2085/2085 2088/2088/2088
f 2089/2089/2089 2090/2090/2090 2091/2091/2091
f 2090/2090/2090 2089/2089/2089 2092/2092/2092
f 2093/2093/2093 2094/2094/2094 2095/2095/2095
f 2093/2093/2093 2095/2095/2095 2096/2096/2096
f 2097/2097/2097 2098/2098/2098 2099/2099/2099
f 2098/2098/2098 2097/2097/2097 2100/2100/2100
f 2101/2101/2101 2102/2102/2102 2103/2103/2103
f 2101/2101/2101 2103/2103/2103 2104/2104/2104
f 2105/2105/2105 2106/2106/2106 2107/2107/2107
f 2108/2108/2108 2109/2109/2109 2110/2110/2110
f 2111/2111/2111 2112/2112/2112 2113/2113/2113
f 2114/2114/2114 2115/2115/2115 2116/2116/2116
f 2117/2117/2117 2118/2118/2118 2119/2119/2119
f 2120/2120/2120 2121/2121/2121 2122/2122/2122
f 2123/2123/2123 2124/2124/2124 2125/2125/2125
f 2124/2124/2124 2123/2123/2123 2126/2126/2126
f 2127/2127/2127 2128/2128/2128 2129/2129/2129
f 2128/2128/2128 2127/2127/2127 2130/2130/2130
f 2131/2131/2131 2132/2132/2132 2133/2133/2133
f 2133/2133/2133 2132/2132/2132 2134/2134/2134
f 2135/2135/2135 2136/2136/2136 2137/2137/2137
f 2136/2136/2136 2135/2135/2135 2138/2138/2138
f 2139/2139/2139 2140/2140/2140 2141/2141/2141
f 2140/2140/2140 2139/2139/2139 2142/2142/2142
f 2143/2143/2143 2144/2144/2144 2145/2145/2145
f 2144/2144/2144 2143/2143/2143 2146/2146/2146
f 2147/2147/2147 2148/2148/2148 2149/2149/2149
f 2149/2149/2149 2148/2148/2148 2150/2150/2150
f 2151/2151/2151 2152/2152/2152 2153/2153/2153
f 2153/2153/2153 2154/2154/2154 2151/2151/2151
f 2155/2155/2155 2156/2156/2156 2157/2157/2157
f 2156/2156/2156 2155/2155/2155 2158/2158/2158
f 2159/2159/2159 2160/2160/2160 2161/2161/2161
f 2160/2160/2160 2159/2159/2159 2162/2162/2162
f 2163/2163/2163 2164/2164/2164 2165/2165/2165
f 2164/2164/2164 2163/2163/2163 2166/2166/2166
f 2167/2167/2167 2168/2168/2168 2169/2169/2169
f 2168/2168/2168 2167/2167/2167 2170/2170/2170
f 2171/2171/2171 2172/2172/2172 2173/2173/2173
f 2171/2171/2171 2173/2173/2173 2174/2174/2174
f 2175/2175/2175 2176/2176/2176 2177/2177/2177
f 2177/2177/2177 2176/2176/2176 2178/2178/2178
f 2179/2179/2179 2180/2180/2180 2181/2181/2181
f 2180/2180/2180 2179/2179/2179 2182/2182/2182
f 2183/2183/2183 2184/2184/2184 2185/2185/2185
f 2183/2183/2183 2185/2185/2185 2186/2186/2186
f 2187/2187/2187 2188/2188/2188 2189/2189/2189
f 2188/2188/2188 2187/2187/2187 2190/2190/2190
f 2191/2191/2191 2192/2192/2192 2193/2193/2193
f 2192/2192/2192 2191/2191/2191 2194/2194/2194
f 2195/2195/2195 2196/2196/2196 2197/2197/2197
f 2196/2196/2196 2195/2195/2195 2198/2198/2198
f 2199/2199/2199 2200/2200/2200 2201/2201/2201
f 2200/2200/2200 2199/2199/2199 2202/2202/2202
f 2203/2203/2203 2204/2204/2204 2205/2205/2205
f 2204/2204/2204 2203/2203/2203 2206/2206/2206
f 2207/2207/2207 2208/2208/2208 2209/2209/2209
f 2207/2207/2207 2209/2209/2209 2210/2210/2210
f 2211/2211/2211 2212/2212/2212 2213/2213/2213
f 2211/2211/2211 2213/2213/2213 2214/2214/2214
f 2215/2215/2215 2216/2216/2216 2217/2217/2217
f 2216/2216/2216 2215/2215/2215 2218/2218/2218
f 2219/2219/2219 2220/2220/2220 2221/2221/2221
f 2219/2219/2219 2221/2221/2221 2222/2222/2222
f 2223/2223/2223 2224/2224/2224 2225/2225/2225
f 2224/2224/2224 2223/2223/2223 2226/2226/2226
f 2227/2227/2227 2228/2228/2228 2229/2229/2229
f 2229/2229/2229 2228/2228/2228 2230/2230/2230
f 2231/2231/2231 2232/2232/2232 2233/2233/2233
f 2233/2233/2233 2232/2232/2232 2234/2234/2234
f 2235/2235/2235 2236/2236/2236 2237/2237/2237
f 2236/2236/2236 2235/2235/2235 2238/2238/2238
f 2239/2239/2239 2240/2240/2240 2241/2241/2241
f 2241/2241/2241 2240/2240/2240 2242/2242/2242
f 2243/2243/2243 2244/2244/2244 2245/2245/2245
f 2245/2245/2245 2244/2244/2244 2246/2246/2246
f 2247/2247/2247 2248/2248/2248 2249/2249/2249
f 2248/2248/2248 2247/2247/2247 2250/2250/2250
f 2251/2251/2251 2252/2252/2252 2253/2253/2253
f 2251/2251/2251 2253/2253/2253 2254/2254/2254
f 2255/2255/2255 2256/2256/2256 2257/2257/2257
f 2256/2256/2256 2255/2255/2255 2258/2258/2258
f 2259/2259/2259 2260/2260/2260 2261/2261/2261
f 2260/2260/2260 2259/2259/2259 2262/2262/2262
f 2263/2263/2263 2264/2264/2264 2265/2265/2265
f 2264/2264/2264 2263/2263/2263 2266/2266/2266
f 2267/2267/2267 2268/2268/2268 2269/2269/2269
f 2268/2268/2268 2267/2267/2267 2270/2270/2270
f 2271/2271/2271 2272/2272/2272 2273/2273/2273
f 2272/2272/2272 2271/2271/2271 2274/2274/2274
f 2275/2275/2275 2276/2276/2276 2277/2277/2277
f 2275/2275/2275 2277/2277/2277 2278/2278/2278
f 2279/2279/2279 2280/2280/2280 2281/2281/2281
f 2279/2279/2279 2281/2281/2281 2282/2282/2282
f 2283/2283/2283 2284/2284/2284 2285/2285/2285
f 2284/2284/2284 2283/2283/2283 2286/2286/2286
f 2287/2287/2287 2288/2288/2288 2289/2289/2289
f 2288/2288/2288 2287/2287/2287 2290/2290/2290
f 2291/2291/2291 2292/2292/2292 2293/2293/2293
f 2292/2292/2292 2291/2291/2291 2294/2294/2294
f 2295/2295/2295 2296/2296/2296 2297/2297/2297
f 2296/2296/2296 2295/2295/2295 2298/2298/2298
f 2299/2299/2299 2300/2300/2300 2301/2301/2301
f 2300/2300/2300 2299/2299/2299 2302/2302/2302
f 2303/2303/2303 2304/2304/2304 2305/2305/2305
f 2304/2304/2304 2303/2303/2303 2306/2306/2306
f 2307/2307/2307 2308/2308/2308 2309/2309/2309
f 2308/2308/2308 2307/2307/2307 2310/2310/2310
f 2311/2311/2311 2312/2312/2312 2313/2313/2313
f 2312/2312/2312 2311/2311/2311 2314/2314/2314
f 2315/2315/2315 2316/2316/2316 2317/2317/2317
f 2316/2316/2316 2315/2315/2315 2318/2318/2318
f 2319/2319/2319 2320/2320/2320 2321/2321/2321
f 2320/2320/2320 2319/2319/2319 2322/2322/2322
f 2323/2323/2323 2324/2324/2324 2325/2325/2325
f 2324/2324/2324 2323/2323/2323 2326/2326/2326
f 2327/2327/2327 2328/2328/2328 2329/2329/2329
f 2328/2328/2328 2327/2327/2327 2330/2330/2330
f 2331/2331/2331 2332/2332/2332 2333/2333/2333
f 2332/2332/2332 2331/2331/2331 2334/2334/2334
f 2335/2335/2335 2336/2336/2336 2337/2337/2337
f 2336/2336/2336 2335/2335/2335 2338/2338/2338
f 2339/2339/2339 2340/2340/2340 2341/2341/2341
f 2340/2340/2340 2339/2339/2339 2342/2342/2342
f 2343/2343/2343 2344/2344/2344 2345/2345/2345
f 2344/2344/2344 2343/2343/2343 2346/2346/2346
f 2347/2347/2347 2348/2348/2348 2349/2349/2349
f 2348/2348/2348 2347/2347/2347 2350/2350/2350
f 2351/2351/2351 2352/2352/2352 2353/2353/2353
f 2352/2352/2352 2351/2351/2351 2354/2354/2354
f 2355/2355/2355 2356/2356/2356 2357/2357/2357
f 2356/2356/2356 2355/2355/2355 2358/2358/2358
f 2359/2359/2359 2360/2360/2360 2361/2361/2361
f 2360/2360/2360 2359/2359/2359 2362/2362/2362
f 2363/2363/2363 2364/2364/2364 2365/2365/2365
f 2364/2364/2364 2363/2363/2363 2366/2366/2366
f 2367/2367/2367 2368/2368/2368 2369/2369/2369
f 2368/2368/2368 2367/2367/2367 2370/2370/2370
f 2371/2371/2371 2372/2372/2372 2373/2373/2373
f 2372/2372/2372 2371/2371/2371 2374/2374/2374
f 2375/2375/2375 2376/2376/2376 2377/2377/2377
f 2377/2377/2377 2376/2376/2376 2378/2378/2378
f 2379/2379/2379 2380/2380/2380 2381/2381/2381
f 2379/2379/2379 2381/2381/2381 2382/2382/2382
f 2383/2383/2383 2384/2384/2384 2385/2385/2385
f 2384/2384/2384 2383/2383/2383 2386/2386/2386
f 2387/2387/2387 2388/2388/2388 2389/2389/2389
f 2388/2388/2388 2387/2387/2387 2390/2390/2390
f 2391/2391/2391 2392/2392/2392 2393/2393/2393
f 2392/2392/2392 2391/2391/2391 2394/2394/2394
f 2395/2395/2395 2396/2396/2396 2397/2397/2397
f 2396/2396/2396 2395/2395/2395 2398/2398/2398
f 2399/2399/2399 2400/2400/2400 2401/2401/2401
f 2401/2401/2401 2400/2400/2400 2402/2402/2402
f 2403/2403/2403 2404/2404/2404 2405/2405/2405
f 2405/2405/2405 2404/2404/2404 2406/2406/2406
f 2407/2407/2407 2408/2408/2408 2409/2409/2409
f 2408/2408/2408 2407/2407/2407 2410/2410/2410
f 2411/2411/2411 2412/2412/2412 2413/2413/2413
f 2412/2412/2412 2411/2411/2411 2414/2414/2414
f 2415/2415/2415 2416/2416/2416 2417/2417/2417
f 2417/2417/2417 2416/2416/2416 2418/2418/2418
f 2419/2419/2419 2420/2420/2420 2421/2421/2421
f 2421/2421/2421 2420/2420/2420 2422/2422/2422
f 2423/2423/2423 2424/2424/2424 2425/2425/2425
f 2424/2424/2424 2423/2423/2423 2426/2426/2426
f 2427/2427/2427 2428/2428/2428 2429/2429/2429
f 2428/2428/2428 2427/2427/2427 2430/2430/2430
f 2431/2431/2431 2432/2432/2432 2433/2433/2433
f 2433/2433/2433 2432/2432/2432 2434/2434/2434
f 2435/2435/2435 2436/2436/2436 2437/2437/2437
f 2436/2436/2436 2435/2435/2435 2438/2438/2438
f 2439/2439/2439 2440/2440/2440 2441/2441/2441
f 2440/2440/2440 2439/2439/2439 2442/2442/2442
f 2443/2443/2443 2444/2444/2444 2445/2445/2445
f 2444/2444/2444 2443/2443/2443 2446/2446/2446
f 2447/2447/2447 2448/2448/2448 2449/2449/2449
f 2448/2448/2448 2447/2447/2447 2450/2450/2450
f 2451/2451/2451 2452/2452/2452 2453/2453/2453
f 2452/2452/2452 2451/2451/2451 2454/2454/2454
f 2455/2455/2455 2456/2456/2456 2457/2457/2457
f 2456/2456/2456 2455/2455/2455 2458/2458/2458
f 2459/2459/2459 2460/2460/2460 2461/2461/2461
f 2462/2462/2462 2463/2463/2463 2464/2464/2464
f 2465/2465/2465 2466/2466/2466 2467/2467/2467
f 2468/2468/2468 2469/2469/2469 2470/2470/2470
f 2471/2471/2471 2472/2472/2472 2473/2473/2473
f 2472/2472/2472 2471/2471/2471 2474/2474/2474
f 2475/2475/2475 2476/2476/2476 2477/2477/2477
f 2476/2476/2476 2475/2475/2475 2478/2478/2478
f 2479/2479/2479 2480/2480/2480 2481/2481/2481
f 2479/2479/2479 2481/2481/2481 2482/2482/2482
f 2483/2483/2483 2484/2484/2484 2485/2485/2485
f 2484/2484/2484 2483/2483/2483 2486/2486/2486
f 2487/2487/2487 2488/2488/2488 2489/2489/2489
f 2488/2488/2488 2487/2487/2487 2490/2490/2490
f 2491/2491/2491 2492/2492/2492 2493/2493/2493
f 2493/2493/2493 2492/2492/2492 2494/2494/2494
f 2495/2495/2495 2496/2496/2496 2497/2497/2497
f 2495/2495/2495 2497/2497/2497 2498/2498/2498
f 2499/2499/2499 2495/2495/2495 2500/2500/2500
f 2495/2495/2495 2499/2499/2499 2496/2496/2496
f 2501/2501/2501 2502/2502/2502 2503/2503/2503
f 2504/2504/2504 2505/2505/2505 2506/2506/2506
f 2505/2505/2505 2504/2504/2504 2507/2507/2507
f 2508/2508/2508 2509/2509/2509 2510/2510/2510
f 2509/2509/2509 2508/2508/2508 2511/2511/2511
f 2512/2512/2512 2513/2513/2513 2514/2514/2514
f 2514/2514/2514 2513/2513/2513 2515/2515/2515
f 2516/2516/2516 2517/2517/2517 2518/2518/2518
f 2519/2519/2519 2520/2520/2520 2521/2521/2521
