# Extracted from the Cocos Creator 3.8.3 playable build
# Geometry-only OBJ preview for Unity; rig and animation stay in the raw assets.
o mesh_1263d74c
v 0.087843664 -0.491964787 -0.015941279
v 0.0419616997 -0.497987181 -0.0157484803
v 0.0835855454 -0.491964787 -0.0313701853
v 0.0440993533 -0.497987181 -0.00800284557
v 0.0766409263 -0.491964787 -0.0457908288
v 0.0384753533 -0.497987181 -0.022987945
v 0.0337523855 -0.497987181 -0.0294885579
v 0.0672330111 -0.491964787 -0.0587397143
v 0.0556641631 -0.491964787 -0.06980066
v 0.027944576 -0.497987181 -0.0350413844
v 0.042306222 -0.491964787 -0.0786181465
v 0.0212386101 -0.497987181 -0.0394679494
v 0.0275885276 -0.491964787 -0.0849087909
v 0.0138500202 -0.497987181 -0.0426259786
v 0.00601627771 -0.497987181 -0.0444139875
v 0.0119841155 -0.491964787 -0.0884703919
v -0.00201083277 -0.497987181 -0.0447744802
v -0.0040054759 -0.491964787 -0.0891884863
v -0.00997331459 -0.497987181 -0.0436958894
v -0.0198663287 -0.491964787 -0.0870399848
v -0.0176152438 -0.497987181 -0.0412128717
v -0.0350886621 -0.491964787 -0.0820939541
v -0.024691008 -0.497987181 -0.037405245
v -0.0491832159 -0.491964787 -0.074509345
v -0.0309731793 -0.497987181 -0.0323953778
v -0.0616969839 -0.491964787 -0.0645299479
v -0.0362598523 -0.497987181 -0.0263442975
v -0.0722277611 -0.491964787 -0.052476503
v -0.0804370716 -0.491964787 -0.0387364216
v -0.0403810963 -0.497987181 -0.0194464866
v -0.0432044715 -0.497987181 -0.0119236503
v -0.0860610753 -0.491964787 -0.0237513203
v -0.0446392111 -0.497987181 -0.00401757797
v -0.0889190137 -0.491964757 -0.00800282974
v -0.0446392111 -0.497987181 0.00401762594
v -0.0889190212 -0.491964757 0.00800288189
v -0.0432044752 -0.497987181 0.0119237006
v -0.0860610902 -0.491964757 0.0237513781
v -0.0804370791 -0.491964757 0.0387364849
v -0.0403811038 -0.497987181 0.0194465369
v -0.0362598523 -0.497987181 0.0263443496
v -0.0722277611 -0.491964757 0.0524765737
v -0.0309731811 -0.497987181 0.0323954336
v -0.0616969876 -0.491964757 0.0645300075
v -0.024691008 -0.497987181 0.0374053009
v -0.0491832159 -0.491964757 0.0745094121
v -0.0176152419 -0.497987181 0.0412129313
v -0.0350886546 -0.491964757 0.0820940211
v -0.009973309 -0.497987181 0.043695949
v -0.0198663194 -0.491964757 0.0870400518
v -0.00201082532 -0.497987181 0.0447745435
v -0.004005461 -0.491964757 0.0891885534
v 0.011984135 -0.491964757 0.0884704664
v 0.00601628795 -0.497987181 0.0444140397
v 0.0275885537 -0.491964757 0.0849088579
v 0.0138500324 -0.497987181 0.0426260382
v 0.0212386269 -0.497987181 0.0394680053
v 0.0423062518 -0.491964757 0.078618221
v 0.0556641966 -0.491964757 0.0698007122
v 0.0279445928 -0.497987181 0.0350414403
v 0.0337524004 -0.497987181 0.0294886064
v 0.0672330484 -0.491964757 0.0587397628
v 0.0384753756 -0.497987181 0.0229879878
v 0.076640971 -0.491964757 0.0457908735
v 0.0419617221 -0.497987181 0.0157485195
v 0.0835855976 -0.491964757 0.0313702188
v 0.0440993831 -0.497987181 0.0080028791
v 0.0878437012 -0.491964757 0.0159413014
v 0.0448196493 -0.497987181 2.17677094e-08
v 0.0892784372 -0.491964757 2.15044658e-08
v 0.0440993533 -0.497987181 -0.00800284557
v 0.087843664 -0.491964787 -0.015941279
v 0.130880684 -0.481981426 -0.0237513613
v 0.124536417 -0.481981426 -0.0467393175
v 0.114189431 -0.481981426 -0.0682250336
v 0.100172319 -0.481981426 -0.0875179321
v 0.0829355642 -0.481981426 -0.103997946
v 0.0630332008 -0.481981426 -0.117135361
v 0.041104909 -0.481981426 -0.126507953
v 0.0178554654 -0.481981426 -0.131814495
v -0.00596786849 -0.481981426 -0.132884398
v -0.0295993928 -0.481981426 -0.129683301
v -0.0522795618 -0.481981426 -0.122314051
v -0.073279433 -0.481981426 -0.111013539
v -0.0919240415 -0.481981426 -0.0961449742
v -0.10761413 -0.481981426 -0.0781861991
v -0.119845413 -0.481981426 -0.0577144772
v -0.128224775 -0.481981426 -0.0353877582
v -0.132482886 -0.481981426 -0.0119236484
v -0.132482901 -0.481981426 0.0119237043
v -0.12822479 -0.481981426 0.0353878178
v -0.119845428 -0.481981426 0.0577145442
v -0.107614137 -0.481981426 0.078186281
v -0.091924049 -0.481981426 0.0961450413
v -0.073279433 -0.481981426 0.111013614
v -0.052279558 -0.481981426 0.12231414
v -0.0295993779 -0.481981426 0.129683375
v -0.00596784707 -0.481981426 0.132884488
v 0.0178554971 -0.481981426 0.131814569
v 0.0411049463 -0.481981426 0.126508057
v 0.063033253 -0.481981426 0.117135435
v 0.0829356164 -0.481981426 0.103998013
v 0.100172378 -0.481981426 0.0875179842
v 0.114189498 -0.481981426 0.0682250708
v 0.124536477 -0.481981426 0.0467393436
v 0.130880758 -0.481981426 0.0237513781
v 0.133018419 -0.481981426 2.10680788e-08
v 0.130880684 -0.481981426 -0.0237513613
v 0.172863945 -0.468117446 -0.0313702151
v 0.16448459 -0.468117446 -0.0617321283
v 0.150818542 -0.468117446 -0.0901099294
v 0.132305101 -0.468117446 -0.115591519
v 0.109539233 -0.468117446 -0.137357891
v 0.0832526982 -0.468117446 -0.154709488
v 0.0542903431 -0.468117446 -0.167088583
v 0.0235830545 -0.468117446 -0.174097314
v -0.00788221322 -0.468117446 -0.175510406
v -0.0390941389 -0.468117446 -0.17128247
v -0.0690495521 -0.468117446 -0.16154936
v -0.0967856497 -0.468117446 -0.146623939
v -0.121410981 -0.468117446 -0.126985893
v -0.14213407 -0.468117446 -0.103266388
v -0.158288836 -0.468117446 -0.0762278587
v -0.169356093 -0.468117446 -0.0467392765
v -0.174980104 -0.468117446 -0.0157484654
v -0.174980104 -0.468117446 0.0157485232
v -0.169356123 -0.468117446 0.0467393436
v -0.158288866 -0.468117446 0.0762279257
v -0.14213407 -0.468117416 0.103266478
v -0.121410988 -0.468117416 0.126985967
v -0.0967856497 -0.468117416 0.146624029
v -0.0690495372 -0.468117416 0.161549449
v -0.0390941203 -0.468117416 0.171282575
v -0.00788218435 -0.468117416 0.175510496
v 0.0235830918 -0.468117416 0.174097389
v 0.0542903841 -0.468117416 0.167088658
v 0.0832527578 -0.468117416 0.154709563
v 0.109539308 -0.468117416 0.13735798
v 0.132305175 -0.468117416 0.115591571
v 0.150818646 -0.468117446 0.0901099667
v 0.164484695 -0.468117446 0.0617321506
v 0.17286405 -0.468117446 0.0313702188
v 0.175687432 -0.468117446 2.0462064e-08
v 0.172863945 -0.468117446 -0.0313702151
v 0.213455409 -0.450484425 -0.0387364924
v 0.203108445 -0.450484425 -0.0762279108
v 0.186233386 -0.450484425 -0.11126931
v 0.163372651 -0.450484425 -0.142734423
v 0.135260954 -0.450484455 -0.169611931
v 0.102801874 -0.450484455 -0.191037953
v 0.0670386478 -0.450484455 -0.206323892
v 0.0291207675 -0.450484455 -0.214978397
v -0.00973309297 -0.450484455 -0.216723323
v -0.0482741259 -0.450484455 -0.211502597
v -0.0852635875 -0.450484455 -0.199483961
v -0.119512603 -0.450484455 -0.181053787
v -0.149920389 -0.450484455 -0.156804383
v -0.175509602 -0.450484425 -0.127515152
v -0.195457801 -0.450484425 -0.0941274911
v -0.209123835 -0.450484425 -0.0577144809
v -0.216068476 -0.450484425 -0.0194464847
v -0.216068476 -0.450484425 0.0194465462
v -0.20912388 -0.450484425 0.0577145517
v -0.195457816 -0.450484425 0.0941275656
v -0.175509632 -0.450484425 0.127515256
v -0.149920404 -0.450484425 0.156804472
v -0.119512603 -0.450484425 0.181053892
v -0.0852635801 -0.450484425 0.199484065
v -0.0482740961 -0.450484425 0.211502701
v -0.00973305758 -0.450484425 0.216723427
v 0.0291208141 -0.450484425 0.214978486
v 0.0670387149 -0.450484425 0.206323981
v 0.102801941 -0.450484425 0.191038057
v 0.135261029 -0.450484425 0.169612005
v 0.163372725 -0.450484425 0.142734483
v 0.186233476 -0.450484425 0.111269362
v 0.203108564 -0.450484425 0.0762279332
v 0.213455528 -0.450484425 0.0387364849
v 0.216941878 -0.450484425 1.9691301e-08
v 0.213455409 -0.450484425 -0.0387364924
v 0.252328247 -0.429224402 -0.0457908884
v 0.240096956 -0.429224402 -0.0901099518
v 0.220148757 -0.429224402 -0.131532818
v 0.193124786 -0.429224402 -0.168728083
v 0.159893632 -0.429224402 -0.200500309
v 0.12152335 -0.429224402 -0.225828305
v 0.0792472139 -0.429224402 -0.243897989
v 0.0344240107 -0.429224402 -0.254128575
v -0.0115056084 -0.429224402 -0.256191283
v -0.0570654348 -0.429224402 -0.250019789
v -0.100791119 -0.429224402 -0.235812441
v -0.141277313 -0.429224402 -0.214025885
v -0.177222714 -0.429224402 -0.185360372
v -0.207472056 -0.429224402 -0.150737226
v -0.231053069 -0.429224402 -0.111269258
v -0.24720785 -0.429224402 -0.0682249963
v -0.255417168 -0.429224402 -0.0229879301
v -0.255417198 -0.429224402 0.0229879934
v -0.247207865 -0.429224402 0.0682250708
v -0.231053084 -0.429224402 0.11126934
v -0.207472056 -0.429224402 0.150737315
v -0.177222744 -0.429224402 0.185360491
v -0.141277313 -0.429224402 0.214026019
v -0.100791104 -0.429224402 0.235812545
v -0.0570654012 -0.429224402 0.250019908
v -0.0115055656 -0.429224402 0.256191373
v 0.0344240703 -0.429224402 0.254128695
v 0.079247281 -0.429224402 0.243898109
v 0.121523425 -0.429224402 0.225828394
v 0.159893706 -0.429224402 0.200500429
v 0.19312489 -0.429224402 0.168728158
v 0.220148891 -0.429224402 0.131532848
v 0.240097091 -0.429224402 0.0901099592
v 0.252328426 -0.429224402 0.0457908735
v 0.25644964 -0.429224402 1.87619964e-08
v 0.252328247 -0.429224402 -0.0457908884
v 0.28916949 -0.404508501 -0.0524765961
v 0.275152355 -0.404508501 -0.103266485
v 0.25229162 -0.404508501 -0.150737301
v 0.221322015 -0.404508501 -0.193363264
v 0.183238924 -0.404508501 -0.22977443
v 0.139266387 -0.404508501 -0.258800417
v 0.0908177271 -0.404508501 -0.279508352
v 0.0394500978 -0.404508501 -0.291232705
v -0.0131854881 -0.404508501 -0.293596536
v -0.0653972849 -0.404508501 -0.286523968
v -0.115507148 -0.404508501 -0.270242304
v -0.161904529 -0.404508501 -0.245274767
v -0.203098148 -0.404508501 -0.21242398
v -0.237764075 -0.404508501 -0.172745645
v -0.264788002 -0.404508501 -0.127515152
v -0.283301473 -0.404508501 -0.0781862065
v -0.29270941 -0.404508501 -0.02634429
v -0.29270944 -0.404508501 0.0263443571
v -0.283301532 -0.404508501 0.078186281
v -0.264788032 -0.404508501 0.127515227
v -0.237764075 -0.404508501 0.172745749
v -0.203098178 -0.404508471 0.21242407
v -0.161904529 -0.404508471 0.245274901
v -0.115507133 -0.404508471 0.270242423
v -0.0653972477 -0.404508471 0.286524117
v -0.0131854387 -0.404508471 0.293596655
v 0.0394501612 -0.404508471 0.291232824
v 0.0908178017 -0.404508471 0.279508501
v 0.139266491 -0.404508471 0.258800536
v 0.183239028 -0.404508471 0.22977452
v 0.221322134 -0.404508471 0.193363369
v 0.252291739 -0.404508501 0.15073733
v 0.275152504 -0.404508501 0.103266478
v 0.289169639 -0.404508501 0.0524765737
v 0.293892622 -0.404508501 1.76816286e-08
v 0.28916949 -0.404508501 -0.0524765961
v 0.323682487 -0.376535714 -0.0587397926
v 0.307992369 -0.376535773 -0.115591556
v 0.282403141 -0.376535773 -0.168728098
v 0.247737259 -0.376535773 -0.216441587
v 0.205108866 -0.376535773 -0.257198483
v 0.155888125 -0.376535773 -0.289688826
v 0.101657011 -0.376535773 -0.312868267
v 0.0441585444 -0.376535773 -0.325991899
v -0.0147592034 -0.376535773 -0.328637928
v -0.0732025877 -0.376535773 -0.320721209
v -0.129293159 -0.376535773 -0.302496254
v -0.181228176 -0.376535773 -0.274548829
v -0.227338359 -0.376535773 -0.237777218
v -0.266141713 -0.376535773 -0.193363205
v -0.29639098 -0.376535773 -0.142734349
v -0.317114115 -0.376535773 -0.0875178874
v -0.327644914 -0.376535714 -0.0294885412
v -0.327644914 -0.376535714 0.0294886064
v -0.317114145 -0.376535714 0.0875179768
v -0.2963911 -0.376535714 0.142734438
v -0.266141713 -0.376535714 0.193363309
v -0.227338389 -0.376535714 0.237777323
v -0.181228176 -0.376535714 0.274548978
v -0.129293159 -0.376535714 0.302496403
v -0.0732025504 -0.376535714 0.320721358
v -0.0147591485 -0.376535714 0.328638047
v 0.0441586263 -0.376535714 0.325992048
v 0.101657093 -0.376535714 0.312868416
v 0.155888245 -0.376535714 0.289688945
v 0.205108985 -0.376535714 0.257198572
v 0.247737423 -0.376535714 0.216441691
v 0.28240332 -0.376535714 0.168728143
v 0.307992548 -0.376535714 0.115591548
v 0.323682666 -0.376535714 0.058739759
v 0.328969359 -0.376535714 1.64589e-08
v 0.323682487 -0.376535714 -0.0587397926
v 0.35558942 -0.345531344 -0.0645300597
v 0.33835265 -0.345531344 -0.126985967
v 0.310240984 -0.345531344 -0.185360476
v 0.272157907 -0.345531344 -0.237777308
v 0.225327447 -0.345531344 -0.282551795
v 0.171254769 -0.345531344 -0.318244845
v 0.111677818 -0.345531344 -0.34370923
v 0.0485114679 -0.345531344 -0.358126491
v -0.0162140895 -0.345531344 -0.36103332
v -0.0804185197 -0.345531344 -0.352336287
v -0.142038226 -0.345531344 -0.332314849
v -0.199092716 -0.345531344 -0.301612467
v -0.249748185 -0.345531344 -0.261216074
v -0.292376578 -0.345531344 -0.21242395
v -0.325607717 -0.345531344 -0.156804368
v -0.348373562 -0.345531344 -0.0961449593
v -0.359942466 -0.345531344 -0.0323953703
v -0.359942466 -0.345531344 0.0323954374
v -0.348373592 -0.345531344 0.0961450487
v -0.325607747 -0.345531344 0.156804457
v -0.292376578 -0.345531344 0.21242407
v -0.249748185 -0.345531344 0.261216193
v -0.199092716 -0.345531344 0.301612616
v -0.142038196 -0.345531344 0.332314938
v -0.080418475 -0.345531344 0.352336377
v -0.0162140299 -0.345531344 0.361033529
v 0.0485115498 -0.345531344 0.35812667
v 0.111677922 -0.345531344 0.34370935
v 0.171254903 -0.345531344 0.318244964
v 0.225327581 -0.345531344 0.282551885
v 0.272158056 -0.345531344 0.237777367
v 0.310241133 -0.345531344 0.185360506
v 0.338352859 -0.345531344 0.126985967
v 0.355589598 -0.345531344 0.064530015
v 0.361397386 -0.345531344 1.51036552e-08
v 0.35558942 -0.345531344 -0.0645300597
v 0.384633332 -0.311744958 -0.0698007569
v 0.365988702 -0.311744958 -0.137357965
v 0.335580915 -0.311744958 -0.200500369
v 0.294387251 -0.311744958 -0.257198483
v 0.243731782 -0.311744958 -0.305630088
v 0.185242563 -0.311744988 -0.34423846
v 0.120799467 -0.311744988 -0.37178272
v 0.0524737984 -0.311744988 -0.38737762
v -0.0175384264 -0.311744988 -0.390521884
v -0.0869869515 -0.311744988 -0.381114453
v -0.153639644 -0.311744988 -0.359457612
v -0.215354234 -0.311744988 -0.326247633
v -0.270147145 -0.311744958 -0.282551736
v -0.316257358 -0.311744958 -0.229774341
v -0.352202773 -0.311744958 -0.169611856
v -0.376828045 -0.311744958 -0.103997901
v -0.389341861 -0.311744958 -0.0350413658
v -0.389341891 -0.311744958 0.0350414366
v -0.376828104 -0.311744958 0.10399799
v -0.352202803 -0.311744928 0.169611946
v -0.316257358 -0.311744928 0.22977446
v -0.270147175 -0.311744928 0.282551855
v -0.215354234 -0.311744928 0.326247752
v -0.153639615 -0.311744928 0.359457791
v -0.0869869143 -0.311744928 0.381114572
v -0.0175383613 -0.311744928 0.390522003
v 0.0524738841 -0.311744928 0.387377828
v 0.120799571 -0.311744928 0.371782869
v 0.185242668 -0.311744928 0.344238639
v 0.243731901 -0.311744928 0.305630237
v 0.29438743 -0.311744928 0.257198572
v 0.335581094 -0.311744928 0.200500399
v 0.36598888 -0.311744928 0.137357935
v 0.384633511 -0.311744958 0.0698007047
v 0.390915692 -0.311744958 1.36268055e-08
v 0.384633332 -0.311744958 -0.0698007569
v 0.410580367 -0.275448561 -0.0745094717
v 0.390678048 -0.275448561 -0.146624029
v 0.358218968 -0.275448561 -0.214025989
v 0.314246446 -0.275448561 -0.274548948
v 0.260173768 -0.275448561 -0.326247722
v 0.197738871 -0.275448591 -0.367460549
v 0.128948525 -0.275448591 -0.396862954
v 0.05601364 -0.275448591 -0.413509876
v -0.0187215563 -0.275448591 -0.416866213
v -0.0928550363 -0.275448591 -0.406824142
v -0.164004073 -0.275448591 -0.38370645
v -0.229881898 -0.275448591 -0.348256022
v -0.288371116 -0.275448561 -0.301612467
v -0.337591857 -0.275448561 -0.245274767
v -0.375962108 -0.275448561 -0.181053787
v -0.402248651 -0.275448561 -0.111013539
v -0.415606648 -0.275448561 -0.0374052376
v -0.415606648 -0.275448561 0.0374053046
v -0.402248681 -0.275448561 0.111013614
v -0.375962138 -0.275448561 0.181053892
v -0.337591857 -0.275448561 0.245274886
v -0.288371116 -0.275448561 0.301612616
v -0.229881898 -0.275448561 0.34825623
v -0.164004043 -0.275448561 0.383706599
v -0.0928549841 -0.275448561 0.406824291
v -0.0187214855 -0.275448561 0.416866392
v 0.0560137369 -0.275448561 0.413509965
v 0.128948629 -0.275448561 0.396863133
v 0.197739005 -0.275448561 0.367460698
v 0.260173917 -0.275448561 0.326247811
v 0.314246625 -0.275448561 0.274549037
v 0.358219147 -0.275448561 0.214026034
v 0.390678257 -0.275448561 0.146624014
v 0.410580605 -0.275448561 0.0745094121
v 0.417286605 -0.275448561 1.20402399e-08
v 0.410580367 -0.275448561 -0.0745094717
v 0.433221728 -0.236934394 -0.0786182657
v 0.412221819 -0.236934409 -0.154709563
v 0.377972841 -0.236934409 -0.225828364
v 0.331575483 -0.236934409 -0.289688855
v 0.274520963 -0.236934409 -0.34423852
v 0.208643109 -0.236934409 -0.387724072
v 0.136059344 -0.236934409 -0.418747813
v 0.059102498 -0.236934409 -0.436312765
v -0.0197539497 -0.236934409 -0.439854175
v -0.0979754999 -0.236934409 -0.429258347
v -0.173048019 -0.236934409 -0.404865801
v -0.242558628 -0.236934409 -0.367460519
v -0.304273218 -0.236934409 -0.318244785
v -0.356208235 -0.236934409 -0.258800387
v -0.396694362 -0.236934409 -0.191037923
v -0.424430549 -0.236934394 -0.117135346
v -0.438525051 -0.236934394 -0.0394679382
v -0.438525081 -0.236934394 0.0394680053
v -0.424430579 -0.236934394 0.117135428
v -0.396694452 -0.236934394 0.191038013
v -0.356208265 -0.236934394 0.258800477
v -0.304273248 -0.236934379 0.318244904
v -0.242558628 -0.236934379 0.367460668
v -0.173047975 -0.236934379 0.404865921
v -0.0979754329 -0.236934379 0.429258496
v -0.0197538771 -0.236934379 0.439854264
v 0.0591025911 -0.236934379 0.436312854
v 0.136059463 -0.236934379 0.418747991
v 0.208643258 -0.236934379 0.387724191
v 0.274521112 -0.236934379 0.344238639
v 0.331575632 -0.236934394 0.289688945
v 0.37797302 -0.236934394 0.225828379
v 0.412222058 -0.236934394 0.154709533
v 0.433221936 -0.236934394 0.0786181986
v 0.440297723 -0.236934394 1.03567324e-08
v 0.433221728 -0.236934394 -0.0786182657
v 0.452374995 -0.196512565 -0.0820940956
v 0.430446714 -0.196512565 -0.161549479
v 0.39468348 -0.196512565 -0.23581253
v 0.346234858 -0.196512565 -0.302496344
v 0.2866579 -0.196512565 -0.359457731
v 0.217867509 -0.19651258 -0.404865831
v 0.142074704 -0.19651258 -0.437261224
v 0.0617154986 -0.19651258 -0.455602676
v -0.0206272956 -0.19651258 -0.459300697
v -0.102307118 -0.19651258 -0.448236376
v -0.180698678 -0.19651258 -0.422765434
v -0.253282487 -0.196512565 -0.38370645
v -0.317725539 -0.196512565 -0.332314789
v -0.371956676 -0.196512565 -0.270242274
v -0.414232761 -0.196512565 -0.199483946
v -0.443195164 -0.196512565 -0.122314043
v -0.457912862 -0.196512565 -0.0412128679
v -0.457912862 -0.196512565 0.0412129387
v -0.443195194 -0.19651255 0.122314125
v -0.41423282 -0.19651255 0.19948405
v -0.371956676 -0.19651255 0.270242393
v -0.317725569 -0.19651255 0.332314909
v -0.253282487 -0.19651255 0.383706599
v -0.180698663 -0.19651255 0.422765583
v -0.102307051 -0.19651255 0.448236585
v -0.020627223 -0.19651255 0.459300846
v 0.0617155917 -0.19651255 0.455602825
v 0.142074808 -0.19651255 0.437261403
v 0.217867658 -0.19651255 0.40486598
v 0.286658049 -0.19651255 0.35945785
v 0.346235037 -0.19651255 0.302496463
v 0.394683689 -0.19651255 0.235812545
v 0.430446923 -0.19651255 0.161549434
v 0.452375263 -0.19651255 0.0820940211
v 0.459763885 -0.196512565 8.58983729e-09
v 0.452374995 -0.196512565 -0.0820940956
v 0.46788606 -0.154508531 -0.0849089324
v 0.445205867 -0.154508546 -0.167088702
v 0.408216387 -0.154508546 -0.243898094
v 0.358106524 -0.154508546 -0.312868357
v 0.296486795 -0.154508546 -0.371782839
v 0.225337759 -0.154508546 -0.418747872
v 0.146946147 -0.154508546 -0.452254027
v 0.0638315976 -0.154508546 -0.471224368
v -0.0213345643 -0.154508546 -0.475049198
v -0.105815023 -0.154508546 -0.463605523
v -0.186894491 -0.154508546 -0.437261224
v -0.261967033 -0.154508546 -0.396862954
v -0.328619689 -0.154508546 -0.34370923
v -0.384710312 -0.154508546 -0.279508352
v -0.428435981 -0.154508546 -0.206323847
v -0.458391428 -0.154508531 -0.126507938
v -0.473613769 -0.154508531 -0.0426259749
v -0.473613828 -0.154508531 0.0426260419
v -0.458391488 -0.154508531 0.126508042
v -0.428436041 -0.154508531 0.206323951
v -0.384710342 -0.154508531 0.279508471
v -0.328619719 -0.154508516 0.34370935
v -0.261967033 -0.154508516 0.396863133
v -0.186894462 -0.154508516 0.437261403
v -0.105814964 -0.154508516 0.463605732
v -0.0213344879 -0.154508516 0.475049376
v 0.0638317093 -0.154508516 0.471224546
v 0.146946281 -0.154508516 0.452254176
v 0.225337908 -0.154508516 0.418748051
v 0.296486974 -0.154508516 0.371782959
v 0.358106732 -0.154508516 0.312868446
v 0.408216625 -0.154508531 0.243898109
v 0.445206106 -0.154508531 0.167088643
v 0.467886269 -0.154508531 0.0849088505
v 0.47552827 -0.154508531 6.75378242e-09
v 0.46788606 -0.154508531 -0.0849089324
v 0.479629934 -0.111260489 -0.0870401412
v 0.456380486 -0.111260489 -0.171282589
v 0.418462574 -0.111260504 -0.250019908
v 0.367094964 -0.111260504 -0.320721358
v 0.303928584 -0.111260504 -0.381114542
v 0.230993688 -0.111260511 -0.429258376
v 0.150634483 -0.111260511 -0.463605583
v 0.065433763 -0.111260511 -0.483052075
v -0.0218700599 -0.111260511 -0.486972898
v -0.108470961 -0.111260511 -0.475242049
v -0.191585526 -0.111260511 -0.448236436
v -0.268542379 -0.111260511 -0.406824142
v -0.336868018 -0.111260504 -0.352336317
v -0.394366533 -0.111260504 -0.286523938
v -0.439189732 -0.111260504 -0.211502567
v -0.469897002 -0.111260489 -0.129683301
v -0.485501438 -0.111260489 -0.0436958894
v -0.485501438 -0.111260481 0.043695949
v -0.469897032 -0.111260481 0.129683375
v -0.439189762 -0.111260481 0.211502671
v -0.394366533 -0.111260474 0.286524087
v -0.336868048 -0.111260474 0.352336437
v -0.268542379 -0.111260474 0.406824291
v -0.191585496 -0.111260474 0.448236585
v -0.108470909 -0.111260459 0.475242168
v -0.0218699817 -0.111260459 0.486973047
v 0.0654338822 -0.111260459 0.483052224
v 0.150634617 -0.111260474 0.463605732
v 0.230993882 -0.111260474 0.429258525
v 0.303928763 -0.111260474 0.381114662
v 0.367095172 -0.111260474 0.320721447
v 0.418462843 -0.111260481 0.250019908
v 0.456380725 -0.111260481 0.17128256
v 0.479630202 -0.111260481 0.0870400444
v 0.487463981 -0.111260489 4.86335061e-09
v 0.479629934 -0.111260489 -0.0870401412
v 0.487512141 -0.067116648 -0.0884705558
v 0.463880628 -0.067116648 -0.174097449
v 0.42533955 -0.067116648 -0.254128695
v 0.373127759 -0.0671166554 -0.325992048
v 0.308923334 -0.0671166629 -0.387377709
v 0.234789833 -0.0671166629 -0.436312795
v 0.153109998 -0.0671166629 -0.471224397
v 0.0665090904 -0.0671166629 -0.49099049
v -0.0222294703 -0.0671166629 -0.494975746
v -0.110253565 -0.0671166629 -0.483052075
v -0.194734022 -0.0671166629 -0.455602676
v -0.272955567 -0.0671166629 -0.413509876
v -0.342404068 -0.0671166554 -0.358126491
v -0.400847524 -0.0671166554 -0.291232675
v -0.446407288 -0.067116648 -0.214978367
v -0.477619261 -0.067116648 -0.131814495
v -0.493480116 -0.067116648 -0.0444139875
v -0.493480116 -0.0671166405 0.0444140434
v -0.47761929 -0.0671166405 0.131814569
v -0.446407348 -0.0671166331 0.214978471
v -0.400847554 -0.0671166256 0.291232795
v -0.342404097 -0.0671166256 0.35812667
v -0.272955567 -0.0671166256 0.413510025
v -0.194733977 -0.0671166256 0.455602825
v -0.110253505 -0.0671166256 0.483052224
v -0.0222293902 -0.0671166256 0.494975895
v 0.0665092021 -0.0671166256 0.490990669
v 0.153110132 -0.0671166256 0.471224517
v 0.234789982 -0.0671166256 0.436312944
v 0.308923513 -0.0671166256 0.387377888
v 0.373127967 -0.0671166256 0.325992137
v 0.425339818 -0.0671166331 0.254128695
v 0.463880837 -0.0671166331 0.174097389
v 0.48751241 -0.0671166405 0.088470459
v 0.495474905 -0.0671166405 2.93376168e-09
v 0.487512141 -0.067116648 -0.0884705558
v 0.491469115 -0.0224324055 -0.0891886503
v 0.467645794 -0.0224324111 -0.175510556
v 0.428791881 -0.022432413 -0.256191403
v 0.37615636 -0.0224324185 -0.328638047
v 0.311430782 -0.0224324204 -0.390522003
v 0.236695558 -0.0224324223 -0.439854234
v 0.154352754 -0.0224324223 -0.475049257
v 0.0670489296 -0.0224324241 -0.494975746
v -0.0224099047 -0.0224324241 -0.498993337
v -0.111148462 -0.0224324241 -0.486972898
v -0.196314618 -0.0224324223 -0.459300727
v -0.275171071 -0.0224324204 -0.416866213
v -0.345183253 -0.0224324185 -0.36103332
v -0.404101014 -0.0224324148 -0.293596536
v -0.450030684 -0.022432413 -0.216723308
v -0.481495976 -0.0224324092 -0.132884398
v -0.497485548 -0.0224324036 -0.0447744839
v -0.497485578 -0.0224324018 0.044774536
v -0.481496006 -0.0224323962 0.132884473
v -0.450030714 -0.0224323943 0.216723397
v -0.404101074 -0.0224323887 0.293596655
v -0.345183283 -0.0224323869 0.361033469
v -0.275171071 -0.022432385 0.416866392
v -0.196314603 -0.0224323813 0.459300846
v -0.111148402 -0.0224323813 0.486973047
v -0.0224098209 -0.0224323794 0.498993486
v 0.0670490414 -0.0224323813 0.494975895
v 0.154352888 -0.0224323813 0.475049406
v 0.236695707 -0.022432385 0.439854354
v 0.311430961 -0.022432385 0.390522122
v 0.376156539 -0.0224323887 0.328638107
v 0.428792149 -0.0224323925 0.256191403
v 0.467646033 -0.0224323943 0.175510496
v 0.491469413 -0.0224323981 0.0891885459
v 0.499496549 -0.0224324036 9.80551418e-10
v 0.491469115 -0.0224324055 -0.0891886503
v 0.467645794 0.0224323943 -0.175510556
v 0.491469115 0.0224323981 -0.0891886503
v 0.428791881 0.0224323925 -0.256191403
v 0.37615636 0.0224323887 -0.328638047
v 0.311430782 0.022432385 -0.390522003
v 0.236695558 0.022432385 -0.439854234
v 0.154352754 0.0224323813 -0.475049257
v 0.0670489296 0.0224323813 -0.494975746
v -0.0224099047 0.0224323794 -0.498993337
v -0.111148462 0.0224323813 -0.486972898
v -0.196314618 0.0224323813 -0.459300727
v -0.275171071 0.022432385 -0.416866213
v -0.345183253 0.0224323869 -0.36103332
v -0.404101014 0.0224323887 -0.293596536
v -0.450030684 0.0224323943 -0.216723308
v -0.481495976 0.0224323962 -0.132884398
v -0.497485548 0.0224324018 -0.0447744839
v -0.497485578 0.0224324036 0.044774536
v -0.481496006 0.0224324092 0.132884473
v -0.450030714 0.022432413 0.216723397
v -0.404101074 0.0224324148 0.293596655
v -0.345183283 0.0224324185 0.361033469
v -0.275171071 0.0224324204 0.416866392
v -0.196314603 0.0224324223 0.459300846
v -0.111148402 0.0224324241 0.486973047
v -0.0224098209 0.0224324241 0.498993486
v 0.0670490414 0.0224324241 0.494975895
v 0.154352888 0.0224324223 0.475049406
v 0.236695707 0.0224324223 0.439854354
v 0.311430961 0.0224324204 0.390522122
v 0.376156539 0.0224324185 0.328638107
v 0.428792149 0.022432413 0.256191403
v 0.467646033 0.0224324111 0.175510496
v 0.491469413 0.0224324055 0.0891885459
v 0.499496549 0.0224324036 -9.80551418e-10
v 0.491469115 0.0224323981 -0.0891886503
v 0.463880628 0.0671166331 -0.174097449
v 0.487512141 0.0671166405 -0.0884705558
v 0.42533955 0.0671166331 -0.254128695
v 0.373127759 0.0671166256 -0.325992048
v 0.308923334 0.0671166256 -0.387377769
v 0.234789833 0.0671166256 -0.436312824
v 0.153109998 0.0671166256 -0.471224397
v 0.0665090904 0.0671166256 -0.49099049
v -0.0222294703 0.0671166256 -0.494975746
v -0.110253565 0.0671166256 -0.483052075
v -0.194734022 0.0671166256 -0.455602735
v -0.272955567 0.0671166256 -0.413509876
v -0.342404068 0.0671166256 -0.358126521
v -0.400847524 0.0671166256 -0.291232675
v -0.446407288 0.0671166331 -0.214978397
v -0.477619261 0.0671166405 -0.131814495
v -0.493480116 0.0671166405 -0.0444139913
v -0.493480116 0.067116648 0.0444140397
v -0.47761929 0.067116648 0.131814569
v -0.446407348 0.067116648 0.214978471
v -0.400847554 0.0671166554 0.291232795
v -0.342404097 0.0671166554 0.358126611
v -0.272955567 0.0671166629 0.413510025
v -0.194733977 0.0671166629 0.455602825
v -0.110253505 0.0671166629 0.483052224
v -0.0222293902 0.0671166629 0.494975895
v 0.0665092021 0.0671166629 0.490990609
v 0.153110132 0.0671166629 0.471224517
v 0.234789982 0.0671166629 0.436312944
v 0.308923513 0.0671166629 0.387377858
v 0.373127967 0.0671166554 0.325992078
v 0.425339818 0.067116648 0.254128695
v 0.463880837 0.067116648 0.174097389
v 0.48751241 0.067116648 0.0884704515
v 0.495474905 0.0671166405 -2.93376168e-09
v 0.487512141 0.0671166405 -0.0884705558
v 0.456380486 0.111260481 -0.171282619
v 0.479629934 0.111260481 -0.0870401487
v 0.418462574 0.111260481 -0.250019908
v 0.367094964 0.111260474 -0.320721358
v 0.303928584 0.111260474 -0.381114542
v 0.230993688 0.111260474 -0.429258436
v 0.150634483 0.111260474 -0.463605583
v 0.065433763 0.111260459 -0.483052075
v -0.0218700599 0.111260459 -0.486972898
v -0.108470961 0.111260459 -0.475242049
v -0.191585526 0.111260474 -0.448236436
v -0.268542379 0.111260474 -0.406824201
v -0.336868018 0.111260474 -0.352336317
v -0.394366533 0.111260474 -0.286523968
v -0.439189732 0.111260481 -0.211502597
v -0.469897002 0.111260481 -0.129683316
v -0.485501438 0.111260481 -0.0436958969
v -0.485501438 0.111260489 0.0436959416
v -0.469897032 0.111260489 0.129683375
v -0.439189762 0.111260504 0.211502671
v -0.394366533 0.111260504 0.286524087
v -0.336868048 0.111260504 0.352336437
v -0.268542379 0.111260511 0.406824291
v -0.191585496 0.111260511 0.448236585
v -0.108470909 0.111260511 0.475242168
v -0.0218699817 0.111260511 0.486973047
v 0.0654338822 0.111260511 0.483052224
v 0.150634617 0.111260511 0.463605732
v 0.230993882 0.111260511 0.429258525
v 0.303928763 0.111260504 0.381114662
v 0.367095172 0.111260504 0.320721388
v 0.418462843 0.111260504 0.250019908
v 0.456380725 0.111260489 0.171282545
v 0.479630202 0.111260489 0.0870400369
v 0.487463981 0.111260489 -4.86335061e-09
v 0.479629934 0.111260481 -0.0870401487
v 0.445205867 0.154508531 -0.167088702
v 0.46788606 0.154508531 -0.0849089399
v 0.408216387 0.154508531 -0.243898109
v 0.358106524 0.154508516 -0.312868387
v 0.296486795 0.154508516 -0.371782839
v 0.225337759 0.154508516 -0.418747932
v 0.146946147 0.154508516 -0.452254057
v 0.0638315976 0.154508516 -0.471224397
v -0.0213345643 0.154508516 -0.475049198
v -0.105815023 0.154508516 -0.463605583
v -0.186894491 0.154508516 -0.437261224
v -0.261967033 0.154508516 -0.396862954
v -0.328619689 0.154508516 -0.34370923
v -0.384710312 0.154508531 -0.279508352
v -0.428435981 0.154508531 -0.206323877
v -0.458391428 0.154508531 -0.126507953
v -0.473613769 0.154508531 -0.0426259898
v -0.473613828 0.154508531 0.042626027
v -0.458391488 0.154508531 0.126508027
v -0.428436041 0.154508546 0.206323922
v -0.384710342 0.154508546 0.279508442
v -0.328619719 0.154508546 0.34370935
v -0.261967033 0.154508546 0.396863103
v -0.186894462 0.154508546 0.437261343
v -0.105814964 0.154508546 0.463605702
v -0.0213344879 0.154508546 0.475049376
v 0.0638317093 0.154508546 0.471224517
v 0.146946281 0.154508546 0.452254146
v 0.225337908 0.154508546 0.418748021
v 0.296486974 0.154508546 0.371782959
v 0.358106732 0.154508546 0.312868416
v 0.408216625 0.154508546 0.243898094
v 0.445206106 0.154508546 0.167088643
v 0.467886269 0.154508531 0.0849088356
v 0.47552827 0.154508531 -6.75378242e-09
v 0.46788606 0.154508531 -0.0849089399
v 0.430446714 0.19651255 -0.161549494
v 0.452374995 0.19651255 -0.082094118
v 0.39468348 0.19651255 -0.235812545
v 0.346234858 0.19651255 -0.302496374
v 0.2866579 0.19651255 -0.359457731
v 0.217867509 0.19651255 -0.404865861
v 0.142074704 0.19651255 -0.437261224
v 0.0617154986 0.19651255 -0.455602676
v -0.0206272956 0.19651255 -0.459300727
v -0.102307118 0.19651255 -0.448236436
v -0.180698678 0.19651255 -0.422765464
v -0.253282487 0.19651255 -0.38370645
v -0.317725539 0.19651255 -0.332314789
v -0.371956676 0.19651255 -0.270242304
v -0.414232761 0.19651255 -0.199483961
v -0.443195164 0.19651255 -0.122314066
v -0.457912862 0.196512565 -0.0412128866
v -0.457912862 0.196512565 0.0412129201
v -0.443195194 0.196512565 0.12231411
v -0.41423282 0.196512565 0.19948402
v -0.371956676 0.196512565 0.270242393
v -0.317725569 0.196512565 0.332314909
v -0.253282487 0.196512565 0.383706599
v -0.180698663 0.19651258 0.422765583
v -0.102307051 0.19651258 0.448236555
v -0.020627223 0.19651258 0.459300846
v 0.0617155917 0.19651258 0.455602795
v 0.142074808 0.19651258 0.437261343
v 0.217867658 0.19651258 0.40486595
v 0.286658049 0.196512565 0.35945785
v 0.346235037 0.196512565 0.302496403
v 0.394683689 0.196512565 0.23581253
v 0.430446923 0.196512565 0.161549419
v 0.452375263 0.196512565 0.0820939988
v 0.459763885 0.196512565 -8.58983729e-09
v 0.452374995 0.19651255 -0.082094118
v 0.412221819 0.236934394 -0.154709592
v 0.433221728 0.236934394 -0.0786182955
v 0.377972841 0.236934394 -0.225828379
v 0.331575483 0.236934394 -0.289688885
v 0.274520963 0.236934379 -0.34423852
v 0.208643109 0.236934379 -0.387724072
v 0.136059344 0.236934379 -0.418747813
v 0.059102498 0.236934379 -0.436312765
v -0.0197539497 0.236934379 -0.439854175
v -0.0979754999 0.236934379 -0.429258347
v -0.173048019 0.236934379 -0.404865801
v -0.242558628 0.236934379 -0.367460519
v -0.304273218 0.236934379 -0.318244815
v -0.356208235 0.236934394 -0.258800387
v -0.396694362 0.236934394 -0.191037938
v -0.424430549 0.236934394 -0.117135361
v -0.438525051 0.236934394 -0.0394679606
v -0.438525081 0.236934394 0.0394679867
v -0.424430579 0.236934394 0.117135398
v -0.396694452 0.236934409 0.191037998
v -0.356208265 0.236934409 0.258800477
v -0.304273248 0.236934409 0.318244904
v -0.242558628 0.236934409 0.367460638
v -0.173047975 0.236934409 0.404865921
v -0.0979754329 0.236934409 0.429258496
v -0.0197538771 0.236934409 0.439854264
v 0.0591025911 0.236934409 0.436312854
v 0.136059463 0.236934409 0.418747991
v 0.208643258 0.236934409 0.387724191
v 0.274521112 0.236934409 0.344238639
v 0.331575632 0.236934409 0.289688915
v 0.37797302 0.236934409 0.225828364
v 0.412222058 0.236934409 0.154709518
v 0.433221936 0.236934394 0.0786181837
v 0.440297723 0.236934394 -1.03567324e-08
v 0.433221728 0.236934394 -0.0786182955
v 0.410580367 0.275448561 -0.074509494
v 0.390678048 0.275448561 -0.146624058
v 0.358218968 0.275448561 -0.214026034
v 0.314246446 0.275448561 -0.274548978
v 0.260173768 0.275448561 -0.326247752
v 0.197738871 0.275448561 -0.367460608
v 0.128948525 0.275448561 -0.396863014
v 0.05601364 0.275448561 -0.413509876
v -0.0187215563 0.275448561 -0.416866273
v -0.0928550363 0.275448561 -0.406824201
v -0.164004073 0.275448561 -0.38370648
v -0.229881898 0.275448561 -0.348256081
v -0.288371116 0.275448561 -0.301612496
v -0.337591857 0.275448561 -0.245274797
v -0.375962108 0.275448561 -0.181053817
v -0.402248651 0.275448561 -0.111013554
v -0.415606648 0.275448561 -0.0374052636
v -0.415606648 0.275448561 0.0374052823
v -0.402248681 0.275448561 0.111013591
v -0.375962138 0.275448561 0.181053847
v -0.337591857 0.275448561 0.245274872
v -0.288371116 0.275448561 0.301612586
v -0.229881898 0.275448591 0.348256201
v -0.164004043 0.275448591 0.38370654
v -0.0928549841 0.275448591 0.406824261
v -0.0187214855 0.275448591 0.416866332
v 0.0560137369 0.275448591 0.413509965
v 0.128948629 0.275448591 0.396863103
v 0.197739005 0.275448591 0.367460668
v 0.260173917 0.275448561 0.326247782
v 0.314246625 0.275448561 0.274548978
v 0.358219147 0.275448561 0.214025989
v 0.390678257 0.275448561 0.146623999
v 0.410580605 0.275448561 0.0745093897
v 0.417286605 0.275448561 -1.20402399e-08
v 0.410580367 0.275448561 -0.074509494
v 0.384633332 0.311744958 -0.0698007867
v 0.365988702 0.311744928 -0.13735798
v 0.335580915 0.311744928 -0.200500399
v 0.294387251 0.311744928 -0.257198513
v 0.243731782 0.311744928 -0.305630118
v 0.185242563 0.311744928 -0.34423852
v 0.120799467 0.311744928 -0.37178275
v 0.0524737984 0.311744928 -0.38737765
v -0.0175384264 0.311744928 -0.390521884
v -0.0869869515 0.311744928 -0.381114453
v -0.153639644 0.311744928 -0.359457672
v -0.215354234 0.311744928 -0.326247633
v -0.270147145 0.311744928 -0.282551736
v -0.316257358 0.311744928 -0.229774386
v -0.352202773 0.311744928 -0.169611886
v -0.376828045 0.311744958 -0.103997923
v -0.389341861 0.311744958 -0.0350413956
v -0.389341891 0.311744958 0.0350414068
v -0.376828104 0.311744958 0.103997968
v -0.352202803 0.311744958 0.169611931
v -0.316257358 0.311744958 0.22977443
v -0.270147175 0.311744958 0.282551795
v -0.215354234 0.311744988 0.326247752
v -0.153639615 0.311744988 0.359457791
v -0.0869869143 0.311744988 0.381114572
v -0.0175383613 0.311744988 0.390522003
v 0.0524738841 0.311744988 0.387377769
v 0.120799571 0.311744988 0.371782839
v 0.185242668 0.311744988 0.344238579
v 0.243731901 0.311744958 0.305630177
v 0.29438743 0.311744958 0.257198572
v 0.335581094 0.311744958 0.200500369
v 0.36598888 0.311744958 0.137357906
v 0.384633511 0.311744958 0.0698006749
v 0.390915692 0.311744958 -1.36268055e-08
v 0.384633332 0.311744958 -0.0698007867
v 0.35558942 0.345531344 -0.0645300895
v 0.33835265 0.345531344 -0.126985997
v 0.310240984 0.345531344 -0.185360506
v 0.272157907 0.345531344 -0.237777323
v 0.225327447 0.345531344 -0.282551795
v 0.171254769 0.345531344 -0.318244845
v 0.111677818 0.345531344 -0.34370926
v 0.0485114679 0.345531344 -0.358126521
v -0.0162140895 0.345531344 -0.36103335
v -0.0804185197 0.345531344 -0.352336317
v -0.142038226 0.345531344 -0.332314849
v -0.199092716 0.345531344 -0.301612496
v -0.249748185 0.345531344 -0.261216074
v -0.292376578 0.345531344 -0.212423995
v -0.325607717 0.345531344 -0.156804398
v -0.348373562 0.345531344 -0.0961449891
v -0.359942466 0.345531344 -0.0323954001
v -0.359942466 0.345531344 0.0323954076
v -0.348373592 0.345531344 0.0961450115
v -0.325607747 0.345531344 0.156804428
v -0.292376578 0.345531344 0.212424025
v -0.249748185 0.345531344 0.261216134
v -0.199092716 0.345531344 0.301612556
v -0.142038196 0.345531344 0.332314909
v -0.080418475 0.345531344 0.352336377
v -0.0162140299 0.345531344 0.361033469
v 0.0485115498 0.345531344 0.358126611
v 0.111677922 0.345531344 0.34370935
v 0.171254903 0.345531344 0.318244904
v 0.225327581 0.345531344 0.282551855
v 0.272158056 0.345531344 0.237777352
v 0.310241133 0.345531344 0.185360476
v 0.338352859 0.345531344 0.126985937
v 0.355589598 0.345531344 0.0645299852
v 0.361397386 0.345531344 -1.51036552e-08
v 0.35558942 0.345531344 -0.0645300895
v 0.307992369 0.376535714 -0.115591586
v 0.323682487 0.376535714 -0.0587398261
v 0.282403141 0.376535714 -0.168728143
v 0.247737259 0.376535714 -0.216441631
v 0.205108866 0.376535714 -0.257198513
v 0.155888125 0.376535714 -0.289688855
v 0.101657011 0.376535714 -0.312868297
v 0.0441585444 0.376535714 -0.325991929
v -0.0147592034 0.376535714 -0.328637958
v -0.0732025877 0.376535714 -0.320721239
v -0.129293159 0.376535714 -0.302496314
v -0.181228176 0.376535714 -0.274548888
v -0.227338359 0.376535714 -0.237777248
v -0.266141713 0.376535714 -0.193363234
v -0.29639098 0.376535714 -0.142734379
v -0.317114115 0.376535714 -0.0875179172
v -0.327644914 0.376535714 -0.0294885747
v -0.327644914 0.376535714 0.0294885747
v -0.317114145 0.376535773 0.0875179395
v -0.2963911 0.376535773 0.142734408
v -0.266141713 0.376535773 0.193363264
v -0.227338389 0.376535773 0.237777293
v -0.181228176 0.376535773 0.274548948
v -0.129293159 0.376535773 0.302496374
v -0.0732025504 0.376535773 0.320721328
v -0.0147591485 0.376535773 0.328637987
v 0.0441586263 0.376535773 0.325992048
v 0.101657093 0.376535773 0.312868357
v 0.155888245 0.376535773 0.289688885
v 0.205108985 0.376535773 0.257198542
v 0.247737423 0.376535773 0.216441646
v 0.28240332 0.376535773 0.168728098
v 0.307992548 0.376535773 0.115591519
v 0.323682666 0.376535714 0.0587397255
v 0.328969359 0.376535714 -1.64589e-08
v 0.323682487 0.376535714 -0.0587398261
v 0.28916949 0.404508501 -0.0524766333
v 0.275152355 0.404508501 -0.103266522
v 0.25229162 0.404508501 -0.15073733
v 0.221322015 0.404508471 -0.193363309
v 0.183238924 0.404508471 -0.22977446
v 0.139266387 0.404508471 -0.258800477
v 0.0908177271 0.404508471 -0.279508412
v 0.0394500978 0.404508471 -0.291232735
v -0.0131854881 0.404508471 -0.293596566
v -0.0653972849 0.404508471 -0.286523998
v -0.115507148 0.404508471 -0.270242333
v -0.161904529 0.404508471 -0.245274812
v -0.203098148 0.404508471 -0.21242401
v -0.237764075 0.404508501 -0.17274569
v -0.264788002 0.404508501 -0.127515197
v -0.283301473 0.404508501 -0.0781862438
v -0.29270941 0.404508501 -0.0263443254
v -0.29270944 0.404508501 0.0263443217
v -0.283301532 0.404508501 0.0781862512
v -0.264788032 0.404508501 0.127515197
v -0.237764075 0.404508501 0.17274572
v -0.203098178 0.404508501 0.212424055
v -0.161904529 0.404508501 0.245274872
v -0.115507133 0.404508501 0.270242393
v -0.0653972477 0.404508501 0.286524057
v -0.0131854387 0.404508501 0.293596625
v 0.0394501612 0.404508501 0.291232765
v 0.0908178017 0.404508501 0.279508471
v 0.139266491 0.404508501 0.258800536
v 0.183239028 0.404508501 0.22977449
v 0.221322134 0.404508501 0.193363324
v 0.252291739 0.404508501 0.150737301
v 0.275152504 0.404508501 0.10326644
v 0.289169639 0.404508501 0.0524765365
v 0.293892622 0.404508501 -1.76816286e-08
v 0.28916949 0.404508501 -0.0524766333
v 0.240096956 0.429224402 -0.090109989
v 0.252328247 0.429224402 -0.0457909219
v 0.220148757 0.429224402 -0.131532848
v 0.193124786 0.429224402 -0.168728128
v 0.159893632 0.429224402 -0.200500354
v 0.12152335 0.429224402 -0.22582835
v 0.0792472139 0.429224402 -0.243898034
v 0.0344240107 0.429224402 -0.254128635
v -0.0115056084 0.429224402 -0.256191313
v -0.0570654348 0.429224402 -0.250019819
v -0.100791119 0.429224402 -0.23581247
v -0.141277313 0.429224402 -0.214025915
v -0.177222714 0.429224402 -0.185360417
v -0.207472056 0.429224402 -0.150737256
v -0.231053069 0.429224402 -0.111269295
v -0.24720785 0.429224402 -0.0682250261
v -0.255417168 0.429224402 -0.0229879692
v -0.255417198 0.429224402 0.0229879543
v -0.247207865 0.429224402 0.0682250336
v -0.231053084 0.429224402 0.111269303
v -0.207472056 0.429224402 0.150737286
v -0.177222744 0.429224402 0.185360447
v -0.141277313 0.429224402 0.214025974
v -0.100791104 0.429224402 0.235812515
v -0.0570654012 0.429224402 0.250019848
v -0.0115055656 0.429224402 0.256191343
v 0.0344240703 0.429224402 0.254128635
v 0.079247281 0.429224402 0.243898064
v 0.121523425 0.429224402 0.225828379
v 0.159893706 0.429224402 0.200500399
v 0.19312489 0.429224402 0.168728128
v 0.220148891 0.429224402 0.131532818
v 0.240097091 0.429224402 0.090109922
v 0.252328426 0.429224402 0.0457908362
v 0.25644964 0.429224402 -1.87619964e-08
v 0.252328247 0.429224402 -0.0457909219
v 0.203108445 0.450484425 -0.0762279481
v 0.213455409 0.450484425 -0.0387365296
v 0.186233386 0.450484425 -0.111269362
v 0.163372651 0.450484425 -0.142734468
v 0.135260954 0.450484425 -0.169611976
v 0.102801874 0.450484425 -0.191037998
v 0.0670386478 0.450484425 -0.206323922
v 0.0291207675 0.450484425 -0.214978427
v -0.00973309297 0.450484425 -0.216723368
v -0.0482741259 0.450484425 -0.211502627
v -0.0852635875 0.450484425 -0.199484006
v -0.119512603 0.450484425 -0.181053832
v -0.149920389 0.450484425 -0.156804413
v -0.175509602 0.450484425 -0.127515197
v -0.195457801 0.450484425 -0.0941275284
v -0.209123835 0.450484425 -0.0577145182
v -0.216068476 0.450484425 -0.0194465239
v -0.216068476 0.450484425 0.0194465071
v -0.20912388 0.450484425 0.0577145107
v -0.195457816 0.450484425 0.0941275209
v -0.175509632 0.450484425 0.127515212
v -0.149920404 0.450484455 0.156804442
v -0.119512603 0.450484455 0.181053847
v -0.0852635801 0.450484455 0.19948402
v -0.0482740961 0.450484455 0.211502671
v -0.00973305758 0.450484455 0.216723382
v 0.0291208141 0.450484455 0.214978442
v 0.0670387149 0.450484455 0.206323951
v 0.102801941 0.450484455 0.191038013
v 0.135261029 0.450484455 0.169611976
v 0.163372725 0.450484425 0.142734453
v 0.186233476 0.450484425 0.11126931
v 0.203108564 0.450484425 0.0762278885
v 0.213455528 0.450484425 0.0387364477
v 0.216941878 0.450484425 -1.9691301e-08
v 0.213455409 0.450484425 -0.0387365296
v 0.16448459 0.468117446 -0.061732173
v 0.172863945 0.468117446 -0.0313702561
v 0.150818542 0.468117446 -0.0901099667
v 0.132305101 0.468117416 -0.115591556
v 0.109539233 0.468117416 -0.137357935
v 0.0832526982 0.468117416 -0.154709518
v 0.0542903431 0.468117416 -0.167088628
v 0.0235830545 0.468117416 -0.174097344
v -0.00788221322 0.468117416 -0.175510466
v -0.0390941389 0.468117416 -0.171282515
v -0.0690495521 0.468117416 -0.161549419
v -0.0967856497 0.468117416 -0.146623969
v -0.121410981 0.468117416 -0.126985937
v -0.14213407 0.468117416 -0.10326644
v -0.158288836 0.468117446 -0.0762278959
v -0.169356093 0.468117446 -0.0467393212
v -0.174980104 0.468117446 -0.0157485064
v -0.174980104 0.468117446 0.0157484822
v -0.169356123 0.468117446 0.0467393063
v -0.158288866 0.468117446 0.076227881
v -0.14213407 0.468117446 0.10326644
v -0.121410988 0.468117446 0.126985937
v -0.0967856497 0.468117446 0.146623984
v -0.0690495372 0.468117446 0.161549419
v -0.0390941203 0.468117446 0.171282515
v -0.00788218435 0.468117446 0.175510466
v 0.0235830918 0.468117446 0.174097344
v 0.0542903841 0.468117446 0.167088628
v 0.0832527578 0.468117446 0.154709518
v 0.109539308 0.468117446 0.13735792
v 0.132305175 0.468117446 0.115591533
v 0.150818646 0.468117446 0.0901099294
v 0.164484695 0.468117446 0.0617321096
v 0.17286405 0.468117446 0.0313701779
v 0.175687432 0.468117446 -2.0462064e-08
v 0.172863945 0.468117446 -0.0313702561
v 0.124536417 0.481981426 -0.0467393585
v 0.130880684 0.481981426 -0.0237514041
v 0.114189431 0.481981426 -0.0682250708
v 0.100172319 0.481981426 -0.0875179693
v 0.0829355642 0.481981426 -0.103997983
v 0.0630332008 0.481981426 -0.117135413
v 0.041104909 0.481981426 -0.126507998
v 0.0178554654 0.481981426 -0.131814525
v -0.00596786849 0.481981426 -0.132884443
v -0.0295993928 0.481981426 -0.129683346
v -0.0522795618 0.481981426 -0.122314088
v -0.073279433 0.481981426 -0.111013584
v -0.0919240415 0.481981426 -0.0961450115
v -0.10761413 0.481981426 -0.0781862438
v -0.119845413 0.481981426 -0.0577145182
v -0.128224775 0.481981426 -0.0353878029
v -0.132482886 0.481981426 -0.0119236894
v -0.132482901 0.481981426 0.0119236615
v -0.12822479 0.481981426 0.0353877768
v -0.119845428 0.481981426 0.0577144995
v -0.107614137 0.481981426 0.0781862438
v -0.091924049 0.481981426 0.096145004
v -0.073279433 0.481981426 0.111013576
v -0.052279558 0.481981426 0.122314088
v -0.0295993779 0.481981426 0.129683316
v -0.00596784707 0.481981426 0.132884443
v 0.0178554971 0.481981426 0.131814525
v 0.0411049463 0.481981426 0.126508012
v 0.063033253 0.481981426 0.117135398
v 0.0829356164 0.481981426 0.103997976
v 0.100172378 0.481981426 0.087517947
v 0.114189498 0.481981426 0.0682250336
v 0.124536477 0.481981426 0.0467393026
v 0.130880758 0.481981426 0.0237513352
v 0.133018419 0.481981426 -2.10680788e-08
v 0.130880684 0.481981426 -0.0237514041
v 0.0835855454 0.491964757 -0.0313702263
v 0.087843664 0.491964757 -0.0159413218
v 0.0766409263 0.491964757 -0.0457908735
v 0.0672330111 0.491964757 -0.058739759
v 0.0556641631 0.491964757 -0.0698007047
v 0.042306222 0.491964757 -0.0786181912
v 0.0275885276 0.491964757 -0.0849088356
v 0.0119841155 0.491964757 -0.0884704366
v -0.0040054759 0.491964757 -0.089188531
v -0.0198663287 0.491964757 -0.087040022
v -0.0350886621 0.491964757 -0.0820939913
v -0.0491832159 0.491964757 -0.0745093897
v -0.0616969839 0.491964757 -0.0645299926
v -0.0722277611 0.491964757 -0.0524765477
v -0.0804370716 0.491964757 -0.0387364663
v -0.0860610753 0.491964757 -0.0237513632
v -0.0889190137 0.491964757 -0.00800287258
v -0.0889190212 0.491964757 0.00800283812
v -0.0860610902 0.491964787 0.0237513352
v -0.0804370791 0.491964787 0.0387364402
v -0.0722277611 0.491964787 0.052476529
v -0.0616969876 0.491964787 0.0645299703
v -0.0491832159 0.491964787 0.0745093673
v -0.0350886546 0.491964787 0.0820939839
v -0.0198663194 0.491964787 0.0870400146
v -0.004005461 0.491964787 0.0891885087
v 0.011984135 0.491964787 0.0884704217
v 0.0275885537 0.491964787 0.0849088207
v 0.0423062518 0.491964787 0.0786181763
v 0.0556641966 0.491964787 0.0698006749
v 0.0672330484 0.491964787 0.058739718
v 0.076640971 0.491964787 0.0457908288
v 0.0835855976 0.491964787 0.0313701741
v 0.0878437012 0.491964787 0.0159412585
v 0.0892784372 0.491964757 -2.15044658e-08
v 0.087843664 0.491964757 -0.0159413218
v 0.0419616997 0.497987181 -0.015748525
v 0.0440993533 0.497987181 -0.00800288934
v 0.0384753533 0.497987181 -0.0229879878
v 0.0337523855 0.497987181 -0.0294886008
v 0.027944576 0.497987181 -0.0350414291
v 0.0212386101 0.497987181 -0.0394679941
v 0.0138500202 0.497987181 -0.0426260233
v 0.00601627771 0.497987181 -0.0444140285
v -0.00201083277 0.497987181 -0.0447745211
v -0.00997331459 0.497987181 -0.0436959378
v -0.0176152438 0.497987181 -0.0412129164
v -0.024691008 0.497987181 -0.0374052897
v -0.0309731793 0.497987181 -0.0323954187
v -0.0362598523 0.497987181 -0.0263443403
v -0.0403810963 0.497987181 -0.0194465294
v -0.0432044715 0.497987181 -0.0119236931
v -0.0446392111 0.497987181 -0.00401762128
v -0.0446392111 0.497987181 0.00401758216
v -0.0432044752 0.497987181 0.0119236577
v -0.0403811038 0.497987181 0.0194464941
v -0.0362598523 0.497987181 0.0263443049
v -0.0309731811 0.497987181 0.0323953889
v -0.024691008 0.497987181 0.0374052562
v -0.0176152419 0.497987181 0.0412128828
v -0.009973309 0.497987181 0.0436959043
v -0.00201082532 0.497987181 0.0447744951
v 0.00601628795 0.497987181 0.044413995
v 0.0138500324 0.497987181 0.0426259935
v 0.0212386269 0.497987181 0.0394679643
v 0.0279445928 0.497987181 0.0350413956
v 0.0337524004 0.497987181 0.0294885635
v 0.0384753756 0.497987181 0.022987945
v 0.0419617221 0.497987181 0.0157484766
v 0.0440993831 0.497987181 0.00800283533
v 0.0448196493 0.497987181 -2.17677094e-08
v 0.0440993533 0.497987181 -0.00800288934
v 0 -0.5 2.18556941e-08
v 0 -0.5 2.18556941e-08
v 0 -0.5 2.18556941e-08
v 0 -0.5 2.18556941e-08
v 0 -0.5 2.18556941e-08
v 0 -0.5 2.18556941e-08
v 0 -0.5 2.18556941e-08
v 0 -0.5 2.18556941e-08
v 0 -0.5 2.18556941e-08
v 0 -0.5 2.18556941e-08
v 0 -0.5 2.18556941e-08
v 0 -0.5 2.18556941e-08
v 0 -0.5 2.18556941e-08
v 0 -0.5 2.18556941e-08
v 0 -0.5 2.18556941e-08
v 0 -0.5 2.18556941e-08
v 0 -0.5 2.18556941e-08
v 0 -0.5 2.18556941e-08
v 0 -0.5 2.18556941e-08
v 0 -0.5 2.18556941e-08
v 0 -0.5 2.18556941e-08
v 0 -0.5 2.18556941e-08
v 0 -0.5 2.18556941e-08
v 0 -0.5 2.18556941e-08
v 0 -0.5 2.18556941e-08
v 0 -0.5 2.18556941e-08
v 0 -0.5 2.18556941e-08
v 0 -0.5 2.18556941e-08
v 0 -0.5 2.18556941e-08
v 0 -0.5 2.18556941e-08
v 0 -0.5 2.18556941e-08
v 0 -0.5 2.18556941e-08
v 0 -0.5 2.18556941e-08
v 0 -0.5 2.18556941e-08
v 0 -0.5 2.18556941e-08
v 0 0.5 -2.18556941e-08
v 0 0.5 -2.18556941e-08
v 0 0.5 -2.18556941e-08
v 0 0.5 -2.18556941e-08
v 0 0.5 -2.18556941e-08
v 0 0.5 -2.18556941e-08
v 0 0.5 -2.18556941e-08
v 0 0.5 -2.18556941e-08
v 0 0.5 -2.18556941e-08
v 0 0.5 -2.18556941e-08
v 0 0.5 -2.18556941e-08
v 0 0.5 -2.18556941e-08
v 0 0.5 -2.18556941e-08
v 0 0.5 -2.18556941e-08
v 0 0.5 -2.18556941e-08
v 0 0.5 -2.18556941e-08
v 0 0.5 -2.18556941e-08
v 0 0.5 -2.18556941e-08
v 0 0.5 -2.18556941e-08
v 0 0.5 -2.18556941e-08
v 0 0.5 -2.18556941e-08
v 0 0.5 -2.18556941e-08
v 0 0.5 -2.18556941e-08
v 0 0.5 -2.18556941e-08
v 0 0.5 -2.18556941e-08
v 0 0.5 -2.18556941e-08
v 0 0.5 -2.18556941e-08
v 0 0.5 -2.18556941e-08
v 0 0.5 -2.18556941e-08
v 0 0.5 -2.18556941e-08
v 0 0.5 -2.18556941e-08
v 0 0.5 -2.18556941e-08
v 0 0.5 -2.18556941e-08
v 0 0.5 -2.18556941e-08
v 0 0.5 -2.18556941e-08
vt 0 0.0571428537
vt 0.0285714287 0.0285714269
vt 0.0285714287 0.0571428537
vt 0 0.0285714269
vt 0.0571428575 0.0571428537
vt 0.0571428575 0.0285714269
vt 0.0857142881 0.0285714269
vt 0.0857142881 0.0571428537
vt 0.114285715 0.0571428537
vt 0.114285715 0.0285714269
vt 0.142857149 0.0571428537
vt 0.142857149 0.0285714269
vt 0.171428576 0.0571428537
vt 0.171428576 0.0285714269
vt 0.200000003 0.0285714269
vt 0.200000003 0.0571428537
vt 0.22857143 0.0285714269
vt 0.22857143 0.0571428537
vt 0.257142872 0.0285714269
vt 0.257142872 0.0571428537
vt 0.285714298 0.0285714269
vt 0.285714298 0.0571428537
vt 0.314285725 0.0285714269
vt 0.314285725 0.0571428537
vt 0.342857152 0.0285714269
vt 0.342857152 0.0571428537
vt 0.371428579 0.0285714269
vt 0.371428579 0.0571428537
vt 0.400000006 0.0571428537
vt 0.400000006 0.0285714269
vt 0.428571433 0.0285714269
vt 0.428571433 0.0571428537
vt 0.45714286 0.0285714269
vt 0.45714286 0.0571428537
vt 0.485714287 0.0285714269
vt 0.485714287 0.0571428537
vt 0.514285743 0.0285714269
vt 0.514285743 0.0571428537
vt 0.54285717 0.0571428537
vt 0.54285717 0.0285714269
vt 0.571428597 0.0285714269
vt 0.571428597 0.0571428537
vt 0.600000024 0.0285714269
vt 0.600000024 0.0571428537
vt 0.628571451 0.0285714269
vt 0.628571451 0.0571428537
vt 0.657142878 0.0285714269
vt 0.657142878 0.0571428537
vt 0.685714304 0.0285714269
vt 0.685714304 0.0571428537
vt 0.714285731 0.0285714269
vt 0.714285731 0.0571428537
vt 0.742857158 0.0571428537
vt 0.742857158 0.0285714269
vt 0.771428585 0.0571428537
vt 0.771428585 0.0285714269
vt 0.800000012 0.0285714269
vt 0.800000012 0.0571428537
vt 0.828571439 0.0571428537
vt 0.828571439 0.0285714269
vt 0.857142866 0.0285714269
vt 0.857142866 0.0571428537
vt 0.885714293 0.0285714269
vt 0.885714293 0.0571428537
vt 0.914285719 0.0285714269
vt 0.914285719 0.0571428537
vt 0.942857146 0.0285714269
vt 0.942857146 0.0571428537
vt 0.971428573 0.0285714269
vt 0.971428573 0.0571428537
vt 1 0.0285714269
vt 1 0.0571428537
vt 0 0.0857142806
vt 0.0285714287 0.0857142806
vt 0.0571428575 0.0857142806
vt 0.0857142881 0.0857142806
vt 0.114285715 0.0857142806
vt 0.142857149 0.0857142806
vt 0.171428576 0.0857142806
vt 0.200000003 0.0857142806
vt 0.22857143 0.0857142806
vt 0.257142872 0.0857142806
vt 0.285714298 0.0857142806
vt 0.314285725 0.0857142806
vt 0.342857152 0.0857142806
vt 0.371428579 0.0857142806
vt 0.400000006 0.0857142806
vt 0.428571433 0.0857142806
vt 0.45714286 0.0857142806
vt 0.485714287 0.0857142806
vt 0.514285743 0.0857142806
vt 0.54285717 0.0857142806
vt 0.571428597 0.0857142806
vt 0.600000024 0.0857142806
vt 0.628571451 0.0857142806
vt 0.657142878 0.0857142806
vt 0.685714304 0.0857142806
vt 0.714285731 0.0857142806
vt 0.742857158 0.0857142806
vt 0.771428585 0.0857142806
vt 0.800000012 0.0857142806
vt 0.828571439 0.0857142806
vt 0.857142866 0.0857142806
vt 0.885714293 0.0857142806
vt 0.914285719 0.0857142806
vt 0.942857146 0.0857142806
vt 0.971428573 0.0857142806
vt 1 0.0857142806
vt 0 0.114285707
vt 0.0285714287 0.114285707
vt 0.0571428575 0.114285707
vt 0.0857142881 0.114285707
vt 0.114285715 0.114285707
vt 0.142857149 0.114285707
vt 0.171428576 0.114285707
vt 0.200000003 0.114285707
vt 0.22857143 0.114285707
vt 0.257142872 0.114285707
vt 0.285714298 0.114285707
vt 0.314285725 0.114285707
vt 0.342857152 0.114285707
vt 0.371428579 0.114285707
vt 0.400000006 0.114285707
vt 0.428571433 0.114285707
vt 0.45714286 0.114285707
vt 0.485714287 0.114285707
vt 0.514285743 0.114285707
vt 0.54285717 0.114285707
vt 0.571428597 0.114285707
vt 0.600000024 0.114285707
vt 0.628571451 0.114285707
vt 0.657142878 0.114285707
vt 0.685714304 0.114285707
vt 0.714285731 0.114285707
vt 0.742857158 0.114285707
vt 0.771428585 0.114285707
vt 0.800000012 0.114285707
vt 0.828571439 0.114285707
vt 0.857142866 0.114285707
vt 0.885714293 0.114285707
vt 0.914285719 0.114285707
vt 0.942857146 0.114285707
vt 0.971428573 0.114285707
vt 1 0.114285707
vt 0 0.142857134
vt 0.0285714287 0.142857134
vt 0.0571428575 0.142857134
vt 0.0857142881 0.142857134
vt 0.114285715 0.142857134
vt 0.142857149 0.142857134
vt 0.171428576 0.142857134
vt 0.200000003 0.142857134
vt 0.22857143 0.142857134
vt 0.257142872 0.142857134
vt 0.285714298 0.142857134
vt 0.314285725 0.142857134
vt 0.342857152 0.142857134
vt 0.371428579 0.142857134
vt 0.400000006 0.142857134
vt 0.428571433 0.142857134
vt 0.45714286 0.142857134
vt 0.485714287 0.142857134
vt 0.514285743 0.142857134
vt 0.54285717 0.142857134
vt 0.571428597 0.142857134
vt 0.600000024 0.142857134
vt 0.628571451 0.142857134
vt 0.657142878 0.142857134
vt 0.685714304 0.142857134
vt 0.714285731 0.142857134
vt 0.742857158 0.142857134
vt 0.771428585 0.142857134
vt 0.800000012 0.142857134
vt 0.828571439 0.142857134
vt 0.857142866 0.142857134
vt 0.885714293 0.142857134
vt 0.914285719 0.142857134
vt 0.942857146 0.142857134
vt 0.971428573 0.142857134
vt 1 0.142857134
vt 0 0.171428561
vt 0.0285714287 0.171428561
vt 0.0571428575 0.171428561
vt 0.0857142881 0.171428561
vt 0.114285715 0.171428561
vt 0.142857149 0.171428561
vt 0.171428576 0.171428561
vt 0.200000003 0.171428561
vt 0.22857143 0.171428561
vt 0.257142872 0.171428561
vt 0.285714298 0.171428561
vt 0.314285725 0.171428561
vt 0.342857152 0.171428561
vt 0.371428579 0.171428561
vt 0.400000006 0.171428561
vt 0.428571433 0.171428561
vt 0.45714286 0.171428561
vt 0.485714287 0.171428561
vt 0.514285743 0.171428561
vt 0.54285717 0.171428561
vt 0.571428597 0.171428561
vt 0.600000024 0.171428561
vt 0.628571451 0.171428561
vt 0.657142878 0.171428561
vt 0.685714304 0.171428561
vt 0.714285731 0.171428561
vt 0.742857158 0.171428561
vt 0.771428585 0.171428561
vt 0.800000012 0.171428561
vt 0.828571439 0.171428561
vt 0.857142866 0.171428561
vt 0.885714293 0.171428561
vt 0.914285719 0.171428561
vt 0.942857146 0.171428561
vt 0.971428573 0.171428561
vt 1 0.171428561
vt 0 0.199999988
vt 0.0285714287 0.199999988
vt 0.0571428575 0.199999988
vt 0.0857142881 0.199999988
vt 0.114285715 0.199999988
vt 0.142857149 0.199999988
vt 0.171428576 0.199999988
vt 0.200000003 0.199999988
vt 0.22857143 0.199999988
vt 0.257142872 0.199999988
vt 0.285714298 0.199999988
vt 0.314285725 0.199999988
vt 0.342857152 0.199999988
vt 0.371428579 0.199999988
vt 0.400000006 0.199999988
vt 0.428571433 0.199999988
vt 0.45714286 0.199999988
vt 0.485714287 0.199999988
vt 0.514285743 0.199999988
vt 0.54285717 0.199999988
vt 0.571428597 0.199999988
vt 0.600000024 0.199999988
vt 0.628571451 0.199999988
vt 0.657142878 0.199999988
vt 0.685714304 0.199999988
vt 0.714285731 0.199999988
vt 0.742857158 0.199999988
vt 0.771428585 0.199999988
vt 0.800000012 0.199999988
vt 0.828571439 0.199999988
vt 0.857142866 0.199999988
vt 0.885714293 0.199999988
vt 0.914285719 0.199999988
vt 0.942857146 0.199999988
vt 0.971428573 0.199999988
vt 1 0.199999988
vt 0 0.228571415
vt 0.0285714287 0.228571415
vt 0.0571428575 0.228571415
vt 0.0857142881 0.228571415
vt 0.114285715 0.228571415
vt 0.142857149 0.228571415
vt 0.171428576 0.228571415
vt 0.200000003 0.228571415
vt 0.22857143 0.228571415
vt 0.257142872 0.228571415
vt 0.285714298 0.228571415
vt 0.314285725 0.228571415
vt 0.342857152 0.228571415
vt 0.371428579 0.228571415
vt 0.400000006 0.228571415
vt 0.428571433 0.228571415
vt 0.45714286 0.228571415
vt 0.485714287 0.228571415
vt 0.514285743 0.228571415
vt 0.54285717 0.228571415
vt 0.571428597 0.228571415
vt 0.600000024 0.228571415
vt 0.628571451 0.228571415
vt 0.657142878 0.228571415
vt 0.685714304 0.228571415
vt 0.714285731 0.228571415
vt 0.742857158 0.228571415
vt 0.771428585 0.228571415
vt 0.800000012 0.228571415
vt 0.828571439 0.228571415
vt 0.857142866 0.228571415
vt 0.885714293 0.228571415
vt 0.914285719 0.228571415
vt 0.942857146 0.228571415
vt 0.971428573 0.228571415
vt 1 0.228571415
vt 0 0.257142901
vt 0.0285714287 0.257142901
vt 0.0571428575 0.257142901
vt 0.0857142881 0.257142901
vt 0.114285715 0.257142901
vt 0.142857149 0.257142901
vt 0.171428576 0.257142901
vt 0.200000003 0.257142901
vt 0.22857143 0.257142901
vt 0.257142872 0.257142901
vt 0.285714298 0.257142901
vt 0.314285725 0.257142901
vt 0.342857152 0.257142901
vt 0.371428579 0.257142901
vt 0.400000006 0.257142901
vt 0.428571433 0.257142901
vt 0.45714286 0.257142901
vt 0.485714287 0.257142901
vt 0.514285743 0.257142901
vt 0.54285717 0.257142901
vt 0.571428597 0.257142901
vt 0.600000024 0.257142901
vt 0.628571451 0.257142901
vt 0.657142878 0.257142901
vt 0.685714304 0.257142901
vt 0.714285731 0.257142901
vt 0.742857158 0.257142901
vt 0.771428585 0.257142901
vt 0.800000012 0.257142901
vt 0.828571439 0.257142901
vt 0.857142866 0.257142901
vt 0.885714293 0.257142901
vt 0.914285719 0.257142901
vt 0.942857146 0.257142901
vt 0.971428573 0.257142901
vt 1 0.257142901
vt 0 0.285714269
vt 0.0285714287 0.285714269
vt 0.0571428575 0.285714269
vt 0.0857142881 0.285714269
vt 0.114285715 0.285714269
vt 0.142857149 0.285714269
vt 0.171428576 0.285714269
vt 0.200000003 0.285714269
vt 0.22857143 0.285714269
vt 0.257142872 0.285714269
vt 0.285714298 0.285714269
vt 0.314285725 0.285714269
vt 0.342857152 0.285714269
vt 0.371428579 0.285714269
vt 0.400000006 0.285714269
vt 0.428571433 0.285714269
vt 0.45714286 0.285714269
vt 0.485714287 0.285714269
vt 0.514285743 0.285714269
vt 0.54285717 0.285714269
vt 0.571428597 0.285714269
vt 0.600000024 0.285714269
vt 0.628571451 0.285714269
vt 0.657142878 0.285714269
vt 0.685714304 0.285714269
vt 0.714285731 0.285714269
vt 0.742857158 0.285714269
vt 0.771428585 0.285714269
vt 0.800000012 0.285714269
vt 0.828571439 0.285714269
vt 0.857142866 0.285714269
vt 0.885714293 0.285714269
vt 0.914285719 0.285714269
vt 0.942857146 0.285714269
vt 0.971428573 0.285714269
vt 1 0.285714269
vt 0 0.314285755
vt 0.0285714287 0.314285755
vt 0.0571428575 0.314285755
vt 0.0857142881 0.314285755
vt 0.114285715 0.314285755
vt 0.142857149 0.314285755
vt 0.171428576 0.314285755
vt 0.200000003 0.314285755
vt 0.22857143 0.314285755
vt 0.257142872 0.314285755
vt 0.285714298 0.314285755
vt 0.314285725 0.314285755
vt 0.342857152 0.314285755
vt 0.371428579 0.314285755
vt 0.400000006 0.314285755
vt 0.428571433 0.314285755
vt 0.45714286 0.314285755
vt 0.485714287 0.314285755
vt 0.514285743 0.314285755
vt 0.54285717 0.314285755
vt 0.571428597 0.314285755
vt 0.600000024 0.314285755
vt 0.628571451 0.314285755
vt 0.657142878 0.314285755
vt 0.685714304 0.314285755
vt 0.714285731 0.314285755
vt 0.742857158 0.314285755
vt 0.771428585 0.314285755
vt 0.800000012 0.314285755
vt 0.828571439 0.314285755
vt 0.857142866 0.314285755
vt 0.885714293 0.314285755
vt 0.914285719 0.314285755
vt 0.942857146 0.314285755
vt 0.971428573 0.314285755
vt 1 0.314285755
vt 0 0.342857122
vt 0.0285714287 0.342857122
vt 0.0571428575 0.342857122
vt 0.0857142881 0.342857122
vt 0.114285715 0.342857122
vt 0.142857149 0.342857122
vt 0.171428576 0.342857122
vt 0.200000003 0.342857122
vt 0.22857143 0.342857122
vt 0.257142872 0.342857122
vt 0.285714298 0.342857122
vt 0.314285725 0.342857122
vt 0.342857152 0.342857122
vt 0.371428579 0.342857122
vt 0.400000006 0.342857122
vt 0.428571433 0.342857122
vt 0.45714286 0.342857122
vt 0.485714287 0.342857122
vt 0.514285743 0.342857122
vt 0.54285717 0.342857122
vt 0.571428597 0.342857122
vt 0.600000024 0.342857122
vt 0.628571451 0.342857122
vt 0.657142878 0.342857122
vt 0.685714304 0.342857122
vt 0.714285731 0.342857122
vt 0.742857158 0.342857122
vt 0.771428585 0.342857122
vt 0.800000012 0.342857122
vt 0.828571439 0.342857122
vt 0.857142866 0.342857122
vt 0.885714293 0.342857122
vt 0.914285719 0.342857122
vt 0.942857146 0.342857122
vt 0.971428573 0.342857122
vt 1 0.342857122
vt 0 0.371428609
vt 0.0285714287 0.371428609
vt 0.0571428575 0.371428609
vt 0.0857142881 0.371428609
vt 0.114285715 0.371428609
vt 0.142857149 0.371428609
vt 0.171428576 0.371428609
vt 0.200000003 0.371428609
vt 0.22857143 0.371428609
vt 0.257142872 0.371428609
vt 0.285714298 0.371428609
vt 0.314285725 0.371428609
vt 0.342857152 0.371428609
vt 0.371428579 0.371428609
vt 0.400000006 0.371428609
vt 0.428571433 0.371428609
vt 0.45714286 0.371428609
vt 0.485714287 0.371428609
vt 0.514285743 0.371428609
vt 0.54285717 0.371428609
vt 0.571428597 0.371428609
vt 0.600000024 0.371428609
vt 0.628571451 0.371428609
vt 0.657142878 0.371428609
vt 0.685714304 0.371428609
vt 0.714285731 0.371428609
vt 0.742857158 0.371428609
vt 0.771428585 0.371428609
vt 0.800000012 0.371428609
vt 0.828571439 0.371428609
vt 0.857142866 0.371428609
vt 0.885714293 0.371428609
vt 0.914285719 0.371428609
vt 0.942857146 0.371428609
vt 0.971428573 0.371428609
vt 1 0.371428609
vt 0 0.399999976
vt 0.0285714287 0.399999976
vt 0.0571428575 0.399999976
vt 0.0857142881 0.399999976
vt 0.114285715 0.399999976
vt 0.142857149 0.399999976
vt 0.171428576 0.399999976
vt 0.200000003 0.399999976
vt 0.22857143 0.399999976
vt 0.257142872 0.399999976
vt 0.285714298 0.399999976
vt 0.314285725 0.399999976
vt 0.342857152 0.399999976
vt 0.371428579 0.399999976
vt 0.400000006 0.399999976
vt 0.428571433 0.399999976
vt 0.45714286 0.399999976
vt 0.485714287 0.399999976
vt 0.514285743 0.399999976
vt 0.54285717 0.399999976
vt 0.571428597 0.399999976
vt 0.600000024 0.399999976
vt 0.628571451 0.399999976
vt 0.657142878 0.399999976
vt 0.685714304 0.399999976
vt 0.714285731 0.399999976
vt 0.742857158 0.399999976
vt 0.771428585 0.399999976
vt 0.800000012 0.399999976
vt 0.828571439 0.399999976
vt 0.857142866 0.399999976
vt 0.885714293 0.399999976
vt 0.914285719 0.399999976
vt 0.942857146 0.399999976
vt 0.971428573 0.399999976
vt 1 0.399999976
vt 0 0.428571463
vt 0.0285714287 0.428571463
vt 0.0571428575 0.428571463
vt 0.0857142881 0.428571463
vt 0.114285715 0.428571463
vt 0.142857149 0.428571463
vt 0.171428576 0.428571463
vt 0.200000003 0.428571463
vt 0.22857143 0.428571463
vt 0.257142872 0.428571463
vt 0.285714298 0.428571463
vt 0.314285725 0.428571463
vt 0.342857152 0.428571463
vt 0.371428579 0.428571463
vt 0.400000006 0.428571463
vt 0.428571433 0.428571463
vt 0.45714286 0.428571463
vt 0.485714287 0.428571463
vt 0.514285743 0.428571463
vt 0.54285717 0.428571463
vt 0.571428597 0.428571463
vt 0.600000024 0.428571463
vt 0.628571451 0.428571463
vt 0.657142878 0.428571463
vt 0.685714304 0.428571463
vt 0.714285731 0.428571463
vt 0.742857158 0.428571463
vt 0.771428585 0.428571463
vt 0.800000012 0.428571463
vt 0.828571439 0.428571463
vt 0.857142866 0.428571463
vt 0.885714293 0.428571463
vt 0.914285719 0.428571463
vt 0.942857146 0.428571463
vt 0.971428573 0.428571463
vt 1 0.428571463
vt 0 0.45714283
vt 0.0285714287 0.45714283
vt 0.0571428575 0.45714283
vt 0.0857142881 0.45714283
vt 0.114285715 0.45714283
vt 0.142857149 0.45714283
vt 0.171428576 0.45714283
vt 0.200000003 0.45714283
vt 0.22857143 0.45714283
vt 0.257142872 0.45714283
vt 0.285714298 0.45714283
vt 0.314285725 0.45714283
vt 0.342857152 0.45714283
vt 0.371428579 0.45714283
vt 0.400000006 0.45714283
vt 0.428571433 0.45714283
vt 0.45714286 0.45714283
vt 0.485714287 0.45714283
vt 0.514285743 0.45714283
vt 0.54285717 0.45714283
vt 0.571428597 0.45714283
vt 0.600000024 0.45714283
vt 0.628571451 0.45714283
vt 0.657142878 0.45714283
vt 0.685714304 0.45714283
vt 0.714285731 0.45714283
vt 0.742857158 0.45714283
vt 0.771428585 0.45714283
vt 0.800000012 0.45714283
vt 0.828571439 0.45714283
vt 0.857142866 0.45714283
vt 0.885714293 0.45714283
vt 0.914285719 0.45714283
vt 0.942857146 0.45714283
vt 0.971428573 0.45714283
vt 1 0.45714283
vt 0 0.485714316
vt 0.0285714287 0.485714316
vt 0.0571428575 0.485714316
vt 0.0857142881 0.485714316
vt 0.114285715 0.485714316
vt 0.142857149 0.485714316
vt 0.171428576 0.485714316
vt 0.200000003 0.485714316
vt 0.22857143 0.485714316
vt 0.257142872 0.485714316
vt 0.285714298 0.485714316
vt 0.314285725 0.485714316
vt 0.342857152 0.485714316
vt 0.371428579 0.485714316
vt 0.400000006 0.485714316
vt 0.428571433 0.485714316
vt 0.45714286 0.485714316
vt 0.485714287 0.485714316
vt 0.514285743 0.485714316
vt 0.54285717 0.485714316
vt 0.571428597 0.485714316
vt 0.600000024 0.485714316
vt 0.628571451 0.485714316
vt 0.657142878 0.485714316
vt 0.685714304 0.485714316
vt 0.714285731 0.485714316
vt 0.742857158 0.485714316
vt 0.771428585 0.485714316
vt 0.800000012 0.485714316
vt 0.828571439 0.485714316
vt 0.857142866 0.485714316
vt 0.885714293 0.485714316
vt 0.914285719 0.485714316
vt 0.942857146 0.485714316
vt 0.971428573 0.485714316
vt 1 0.485714316
vt 0.0285714287 0.514285743
vt 0 0.514285743
vt 0.0571428575 0.514285743
vt 0.0857142881 0.514285743
vt 0.114285715 0.514285743
vt 0.142857149 0.514285743
vt 0.171428576 0.514285743
vt 0.200000003 0.514285743
vt 0.22857143 0.514285743
vt 0.257142872 0.514285743
vt 0.285714298 0.514285743
vt 0.314285725 0.514285743
vt 0.342857152 0.514285743
vt 0.371428579 0.514285743
vt 0.400000006 0.514285743
vt 0.428571433 0.514285743
vt 0.45714286 0.514285743
vt 0.485714287 0.514285743
vt 0.514285743 0.514285743
vt 0.54285717 0.514285743
vt 0.571428597 0.514285743
vt 0.600000024 0.514285743
vt 0.628571451 0.514285743
vt 0.657142878 0.514285743
vt 0.685714304 0.514285743
vt 0.714285731 0.514285743
vt 0.742857158 0.514285743
vt 0.771428585 0.514285743
vt 0.800000012 0.514285743
vt 0.828571439 0.514285743
vt 0.857142866 0.514285743
vt 0.885714293 0.514285743
vt 0.914285719 0.514285743
vt 0.942857146 0.514285743
vt 0.971428573 0.514285743
vt 1 0.514285743
vt 0.0285714287 0.54285717
vt 0 0.54285717
vt 0.0571428575 0.54285717
vt 0.0857142881 0.54285717
vt 0.114285715 0.54285717
vt 0.142857149 0.54285717
vt 0.171428576 0.54285717
vt 0.200000003 0.54285717
vt 0.22857143 0.54285717
vt 0.257142872 0.54285717
vt 0.285714298 0.54285717
vt 0.314285725 0.54285717
vt 0.342857152 0.54285717
vt 0.371428579 0.54285717
vt 0.400000006 0.54285717
vt 0.428571433 0.54285717
vt 0.45714286 0.54285717
vt 0.485714287 0.54285717
vt 0.514285743 0.54285717
vt 0.54285717 0.54285717
vt 0.571428597 0.54285717
vt 0.600000024 0.54285717
vt 0.628571451 0.54285717
vt 0.657142878 0.54285717
vt 0.685714304 0.54285717
vt 0.714285731 0.54285717
vt 0.742857158 0.54285717
vt 0.771428585 0.54285717
vt 0.800000012 0.54285717
vt 0.828571439 0.54285717
vt 0.857142866 0.54285717
vt 0.885714293 0.54285717
vt 0.914285719 0.54285717
vt 0.942857146 0.54285717
vt 0.971428573 0.54285717
vt 1 0.54285717
vt 0.0285714287 0.571428597
vt 0 0.571428597
vt 0.0571428575 0.571428597
vt 0.0857142881 0.571428597
vt 0.114285715 0.571428597
vt 0.142857149 0.571428597
vt 0.171428576 0.571428597
vt 0.200000003 0.571428597
vt 0.22857143 0.571428597
vt 0.257142872 0.571428597
vt 0.285714298 0.571428597
vt 0.314285725 0.571428597
vt 0.342857152 0.571428597
vt 0.371428579 0.571428597
vt 0.400000006 0.571428597
vt 0.428571433 0.571428597
vt 0.45714286 0.571428597
vt 0.485714287 0.571428597
vt 0.514285743 0.571428597
vt 0.54285717 0.571428597
vt 0.571428597 0.571428597
vt 0.600000024 0.571428597
vt 0.628571451 0.571428597
vt 0.657142878 0.571428597
vt 0.685714304 0.571428597
vt 0.714285731 0.571428597
vt 0.742857158 0.571428597
vt 0.771428585 0.571428597
vt 0.800000012 0.571428597
vt 0.828571439 0.571428597
vt 0.857142866 0.571428597
vt 0.885714293 0.571428597
vt 0.914285719 0.571428597
vt 0.942857146 0.571428597
vt 0.971428573 0.571428597
vt 1 0.571428597
vt 0.0285714287 0.600000024
vt 0 0.600000024
vt 0.0571428575 0.600000024
vt 0.0857142881 0.600000024
vt 0.114285715 0.600000024
vt 0.142857149 0.600000024
vt 0.171428576 0.600000024
vt 0.200000003 0.600000024
vt 0.22857143 0.600000024
vt 0.257142872 0.600000024
vt 0.285714298 0.600000024
vt 0.314285725 0.600000024
vt 0.342857152 0.600000024
vt 0.371428579 0.600000024
vt 0.400000006 0.600000024
vt 0.428571433 0.600000024
vt 0.45714286 0.600000024
vt 0.485714287 0.600000024
vt 0.514285743 0.600000024
vt 0.54285717 0.600000024
vt 0.571428597 0.600000024
vt 0.600000024 0.600000024
vt 0.628571451 0.600000024
vt 0.657142878 0.600000024
vt 0.685714304 0.600000024
vt 0.714285731 0.600000024
vt 0.742857158 0.600000024
vt 0.771428585 0.600000024
vt 0.800000012 0.600000024
vt 0.828571439 0.600000024
vt 0.857142866 0.600000024
vt 0.885714293 0.600000024
vt 0.914285719 0.600000024
vt 0.942857146 0.600000024
vt 0.971428573 0.600000024
vt 1 0.600000024
vt 0.0285714287 0.628571451
vt 0 0.628571451
vt 0.0571428575 0.628571451
vt 0.0857142881 0.628571451
vt 0.114285715 0.628571451
vt 0.142857149 0.628571451
vt 0.171428576 0.628571451
vt 0.200000003 0.628571451
vt 0.22857143 0.628571451
vt 0.257142872 0.628571451
vt 0.285714298 0.628571451
vt 0.314285725 0.628571451
vt 0.342857152 0.628571451
vt 0.371428579 0.628571451
vt 0.400000006 0.628571451
vt 0.428571433 0.628571451
vt 0.45714286 0.628571451
vt 0.485714287 0.628571451
vt 0.514285743 0.628571451
vt 0.54285717 0.628571451
vt 0.571428597 0.628571451
vt 0.600000024 0.628571451
vt 0.628571451 0.628571451
vt 0.657142878 0.628571451
vt 0.685714304 0.628571451
vt 0.714285731 0.628571451
vt 0.742857158 0.628571451
vt 0.771428585 0.628571451
vt 0.800000012 0.628571451
vt 0.828571439 0.628571451
vt 0.857142866 0.628571451
vt 0.885714293 0.628571451
vt 0.914285719 0.628571451
vt 0.942857146 0.628571451
vt 0.971428573 0.628571451
vt 1 0.628571451
vt 0.0285714287 0.657142878
vt 0 0.657142878
vt 0.0571428575 0.657142878
vt 0.0857142881 0.657142878
vt 0.114285715 0.657142878
vt 0.142857149 0.657142878
vt 0.171428576 0.657142878
vt 0.200000003 0.657142878
vt 0.22857143 0.657142878
vt 0.257142872 0.657142878
vt 0.285714298 0.657142878
vt 0.314285725 0.657142878
vt 0.342857152 0.657142878
vt 0.371428579 0.657142878
vt 0.400000006 0.657142878
vt 0.428571433 0.657142878
vt 0.45714286 0.657142878
vt 0.485714287 0.657142878
vt 0.514285743 0.657142878
vt 0.54285717 0.657142878
vt 0.571428597 0.657142878
vt 0.600000024 0.657142878
vt 0.628571451 0.657142878
vt 0.657142878 0.657142878
vt 0.685714304 0.657142878
vt 0.714285731 0.657142878
vt 0.742857158 0.657142878
vt 0.771428585 0.657142878
vt 0.800000012 0.657142878
vt 0.828571439 0.657142878
vt 0.857142866 0.657142878
vt 0.885714293 0.657142878
vt 0.914285719 0.657142878
vt 0.942857146 0.657142878
vt 0.971428573 0.657142878
vt 1 0.657142878
vt 0 0.685714304
vt 0.0285714287 0.685714304
vt 0.0571428575 0.685714304
vt 0.0857142881 0.685714304
vt 0.114285715 0.685714304
vt 0.142857149 0.685714304
vt 0.171428576 0.685714304
vt 0.200000003 0.685714304
vt 0.22857143 0.685714304
vt 0.257142872 0.685714304
vt 0.285714298 0.685714304
vt 0.314285725 0.685714304
vt 0.342857152 0.685714304
vt 0.371428579 0.685714304
vt 0.400000006 0.685714304
vt 0.428571433 0.685714304
vt 0.45714286 0.685714304
vt 0.485714287 0.685714304
vt 0.514285743 0.685714304
vt 0.54285717 0.685714304
vt 0.571428597 0.685714304
vt 0.600000024 0.685714304
vt 0.628571451 0.685714304
vt 0.657142878 0.685714304
vt 0.685714304 0.685714304
vt 0.714285731 0.685714304
vt 0.742857158 0.685714304
vt 0.771428585 0.685714304
vt 0.800000012 0.685714304
vt 0.828571439 0.685714304
vt 0.857142866 0.685714304
vt 0.885714293 0.685714304
vt 0.914285719 0.685714304
vt 0.942857146 0.685714304
vt 0.971428573 0.685714304
vt 1 0.685714304
vt 0 0.714285731
vt 0.0285714287 0.714285731
vt 0.0571428575 0.714285731
vt 0.0857142881 0.714285731
vt 0.114285715 0.714285731
vt 0.142857149 0.714285731
vt 0.171428576 0.714285731
vt 0.200000003 0.714285731
vt 0.22857143 0.714285731
vt 0.257142872 0.714285731
vt 0.285714298 0.714285731
vt 0.314285725 0.714285731
vt 0.342857152 0.714285731
vt 0.371428579 0.714285731
vt 0.400000006 0.714285731
vt 0.428571433 0.714285731
vt 0.45714286 0.714285731
vt 0.485714287 0.714285731
vt 0.514285743 0.714285731
vt 0.54285717 0.714285731
vt 0.571428597 0.714285731
vt 0.600000024 0.714285731
vt 0.628571451 0.714285731
vt 0.657142878 0.714285731
vt 0.685714304 0.714285731
vt 0.714285731 0.714285731
vt 0.742857158 0.714285731
vt 0.771428585 0.714285731
vt 0.800000012 0.714285731
vt 0.828571439 0.714285731
vt 0.857142866 0.714285731
vt 0.885714293 0.714285731
vt 0.914285719 0.714285731
vt 0.942857146 0.714285731
vt 0.971428573 0.714285731
vt 1 0.714285731
vt 0 0.742857158
vt 0.0285714287 0.742857158
vt 0.0571428575 0.742857158
vt 0.0857142881 0.742857158
vt 0.114285715 0.742857158
vt 0.142857149 0.742857158
vt 0.171428576 0.742857158
vt 0.200000003 0.742857158
vt 0.22857143 0.742857158
vt 0.257142872 0.742857158
vt 0.285714298 0.742857158
vt 0.314285725 0.742857158
vt 0.342857152 0.742857158
vt 0.371428579 0.742857158
vt 0.400000006 0.742857158
vt 0.428571433 0.742857158
vt 0.45714286 0.742857158
vt 0.485714287 0.742857158
vt 0.514285743 0.742857158
vt 0.54285717 0.742857158
vt 0.571428597 0.742857158
vt 0.600000024 0.742857158
vt 0.628571451 0.742857158
vt 0.657142878 0.742857158
vt 0.685714304 0.742857158
vt 0.714285731 0.742857158
vt 0.742857158 0.742857158
vt 0.771428585 0.742857158
vt 0.800000012 0.742857158
vt 0.828571439 0.742857158
vt 0.857142866 0.742857158
vt 0.885714293 0.742857158
vt 0.914285719 0.742857158
vt 0.942857146 0.742857158
vt 0.971428573 0.742857158
vt 1 0.742857158
vt 0.0285714287 0.771428585
vt 0 0.771428585
vt 0.0571428575 0.771428585
vt 0.0857142881 0.771428585
vt 0.114285715 0.771428585
vt 0.142857149 0.771428585
vt 0.171428576 0.771428585
vt 0.200000003 0.771428585
vt 0.22857143 0.771428585
vt 0.257142872 0.771428585
vt 0.285714298 0.771428585
vt 0.314285725 0.771428585
vt 0.342857152 0.771428585
vt 0.371428579 0.771428585
vt 0.400000006 0.771428585
vt 0.428571433 0.771428585
vt 0.45714286 0.771428585
vt 0.485714287 0.771428585
vt 0.514285743 0.771428585
vt 0.54285717 0.771428585
vt 0.571428597 0.771428585
vt 0.600000024 0.771428585
vt 0.628571451 0.771428585
vt 0.657142878 0.771428585
vt 0.685714304 0.771428585
vt 0.714285731 0.771428585
vt 0.742857158 0.771428585
vt 0.771428585 0.771428585
vt 0.800000012 0.771428585
vt 0.828571439 0.771428585
vt 0.857142866 0.771428585
vt 0.885714293 0.771428585
vt 0.914285719 0.771428585
vt 0.942857146 0.771428585
vt 0.971428573 0.771428585
vt 1 0.771428585
vt 0 0.800000012
vt 0.0285714287 0.800000012
vt 0.0571428575 0.800000012
vt 0.0857142881 0.800000012
vt 0.114285715 0.800000012
vt 0.142857149 0.800000012
vt 0.171428576 0.800000012
vt 0.200000003 0.800000012
vt 0.22857143 0.800000012
vt 0.257142872 0.800000012
vt 0.285714298 0.800000012
vt 0.314285725 0.800000012
vt 0.342857152 0.800000012
vt 0.371428579 0.800000012
vt 0.400000006 0.800000012
vt 0.428571433 0.800000012
vt 0.45714286 0.800000012
vt 0.485714287 0.800000012
vt 0.514285743 0.800000012
vt 0.54285717 0.800000012
vt 0.571428597 0.800000012
vt 0.600000024 0.800000012
vt 0.628571451 0.800000012
vt 0.657142878 0.800000012
vt 0.685714304 0.800000012
vt 0.714285731 0.800000012
vt 0.742857158 0.800000012
vt 0.771428585 0.800000012
vt 0.800000012 0.800000012
vt 0.828571439 0.800000012
vt 0.857142866 0.800000012
vt 0.885714293 0.800000012
vt 0.914285719 0.800000012
vt 0.942857146 0.800000012
vt 0.971428573 0.800000012
vt 1 0.800000012
vt 0.0285714287 0.828571439
vt 0 0.828571439
vt 0.0571428575 0.828571439
vt 0.0857142881 0.828571439
vt 0.114285715 0.828571439
vt 0.142857149 0.828571439
vt 0.171428576 0.828571439
vt 0.200000003 0.828571439
vt 0.22857143 0.828571439
vt 0.257142872 0.828571439
vt 0.285714298 0.828571439
vt 0.314285725 0.828571439
vt 0.342857152 0.828571439
vt 0.371428579 0.828571439
vt 0.400000006 0.828571439
vt 0.428571433 0.828571439
vt 0.45714286 0.828571439
vt 0.485714287 0.828571439
vt 0.514285743 0.828571439
vt 0.54285717 0.828571439
vt 0.571428597 0.828571439
vt 0.600000024 0.828571439
vt 0.628571451 0.828571439
vt 0.657142878 0.828571439
vt 0.685714304 0.828571439
vt 0.714285731 0.828571439
vt 0.742857158 0.828571439
vt 0.771428585 0.828571439
vt 0.800000012 0.828571439
vt 0.828571439 0.828571439
vt 0.857142866 0.828571439
vt 0.885714293 0.828571439
vt 0.914285719 0.828571439
vt 0.942857146 0.828571439
vt 0.971428573 0.828571439
vt 1 0.828571439
vt 0.0285714287 0.857142866
vt 0 0.857142866
vt 0.0571428575 0.857142866
vt 0.0857142881 0.857142866
vt 0.114285715 0.857142866
vt 0.142857149 0.857142866
vt 0.171428576 0.857142866
vt 0.200000003 0.857142866
vt 0.22857143 0.857142866
vt 0.257142872 0.857142866
vt 0.285714298 0.857142866
vt 0.314285725 0.857142866
vt 0.342857152 0.857142866
vt 0.371428579 0.857142866
vt 0.400000006 0.857142866
vt 0.428571433 0.857142866
vt 0.45714286 0.857142866
vt 0.485714287 0.857142866
vt 0.514285743 0.857142866
vt 0.54285717 0.857142866
vt 0.571428597 0.857142866
vt 0.600000024 0.857142866
vt 0.628571451 0.857142866
vt 0.657142878 0.857142866
vt 0.685714304 0.857142866
vt 0.714285731 0.857142866
vt 0.742857158 0.857142866
vt 0.771428585 0.857142866
vt 0.800000012 0.857142866
vt 0.828571439 0.857142866
vt 0.857142866 0.857142866
vt 0.885714293 0.857142866
vt 0.914285719 0.857142866
vt 0.942857146 0.857142866
vt 0.971428573 0.857142866
vt 1 0.857142866
vt 0.0285714287 0.885714293
vt 0 0.885714293
vt 0.0571428575 0.885714293
vt 0.0857142881 0.885714293
vt 0.114285715 0.885714293
vt 0.142857149 0.885714293
vt 0.171428576 0.885714293
vt 0.200000003 0.885714293
vt 0.22857143 0.885714293
vt 0.257142872 0.885714293
vt 0.285714298 0.885714293
vt 0.314285725 0.885714293
vt 0.342857152 0.885714293
vt 0.371428579 0.885714293
vt 0.400000006 0.885714293
vt 0.428571433 0.885714293
vt 0.45714286 0.885714293
vt 0.485714287 0.885714293
vt 0.514285743 0.885714293
vt 0.54285717 0.885714293
vt 0.571428597 0.885714293
vt 0.600000024 0.885714293
vt 0.628571451 0.885714293
vt 0.657142878 0.885714293
vt 0.685714304 0.885714293
vt 0.714285731 0.885714293
vt 0.742857158 0.885714293
vt 0.771428585 0.885714293
vt 0.800000012 0.885714293
vt 0.828571439 0.885714293
vt 0.857142866 0.885714293
vt 0.885714293 0.885714293
vt 0.914285719 0.885714293
vt 0.942857146 0.885714293
vt 0.971428573 0.885714293
vt 1 0.885714293
vt 0.0285714287 0.914285719
vt 0 0.914285719
vt 0.0571428575 0.914285719
vt 0.0857142881 0.914285719
vt 0.114285715 0.914285719
vt 0.142857149 0.914285719
vt 0.171428576 0.914285719
vt 0.200000003 0.914285719
vt 0.22857143 0.914285719
vt 0.257142872 0.914285719
vt 0.285714298 0.914285719
vt 0.314285725 0.914285719
vt 0.342857152 0.914285719
vt 0.371428579 0.914285719
vt 0.400000006 0.914285719
vt 0.428571433 0.914285719
vt 0.45714286 0.914285719
vt 0.485714287 0.914285719
vt 0.514285743 0.914285719
vt 0.54285717 0.914285719
vt 0.571428597 0.914285719
vt 0.600000024 0.914285719
vt 0.628571451 0.914285719
vt 0.657142878 0.914285719
vt 0.685714304 0.914285719
vt 0.714285731 0.914285719
vt 0.742857158 0.914285719
vt 0.771428585 0.914285719
vt 0.800000012 0.914285719
vt 0.828571439 0.914285719
vt 0.857142866 0.914285719
vt 0.885714293 0.914285719
vt 0.914285719 0.914285719
vt 0.942857146 0.914285719
vt 0.971428573 0.914285719
vt 1 0.914285719
vt 0.0285714287 0.942857146
vt 0 0.942857146
vt 0.0571428575 0.942857146
vt 0.0857142881 0.942857146
vt 0.114285715 0.942857146
vt 0.142857149 0.942857146
vt 0.171428576 0.942857146
vt 0.200000003 0.942857146
vt 0.22857143 0.942857146
vt 0.257142872 0.942857146
vt 0.285714298 0.942857146
vt 0.314285725 0.942857146
vt 0.342857152 0.942857146
vt 0.371428579 0.942857146
vt 0.400000006 0.942857146
vt 0.428571433 0.942857146
vt 0.45714286 0.942857146
vt 0.485714287 0.942857146
vt 0.514285743 0.942857146
vt 0.54285717 0.942857146
vt 0.571428597 0.942857146
vt 0.600000024 0.942857146
vt 0.628571451 0.942857146
vt 0.657142878 0.942857146
vt 0.685714304 0.942857146
vt 0.714285731 0.942857146
vt 0.742857158 0.942857146
vt 0.771428585 0.942857146
vt 0.800000012 0.942857146
vt 0.828571439 0.942857146
vt 0.857142866 0.942857146
vt 0.885714293 0.942857146
vt 0.914285719 0.942857146
vt 0.942857146 0.942857146
vt 0.971428573 0.942857146
vt 1 0.942857146
vt 0.0285714287 0.971428573
vt 0 0.971428573
vt 0.0571428575 0.971428573
vt 0.0857142881 0.971428573
vt 0.114285715 0.971428573
vt 0.142857149 0.971428573
vt 0.171428576 0.971428573
vt 0.200000003 0.971428573
vt 0.22857143 0.971428573
vt 0.257142872 0.971428573
vt 0.285714298 0.971428573
vt 0.314285725 0.971428573
vt 0.342857152 0.971428573
vt 0.371428579 0.971428573
vt 0.400000006 0.971428573
vt 0.428571433 0.971428573
vt 0.45714286 0.971428573
vt 0.485714287 0.971428573
vt 0.514285743 0.971428573
vt 0.54285717 0.971428573
vt 0.571428597 0.971428573
vt 0.600000024 0.971428573
vt 0.628571451 0.971428573
vt 0.657142878 0.971428573
vt 0.685714304 0.971428573
vt 0.714285731 0.971428573
vt 0.742857158 0.971428573
vt 0.771428585 0.971428573
vt 0.800000012 0.971428573
vt 0.828571439 0.971428573
vt 0.857142866 0.971428573
vt 0.885714293 0.971428573
vt 0.914285719 0.971428573
vt 0.942857146 0.971428573
vt 0.971428573 0.971428573
vt 1 0.971428573
vt 0.0142857144 0
vt 0.042857144 0
vt 0.0714285746 0
vt 0.100000001 0
vt 0.128571436 0
vt 0.157142863 0
vt 0.18571429 0
vt 0.214285716 0
vt 0.242857143 0
vt 0.271428585 0
vt 0.300000012 0
vt 0.328571439 0
vt 0.357142866 0
vt 0.385714293 0
vt 0.414285719 0
vt 0.442857146 0
vt 0.471428573 0
vt 0.5 0
vt 0.528571486 0
vt 0.557142913 0
vt 0.58571434 0
vt 0.614285767 0
vt 0.642857194 0
vt 0.671428621 0
vt 0.700000048 0
vt 0.728571475 0
vt 0.757142901 0
vt 0.785714328 0
vt 0.814285755 0
vt 0.842857182 0
vt 0.871428609 0
vt 0.900000036 0
vt 0.928571463 0
vt 0.957142889 0
vt 0.985714316 0
vt 0.0142857144 1
vt 0.042857144 1
vt 0.0714285746 1
vt 0.100000001 1
vt 0.128571436 1
vt 0.157142863 1
vt 0.18571429 1
vt 0.214285716 1
vt 0.242857143 1
vt 0.271428585 1
vt 0.300000012 1
vt 0.328571439 1
vt 0.357142866 1
vt 0.385714293 1
vt 0.414285719 1
vt 0.442857146 1
vt 0.471428573 1
vt 0.5 1
vt 0.528571486 1
vt 0.557142913 1
vt 0.58571434 1
vt 0.614285767 1
vt 0.642857194 1
vt 0.671428621 1
vt 0.700000048 1
vt 0.728571475 1
vt 0.757142901 1
vt 0.785714328 1
vt 0.814285755 1
vt 0.842857182 1
vt 0.871428609 1
vt 0.900000036 1
vt 0.928571463 1
vt 0.957142889 1
vt 0.985714316 1
vn 0.188692331 -0.981439054 -0.0342421718
vn 0.106527828 -0.993505657 -0.0399820656
vn 0.179545805 -0.981438994 -0.067385219
vn 0.111954823 -0.993505597 -0.0203154422
vn 0.164628431 -0.981439114 -0.098360382
vn 0.0976770669 -0.993505538 -0.0583590381
vn 0.0856868997 -0.993505776 -0.0748602226
vn 0.14441973 -0.981439173 -0.126174733
vn 0.119569272 -0.981438994 -0.149934784
vn 0.0709426254 -0.993505657 -0.0889589936
vn 0.0908757672 -0.981439173 -0.168875083
vn 0.0539182909 -0.993505716 -0.100196064
vn 0.0592614897 -0.981439114 -0.182388023
vn 0.0351609476 -0.993505657 -0.108214341
vn 0.0152735123 -0.993505538 -0.112754241
vn 0.0257425252 -0.981438994 -0.190039024
vn -0.00510486728 -0.993505657 -0.113668799
vn -0.00860388298 -0.981438994 -0.191581294
vn -0.0253191795 -0.993505657 -0.110930033
vn -0.0426738113 -0.981439114 -0.186965793
vn -0.04471967 -0.993505657 -0.104626641
vn -0.0753721744 -0.981438994 -0.176341608
vn -0.0626828298 -0.993505657 -0.0949600711
vn -0.105647884 -0.981438994 -0.160049438
vn -0.0786313042 -0.993505657 -0.0822409987
vn -0.132528037 -0.981438994 -0.138613164
vn -0.0920526013 -0.993505716 -0.0668793023
vn -0.1551487 -0.981439114 -0.112721793
vn -0.172782704 -0.981438994 -0.0832079053
vn -0.102515131 -0.993505538 -0.0493689105
vn -0.109683044 -0.993505538 -0.0302706361
vn -0.184863284 -0.981439054 -0.0510194302
vn -0.113325737 -0.993505538 -0.0101988055
vn -0.19100216 -0.981439054 -0.0171904434
vn -0.113325775 -0.993505538 0.0101989182
vn -0.191002026 -0.981439114 0.0171909388
vn -0.109683402 -0.993505538 0.030270623
vn -0.184863016 -0.981439054 0.0510194227
vn -0.172782421 -0.981439114 0.0832078457
vn -0.102515712 -0.993505478 0.0493698567
vn -0.0920530632 -0.993505478 0.0668803528
vn -0.155148461 -0.981439114 0.11272224
vn -0.0786317289 -0.993505478 0.0822425634
vn -0.132527843 -0.981439054 0.138613924
vn -0.0626831651 -0.993505418 0.0949616507
vn -0.105647743 -0.981439054 0.160050139
vn -0.044719927 -0.993505538 0.104627676
vn -0.0753719956 -0.981439114 0.176341757
vn -0.0253193043 -0.993505418 0.110931143
vn -0.0426737517 -0.981438935 0.186966464
vn -0.00510487473 -0.993505538 0.113669202
vn -0.00860392489 -0.981438935 0.191581562
vn 0.0257424377 -0.981438935 0.190039083
vn 0.0152735906 -0.993505538 0.112754114
vn 0.0592613518 -0.981438935 0.182388961
vn 0.0351610854 -0.993505359 0.108215511
vn 0.0539185517 -0.993505418 0.100199066
vn 0.0908756405 -0.981439054 0.168875664
vn 0.11956916 -0.981439114 0.149934545
vn 0.070943065 -0.993505418 0.0889605284
vn 0.0856873542 -0.993505418 0.0748632923
vn 0.144419551 -0.981439114 0.126175597
vn 0.0976775587 -0.993505538 0.0583589748
vn 0.164628163 -0.981439114 0.0983603224
vn 0.106528357 -0.993505538 0.0399800576
vn 0.179545507 -0.981439114 0.0673846006
vn 0.11195524 -0.993505538 0.0203165375
vn 0.188692093 -0.981439054 0.0342426747
vn 0.113783725 -0.993505538 -8.57592131e-09
vn 0.191774145 -0.981439054 -5.25055954e-09
vn 0.111954823 -0.993505597 -0.0203154422
vn 0.188692331 -0.981439054 -0.0342421718
vn 0.270943075 -0.961338758 -0.0491696037
vn 0.257809609 -0.961338699 -0.09675771
vn 0.236389741 -0.961338699 -0.14123635
vn 0.207372174 -0.961338758 -0.181175977
vn 0.171689451 -0.961338758 -0.215291724
vn 0.13048844 -0.961338878 -0.242488012
vn 0.0850935057 -0.961338758 -0.261891037
vn 0.0369636305 -0.961338639 -0.272876799
vn -0.0123543479 -0.961338758 -0.275091469
vn -0.0612753406 -0.961338878 -0.268464208
vn -0.108226754 -0.961338818 -0.253208637
vn -0.151699618 -0.961338699 -0.229815274
vn -0.190296918 -0.961338699 -0.199035108
vn -0.222777843 -0.961338699 -0.161857605
vn -0.248098388 -0.961338699 -0.119478412
vn -0.265444964 -0.961338699 -0.0732585639
vn -0.274259806 -0.961338699 -0.0246838145
vn -0.274259657 -0.961338818 0.0246838089
vn -0.265444636 -0.961338758 0.0732585341
vn -0.24809812 -0.961338878 0.119478002
vn -0.222777739 -0.961338758 0.16185762
vn -0.190296978 -0.96133852 0.199035957
vn -0.151699752 -0.96133852 0.229815856
vn -0.108226761 -0.961338639 0.253209263
vn -0.0612752475 -0.96133852 0.268465132
vn -0.0123543674 -0.961338639 0.275091618
vn 0.0369635969 -0.961338699 0.27287668
vn 0.0850934833 -0.961338639 0.261891603
vn 0.1304885 -0.961338758 0.242488474
vn 0.1716896 -0.961338758 0.215291411
vn 0.207372084 -0.961338818 0.181175426
vn 0.236389428 -0.961338758 0.141236231
vn 0.257809252 -0.961338878 0.0967573002
vn 0.270942807 -0.961338878 0.0491692387
vn 0.275368243 -0.961338758 -5.31339373e-09
vn 0.270943075 -0.961338758 -0.0491696037
vn 0.352835178 -0.933492005 -0.0640310943
vn 0.335732102 -0.933492005 -0.126002371
vn 0.307838172 -0.933491945 -0.18392469
vn 0.270050019 -0.933492005 -0.235935628
vn 0.223582149 -0.933492124 -0.280363023
vn 0.169928178 -0.933492124 -0.315779626
vn 0.110812753 -0.933492124 -0.341046751
vn 0.0481357053 -0.933492124 -0.355352312
vn -0.016088523 -0.933492243 -0.358236521
vn -0.0797955915 -0.933492303 -0.349606603
vn -0.14093782 -0.933492303 -0.329740167
vn -0.197550356 -0.933492124 -0.299276233
vn -0.247813746 -0.933492184 -0.259192497
vn -0.290112108 -0.933492064 -0.210778341
vn -0.323085845 -0.933492005 -0.155590296
vn -0.34567529 -0.933492064 -0.0954001099
vn -0.357154518 -0.933492005 -0.0321441479
vn -0.357154548 -0.933492005 0.032144431
vn -0.345675379 -0.933492005 0.0954003781
vn -0.323085666 -0.933492005 0.155589983
vn -0.29011178 -0.933492124 0.210778579
vn -0.247813702 -0.933492064 0.259192973
vn -0.197550535 -0.933491945 0.29927659
vn -0.140938014 -0.933492005 0.329741001
vn -0.0797955394 -0.933492124 0.34960708
vn -0.0160882976 -0.933492005 0.358236909
vn 0.0481357649 -0.933491886 0.355352998
vn 0.110812746 -0.933491945 0.341047257
vn 0.169928208 -0.933492064 0.315779984
vn 0.223582163 -0.933492124 0.280363113
vn 0.27004981 -0.933492243 0.235935047
vn 0.307837903 -0.933492064 0.183924794
vn 0.335731953 -0.933492064 0.126002535
vn 0.352835208 -0.933492064 0.0640302747
vn 0.358598173 -0.933492064 -5.72845352e-07
vn 0.352835178 -0.933492005 -0.0640310943
vn 0.432636797 -0.898143232 -0.0785125196
vn 0.41166538 -0.898143113 -0.154500976
vn 0.377462566 -0.898143113 -0.225523531
vn 0.331127912 -0.898143291 -0.289297521
vn 0.274150461 -0.898143113 -0.343773931
vn 0.208361506 -0.898143113 -0.387200773
vn 0.135875702 -0.898143113 -0.418182552
vn 0.0590227693 -0.898143113 -0.435723841
vn -0.0197272934 -0.898143172 -0.439260244
vn -0.0978431776 -0.898143113 -0.42867887
vn -0.17281431 -0.898143053 -0.404319465
vn -0.24223119 -0.898143053 -0.366964817
vn -0.303862631 -0.898143172 -0.317814976
vn -0.355727494 -0.898143172 -0.258450687
vn -0.396158814 -0.898143172 -0.190779969
vn -0.423857391 -0.898143291 -0.116977021
vn -0.437932938 -0.898143291 -0.0394146703
vn -0.437932998 -0.898143172 0.0394146517
vn -0.42385754 -0.898143232 0.116977006
vn -0.396158665 -0.898143291 0.190779924
vn -0.355726987 -0.898143351 0.258450925
vn -0.303862125 -0.89814347 0.317814827
vn -0.242230818 -0.898143411 0.366964191
vn -0.172814265 -0.898143351 0.404319018
vn -0.0978430361 -0.898143411 0.428678542
vn -0.0197270177 -0.898143232 0.439260274
vn 0.0590226576 -0.898143113 0.435723752
vn 0.135875478 -0.898143291 0.418182403
vn 0.208361194 -0.898143411 0.387200326
vn 0.274150074 -0.898143411 0.343773276
vn 0.331127584 -0.898143411 0.289297104
vn 0.377462447 -0.898143291 0.225523338
vn 0.411665231 -0.898143291 0.154500812
vn 0.432636678 -0.898143351 0.078511633
vn 0.439702958 -0.898143291 -8.76046954e-07
vn 0.432636797 -0.898143232 -0.0785125196
vn 0.509343505 -0.855584741 -0.0924329162
vn 0.48465392 -0.855584741 -0.18189396
vn 0.44438687 -0.85558486 -0.26550886
vn 0.389836997 -0.855584741 -0.340590417
vn 0.322757483 -0.855584562 -0.404725343
vn 0.245304242 -0.855584562 -0.455851674
vn 0.159966588 -0.855584621 -0.492326677
vn 0.0694874823 -0.855584562 -0.512978137
vn -0.0232249685 -0.855584502 -0.517141879
vn -0.115190871 -0.855584502 -0.50468415
vn -0.203454584 -0.855584681 -0.476005495
vn -0.285179019 -0.855584741 -0.432027519
vn -0.357737571 -0.855584681 -0.374164104
vn -0.41879797 -0.855584681 -0.304274619
vn -0.466397941 -0.85558486 -0.224605545
vn -0.499007642 -0.8555848 -0.137717754
vn -0.515578687 -0.8555848 -0.0464033224
vn -0.515578628 -0.85558486 0.0464025475
vn -0.499007463 -0.85558486 0.137717307
vn -0.466397882 -0.855584919 0.224605456
vn -0.41879797 -0.8555848 0.304274499
vn -0.357737482 -0.855584741 0.374164134
vn -0.28517893 -0.855584621 0.432027757
vn -0.203454524 -0.855584621 0.476005405
vn -0.115190797 -0.855584562 0.504684091
vn -0.0232247747 -0.855584562 0.517141879
vn 0.0694874451 -0.8555848 0.512977779
vn 0.159966499 -0.8555848 0.492326528
vn 0.245304227 -0.8555848 0.455851376
vn 0.322757572 -0.855584621 0.404725134
vn 0.389837146 -0.855584681 0.340590358
vn 0.444386989 -0.85558486 0.265508562
vn 0.484653801 -0.855584741 0.18189384
vn 0.509343445 -0.855584919 0.0924323872
vn 0.517662406 -0.855584919 -7.45759223e-07
vn 0.509343505 -0.855584741 -0.0924329162
vn 0.582184076 -0.806163311 -0.105652057
vn 0.553963602 -0.80616343 -0.207906008
vn 0.507938087 -0.80616343 -0.303478837
vn 0.445587009 -0.806163311 -0.389297873
vn 0.368914366 -0.80616343 -0.462604284
vn 0.280384719 -0.80616343 -0.521042228
vn 0.182843059 -0.80616343 -0.562733471
vn 0.0794247389 -0.806163311 -0.586338043
vn -0.0265463162 -0.806163371 -0.591097236
vn -0.131664112 -0.806163371 -0.576857924
vn -0.232550293 -0.806163669 -0.544077814
vn -0.325961888 -0.806163669 -0.493810624
vn -0.408896714 -0.806163609 -0.427672476
vn -0.478689581 -0.80616349 -0.347788393
vn -0.533096969 -0.80616349 -0.256725907
vn -0.570369959 -0.806163371 -0.157412395
vn -0.589311063 -0.806163371 -0.0530393012
vn -0.589311123 -0.806163251 0.0530388318
vn -0.570370018 -0.806163371 0.15741232
vn -0.533096969 -0.80616343 0.256725997
vn -0.47868979 -0.806163371 0.347788393
vn -0.408897012 -0.806163371 0.427672803
vn -0.325961828 -0.806163311 0.49381122
vn -0.232550234 -0.806163371 0.544078171
vn -0.131664038 -0.806163251 0.576858103
vn -0.0265461318 -0.806163311 0.591097355
vn 0.0794247463 -0.806163311 0.586338103
vn 0.182843119 -0.806163371 0.562733531
vn 0.280384749 -0.80616343 0.521042109
vn 0.368914485 -0.806163371 0.462604284
vn 0.445586979 -0.80616343 0.389297873
vn 0.507938087 -0.80616349 0.303478867
vn 0.553963661 -0.806163251 0.207906425
vn 0.582184315 -0.806163311 0.105651423
vn 0.591693103 -0.806163311 -9.86401915e-07
vn 0.582184076 -0.806163311 -0.105652057
vn 0.650495291 -0.750280201 -0.118048631
vn 0.618963599 -0.750280261 -0.232300878
vn 0.567537665 -0.750280142 -0.339087903
vn 0.497870445 -0.750280201 -0.434976429
vn 0.412201345 -0.750280201 -0.516884446
vn 0.313283831 -0.750280261 -0.582179308
vn 0.204297066 -0.750280321 -0.628762424
vn 0.0887443349 -0.750280261 -0.655136704
vn -0.0296609215 -0.750280261 -0.660454214
vn -0.14711307 -0.75028038 -0.644544005
vn -0.259836793 -0.750280499 -0.607917786
vn -0.364208817 -0.750280261 -0.551752925
vn -0.456875175 -0.750280499 -0.477853864
vn -0.534857213 -0.75028038 -0.388596237
vn -0.595648289 -0.75028044 -0.286848903
vn -0.637294769 -0.75028044 -0.175882295
vn -0.658458173 -0.75028044 -0.059262462
vn -0.658458352 -0.75028038 0.0592624024
vn -0.637295008 -0.750280201 0.175882146
vn -0.595648348 -0.75028038 0.286849082
vn -0.534857035 -0.75028044 0.388596386
vn -0.456875026 -0.750280499 0.477853775
vn -0.364208728 -0.75028044 0.551752865
vn -0.259836495 -0.750280499 0.607917964
vn -0.14711298 -0.750280559 0.644544005
vn -0.0296611451 -0.750280619 0.660453737
vn 0.0887442082 -0.750280619 0.655136228
vn 0.20429711 -0.750280499 0.628762126
vn 0.313283682 -0.750280499 0.582179129
vn 0.412201166 -0.750280619 0.516884148
vn 0.497870237 -0.75028044 0.43497628
vn 0.567537487 -0.75028038 0.339087844
vn 0.61896354 -0.750280321 0.232301071
vn 0.65049541 -0.750280321 0.118047781
vn 0.661119819 -0.750280261 -1.15476814e-06
vn 0.650495291 -0.750280201 -0.118048631
vn 0.713687241 -0.688386619 -0.129516169
vn 0.679092169 -0.688386679 -0.254867703
vn 0.622670472 -0.688386738 -0.37202847
vn 0.546235681 -0.688386738 -0.47723195
vn 0.452244431 -0.688386559 -0.567096829
vn 0.343717575 -0.688386619 -0.638734758
vn 0.224143445 -0.688386679 -0.689843178
vn 0.0973652154 -0.688386738 -0.718779385
vn -0.0325422361 -0.688386858 -0.724613309
vn -0.161404192 -0.688386917 -0.707157791
vn -0.285078377 -0.688386679 -0.666973829
vn -0.399589658 -0.688386619 -0.605352759
vn -0.501258194 -0.6883865 -0.524274945
vn -0.586815834 -0.68838644 -0.426346511
vn -0.653512597 -0.68838644 -0.314714998
vn -0.699204683 -0.688386381 -0.192968443
vn -0.722423851 -0.688386619 -0.0650195107
vn -0.722423851 -0.688386679 0.0650193766
vn -0.699204624 -0.688386679 0.192968175
vn -0.653512239 -0.688386738 0.314714938
vn -0.586815536 -0.688386679 0.426346451
vn -0.501258016 -0.688386679 0.524274886
vn -0.399589866 -0.688386559 0.605352759
vn -0.285078257 -0.688386559 0.666974008
vn -0.161404192 -0.688386738 0.707158089
vn -0.0325426795 -0.688386679 0.724613488
vn 0.0973652229 -0.688386738 0.718779325
vn 0.224143386 -0.688386738 0.689843059
vn 0.343717515 -0.688386619 0.638734698
vn 0.452244461 -0.688386738 0.567096591
vn 0.54623574 -0.688386738 0.477231801
vn 0.622670591 -0.688386679 0.372028321
vn 0.679092169 -0.688386679 0.254867733
vn 0.713687301 -0.688386679 0.129515275
vn 0.725343883 -0.688386679 -1.04661149e-06
vn 0.713687241 -0.688386619 -0.129516169
vn 0.771228969 -0.620981097 -0.139958501
vn 0.733844757 -0.620981157 -0.275416702
vn 0.672873974 -0.620981097 -0.402023822
vn 0.59027642 -0.620981276 -0.515709221
vn 0.488706976 -0.620981276 -0.612819433
vn 0.371430129 -0.620981157 -0.69023335
vn 0.242215216 -0.620981216 -0.745462298
vn 0.105215497 -0.620981336 -0.776731551
vn -0.035166014 -0.620981395 -0.783036113
vn -0.174417675 -0.620981157 -0.764173329
vn -0.308063269 -0.620981097 -0.720749319
vn -0.431807011 -0.620981157 -0.654159784
vn -0.541672587 -0.620981038 -0.566545188
vn -0.634128213 -0.620981038 -0.460721225
vn -0.706202626 -0.620980978 -0.340089023
vn -0.755578697 -0.620981097 -0.208526582
vn -0.780669868 -0.620981276 -0.0702618957
vn -0.780669749 -0.620981395 0.0702615604
vn -0.755578518 -0.620981276 0.208526641
vn -0.706202447 -0.620980918 0.340089262
vn -0.634128213 -0.620981038 0.460721076
vn -0.541672468 -0.620981216 0.56654495
vn -0.431807131 -0.620981216 0.654159725
vn -0.308062971 -0.620981276 0.720749319
vn -0.174417451 -0.620981216 0.764173329
vn -0.0351664163 -0.620980918 0.783036411
vn 0.105215296 -0.620980978 0.776731968
vn 0.242215112 -0.620981216 0.745462477
vn 0.371430188 -0.620981276 0.69023329
vn 0.488707274 -0.620981157 0.612819493
vn 0.590276539 -0.620981157 0.515709221
vn 0.672874033 -0.620981336 0.402023405
vn 0.733844578 -0.620981395 0.275416493
vn 0.77122885 -0.620981395 0.139957607
vn 0.783825338 -0.620981216 -1.09948894e-06
vn 0.771228969 -0.620981097 -0.139958501
vn 0.822644651 -0.548605859 -0.14928925
vn 0.78276825 -0.548605859 -0.293777913
vn 0.717732787 -0.548605919 -0.428825468
vn 0.629628718 -0.548606038 -0.550090194
vn 0.521287739 -0.548605919 -0.653674662
vn 0.396192342 -0.548605919 -0.736249447
vn 0.258363247 -0.548605919 -0.795160353
vn 0.11223007 -0.5486058 -0.828514338
vn -0.0375107341 -0.548605621 -0.835239351
vn -0.186045662 -0.548605561 -0.815118909
vn -0.328600883 -0.548605859 -0.768799722
vn -0.460594684 -0.5486058 -0.697770894
vn -0.577784538 -0.5486058 -0.604315102
vn -0.67640388 -0.548605859 -0.491436064
vn -0.753283083 -0.548605859 -0.362762004
vn -0.805950999 -0.548605919 -0.222428575
vn -0.832715392 -0.54860568 -0.0749460086
vn -0.832715392 -0.548605561 0.0749456435
vn -0.805951178 -0.54860568 0.222428501
vn -0.753283083 -0.548605621 0.362762183
vn -0.676403821 -0.548605859 0.491436124
vn -0.577784359 -0.548606038 0.604315042
vn -0.460594565 -0.54860574 0.697771013
vn -0.328600705 -0.54860568 0.768799961
vn -0.186045349 -0.5486058 0.815118849
vn -0.0375108272 -0.548605561 0.835239351
vn 0.112229712 -0.548605502 0.828514576
vn 0.258363068 -0.54860574 0.795160592
vn 0.396192521 -0.5486058 0.736249387
vn 0.521288097 -0.548605621 0.653674603
vn 0.629628837 -0.54860574 0.550090313
vn 0.717732787 -0.548605978 0.428825378
vn 0.78276819 -0.548606217 0.293777764
vn 0.822644591 -0.548606217 0.149288267
vn 0.836080909 -0.548606098 -1.14449108e-06
vn 0.822644651 -0.548605859 -0.14928925
vn 0.867514193 -0.471841395 -0.157431975
vn 0.825462759 -0.471841544 -0.3098014
vn 0.756880045 -0.471841723 -0.452214748
vn 0.66397053 -0.471841544 -0.580093622
vn 0.549720407 -0.471841574 -0.689327955
vn 0.417801827 -0.471841633 -0.776406467
vn 0.272455126 -0.471841723 -0.83853054
vn 0.118351184 -0.471841753 -0.873703837
vn -0.0395568088 -0.471841604 -0.880795598
vn -0.196193039 -0.471841455 -0.859577835
vn -0.346523553 -0.471841544 -0.810732305
vn -0.48571676 -0.471841633 -0.735829294
vn -0.609298527 -0.471841544 -0.637276113
vn -0.713297009 -0.471841514 -0.518240452
vn -0.79436934 -0.471841305 -0.382548243
vn -0.8499102 -0.471841127 -0.234560564
vn -0.87813431 -0.471841007 -0.0790335909
vn -0.878134131 -0.471841276 0.0790332556
vn -0.849910021 -0.471841574 0.234560147
vn -0.794369221 -0.471841544 0.382548094
vn -0.713296831 -0.471841693 0.518240392
vn -0.609298408 -0.471841604 0.637276113
vn -0.485716611 -0.471841574 0.735829532
vn -0.346523583 -0.471841574 0.810732305
vn -0.196192876 -0.471841633 0.859577656
vn -0.0395565741 -0.471841723 0.880795538
vn 0.118351012 -0.471841723 0.873703837
vn 0.272454947 -0.471841693 0.83853066
vn 0.417802036 -0.471841723 0.776406407
vn 0.549720407 -0.471841604 0.689327896
vn 0.66397047 -0.471841723 0.580093682
vn 0.756880045 -0.471841544 0.452214688
vn 0.825462699 -0.471841544 0.3098014
vn 0.867514133 -0.471841782 0.157430813
vn 0.881683171 -0.471841782 -1.16076251e-06
vn 0.867514193 -0.471841395 -0.157431975
vn 0.90547204 -0.391304433 -0.164320365
vn 0.86158067 -0.391304374 -0.323356658
vn 0.78999716 -0.391304582 -0.472001433
vn 0.69302237 -0.391304702 -0.605475545
vn 0.573773384 -0.391304672 -0.719489276
vn 0.43608278 -0.391304523 -0.810378015
vn 0.284376234 -0.391304493 -0.875220478
vn 0.123529606 -0.391304553 -0.911932647
vn -0.0412876084 -0.391304702 -0.919334471
vn -0.204777434 -0.391304761 -0.897188365
vn -0.361685574 -0.391304791 -0.846205711
vn -0.506969213 -0.391304791 -0.768025279
vn -0.635958135 -0.391304702 -0.665159941
vn -0.744506896 -0.391304851 -0.540915787
vn -0.829126596 -0.391304761 -0.399286449
vn -0.887097538 -0.391304553 -0.24482365
vn -0.916556478 -0.391304731 -0.0824916735
vn -0.916556239 -0.391305089 0.0824913085
vn -0.887097538 -0.39130488 0.244823307
vn -0.829126596 -0.391304642 0.39928636
vn -0.744506896 -0.391304791 0.540915906
vn -0.635958314 -0.391304642 0.665159881
vn -0.506969154 -0.39130488 0.768025279
vn -0.361685663 -0.391305149 0.846205473
vn -0.204777211 -0.391305149 0.897188127
vn -0.0412871651 -0.391305089 0.919334352
vn 0.123529546 -0.391305029 0.911932409
vn 0.284376115 -0.39130494 0.875220299
vn 0.436082751 -0.39130497 0.810377955
vn 0.573773265 -0.391304821 0.719489217
vn 0.69302243 -0.391304851 0.605475426
vn 0.78999716 -0.39130488 0.472001106
vn 0.86158061 -0.391304612 0.323356718
vn 0.905472219 -0.391304523 0.164319158
vn 0.920261204 -0.391304791 -1.29212879e-06
vn 0.90547204 -0.391304433 -0.164320365
vn 0.936211526 -0.307639986 -0.169898808
vn 0.890830159 -0.30763942 -0.334334284
vn 0.816816509 -0.30763945 -0.488025397
vn 0.716549575 -0.307639509 -0.626030922
vn 0.593252361 -0.307639331 -0.743915081
vn 0.450887412 -0.307639271 -0.837889314
vn 0.294030398 -0.307639301 -0.904933214
vn 0.127723292 -0.307639301 -0.942891657
vn -0.042689085 -0.307639599 -0.950544834
vn -0.211729288 -0.307639807 -0.927646697
vn -0.373964548 -0.307639569 -0.874933422
vn -0.524180233 -0.30763942 -0.794098973
vn -0.65754813 -0.307639718 -0.687741399
vn -0.769781947 -0.307639986 -0.559279263
vn -0.857274354 -0.307640105 -0.412841648
vn -0.917213321 -0.307639956 -0.253135115
vn -0.947672546 -0.30763939 -0.0852923244
vn -0.947672606 -0.307639271 0.0852919146
vn -0.917213559 -0.30763939 0.253134876
vn -0.857274532 -0.30763948 0.412841767
vn -0.769782066 -0.307639569 0.559279442
vn -0.657548249 -0.30763948 0.687741339
vn -0.524180174 -0.307639301 0.794098973
vn -0.373964459 -0.307639301 0.874933481
vn -0.211729184 -0.307639539 0.927646935
vn -0.0426888838 -0.30763939 0.950544953
vn 0.127723232 -0.30763936 0.942891717
vn 0.294030428 -0.30763936 0.904933155
vn 0.450887144 -0.30763939 0.837889493
vn 0.593252242 -0.30763936 0.7439152
vn 0.716549695 -0.307639629 0.626030743
vn 0.816816568 -0.307639807 0.488025129
vn 0.890830278 -0.30763948 0.334334165
vn 0.936211944 -0.30763942 0.169897631
vn 0.9515028 -0.307640046 -1.3797785e-06
vn 0.936211526 -0.307639986 -0.169898808
vn 0.959485352 -0.221515611 -0.174122393
vn 0.912975848 -0.221515417 -0.342645764
vn 0.837122202 -0.221514985 -0.500157535
vn 0.734362721 -0.221514925 -0.641593754
vn 0.60799998 -0.221515149 -0.762408614
vn 0.462096184 -0.221515343 -0.858718872
vn 0.301339924 -0.221515357 -0.927429259
vn 0.130898401 -0.221515298 -0.966331422
vn -0.0437500626 -0.221515223 -0.974175036
vn -0.216992781 -0.221515179 -0.950707734
vn -0.383261144 -0.221515104 -0.896683812
vn -0.53721112 -0.221515119 -0.813839912
vn -0.673894525 -0.221515208 -0.704838455
vn -0.788918495 -0.221515253 -0.573182821
vn -0.878585994 -0.221515521 -0.423104614
vn -0.940014839 -0.221515745 -0.259427845
vn -0.971231103 -0.221515492 -0.0874125659
vn -0.971231222 -0.221515194 0.0874122605
vn -0.940015078 -0.221515417 0.259427577
vn -0.878585935 -0.221515775 0.423104644
vn -0.788918495 -0.221515656 0.573182702
vn -0.673894584 -0.221515432 0.704838395
vn -0.537210941 -0.221515179 0.813839972
vn -0.383261144 -0.22151497 0.896683991
vn -0.216992721 -0.22151497 0.950707734
vn -0.0437502451 -0.221515134 0.974175036
vn 0.130898371 -0.221515223 0.966331601
vn 0.301339924 -0.221515045 0.927429378
vn 0.462096095 -0.221515164 0.858719051
vn 0.6080001 -0.221515477 0.762408435
vn 0.734362721 -0.221515521 0.641593516
vn 0.837122262 -0.221515313 0.500157297
vn 0.912975788 -0.221515402 0.342645556
vn 0.959485531 -0.221515968 0.174121216
vn 0.975156724 -0.221515924 -1.42831288e-06
vn 0.959485352 -0.221515611 -0.174122393
vn 0.975106061 -0.133620501 -0.176957116
vn 0.92783922 -0.133620799 -0.348224103
vn 0.850750685 -0.133620769 -0.508300006
vn 0.746318281 -0.133620784 -0.652038753
vn 0.617898285 -0.133621186 -0.774820626
vn 0.469619125 -0.133621275 -0.872698903
vn 0.306245744 -0.133621112 -0.94252795
vn 0.133029372 -0.133621022 -0.982063532
vn -0.0444623046 -0.133620873 -0.990034699
vn -0.220525533 -0.133620769 -0.966185331
vn -0.389500797 -0.133620948 -0.911281884
vn -0.545957029 -0.133620933 -0.827089071
vn -0.684865713 -0.133620486 -0.716313183
vn -0.801762223 -0.133620277 -0.582514405
vn -0.89288944 -0.133620784 -0.429992855
vn -0.955318511 -0.133620858 -0.263651282
vn -0.987042844 -0.133621201 -0.08883553
vn -0.987042844 -0.133621112 0.0888352841
vn -0.95531857 -0.133620948 0.263651013
vn -0.8928895 -0.133621037 0.429992795
vn -0.801762164 -0.133620724 0.582514286
vn -0.684865594 -0.133620799 0.716313183
vn -0.545956731 -0.133620813 0.82708919
vn -0.389500439 -0.133620873 0.911281943
vn -0.220525548 -0.133620858 0.966185153
vn -0.0444625951 -0.133620948 0.990034521
vn 0.133029506 -0.133621007 0.982063353
vn 0.306245714 -0.133620963 0.942528009
vn 0.469618767 -0.133620918 0.872699082
vn 0.617898464 -0.133620992 0.774820566
vn 0.746318281 -0.133620888 0.652038693
vn 0.850750804 -0.133620605 0.508299768
vn 0.92783916 -0.133620918 0.348223954
vn 0.97510612 -0.13362141 0.176955968
vn 0.991032481 -0.133620903 -1.53420706e-06
vn 0.975106061 -0.133620501 -0.176957116
vn 0.982947648 -0.0446589179 -0.178380176
vn 0.935300648 -0.0446589664 -0.351024479
vn 0.857592165 -0.0446593277 -0.512387753
vn 0.752320051 -0.0446594395 -0.657282352
vn 0.622867346 -0.0446594469 -0.781051695
vn 0.473395765 -0.0446594134 -0.879717052
vn 0.308708459 -0.0446593948 -0.950107694
vn 0.134099156 -0.0446593426 -0.989961028
vn -0.0448199809 -0.044659283 -0.99799633
vn -0.22229895 -0.0446593389 -0.973955274
vn -0.392633051 -0.044659324 -0.918610334
vn -0.550347745 -0.044659283 -0.833740354
vn -0.690373361 -0.0446590893 -0.722073615
vn -0.808209777 -0.044658836 -0.587198913
vn -0.900069892 -0.0446592197 -0.433450997
vn -0.963001132 -0.0446589701 -0.265771508
vn -0.994980693 -0.0446589291 -0.0895499587
vn -0.994980633 -0.0446592234 0.0895495713
vn -0.963001072 -0.0446591005 0.265771359
vn -0.900069952 -0.0446588211 0.433450937
vn -0.808209717 -0.0446586572 0.587198794
vn -0.690373182 -0.0446589962 0.722073674
vn -0.550347269 -0.0446590856 0.833740652
vn -0.392632723 -0.0446592085 0.918610454
vn -0.222299039 -0.0446592495 0.973955095
vn -0.0448201559 -0.0446591713 0.99799639
vn 0.134099305 -0.044659242 0.989961088
vn 0.308708489 -0.0446593948 0.950107694
vn 0.473395467 -0.0446592197 0.879717171
vn 0.622867525 -0.044659093 0.781051517
vn 0.75232017 -0.0446590669 0.657282174
vn 0.857592285 -0.0446589515 0.512387514
vn 0.935300648 -0.0446589701 0.351024389
vn 0.982947826 -0.0446590632 0.178378984
vn 0.999002278 -0.0446591191 -1.65163954e-06
vn 0.982947648 -0.0446589179 -0.178380176
vn 0.935300648 0.0446589664 -0.351024449
vn 0.982947707 0.0446586758 -0.178380191
vn 0.857592165 0.0446593277 -0.512387753
vn 0.752320111 0.0446592383 -0.657282233
vn 0.622867465 0.0446590297 -0.781051755
vn 0.473395526 0.0446591265 -0.879717171
vn 0.30870837 0.0446593426 -0.950107753
vn 0.134099349 0.0446593352 -0.989961088
vn -0.0448199809 0.0446592867 -0.99799633
vn -0.222299024 0.044659242 -0.973955214
vn -0.392632902 0.044659175 -0.918610394
vn -0.550347626 0.0446590409 -0.833740473
vn -0.690373242 0.0446589738 -0.722073793
vn -0.808209717 0.044658903 -0.587199032
vn -0.900069892 0.0446591824 -0.433451027
vn -0.963001072 0.0446590222 -0.265771508
vn -0.994980574 0.0446591675 -0.0895499587
vn -0.994980693 0.044659324 0.0895495638
vn -0.963001132 0.0446590558 0.265771389
vn -0.900069952 0.0446588211 0.433450937
vn -0.808209717 0.0446586572 0.587198794
vn -0.690373242 0.0446591973 0.722073555
vn -0.550347507 0.0446592942 0.833740532
vn -0.392632842 0.0446591973 0.918610394
vn -0.222299039 0.0446592495 0.973955095
vn -0.0448200628 0.044659391 0.99799639
vn 0.1340992 0.0446596593 0.989961088
vn 0.3087084 0.0446595959 0.950107694
vn 0.473395646 0.0446593016 0.879716933
vn 0.622867584 0.0446593054 0.781051517
vn 0.752320111 0.0446592532 0.657282233
vn 0.857592285 0.0446590185 0.512387574
vn 0.935300767 0.0446587838 0.351024419
vn 0.982947826 0.0446589626 0.178378984
vn 0.999002278 0.0446589626 -1.65926861e-06
vn 0.982947707 0.0446586758 -0.178380191
vn 0.92783916 0.133620739 -0.348224133
vn 0.975105941 0.133620694 -0.176957101
vn 0.850750566 0.133620784 -0.508300006
vn 0.7463184 0.133620754 -0.652038693
vn 0.617898405 0.133621007 -0.774820626
vn 0.469618917 0.133621067 -0.872698963
vn 0.306245446 0.133621052 -0.942528069
vn 0.133029476 0.133621022 -0.982063472
vn -0.0444623083 0.133620858 -0.99003464
vn -0.220525607 0.133620739 -0.966185272
vn -0.389500678 0.133620813 -0.911281943
vn -0.545956969 0.133620635 -0.82708925
vn -0.684865534 0.133620381 -0.716313303
vn -0.801762104 0.133620307 -0.582514584
vn -0.892889559 0.133620277 -0.429993004
vn -0.955318511 0.133620515 -0.263651311
vn -0.987042844 0.13362141 -0.0888355523
vn -0.987042904 0.133621335 0.0888352543
vn -0.95531857 0.133620948 0.263651013
vn -0.89288944 0.133620948 0.429992855
vn -0.801762164 0.133620635 0.582514346
vn -0.684865654 0.133620694 0.716313064
vn -0.54595691 0.133620799 0.827089131
vn -0.389500618 0.133620873 0.911281884
vn -0.220525518 0.133620858 0.966185153
vn -0.044462394 0.133620948 0.990034521
vn 0.133029535 0.133621022 0.982063413
vn 0.306245655 0.133620963 0.942528009
vn 0.469619036 0.133620963 0.872698903
vn 0.617898583 0.133621112 0.774820387
vn 0.746318221 0.133621052 0.652038693
vn 0.850750744 0.133620679 0.508299828
vn 0.92783922 0.133620724 0.348223954
vn 0.975106239 0.13362059 0.176955938
vn 0.991032541 0.133620575 -1.55535542e-06
vn 0.975105941 0.133620694 -0.176957101
vn 0.912975788 0.221515507 -0.342645764
vn 0.959485352 0.221515879 -0.174122423
vn 0.837122202 0.22151503 -0.500157475
vn 0.734362841 0.221514955 -0.641593695
vn 0.608000278 0.221515253 -0.762408435
vn 0.462096274 0.221515074 -0.858718812
vn 0.301339716 0.221515015 -0.927429557
vn 0.130898222 0.22151503 -0.966331601
vn -0.0437499657 0.22151503 -0.974175096
vn -0.216992795 0.22151503 -0.950707674
vn -0.383261412 0.221515164 -0.896683753
vn -0.537211061 0.221515268 -0.813839734
vn -0.673894465 0.221515372 -0.704838336
vn -0.788918436 0.221515194 -0.57318294
vn -0.878586054 0.221515015 -0.423104703
vn -0.940014958 0.221515417 -0.259427845
vn -0.971231103 0.221515462 -0.0874125585
vn -0.971231282 0.221515194 0.0874122307
vn -0.940015078 0.221515387 0.259427577
vn -0.878585935 0.221515819 0.423104703
vn -0.788918495 0.2215157 0.573182762
vn -0.673894525 0.221515104 0.704838336
vn -0.537210882 0.221515194 0.813839972
vn -0.383261025 0.221515357 0.896683931
vn -0.21699281 0.221515268 0.950707674
vn -0.04375026 0.221515164 0.974175036
vn 0.13089855 0.221515089 0.966331601
vn 0.301339895 0.221515164 0.927429378
vn 0.462096006 0.221515357 0.858718932
vn 0.608000278 0.221515492 0.762408376
vn 0.734362721 0.221515343 0.641593516
vn 0.837122142 0.221515432 0.500157237
vn 0.912975788 0.221515834 0.342645496
vn 0.95948559 0.221515372 0.174121186
vn 0.975156903 0.221515536 -1.46152979e-06
vn 0.959485352 0.221515879 -0.174122423
vn 0.890830278 0.307639629 -0.334334314
vn 0.936211526 0.307640076 -0.169898778
vn 0.816816509 0.30763942 -0.488025367
vn 0.716549635 0.30763945 -0.626030982
vn 0.593252242 0.307639182 -0.7439152
vn 0.450887501 0.307639182 -0.837889433
vn 0.294030219 0.307639241 -0.904933274
vn 0.127723187 0.307639182 -0.942891717
vn -0.0426886901 0.307639331 -0.950544953
vn -0.211729407 0.30763948 -0.927646816
vn -0.373964936 0.30763939 -0.874933302
vn -0.524180233 0.307639509 -0.794098854
vn -0.65754807 0.307639748 -0.687741458
vn -0.769782007 0.307639867 -0.559279323
vn -0.857274413 0.307640105 -0.412841618
vn -0.91721338 0.307640046 -0.253135085
vn -0.947672546 0.307639569 -0.0852923319
vn -0.947672486 0.30763939 0.0852918774
vn -0.9172135 0.30763948 0.253134847
vn -0.857274532 0.307639748 0.412841737
vn -0.769782126 0.307639778 0.559279263
vn -0.657548368 0.307639658 0.687741339
vn -0.524180114 0.30763948 0.794098973
vn -0.37396428 0.307639539 0.874933481
vn -0.211729348 0.307639688 0.927646756
vn -0.0426890925 0.307639629 0.950544834
vn 0.127723351 0.307639688 0.942891717
vn 0.294030398 0.307639748 0.904933155
vn 0.450887084 0.307639658 0.837889373
vn 0.593252361 0.30763948 0.743915021
vn 0.716549814 0.30763942 0.626030743
vn 0.816816568 0.307639778 0.488025218
vn 0.890830278 0.307639748 0.334334165
vn 0.936211884 0.307639718 0.169897631
vn 0.95150274 0.307640135 -1.42984311e-06
vn 0.936211526 0.307640076 -0.169898778
vn 0.861580729 0.391304463 -0.323356718
vn 0.90547204 0.391304553 -0.164320365
vn 0.78999716 0.391304493 -0.472001404
vn 0.693022192 0.391304761 -0.605475724
vn 0.573773205 0.391304851 -0.719489217
vn 0.436082721 0.391305029 -0.810377836
vn 0.284376025 0.39130494 -0.875220358
vn 0.123529695 0.391304821 -0.911932588
vn -0.0412871838 0.39130488 -0.919334531
vn -0.204777554 0.39130491 -0.897188127
vn -0.361685932 0.391304851 -0.846205533
vn -0.506969154 0.391304731 -0.768025339
vn -0.635958135 0.391304582 -0.66516012
vn -0.744506955 0.391304702 -0.540915847
vn -0.829126596 0.391304702 -0.399286419
vn -0.887097538 0.391304761 -0.24482365
vn -0.916556358 0.39130494 -0.0824916735
vn -0.916556299 0.391305089 0.082491301
vn -0.887097538 0.391305 0.244823307
vn -0.829126716 0.391304731 0.399286389
vn -0.744506955 0.391304791 0.540915847
vn -0.635958195 0.39130491 0.665159822
vn -0.506969035 0.39130497 0.768025339
vn -0.361685514 0.391304851 0.846205652
vn -0.20477733 0.39130488 0.897188246
vn -0.0412872843 0.391305 0.919334471
vn 0.123529546 0.391304761 0.911932528
vn 0.284376025 0.391304553 0.875220537
vn 0.436082721 0.391304791 0.810377955
vn 0.573773444 0.391304851 0.719489217
vn 0.693022549 0.391304761 0.605475307
vn 0.789997101 0.391304791 0.472001195
vn 0.86158061 0.391304553 0.323356688
vn 0.905472219 0.391304702 0.164319173
vn 0.920261085 0.39130488 -1.35632081e-06
vn 0.90547204 0.391304553 -0.164320365
vn 0.825462818 0.471841395 -0.309801519
vn 0.867514253 0.471841216 -0.157431945
vn 0.756880045 0.471841425 -0.452214867
vn 0.66397059 0.471841484 -0.580093801
vn 0.549720287 0.471841484 -0.689328074
vn 0.417801827 0.471841544 -0.776406646
vn 0.272455096 0.471841455 -0.838530779
vn 0.118351281 0.471841514 -0.873703957
vn -0.039556589 0.471841574 -0.880795598
vn -0.196193188 0.471841574 -0.859577715
vn -0.346523792 0.471841544 -0.810732245
vn -0.485716611 0.471841514 -0.735829473
vn -0.609298527 0.471841305 -0.637276351
vn -0.71329695 0.471841305 -0.518240571
vn -0.7943694 0.471841365 -0.382548213
vn -0.849910021 0.471841335 -0.234560519
vn -0.878134251 0.471841127 -0.0790336132
vn -0.878134131 0.471841276 0.079033263
vn -0.849910021 0.471841574 0.234560207
vn -0.794369221 0.471841574 0.382548064
vn -0.71329695 0.471841633 0.518240213
vn -0.609298468 0.471841663 0.637276053
vn -0.485716462 0.471841782 0.735829294
vn -0.346523494 0.471841812 0.810732126
vn -0.196192831 0.471841812 0.859577596
vn -0.0395565704 0.471841753 0.880795419
vn 0.118350916 0.471841663 0.873703897
vn 0.272454977 0.471841604 0.838530719
vn 0.417801976 0.471841753 0.776406467
vn 0.549720526 0.471841812 0.689327657
vn 0.66397059 0.471841753 0.580093443
vn 0.756880045 0.471841723 0.452214658
vn 0.825462639 0.471841663 0.3098014
vn 0.867514253 0.471841723 0.157430753
vn 0.88168335 0.471841514 -1.24938686e-06
vn 0.867514253 0.471841216 -0.157431945
vn 0.822644651 0.5486058 -0.149289265
vn 0.782768369 0.54860568 -0.293777883
vn 0.717732668 0.548605859 -0.428825557
vn 0.629628658 0.548605859 -0.550090313
vn 0.521287739 0.54860568 -0.653674901
vn 0.396192312 0.54860568 -0.736249685
vn 0.258363366 0.548605621 -0.795160532
vn 0.112229981 0.54860568 -0.828514457
vn -0.0375106186 0.548605502 -0.835239351
vn -0.186045602 0.548605621 -0.815118968
vn -0.328601032 0.54860574 -0.768799782
vn -0.460594624 0.548605621 -0.697771072
vn -0.577784538 0.548605502 -0.604315221
vn -0.676403999 0.54860568 -0.491436034
vn -0.753283024 0.548605919 -0.362761885
vn -0.805950999 0.548605919 -0.22242859
vn -0.832715273 0.548605859 -0.0749460235
vn -0.832715452 0.548605621 0.0749456361
vn -0.805951238 0.548605621 0.222428516
vn -0.753283024 0.548605919 0.362762034
vn -0.676403761 0.548606038 0.491436005
vn -0.577784479 0.548605978 0.604314923
vn -0.460594654 0.54860574 0.697770953
vn -0.328600734 0.54860568 0.768799961
vn -0.186045364 0.54860574 0.815118909
vn -0.0375108309 0.54860568 0.835239351
vn 0.112229683 0.54860574 0.828514516
vn 0.258363307 0.548605978 0.795160294
vn 0.396192402 0.548606038 0.736249328
vn 0.521288037 0.548605859 0.653674483
vn 0.629628897 0.54860574 0.550090075
vn 0.717732847 0.5486058 0.428825468
vn 0.78276825 0.548605859 0.293777883
vn 0.82264483 0.5486058 0.149288177
vn 0.836081088 0.548605978 -1.20148763e-06
vn 0.822644651 0.5486058 -0.149289265
vn 0.771228969 0.620980978 -0.139958546
vn 0.733844757 0.620981038 -0.275416642
vn 0.672873914 0.620981157 -0.402023643
vn 0.59027648 0.620981097 -0.515709281
vn 0.488707066 0.620981216 -0.612819552
vn 0.371430129 0.620981097 -0.69023335
vn 0.242215231 0.620981097 -0.745462477
vn 0.10521546 0.620981097 -0.776731789
vn -0.0351659842 0.620980978 -0.783036292
vn -0.174417704 0.620980978 -0.764173508
vn -0.308063328 0.620981097 -0.720749259
vn -0.431807041 0.620981216 -0.654159725
vn -0.541672587 0.620981038 -0.566545129
vn -0.634128332 0.620980918 -0.460721076
vn -0.706202686 0.620980799 -0.340089083
vn -0.755578876 0.620980799 -0.208526716
vn -0.780670106 0.620981157 -0.0702619702
vn -0.780669987 0.620981276 0.0702615827
vn -0.755578637 0.620981276 0.208526567
vn -0.706202328 0.620981276 0.340089113
vn -0.634128034 0.620981216 0.460721046
vn -0.541672587 0.620981276 0.566544771
vn -0.431807131 0.620981336 0.654159546
vn -0.308062881 0.620981276 0.720749199
vn -0.17441754 0.620981216 0.764173388
vn -0.0351663157 0.620981097 0.783036172
vn 0.105215453 0.620981336 0.77673167
vn 0.242215395 0.620981455 0.745462179
vn 0.371430129 0.620981276 0.690233111
vn 0.488707095 0.620981157 0.612819433
vn 0.590276599 0.620981157 0.515709221
vn 0.672874033 0.620981157 0.402023613
vn 0.733844757 0.620981157 0.275416672
vn 0.771229088 0.620981097 0.139957577
vn 0.783825338 0.620981216 -1.10192127e-06
vn 0.771228969 0.620980978 -0.139958546
vn 0.713687301 0.6883865 -0.129516169
vn 0.679092169 0.688386679 -0.254867822
vn 0.622670472 0.688386619 -0.37202853
vn 0.54623574 0.688386619 -0.477232009
vn 0.45224461 0.688386559 -0.567096829
vn 0.343717694 0.68838644 -0.638734877
vn 0.224143311 0.6883865 -0.689843297
vn 0.0973651782 0.688386679 -0.718779445
vn -0.0325423516 0.688386559 -0.724613607
vn -0.161404386 0.688386559 -0.707158148
vn -0.285078496 0.688386559 -0.66697377
vn -0.399589658 0.688386738 -0.60535264
vn -0.501258016 0.688386679 -0.524274945
vn -0.586815596 0.688386619 -0.426346391
vn -0.653512418 0.688386559 -0.314714849
vn -0.699204743 0.68838644 -0.192968547
vn -0.72242409 0.68838644 -0.0650196671
vn -0.72242403 0.688386559 0.0650194436
vn -0.699204683 0.688386559 0.19296816
vn -0.653512299 0.688386559 0.314714938
vn -0.586815655 0.688386619 0.426346451
vn -0.501258254 0.688386619 0.524274588
vn -0.399589837 0.688386798 0.605352521
vn -0.285078287 0.688386858 0.666973591
vn -0.161404222 0.688386977 0.707157731
vn -0.0325424075 0.688386798 0.724613428
vn 0.0973652601 0.688386798 0.718779206
vn 0.22414349 0.688386738 0.689842999
vn 0.343717694 0.688386738 0.638734579
vn 0.45224452 0.688386619 0.567096829
vn 0.54623574 0.688386738 0.47723195
vn 0.62267065 0.688386679 0.37202844
vn 0.679092288 0.688386619 0.254867703
vn 0.713687301 0.688386619 0.129515141
vn 0.725344002 0.688386619 -9.92703008e-07
vn 0.713687301 0.6883865 -0.129516169
vn 0.61896348 0.750280201 -0.232301101
vn 0.650495291 0.750280201 -0.118048631
vn 0.567537487 0.750280142 -0.339088231
vn 0.497870237 0.75028038 -0.434976459
vn 0.412201315 0.750280499 -0.516884208
vn 0.313283861 0.75028038 -0.582179129
vn 0.204297051 0.75028044 -0.628762245
vn 0.0887441933 0.75028044 -0.655136466
vn -0.0296610147 0.750280499 -0.660453975
vn -0.14711304 0.750280559 -0.644543886
vn -0.259836704 0.750280619 -0.607917726
vn -0.364208847 0.75028044 -0.551752806
vn -0.456875026 0.75028038 -0.477854043
vn -0.534857154 0.75028044 -0.388596416
vn -0.595648348 0.75028044 -0.286848813
vn -0.637294769 0.750280499 -0.175882474
vn -0.658458173 0.75028044 -0.059262678
vn -0.658458352 0.750280321 0.0592623204
vn -0.637295008 0.750280261 0.175882131
vn -0.595648348 0.750280261 0.286849231
vn -0.534857273 0.750280201 0.388596505
vn -0.456875324 0.750280261 0.477853894
vn -0.364208907 0.750280261 0.551752925
vn -0.259836644 0.75028038 0.607917905
vn -0.147112995 0.75028038 0.644544125
vn -0.0296610445 0.750280261 0.660454154
vn 0.0887442529 0.750280201 0.655136704
vn 0.2042972 0.750280261 0.628762484
vn 0.31328389 0.750280201 0.582179308
vn 0.412201256 0.75028038 0.516884387
vn 0.497870326 0.750280499 0.43497631
vn 0.567537487 0.750280321 0.339087725
vn 0.618963599 0.750280321 0.232300773
vn 0.650495529 0.750280142 0.118047513
vn 0.661119998 0.750280201 -1.08548227e-06
vn 0.650495291 0.750280201 -0.118048631
vn 0.582184196 0.806163311 -0.105652191
vn 0.55396378 0.806163251 -0.207906365
vn 0.507938266 0.806163192 -0.303479254
vn 0.445587158 0.806163251 -0.389297932
vn 0.368914545 0.806163371 -0.462604314
vn 0.280384779 0.806163192 -0.521042347
vn 0.182843149 0.806163311 -0.562733591
vn 0.0794248804 0.806163192 -0.586338222
vn -0.0265462268 0.806163251 -0.591097534
vn -0.131664172 0.806163251 -0.576858222
vn -0.232550338 0.806163251 -0.544078171
vn -0.325962037 0.806163311 -0.49381116
vn -0.408896893 0.806163311 -0.427672982
vn -0.47868979 0.806163192 -0.347788662
vn -0.533097386 0.806163132 -0.256725818
vn -0.570370078 0.806163371 -0.157412484
vn -0.589310884 0.80616349 -0.0530394539
vn -0.589310884 0.80616349 0.053038653
vn -0.57036978 0.806163669 0.157412201
vn -0.533096611 0.806163669 0.256726027
vn -0.47868973 0.80616349 0.347788364
vn -0.408896923 0.80616343 0.427672744
vn -0.325961769 0.80616343 0.49381119
vn -0.23255001 0.806163609 0.544077992
vn -0.131663963 0.80616349 0.576857746
vn -0.0265462194 0.80616349 0.591097057
vn 0.0794248357 0.806163609 0.586337745
vn 0.18284297 0.80616349 0.562733352
vn 0.280384541 0.80616343 0.521042168
vn 0.368914217 0.806163549 0.462604254
vn 0.445586801 0.806163549 0.389297634
vn 0.507937908 0.806163669 0.303478569
vn 0.553963482 0.806163609 0.207905903
vn 0.582184374 0.806163371 0.105651118
vn 0.591693163 0.806163251 -1.14945703e-06
vn 0.582184196 0.806163311 -0.105652191
vn 0.48465398 0.855584741 -0.18189396
vn 0.509343505 0.855584681 -0.0924331099
vn 0.444386989 0.855584741 -0.26550886
vn 0.389837146 0.855584621 -0.340590537
vn 0.322757572 0.855584383 -0.40472576
vn 0.245304227 0.855584502 -0.455852062
vn 0.159966633 0.855584681 -0.492326796
vn 0.0694874823 0.855584502 -0.512978196
vn -0.0232249685 0.855584502 -0.517141938
vn -0.115190871 0.855584502 -0.504684269
vn -0.203454614 0.855584443 -0.476005733
vn -0.285179049 0.855584562 -0.432027638
vn -0.357737482 0.855584741 -0.374164045
vn -0.41879791 0.85558486 -0.304274499
vn -0.466397882 0.855584919 -0.224605307
vn -0.499007463 0.85558486 -0.13771753
vn -0.515578568 0.855584919 -0.0464033112
vn -0.515578628 0.855584919 0.0464025363
vn -0.499007583 0.85558486 0.13771753
vn -0.466397852 0.855584741 0.224605605
vn -0.418798029 0.855584741 0.304274499
vn -0.357737452 0.855584621 0.374164164
vn -0.2851789 0.855584621 0.432027668
vn -0.203454494 0.855584741 0.476005286
vn -0.115190759 0.855584741 0.504683912
vn -0.0232247803 0.855584621 0.51714164
vn 0.0694875047 0.8555848 0.512977779
vn 0.159966454 0.85558486 0.492326498
vn 0.245304048 0.85558486 0.455851376
vn 0.322757423 0.855584621 0.404725075
vn 0.389836997 0.855584741 0.340590298
vn 0.44438687 0.85558486 0.265508533
vn 0.484653801 0.85558486 0.181893796
vn 0.509343445 0.85558486 0.0924323648
vn 0.517662466 0.85558486 -9.48140098e-07
vn 0.509343505 0.855584681 -0.0924331099
vn 0.41166541 0.898143053 -0.154501185
vn 0.432636827 0.898143172 -0.0785125196
vn 0.377462476 0.898143053 -0.225523949
vn 0.331127584 0.898143232 -0.28929776
vn 0.274150133 0.898143172 -0.343773872
vn 0.208361313 0.898143232 -0.387200415
vn 0.135875538 0.898143411 -0.418182105
vn 0.0590226576 0.898143291 -0.435723573
vn -0.0197271965 0.898143291 -0.439260095
vn -0.0978431031 0.898143291 -0.428678393
vn -0.172814265 0.898143232 -0.404319108
vn -0.242230982 0.898143232 -0.366964459
vn -0.303862214 0.898143351 -0.317814797
vn -0.355727136 0.898143351 -0.258450866
vn -0.396158636 0.898143172 -0.190780148
vn -0.423857391 0.898143232 -0.11697723
vn -0.437932968 0.898143172 -0.0394146815
vn -0.437933028 0.898143172 0.0394146554
vn -0.42385745 0.898143172 0.116977222
vn -0.396158695 0.898143232 0.190780118
vn -0.355727375 0.898143172 0.258450866
vn -0.303862482 0.898143232 0.317814738
vn -0.242231041 0.898143232 0.366964221
vn -0.172814369 0.898143113 0.404319197
vn -0.0978430882 0.898143172 0.42867884
vn -0.0197270177 0.898143113 0.439260393
vn 0.0590226576 0.898142993 0.435723931
vn 0.135875538 0.898143172 0.418182522
vn 0.208361387 0.898143351 0.387200356
vn 0.274150372 0.898143232 0.343773484
vn 0.331127942 0.898143232 0.289297253
vn 0.377462506 0.898143172 0.225523278
vn 0.411665291 0.898143113 0.154501051
vn 0.432636738 0.898143232 0.0785118937
vn 0.439702928 0.898143291 -8.83138227e-07
vn 0.432636827 0.898143172 -0.0785125196
vn 0.335732102 0.933492005 -0.126002669
vn 0.352835268 0.933492005 -0.0640308484
vn 0.307837963 0.933491945 -0.183924988
vn 0.27004981 0.933492064 -0.235935643
vn 0.223582223 0.933492124 -0.280362964
vn 0.169928312 0.933492064 -0.315779835
vn 0.110812731 0.933492005 -0.341047168
vn 0.0481357276 0.933492064 -0.3553527
vn -0.0160883442 0.933492005 -0.358237088
vn -0.0797956139 0.933492005 -0.349607289
vn -0.140938073 0.933492005 -0.329740912
vn -0.197550535 0.933491886 -0.29927668
vn -0.247813821 0.933492064 -0.259192795
vn -0.290111989 0.933492005 -0.210778698
vn -0.323085666 0.933491945 -0.155590326
vn -0.345675349 0.933492064 -0.0954001397
vn -0.357154578 0.933492005 -0.0321441591
vn -0.357154578 0.933492005 0.032144431
vn -0.345675349 0.933492005 0.0954001173
vn -0.323085785 0.933492005 0.155589715
vn -0.290111989 0.933492005 0.210778549
vn -0.247813642 0.933492184 0.259192288
vn -0.197550356 0.933492303 0.299275845
vn -0.140937835 0.933492124 0.329740703
vn -0.0797954425 0.933492303 0.349606484
vn -0.0160882659 0.933492303 0.358236313
vn 0.048135668 0.933492124 0.355352491
vn 0.110812597 0.933492124 0.341046929
vn 0.169928133 0.933492184 0.315779567
vn 0.223582119 0.933492243 0.280362695
vn 0.270049989 0.933492124 0.235935047
vn 0.307838053 0.933492005 0.183924749
vn 0.335732043 0.933492064 0.12600255
vn 0.352835298 0.933492064 0.0640302971
vn 0.358598143 0.933492064 -3.20040357e-07
vn 0.352835268 0.933492005 -0.0640308484
vn 0.257809371 0.961338878 -0.0967577323
vn 0.270942897 0.961338878 -0.0491692424
vn 0.236389473 0.961338818 -0.141235664
vn 0.207372129 0.961338878 -0.181175277
vn 0.171689555 0.961338699 -0.215291977
vn 0.1304885 0.961338639 -0.242488787
vn 0.0850934908 0.96133852 -0.261891752
vn 0.0369636156 0.961338639 -0.272876948
vn -0.0123542976 0.96133858 -0.275091618
vn -0.061275281 0.96133858 -0.268465012
vn -0.108226821 0.96133858 -0.253209502
vn -0.151699707 0.961338699 -0.229815468
vn -0.190297052 0.961338699 -0.199034944
vn -0.222777888 0.961338818 -0.161857367
vn -0.248098165 0.961338818 -0.119477719
vn -0.265444666 0.961338818 -0.0732581839
vn -0.274259686 0.961338818 -0.0246838145
vn -0.274259776 0.961338758 0.0246838033
vn -0.265444905 0.961338758 0.073258169
vn -0.248098373 0.961338758 0.119477592
vn -0.222777799 0.961338758 0.161857247
vn -0.190296888 0.961338758 0.199034914
vn -0.151699647 0.961338639 0.229815662
vn -0.108226702 0.961338639 0.253209084
vn -0.0612752289 0.961338878 0.268464148
vn -0.0123543367 0.961338639 0.27509138
vn 0.0369635895 0.961338758 0.272876471
vn 0.0850934312 0.961338639 0.261891216
vn 0.130488396 0.961338758 0.242488414
vn 0.171689391 0.961338878 0.215291321
vn 0.207372099 0.961338758 0.181175381
vn 0.236389682 0.961338758 0.141236216
vn 0.25780952 0.961338758 0.0967572778
vn 0.270943046 0.961338818 0.0491692349
vn 0.275368243 0.961338758 3.66181382e-07
vn 0.270942897 0.961338878 -0.0491692424
vn 0.179545552 0.981439114 -0.067385219
vn 0.188692123 0.981439054 -0.0342421755
vn 0.164628178 0.981439173 -0.0983603373
vn 0.144419551 0.981439173 -0.126174673
vn 0.119569138 0.981438994 -0.14993526
vn 0.0908757001 0.981439114 -0.168875545
vn 0.0592614152 0.981439114 -0.182388008
vn 0.025742434 0.981438994 -0.190038875
vn -0.00860390719 0.981438994 -0.191581085
vn -0.0426737703 0.981439114 -0.186965764
vn -0.0753720179 0.981439114 -0.176341578
vn -0.105647698 0.981439114 -0.160049155
vn -0.132527918 0.981439114 -0.138613448
vn -0.155148551 0.981439114 -0.112722255
vn -0.172782496 0.981439114 -0.0832078531
vn -0.184863046 0.981439114 -0.0510194451
vn -0.191001996 0.981439114 -0.0171904415
vn -0.191002131 0.981439054 0.0171909351
vn -0.184863299 0.981438935 0.0510194115
vn -0.172782645 0.981439114 0.0832073539
vn -0.15514867 0.981439114 0.11272119
vn -0.132528022 0.981439114 0.138613373
vn -0.105647869 0.981438875 0.160050631
vn -0.0753720999 0.981438935 0.176341981
vn -0.0426737405 0.981439114 0.186966136
vn -0.00860395562 0.981438935 0.191581473
vn 0.0257424563 0.981439054 0.190038741
vn 0.059261471 0.981439054 0.182388365
vn 0.0908757448 0.981439054 0.168875709
vn 0.119569235 0.981439114 0.149934813
vn 0.14441967 0.981439054 0.126175582
vn 0.164628431 0.981439114 0.0983603224
vn 0.179545805 0.981439054 0.0673846081
vn 0.188692346 0.981439054 0.0342426784
vn 0.191774115 0.981439054 -6.07096018e-09
vn 0.188692123 0.981439054 -0.0342421755
vn 0.106528424 0.993505538 -0.0399810784
vn 0.111955248 0.993505538 -0.0203154422
vn 0.0976776034 0.993505538 -0.0583601221
vn 0.0856873691 0.993505657 -0.074862279
vn 0.0709430501 0.993505478 -0.088960059
vn 0.0539185964 0.993505538 -0.100197665
vn 0.0351611376 0.993505538 -0.108214758
vn 0.0152735468 0.993505538 -0.112754405
vn -0.00510491477 0.993505538 -0.113669634
vn -0.0253193155 0.993505538 -0.110930838
vn -0.0447199121 0.993505538 -0.104627438
vn -0.06268318 0.993505538 -0.0949611291
vn -0.0786317885 0.993505478 -0.0822426006
vn -0.092053093 0.993505478 -0.0668814704
vn -0.102515712 0.993505478 -0.0493699908
vn -0.109683409 0.993505478 -0.0302706379
vn -0.11332579 0.993505538 -0.0101988045
vn -0.113325715 0.993505538 0.0101989163
vn -0.109683037 0.993505538 0.030270623
vn -0.102515124 0.993505597 0.0493687652
vn -0.0920525566 0.993505716 0.0668792874
vn -0.0786313117 0.993505418 0.0822430477
vn -0.0626828223 0.993505418 0.0949621499
vn -0.0447196402 0.993505538 0.104627669
vn -0.0253191218 0.993505597 0.110930398
vn -0.00510488171 0.993505716 0.113667965
vn 0.0152734667 0.993505597 0.112752944
vn 0.0351609029 0.993505597 0.108214267
vn 0.053918235 0.993505538 0.100197479
vn 0.0709426478 0.993505538 0.0889594853
vn 0.085686855 0.993505538 0.0748632848
vn 0.0976769999 0.993505597 0.0583589673
vn 0.106527768 0.993505597 0.0399800614
vn 0.111954845 0.993505597 0.0203165431
vn 0.113783732 0.993505597 -9.30064914e-09
vn 0.111955248 0.993505538 -0.0203154422
vn 1.65464797e-09 -0.99999994 3.2575882e-09
vn 1.65464797e-09 -0.99999994 3.2575882e-09
vn 1.65464797e-09 -0.99999994 3.2575882e-09
vn 1.65464797e-09 -0.99999994 3.2575882e-09
vn 1.65464797e-09 -0.99999994 3.2575882e-09
vn 1.65464797e-09 -0.99999994 3.2575882e-09
vn 1.65464797e-09 -0.99999994 3.2575882e-09
vn 1.65464797e-09 -0.99999994 3.2575882e-09
vn 1.65464797e-09 -0.99999994 3.2575882e-09
vn 1.65464797e-09 -0.99999994 3.2575882e-09
vn 1.65464797e-09 -0.99999994 3.2575882e-09
vn 1.65464797e-09 -0.99999994 3.2575882e-09
vn 1.65464797e-09 -0.99999994 3.2575882e-09
vn 1.65464797e-09 -0.99999994 3.2575882e-09
vn 1.65464797e-09 -0.99999994 3.2575882e-09
vn 1.65464797e-09 -0.99999994 3.2575882e-09
vn 1.65464797e-09 -0.99999994 3.2575882e-09
vn 1.65464797e-09 -0.99999994 3.2575882e-09
vn 1.65464797e-09 -0.99999994 3.2575882e-09
vn 1.65464797e-09 -0.99999994 3.2575882e-09
vn 1.65464797e-09 -0.99999994 3.2575882e-09
vn 1.65464797e-09 -0.99999994 3.2575882e-09
vn 1.65464797e-09 -0.99999994 3.2575882e-09
vn 1.65464797e-09 -0.99999994 3.2575882e-09
vn 1.65464797e-09 -0.99999994 3.2575882e-09
vn 1.65464797e-09 -0.99999994 3.2575882e-09
vn 1.65464797e-09 -0.99999994 3.2575882e-09
vn 1.65464797e-09 -0.99999994 3.2575882e-09
vn 1.65464797e-09 -0.99999994 3.2575882e-09
vn 1.65464797e-09 -0.99999994 3.2575882e-09
vn 1.65464797e-09 -0.99999994 3.2575882e-09
vn 1.65464797e-09 -0.99999994 3.2575882e-09
vn 1.65464797e-09 -0.99999994 3.2575882e-09
vn 1.65464797e-09 -0.99999994 3.2575882e-09
vn 1.65464797e-09 -0.99999994 3.2575882e-09
vn 4.05388834e-09 0.99999994 -9.08918949e-08
vn 4.05388834e-09 0.99999994 -9.08918949e-08
vn 4.05388834e-09 0.99999994 -9.08918949e-08
vn 4.05388834e-09 0.99999994 -9.08918949e-08
vn 4.05388834e-09 0.99999994 -9.08918949e-08
vn 4.05388834e-09 0.99999994 -9.08918949e-08
vn 4.05388834e-09 0.99999994 -9.08918949e-08
vn 4.05388834e-09 0.99999994 -9.08918949e-08
vn 4.05388834e-09 0.99999994 -9.08918949e-08
vn 4.05388834e-09 0.99999994 -9.08918949e-08
vn 4.05388834e-09 0.99999994 -9.08918949e-08
vn 4.05388834e-09 0.99999994 -9.08918949e-08
vn 4.05388834e-09 0.99999994 -9.08918949e-08
vn 4.05388834e-09 0.99999994 -9.08918949e-08
vn 4.05388834e-09 0.99999994 -9.08918949e-08
vn 4.05388834e-09 0.99999994 -9.08918949e-08
vn 4.05388834e-09 0.99999994 -9.08918949e-08
vn 4.05388834e-09 0.99999994 -9.08918949e-08
vn 4.05388834e-09 0.99999994 -9.08918949e-08
vn 4.05388834e-09 0.99999994 -9.08918949e-08
vn 4.05388834e-09 0.99999994 -9.08918949e-08
vn 4.05388834e-09 0.99999994 -9.08918949e-08
vn 4.05388834e-09 0.99999994 -9.08918949e-08
vn 4.05388834e-09 0.99999994 -9.08918949e-08
vn 4.05388834e-09 0.99999994 -9.08918949e-08
vn 4.05388834e-09 0.99999994 -9.08918949e-08
vn 4.05388834e-09 0.99999994 -9.08918949e-08
vn 4.05388834e-09 0.99999994 -9.08918949e-08
vn 4.05388834e-09 0.99999994 -9.08918949e-08
vn 4.05388834e-09 0.99999994 -9.08918949e-08
vn 4.05388834e-09 0.99999994 -9.08918949e-08
vn 4.05388834e-09 0.99999994 -9.08918949e-08
vn 4.05388834e-09 0.99999994 -9.08918949e-08
vn 4.05388834e-09 0.99999994 -9.08918949e-08
vn 4.05388834e-09 0.99999994 -9.08918949e-08
f 1/1/1 2/2/2 3/3/3
f 2/2/2 1/1/1 4/4/4
f 3/3/3 2/2/2 5/5/5
f 5/5/5 2/2/2 6/6/6
f 5/5/5 7/7/7 8/8/8
f 7/7/7 5/5/5 6/6/6
f 7/7/7 9/9/9 8/8/8
f 9/9/9 7/7/7 10/10/10
f 11/11/11 10/10/10 12/12/12
f 10/10/10 11/11/11 9/9/9
f 13/13/13 12/12/12 14/14/14
f 12/12/12 13/13/13 11/11/11
f 15/15/15 13/13/13 14/14/14
f 13/13/13 15/15/15 16/16/16
f 17/17/17 16/16/16 15/15/15
f 16/16/16 17/17/17 18/18/18
f 19/19/19 20/20/20 17/17/17
f 17/17/17 20/20/20 18/18/18
f 21/21/21 20/20/20 19/19/19
f 20/20/20 21/21/21 22/22/22
f 23/23/23 22/22/22 21/21/21
f 22/22/22 23/23/23 24/24/24
f 25/25/25 26/26/26 23/23/23
f 24/24/24 23/23/23 26/26/26
f 26/26/26 27/27/27 28/28/28
f 27/27/27 26/26/26 25/25/25
f 28/28/28 27/27/27 29/29/29
f 29/29/29 27/27/27 30/30/30
f 29/29/29 31/31/31 32/32/32
f 31/31/31 29/29/29 30/30/30
f 33/33/33 32/32/32 31/31/31
f 32/32/32 33/33/33 34/34/34
f 35/35/35 34/34/34 33/33/33
f 34/34/34 35/35/35 36/36/36
f 37/37/37 36/36/36 35/35/35
f 36/36/36 37/37/37 38/38/38
f 39/39/39 37/37/37 40/40/40
f 37/37/37 39/39/39 38/38/38
f 41/41/41 39/39/39 40/40/40
f 39/39/39 41/41/41 42/42/42
f 43/43/43 42/42/42 41/41/41
f 42/42/42 43/43/43 44/44/44
f 45/45/45 44/44/44 43/43/43
f 44/44/44 45/45/45 46/46/46
f 47/47/47 46/46/46 45/45/45
f 46/46/46 47/47/47 48/48/48
f 49/49/49 48/48/48 47/47/47
f 48/48/48 49/49/49 50/50/50
f 50/50/50 51/51/51 52/52/52
f 51/51/51 50/50/50 49/49/49
f 52/52/52 51/51/51 53/53/53
f 53/53/53 51/51/51 54/54/54
f 53/53/53 54/54/54 55/55/55
f 55/55/55 54/54/54 56/56/56
f 57/57/57 55/55/55 56/56/56
f 55/55/55 57/57/57 58/58/58
f 59/59/59 57/57/57 60/60/60
f 57/57/57 59/59/59 58/58/58
f 61/61/61 59/59/59 60/60/60
f 59/59/59 61/61/61 62/62/62
f 63/63/63 62/62/62 61/61/61
f 62/62/62 63/63/63 64/64/64
f 65/65/65 64/64/64 63/63/63
f 64/64/64 65/65/65 66/66/66
f 67/67/67 68/68/68 65/65/65
f 65/65/65 68/68/68 66/66/66
f 69/69/69 70/70/70 67/67/67
f 68/68/68 67/67/67 70/70/70
f 71/71/71 72/72/72 69/69/69
f 70/70/70 69/69/69 72/72/72
f 73/73/73 3/3/3 74/74/74
f 3/3/3 73/73/73 1/1/1
f 74/74/74 3/3/3 75/75/75
f 75/75/75 3/3/3 5/5/5
f 75/75/75 8/8/8 76/76/76
f 8/8/8 75/75/75 5/5/5
f 8/8/8 77/77/77 76/76/76
f 77/77/77 8/8/8 9/9/9
f 78/78/78 9/9/9 11/11/11
f 9/9/9 78/78/78 77/77/77
f 13/13/13 78/78/78 11/11/11
f 78/78/78 13/13/13 79/79/79
f 80/80/80 13/13/13 16/16/16
f 13/13/13 80/80/80 79/79/79
f 18/18/18 80/80/80 16/16/16
f 80/80/80 18/18/18 81/81/81
f 20/20/20 81/81/81 18/18/18
f 81/81/81 20/20/20 82/82/82
f 22/22/22 82/82/82 20/20/20
f 82/82/82 22/22/22 83/83/83
f 24/24/24 84/84/84 22/22/22
f 83/83/83 22/22/22 84/84/84
f 84/84/84 26/26/26 85/85/85
f 26/26/26 84/84/84 24/24/24
f 85/85/85 26/26/26 86/86/86
f 26/26/26 28/28/28 86/86/86
f 86/86/86 28/28/28 87/87/87
f 87/87/87 28/28/28 29/29/29
f 87/87/87 32/32/32 88/88/88
f 32/32/32 87/87/87 29/29/29
f 34/34/34 88/88/88 32/32/32
f 88/88/88 34/34/34 89/89/89
f 36/36/36 89/89/89 34/34/34
f 89/89/89 36/36/36 90/90/90
f 91/91/91 36/36/36 38/38/38
f 36/36/36 91/91/91 90/90/90
f 92/92/92 38/38/38 39/39/39
f 38/38/38 92/92/92 91/91/91
f 42/42/42 92/92/92 39/39/39
f 92/92/92 42/42/42 93/93/93
f 44/44/44 93/93/93 42/42/42
f 93/93/93 44/44/44 94/94/94
f 46/46/46 95/95/95 44/44/44
f 94/94/94 44/44/44 95/95/95
f 48/48/48 95/95/95 46/46/46
f 95/95/95 48/48/48 96/96/96
f 96/96/96 48/48/48 97/97/97
f 48/48/48 50/50/50 97/97/97
f 97/97/97 52/52/52 98/98/98
f 52/52/52 97/97/97 50/50/50
f 98/98/98 53/53/53 99/99/99
f 53/53/53 98/98/98 52/52/52
f 99/99/99 55/55/55 100/100/100
f 55/55/55 99/99/99 53/53/53
f 58/58/58 100/100/100 55/55/55
f 100/100/100 58/58/58 101/101/101
f 59/59/59 101/101/101 58/58/58
f 101/101/101 59/59/59 102/102/102
f 103/103/103 59/59/59 62/62/62
f 59/59/59 103/103/103 102/102/102
f 64/64/64 103/103/103 62/62/62
f 103/103/103 64/64/64 104/104/104
f 66/66/66 105/105/105 64/64/64
f 64/64/64 105/105/105 104/104/104
f 68/68/68 106/106/106 66/66/66
f 66/66/66 106/106/106 105/105/105
f 70/70/70 107/107/107 68/68/68
f 106/106/106 68/68/68 107/107/107
f 72/72/72 108/108/108 70/70/70
f 107/107/107 70/70/70 108/108/108
f 109/109/109 74/74/74 110/110/110
f 74/74/74 109/109/109 73/73/73
f 110/110/110 74/74/74 111/111/111
f 111/111/111 74/74/74 75/75/75
f 111/111/111 76/76/76 112/112/112
f 76/76/76 111/111/111 75/75/75
f 76/76/76 113/113/113 112/112/112
f 113/113/113 76/76/76 77/77/77
f 114/114/114 77/77/77 78/78/78
f 77/77/77 114/114/114 113/113/113
f 115/115/115 78/78/78 79/79/79
f 78/78/78 115/115/115 114/114/114
f 116/116/116 79/79/79 80/80/80
f 79/79/79 116/116/116 115/115/115
f 81/81/81 116/116/116 80/80/80
f 116/116/116 81/81/81 117/117/117
f 82/82/82 117/117/117 81/81/81
f 117/117/117 82/82/82 118/118/118
f 83/83/83 118/118/118 82/82/82
f 118/118/118 83/83/83 119/119/119
f 119/119/119 84/84/84 120/120/120
f 84/84/84 119/119/119 83/83/83
f 120/120/120 85/85/85 121/121/121
f 85/85/85 120/120/120 84/84/84
f 121/121/121 85/85/85 122/122/122
f 85/85/85 86/86/86 122/122/122
f 122/122/122 87/87/87 123/123/123
f 87/87/87 122/122/122 86/86/86
f 123/123/123 88/88/88 124/124/124
f 88/88/88 123/123/123 87/87/87
f 89/89/89 124/124/124 88/88/88
f 124/124/124 89/89/89 125/125/125
f 90/90/90 125/125/125 89/89/89
f 125/125/125 90/90/90 126/126/126
f 91/91/91 126/126/126 90/90/90
f 126/126/126 91/91/91 127/127/127
f 128/128/128 91/91/91 92/92/92
f 91/91/91 128/128/128 127/127/127
f 93/93/93 129/129/129 92/92/92
f 92/92/92 129/129/129 128/128/128
f 94/94/94 129/129/129 93/93/93
f 129/129/129 94/94/94 130/130/130
f 95/95/95 131/131/131 94/94/94
f 94/94/94 131/131/131 130/130/130
f 131/131/131 96/96/96 132/132/132
f 96/96/96 131/131/131 95/95/95
f 132/132/132 97/97/97 133/133/133
f 97/97/97 132/132/132 96/96/96
f 133/133/133 97/97/97 134/134/134
f 134/134/134 97/97/97 98/98/98
f 135/135/135 134/134/134 98/98/98
f 135/135/135 98/98/98 99/99/99
f 135/135/135 100/100/100 136/136/136
f 100/100/100 135/135/135 99/99/99
f 101/101/101 136/136/136 100/100/100
f 136/136/136 101/101/101 137/137/137
f 102/102/102 137/137/137 101/101/101
f 137/137/137 102/102/102 138/138/138
f 139/139/139 102/102/102 103/103/103
f 102/102/102 139/139/139 138/138/138
f 104/104/104 139/139/139 103/103/103
f 139/139/139 104/104/104 140/140/140
f 105/105/105 140/140/140 104/104/104
f 140/140/140 105/105/105 141/141/141
f 106/106/106 141/141/141 105/105/105
f 141/141/141 106/106/106 142/142/142
f 107/107/107 142/142/142 106/106/106
f 142/142/142 107/107/107 143/143/143
f 143/143/143 107/107/107 144/144/144
f 107/107/107 108/108/108 144/144/144
f 145/145/145 110/110/110 146/146/146
f 110/110/110 145/145/145 109/109/109
f 147/147/147 146/146/146 110/110/110
f 147/147/147 110/110/110 111/111/111
f 147/147/147 112/112/112 148/148/148
f 112/112/112 147/147/147 111/111/111
f 112/112/112 149/149/149 148/148/148
f 149/149/149 112/112/112 113/113/113
f 114/114/114 149/149/149 113/113/113
f 149/149/149 114/114/114 150/150/150
f 115/115/115 150/150/150 114/114/114
f 150/150/150 115/115/115 151/151/151
f 152/152/152 115/115/115 116/116/116
f 115/115/115 152/152/152 151/151/151
f 117/117/117 152/152/152 116/116/116
f 152/152/152 117/117/117 153/153/153
f 118/118/118 153/153/153 117/117/117
f 153/153/153 118/118/118 154/154/154
f 119/119/119 155/155/155 118/118/118
f 118/118/118 155/155/155 154/154/154
f 155/155/155 120/120/120 156/156/156
f 120/120/120 155/155/155 119/119/119
f 156/156/156 121/121/121 157/157/157
f 121/121/121 156/156/156 120/120/120
f 157/157/157 121/121/121 158/158/158
f 158/158/158 121/121/121 122/122/122
f 159/159/159 158/158/158 122/122/122
f 159/159/159 122/122/122 123/123/123
f 159/159/159 124/124/124 160/160/160
f 124/124/124 159/159/159 123/123/123
f 160/160/160 125/125/125 161/161/161
f 125/125/125 160/160/160 124/124/124
f 126/126/126 161/161/161 125/125/125
f 161/161/161 126/126/126 162/162/162
f 127/127/127 162/162/162 126/126/126
f 162/162/162 127/127/127 163/163/163
f 128/128/128 163/163/163 127/127/127
f 163/163/163 128/128/128 164/164/164
f 129/129/129 164/164/164 128/128/128
f 164/164/164 129/129/129 165/165/165
f 130/130/130 165/165/165 129/129/129
f 165/165/165 130/130/130 166/166/166
f 130/130/130 131/131/131 167/167/167
f 130/130/130 167/167/167 166/166/166
f 167/167/167 131/131/131 168/168/168
f 131/131/131 132/132/132 168/168/168
f 168/168/168 133/133/133 169/169/169
f 133/133/133 168/168/168 132/132/132
f 170/170/170 169/169/169 133/133/133
f 170/170/170 133/133/133 134/134/134
f 171/171/171 170/170/170 134/134/134
f 171/171/171 134/134/134 135/135/135
f 171/171/171 136/136/136 172/172/172
f 136/136/136 171/171/171 135/135/135
f 137/137/137 172/172/172 136/136/136
f 172/172/172 137/137/137 173/173/173
f 138/138/138 173/173/173 137/137/137
f 173/173/173 138/138/138 174/174/174
f 175/175/175 138/138/138 139/139/139
f 138/138/138 175/175/175 174/174/174
f 176/176/176 139/139/139 140/140/140
f 139/139/139 176/176/176 175/175/175
f 141/141/141 177/177/177 140/140/140
f 140/140/140 177/177/177 176/176/176
f 142/142/142 178/178/178 141/141/141
f 141/141/141 178/178/178 177/177/177
f 178/178/178 143/143/143 179/179/179
f 143/143/143 178/178/178 142/142/142
f 179/179/179 143/143/143 180/180/180
f 143/143/143 144/144/144 180/180/180
f 181/181/181 146/146/146 182/182/182
f 146/146/146 181/181/181 145/145/145
f 182/182/182 147/147/147 183/183/183
f 147/147/147 182/182/182 146/146/146
f 183/183/183 148/148/148 184/184/184
f 148/148/148 183/183/183 147/147/147
f 148/148/148 185/185/185 184/184/184
f 185/185/185 148/148/148 149/149/149
f 186/186/186 149/149/149 150/150/150
f 149/149/149 186/186/186 185/185/185
f 151/151/151 186/186/186 150/150/150
f 186/186/186 151/151/151 187/187/187
f 188/188/188 151/151/151 152/152/152
f 151/151/151 188/188/188 187/187/187
f 153/153/153 188/188/188 152/152/152
f 188/188/188 153/153/153 189/189/189
f 154/154/154 189/189/189 153/153/153
f 189/189/189 154/154/154 190/190/190
f 154/154/154 155/155/155 191/191/191
f 154/154/154 191/191/191 190/190/190
f 191/191/191 156/156/156 192/192/192
f 156/156/156 191/191/191 155/155/155
f 192/192/192 157/157/157 193/193/193
f 157/157/157 192/192/192 156/156/156
f 193/193/193 158/158/158 194/194/194
f 158/158/158 193/193/193 157/157/157
f 194/194/194 159/159/159 195/195/195
f 159/159/159 194/194/194 158/158/158
f 195/195/195 160/160/160 196/196/196
f 160/160/160 195/195/195 159/159/159
f 196/196/196 161/161/161 197/197/197
f 161/161/161 196/196/196 160/160/160
f 162/162/162 197/197/197 161/161/161
f 197/197/197 162/162/162 198/198/198
f 163/163/163 198/198/198 162/162/162
f 198/198/198 163/163/163 199/199/199
f 200/200/200 163/163/163 164/164/164
f 163/163/163 200/200/200 199/199/199
f 165/165/165 201/201/201 164/164/164
f 164/164/164 201/201/201 200/200/200
f 166/166/166 201/201/201 165/165/165
f 201/201/201 166/166/166 202/202/202
f 167/167/167 202/202/202 166/166/166
f 202/202/202 167/167/167 203/203/203
f 203/203/203 167/167/167 204/204/204
f 167/167/167 168/168/168 204/204/204
f 204/204/204 169/169/169 205/205/205
f 169/169/169 204/204/204 168/168/168
f 206/206/206 205/205/205 169/169/169
f 206/206/206 169/169/169 170/170/170
f 207/207/207 206/206/206 170/170/170
f 207/207/207 170/170/170 171/171/171
f 207/207/207 172/172/172 208/208/208
f 172/172/172 207/207/207 171/171/171
f 209/209/209 172/172/172 173/173/173
f 172/172/172 209/209/209 208/208/208
f 174/174/174 209/209/209 173/173/173
f 209/209/209 174/174/174 210/210/210
f 211/211/211 174/174/174 175/175/175
f 174/174/174 211/211/211 210/210/210
f 176/176/176 211/211/211 175/175/175
f 211/211/211 176/176/176 212/212/212
f 177/177/177 212/212/212 176/176/176
f 212/212/212 177/177/177 213/213/213
f 178/178/178 213/213/213 177/177/177
f 213/213/213 178/178/178 214/214/214
f 214/214/214 178/178/178 215/215/215
f 178/178/178 179/179/179 215/215/215
f 215/215/215 179/179/179 216/216/216
f 179/179/179 180/180/180 216/216/216
f 217/217/217 182/182/182 218/218/218
f 182/182/182 217/217/217 181/181/181
f 218/218/218 183/183/183 219/219/219
f 183/183/183 218/218/218 182/182/182
f 220/220/220 219/219/219 183/183/183
f 220/220/220 183/183/183 184/184/184
f 220/220/220 185/185/185 221/221/221
f 185/185/185 220/220/220 184/184/184
f 186/186/186 221/221/221 185/185/185
f 221/221/221 186/186/186 222/222/222
f 187/187/187 222/222/222 186/186/186
f 222/222/222 187/187/187 223/223/223
f 188/188/188 223/223/223 187/187/187
f 223/223/223 188/188/188 224/224/224
f 225/225/225 188/188/188 189/189/189
f 188/188/188 225/225/225 224/224/224
f 190/190/190 225/225/225 189/189/189
f 225/225/225 190/190/190 226/226/226
f 190/190/190 191/191/191 227/227/227
f 190/190/190 227/227/227 226/226/226
f 227/227/227 191/191/191 228/228/228
f 191/191/191 192/192/192 228/228/228
f 229/229/229 228/228/228 192/192/192
f 192/192/192 193/193/193 229/229/229
f 229/229/229 194/194/194 230/230/230
f 194/194/194 229/229/229 193/193/193
f 231/231/231 230/230/230 194/194/194
f 231/231/231 194/194/194 195/195/195
f 232/232/232 231/231/231 195/195/195
f 232/232/232 195/195/195 196/196/196
f 196/196/196 233/233/233 232/232/232
f 233/233/233 196/196/196 197/197/197
f 198/198/198 233/233/233 197/197/197
f 233/233/233 198/198/198 234/234/234
f 235/235/235 198/198/198 199/199/199
f 198/198/198 235/235/235 234/234/234
f 236/236/236 199/199/199 200/200/200
f 199/199/199 236/236/236 235/235/235
f 201/201/201 236/236/236 200/200/200
f 236/236/236 201/201/201 237/237/237
f 202/202/202 237/237/237 201/201/201
f 237/237/237 202/202/202 238/238/238
f 202/202/202 203/203/203 239/239/239
f 202/202/202 239/239/239 238/238/238
f 239/239/239 203/203/203 240/240/240
f 203/203/203 204/204/204 240/240/240
f 241/241/241 240/240/240 204/204/204
f 204/204/204 205/205/205 241/241/241
f 242/242/242 241/241/241 205/205/205
f 242/242/242 205/205/205 206/206/206
f 242/242/242 207/207/207 243/243/243
f 207/207/207 242/242/242 206/206/206
f 243/243/243 208/208/208 244/244/244
f 208/208/208 243/243/243 207/207/207
f 209/209/209 244/244/244 208/208/208
f 244/244/244 209/209/209 245/245/245
f 210/210/210 245/245/245 209/209/209
f 245/245/245 210/210/210 246/246/246
f 211/211/211 246/246/246 210/210/210
f 246/246/246 211/211/211 247/247/247
f 248/248/248 211/211/211 212/212/212
f 211/211/211 248/248/248 247/247/247
f 213/213/213 249/249/249 212/212/212
f 212/212/212 249/249/249 248/248/248
f 214/214/214 249/249/249 213/213/213
f 249/249/249 214/214/214 250/250/250
f 250/250/250 214/214/214 251/251/251
f 214/214/214 215/215/215 251/251/251
f 251/251/251 215/215/215 252/252/252
f 215/215/215 216/216/216 252/252/252
f 253/253/253 218/218/218 254/254/254
f 218/218/218 253/253/253 217/217/217
f 255/255/255 254/254/254 218/218/218
f 255/255/255 218/218/218 219/219/219
f 255/255/255 220/220/220 256/256/256
f 220/220/220 255/255/255 219/219/219
f 256/256/256 221/221/221 257/257/257
f 221/221/221 256/256/256 220/220/220
f 258/258/258 221/221/221 222/222/222
f 221/221/221 258/258/258 257/257/257
f 259/259/259 222/222/222 223/223/223
f 222/222/222 259/259/259 258/258/258
f 224/224/224 259/259/259 223/223/223
f 259/259/259 224/224/224 260/260/260
f 225/225/225 260/260/260 224/224/224
f 260/260/260 225/225/225 261/261/261
f 225/225/225 226/226/226 262/262/262
f 225/225/225 262/262/262 261/261/261
f 227/227/227 262/262/262 226/226/226
f 262/262/262 227/227/227 263/263/263
f 263/263/263 228/228/228 264/264/264
f 228/228/228 263/263/263 227/227/227
f 264/264/264 229/229/229 265/265/265
f 229/229/229 264/264/264 228/228/228
f 265/265/265 230/230/230 266/266/266
f 230/230/230 265/265/265 229/229/229
f 267/267/267 266/266/266 230/230/230
f 267/267/267 230/230/230 231/231/231
f 267/267/267 232/232/232 268/268/268
f 232/232/232 267/267/267 231/231/231
f 268/268/268 233/233/233 269/269/269
f 233/233/233 268/268/268 232/232/232
f 234/234/234 269/269/269 233/233/233
f 269/269/269 234/234/234 270/270/270
f 235/235/235 270/270/270 234/234/234
f 270/270/270 235/235/235 271/271/271
f 272/272/272 235/235/235 236/236/236
f 235/235/235 272/272/272 271/271/271
f 237/237/237 273/273/273 236/236/236
f 236/236/236 273/273/273 272/272/272
f 238/238/238 273/273/273 237/237/237
f 273/273/273 238/238/238 274/274/274
f 238/238/238 239/239/239 275/275/275
f 238/238/238 275/275/275 274/274/274
f 275/275/275 240/240/240 276/276/276
f 240/240/240 275/275/275 239/239/239
f 277/277/277 276/276/276 240/240/240
f 240/240/240 241/241/241 277/277/277
f 278/278/278 277/277/277 241/241/241
f 278/278/278 241/241/241 242/242/242
f 278/278/278 243/243/243 279/279/279
f 243/243/243 278/278/278 242/242/242
f 279/279/279 244/244/244 280/280/280
f 244/244/244 279/279/279 243/243/243
f 280/280/280 245/245/245 281/281/281
f 245/245/245 280/280/280 244/244/244
f 282/282/282 245/245/245 246/246/246
f 245/245/245 282/282/282 281/281/281
f 247/247/247 282/282/282 246/246/246
f 282/282/282 247/247/247 283/283/283
f 248/248/248 283/283/283 247/247/247
f 283/283/283 248/248/248 284/284/284
f 249/249/249 284/284/284 248/248/248
f 284/284/284 249/249/249 285/285/285
f 250/250/250 285/285/285 249/249/249
f 285/285/285 250/250/250 286/286/286
f 286/286/286 251/251/251 287/287/287
f 251/251/251 286/286/286 250/250/250
f 288/288/288 287/287/287 251/251/251
f 251/251/251 252/252/252 288/288/288
f 289/289/289 254/254/254 290/290/290
f 254/254/254 289/289/289 253/253/253
f 290/290/290 255/255/255 291/291/291
f 255/255/255 290/290/290 254/254/254
f 291/291/291 256/256/256 292/292/292
f 256/256/256 291/291/291 255/255/255
f 292/292/292 257/257/257 293/293/293
f 257/257/257 292/292/292 256/256/256
f 258/258/258 293/293/293 257/257/257
f 293/293/293 258/258/258 294/294/294
f 295/295/295 258/258/258 259/259/259
f 258/258/258 295/295/295 294/294/294
f 296/296/296 259/259/259 260/260/260
f 259/259/259 296/296/296 295/295/295
f 261/261/261 296/296/296 260/260/260
f 296/296/296 261/261/261 297/297/297
f 262/262/262 297/297/297 261/261/261
f 297/297/297 262/262/262 298/298/298
f 263/263/263 298/298/298 262/262/262
f 298/298/298 263/263/263 299/299/299
f 300/300/300 299/299/299 263/263/263
f 263/263/263 264/264/264 300/300/300
f 300/300/300 265/265/265 301/301/301
f 265/265/265 300/300/300 264/264/264
f 301/301/301 266/266/266 302/302/302
f 266/266/266 301/301/301 265/265/265
f 303/303/303 302/302/302 266/266/266
f 303/303/303 266/266/266 267/267/267
f 303/303/303 268/268/268 304/304/304
f 268/268/268 303/303/303 267/267/267
f 304/304/304 269/269/269 305/305/305
f 269/269/269 304/304/304 268/268/268
f 270/270/270 305/305/305 269/269/269
f 305/305/305 270/270/270 306/306/306
f 307/307/307 270/270/270 271/271/271
f 270/270/270 307/307/307 306/306/306
f 272/272/272 307/307/307 271/271/271
f 307/307/307 272/272/272 308/308/308
f 273/273/273 308/308/308 272/272/272
f 308/308/308 273/273/273 309/309/309
f 274/274/274 309/309/309 273/273/273
f 309/309/309 274/274/274 310/310/310
f 275/275/275 310/310/310 274/274/274
f 310/310/310 275/275/275 311/311/311
f 311/311/311 276/276/276 312/312/312
f 276/276/276 311/311/311 275/275/275
f 312/312/312 277/277/277 313/313/313
f 277/277/277 312/312/312 276/276/276
f 313/313/313 278/278/278 314/314/314
f 278/278/278 313/313/313 277/277/277
f 315/315/315 314/314/314 278/278/278
f 315/315/315 278/278/278 279/279/279
f 316/316/316 315/315/315 279/279/279
f 316/316/316 279/279/279 280/280/280
f 316/316/316 281/281/281 317/317/317
f 281/281/281 316/316/316 280/280/280
f 282/282/282 317/317/317 281/281/281
f 317/317/317 282/282/282 318/318/318
f 283/283/283 318/318/318 282/282/282
f 318/318/318 283/283/283 319/319/319
f 320/320/320 283/283/283 284/284/284
f 283/283/283 320/320/320 319/319/319
f 284/284/284 285/285/285 321/321/321
f 284/284/284 321/321/321 320/320/320
f 285/285/285 286/286/286 322/322/322
f 285/285/285 322/322/322 321/321/321
f 322/322/322 286/286/286 323/323/323
f 286/286/286 287/287/287 323/323/323
f 324/324/324 323/323/323 287/287/287
f 287/287/287 288/288/288 324/324/324
f 325/325/325 290/290/290 326/326/326
f 290/290/290 325/325/325 289/289/289
f 326/326/326 291/291/291 327/327/327
f 291/291/291 326/326/326 290/290/290
f 328/328/328 327/327/327 291/291/291
f 328/328/328 291/291/291 292/292/292
f 292/292/292 329/329/329 328/328/328
f 329/329/329 292/292/292 293/293/293
f 330/330/330 293/293/293 294/294/294
f 293/293/293 330/330/330 329/329/329
f 295/295/295 331/331/331 294/294/294
f 294/294/294 331/331/331 330/330/330
f 295/295/295 296/296/296 332/332/332
f 295/295/295 332/332/332 331/331/331
f 296/296/296 297/297/297 333/333/333
f 296/296/296 333/333/333 332/332/332
f 298/298/298 333/333/333 297/297/297
f 333/333/333 298/298/298 334/334/334
f 299/299/299 334/334/334 298/298/298
f 334/334/334 299/299/299 335/335/335
f 300/300/300 335/335/335 299/299/299
f 335/335/335 300/300/300 336/336/336
f 337/337/337 336/336/336 300/300/300
f 300/300/300 301/301/301 337/337/337
f 337/337/337 302/302/302 338/338/338
f 302/302/302 337/337/337 301/301/301
f 338/338/338 303/303/303 339/339/339
f 303/303/303 338/338/338 302/302/302
f 340/340/340 303/303/303 304/304/304
f 340/340/340 339/339/339 303/303/303
f 341/341/341 304/304/304 305/305/305
f 304/304/304 341/341/341 340/340/340
f 342/342/342 305/305/305 306/306/306
f 305/305/305 342/342/342 341/341/341
f 307/307/307 342/342/342 306/306/306
f 342/342/342 307/307/307 343/343/343
f 308/308/308 343/343/343 307/307/307
f 343/343/343 308/308/308 344/344/344
f 308/308/308 309/309/309 345/345/345
f 308/308/308 345/345/345 344/344/344
f 309/309/309 310/310/310 346/346/346
f 309/309/309 346/346/346 345/345/345
f 311/311/311 346/346/346 310/310/310
f 346/346/346 311/311/311 347/347/347
f 348/348/348 347/347/347 311/311/311
f 311/311/311 312/312/312 348/348/348
f 349/349/349 348/348/348 312/312/312
f 349/349/349 312/312/312 313/313/313
f 350/350/350 349/349/349 313/313/313
f 350/350/350 313/313/313 314/314/314
f 350/350/350 315/315/315 351/351/351
f 315/315/315 350/350/350 314/314/314
f 351/351/351 316/316/316 352/352/352
f 316/316/316 351/351/351 315/315/315
f 352/352/352 317/317/317 353/353/353
f 317/317/317 352/352/352 316/316/316
f 354/354/354 317/317/317 318/318/318
f 317/317/317 354/354/354 353/353/353
f 355/355/355 318/318/318 319/319/319
f 318/318/318 355/355/355 354/354/354
f 320/320/320 355/355/355 319/319/319
f 355/355/355 320/320/320 356/356/356
f 356/356/356 320/320/320 357/357/357
f 320/320/320 321/321/321 357/357/357
f 358/358/358 357/357/357 321/321/321
f 321/321/321 322/322/322 358/358/358
f 359/359/359 358/358/358 322/322/322
f 322/322/322 323/323/323 359/359/359
f 359/359/359 324/324/324 360/360/360
f 324/324/324 359/359/359 323/323/323
f 361/361/361 326/326/326 362/362/362
f 326/326/326 361/361/361 325/325/325
f 362/362/362 327/327/327 363/363/363
f 327/327/327 362/362/362 326/326/326
f 363/363/363 328/328/328 364/364/364
f 328/328/328 363/363/363 327/327/327
f 364/364/364 329/329/329 365/365/365
f 329/329/329 364/364/364 328/328/328
f 330/330/330 366/366/366 329/329/329
f 329/329/329 366/366/366 365/365/365
f 331/331/331 367/367/367 330/330/330
f 330/330/330 367/367/367 366/366/366
f 331/331/331 332/332/332 368/368/368
f 331/331/331 368/368/368 367/367/367
f 332/332/332 333/333/333 369/369/369
f 332/332/332 369/369/369 368/368/368
f 334/334/334 369/369/369 333/333/333
f 369/369/369 334/334/334 370/370/370
f 335/335/335 370/370/370 334/334/334
f 370/370/370 335/335/335 371/371/371
f 336/336/336 371/371/371 335/335/335
f 371/371/371 336/336/336 372/372/372
f 337/337/337 372/372/372 336/336/336
f 372/372/372 337/337/337 373/373/373
f 374/374/374 337/337/337 338/338/338
f 374/374/374 373/373/373 337/337/337
f 375/375/375 338/338/338 339/339/339
f 375/375/375 374/374/374 338/338/338
f 376/376/376 339/339/339 340/340/340
f 339/339/339 376/376/376 375/375/375
f 377/377/377 340/340/340 341/341/341
f 340/340/340 377/377/377 376/376/376
f 378/378/378 341/341/341 342/342/342
f 341/341/341 378/378/378 377/377/377
f 343/343/343 378/378/378 342/342/342
f 378/378/378 343/343/343 379/379/379
f 344/344/344 379/379/379 343/343/343
f 379/379/379 344/344/344 380/380/380
f 345/345/345 380/380/380 344/344/344
f 380/380/380 345/345/345 381/381/381
f 346/346/346 381/381/381 345/345/345
f 381/381/381 346/346/346 382/382/382
f 383/383/383 382/382/382 346/346/346
f 346/346/346 347/347/347 383/383/383
f 384/384/384 383/383/383 347/347/347
f 347/347/347 348/348/348 384/384/384
f 385/385/385 384/384/384 348/348/348
f 385/385/385 348/348/348 349/349/349
f 386/386/386 385/385/385 349/349/349
f 386/386/386 349/349/349 350/350/350
f 386/386/386 351/351/351 387/387/387
f 351/351/351 386/386/386 350/350/350
f 387/387/387 352/352/352 388/388/388
f 352/352/352 387/387/387 351/351/351
f 388/388/388 353/353/353 389/389/389
f 353/353/353 388/388/388 352/352/352
f 389/389/389 354/354/354 390/390/390
f 354/354/354 389/389/389 353/353/353
f 355/355/355 390/390/390 354/354/354
f 390/390/390 355/355/355 391/391/391
f 391/391/391 355/355/355 392/392/392
f 355/355/355 356/356/356 392/392/392
f 392/392/392 356/356/356 393/393/393
f 356/356/356 357/357/357 393/393/393
f 394/394/394 393/393/393 357/357/357
f 357/357/357 358/358/358 394/394/394
f 395/395/395 394/394/394 358/358/358
f 358/358/358 359/359/359 395/395/395
f 395/395/395 360/360/360 396/396/396
f 360/360/360 395/395/395 359/359/359
f 397/397/397 362/362/362 398/398/398
f 362/362/362 397/397/397 361/361/361
f 398/398/398 363/363/363 399/399/399
f 363/363/363 398/398/398 362/362/362
f 399/399/399 364/364/364 400/400/400
f 364/364/364 399/399/399 363/363/363
f 365/365/365 401/401/401 364/364/364
f 364/364/364 401/401/401 400/400/400
f 366/366/366 402/402/402 365/365/365
f 365/365/365 402/402/402 401/401/401
f 367/367/367 403/403/403 366/366/366
f 366/366/366 403/403/403 402/402/402
f 367/367/367 368/368/368 404/404/404
f 367/367/367 404/404/404 403/403/403
f 368/368/368 369/369/369 405/405/405
f 368/368/368 405/405/405 404/404/404
f 370/370/370 405/405/405 369/369/369
f 405/405/405 370/370/370 406/406/406
f 371/371/371 406/406/406 370/370/370
f 406/406/406 371/371/371 407/407/407
f 372/372/372 407/407/407 371/371/371
f 407/407/407 372/372/372 408/408/408
f 373/373/373 408/408/408 372/372/372
f 408/408/408 373/373/373 409/409/409
f 410/410/410 373/373/373 374/374/374
f 410/410/410 409/409/409 373/373/373
f 411/411/411 374/374/374 375/375/375
f 374/374/374 411/411/411 410/410/410
f 412/412/412 375/375/375 376/376/376
f 375/375/375 412/412/412 411/411/411
f 413/413/413 376/376/376 377/377/377
f 376/376/376 413/413/413 412/412/412
f 414/414/414 377/377/377 378/378/378
f 377/377/377 414/414/414 413/413/413
f 379/379/379 414/414/414 378/378/378
f 414/414/414 379/379/379 415/415/415
f 380/380/380 415/415/415 379/379/379
f 415/415/415 380/380/380 416/416/416
f 381/381/381 416/416/416 380/380/380
f 416/416/416 381/381/381 417/417/417
f 382/382/382 417/417/417 381/381/381
f 417/417/417 382/382/382 418/418/418
f 419/419/419 418/418/418 382/382/382
f 382/382/382 383/383/383 419/419/419
f 420/420/420 419/419/419 383/383/383
f 383/383/383 384/384/384 420/420/420
f 421/421/421 420/420/420 384/384/384
f 421/421/421 384/384/384 385/385/385
f 422/422/422 421/421/421 385/385/385
f 422/422/422 385/385/385 386/386/386
f 422/422/422 387/387/387 423/423/423
f 387/387/387 422/422/422 386/386/386
f 423/423/423 388/388/388 424/424/424
f 388/388/388 423/423/423 387/387/387
f 424/424/424 389/389/389 425/425/425
f 389/389/389 424/424/424 388/388/388
f 425/425/425 390/390/390 426/426/426
f 390/390/390 425/425/425 389/389/389
f 426/426/426 391/391/391 427/427/427
f 391/391/391 426/426/426 390/390/390
f 427/427/427 391/391/391 428/428/428
f 391/391/391 392/392/392 428/428/428
f 428/428/428 392/392/392 429/429/429
f 392/392/392 393/393/393 429/429/429
f 430/430/430 429/429/429 393/393/393
f 393/393/393 394/394/394 430/430/430
f 431/431/431 430/430/430 394/394/394
f 394/394/394 395/395/395 431/431/431
f 431/431/431 396/396/396 432/432/432
f 396/396/396 431/431/431 395/395/395
f 433/433/433 398/398/398 434/434/434
f 398/398/398 433/433/433 397/397/397
f 434/434/434 399/399/399 435/435/435
f 399/399/399 434/434/434 398/398/398
f 435/435/435 400/400/400 436/436/436
f 400/400/400 435/435/435 399/399/399
f 401/401/401 437/437/437 400/400/400
f 400/400/400 437/437/437 436/436/436
f 402/402/402 438/438/438 401/401/401
f 401/401/401 438/438/438 437/437/437
f 403/403/403 439/439/439 402/402/402
f 402/402/402 439/439/439 438/438/438
f 403/403/403 404/404/404 440/440/440
f 403/403/403 440/440/440 439/439/439
f 404/404/404 405/405/405 441/441/441
f 404/404/404 441/441/441 440/440/440
f 406/406/406 441/441/441 405/405/405
f 441/441/441 406/406/406 442/442/442
f 407/407/407 442/442/442 406/406/406
f 442/442/442 407/407/407 443/443/443
f 408/408/408 443/443/443 407/407/407
f 443/443/443 408/408/408 444/444/444
f 409/409/409 444/444/444 408/408/408
f 444/444/444 409/409/409 445/445/445
f 446/446/446 409/409/409 410/410/410
f 409/409/409 446/446/446 445/445/445
f 447/447/447 410/410/410 411/411/411
f 410/410/410 447/447/447 446/446/446
f 448/448/448 411/411/411 412/412/412
f 411/411/411 448/448/448 447/447/447
f 449/449/449 412/412/412 413/413/413
f 412/412/412 449/449/449 448/448/448
f 414/414/414 449/449/449 413/413/413
f 449/449/449 414/414/414 450/450/450
f 415/415/415 450/450/450 414/414/414
f 450/450/450 415/415/415 451/451/451
f 416/416/416 451/451/451 415/415/415
f 451/451/451 416/416/416 452/452/452
f 417/417/417 452/452/452 416/416/416
f 452/452/452 417/417/417 453/453/453
f 418/418/418 453/453/453 417/417/417
f 453/453/453 418/418/418 454/454/454
f 455/455/455 454/454/454 418/418/418
f 418/418/418 419/419/419 455/455/455
f 456/456/456 455/455/455 419/419/419
f 456/456/456 419/419/419 420/420/420
f 457/457/457 456/456/456 420/420/420
f 457/457/457 420/420/420 421/421/421
f 458/458/458 457/457/457 421/421/421
f 458/458/458 421/421/421 422/422/422
f 458/458/458 423/423/423 459/459/459
f 423/423/423 458/458/458 422/422/422
f 459/459/459 424/424/424 460/460/460
f 424/424/424 459/459/459 423/423/423
f 460/460/460 425/425/425 461/461/461
f 425/425/425 460/460/460 424/424/424
f 461/461/461 426/426/426 462/462/462
f 426/426/426 461/461/461 425/425/425
f 462/462/462 427/427/427 463/463/463
f 427/427/427 462/462/462 426/426/426
f 463/463/463 427/427/427 464/464/464
f 427/427/427 428/428/428 464/464/464
f 464/464/464 428/428/428 465/465/465
f 428/428/428 429/429/429 465/465/465
f 466/466/466 465/465/465 429/429/429
f 429/429/429 430/430/430 466/466/466
f 467/467/467 466/466/466 430/430/430
f 430/430/430 431/431/431 467/467/467
f 467/467/467 432/432/432 468/468/468
f 432/432/432 467/467/467 431/431/431
f 469/469/469 434/434/434 470/470/470
f 434/434/434 469/469/469 433/433/433
f 470/470/470 435/435/435 471/471/471
f 435/435/435 470/470/470 434/434/434
f 471/471/471 436/436/436 472/472/472
f 436/436/436 471/471/471 435/435/435
f 437/437/437 473/473/473 436/436/436
f 436/436/436 473/473/473 472/472/472
f 438/438/438 474/474/474 437/437/437
f 437/437/437 474/474/474 473/473/473
f 439/439/439 475/475/475 438/438/438
f 438/438/438 475/475/475 474/474/474
f 439/439/439 440/440/440 476/476/476
f 439/439/439 476/476/476 475/475/475
f 440/440/440 441/441/441 477/477/477
f 440/440/440 477/477/477 476/476/476
f 442/442/442 477/477/477 441/441/441
f 477/477/477 442/442/442 478/478/478
f 443/443/443 478/478/478 442/442/442
f 478/478/478 443/443/443 479/479/479
f 444/444/444 479/479/479 443/443/443
f 479/479/479 444/444/444 480/480/480
f 445/445/445 480/480/480 444/444/444
f 480/480/480 445/445/445 481/481/481
f 482/482/482 445/445/445 446/446/446
f 445/445/445 482/482/482 481/481/481
f 483/483/483 446/446/446 447/447/447
f 446/446/446 483/483/483 482/482/482
f 484/484/484 447/447/447 448/448/448
f 447/447/447 484/484/484 483/483/483
f 485/485/485 448/448/448 449/449/449
f 448/448/448 485/485/485 484/484/484
f 486/486/486 449/449/449 450/450/450
f 449/449/449 486/486/486 485/485/485
f 451/451/451 486/486/486 450/450/450
f 486/486/486 451/451/451 487/487/487
f 452/452/452 487/487/487 451/451/451
f 487/487/487 452/452/452 488/488/488
f 453/453/453 488/488/488 452/452/452
f 488/488/488 453/453/453 489/489/489
f 454/454/454 489/489/489 453/453/453
f 489/489/489 454/454/454 490/490/490
f 491/491/491 490/490/490 454/454/454
f 454/454/454 455/455/455 491/491/491
f 492/492/492 491/491/491 455/455/455
f 492/492/492 455/455/455 456/456/456
f 493/493/493 492/492/492 456/456/456
f 493/493/493 456/456/456 457/457/457
f 494/494/494 493/493/493 457/457/457
f 494/494/494 457/457/457 458/458/458
f 494/494/494 459/459/459 495/495/495
f 459/459/459 494/494/494 458/458/458
f 495/495/495 460/460/460 496/496/496
f 460/460/460 495/495/495 459/459/459
f 496/496/496 461/461/461 497/497/497
f 461/461/461 496/496/496 460/460/460
f 497/497/497 462/462/462 498/498/498
f 462/462/462 497/497/497 461/461/461
f 498/498/498 463/463/463 499/499/499
f 463/463/463 498/498/498 462/462/462
f 499/499/499 463/463/463 500/500/500
f 463/463/463 464/464/464 500/500/500
f 500/500/500 464/464/464 501/501/501
f 464/464/464 465/465/465 501/501/501
f 502/502/502 501/501/501 465/465/465
f 465/465/465 466/466/466 502/502/502
f 503/503/503 502/502/502 466/466/466
f 466/466/466 467/467/467 503/503/503
f 503/503/503 468/468/468 504/504/504
f 468/468/468 503/503/503 467/467/467
f 505/505/505 470/470/470 506/506/506
f 470/470/470 505/505/505 469/469/469
f 506/506/506 471/471/471 507/507/507
f 471/471/471 506/506/506 470/470/470
f 507/507/507 472/472/472 508/508/508
f 472/472/472 507/507/507 471/471/471
f 473/473/473 509/509/509 472/472/472
f 472/472/472 509/509/509 508/508/508
f 474/474/474 510/510/510 473/473/473
f 473/473/473 510/510/510 509/509/509
f 474/474/474 475/475/475 511/511/511
f 474/474/474 511/511/511 510/510/510
f 475/475/475 476/476/476 512/512/512
f 475/475/475 512/512/512 511/511/511
f 476/476/476 477/477/477 513/513/513
f 476/476/476 513/513/513 512/512/512
f 478/478/478 513/513/513 477/477/477
f 513/513/513 478/478/478 514/514/514
f 479/479/479 514/514/514 478/478/478
f 514/514/514 479/479/479 515/515/515
f 480/480/480 515/515/515 479/479/479
f 515/515/515 480/480/480 516/516/516
f 481/481/481 516/516/516 480/480/480
f 516/516/516 481/481/481 517/517/517
f 518/518/518 481/481/481 482/482/482
f 481/481/481 518/518/518 517/517/517
f 519/519/519 482/482/482 483/483/483
f 482/482/482 519/519/519 518/518/518
f 520/520/520 483/483/483 484/484/484
f 483/483/483 520/520/520 519/519/519
f 521/521/521 484/484/484 485/485/485
f 484/484/484 521/521/521 520/520/520
f 522/522/522 485/485/485 486/486/486
f 485/485/485 522/522/522 521/521/521
f 487/487/487 522/522/522 486/486/486
f 522/522/522 487/487/487 523/523/523
f 488/488/488 523/523/523 487/487/487
f 523/523/523 488/488/488 524/524/524
f 489/489/489 524/524/524 488/488/488
f 524/524/524 489/489/489 525/525/525
f 490/490/490 525/525/525 489/489/489
f 525/525/525 490/490/490 526/526/526
f 527/527/527 526/526/526 490/490/490
f 527/527/527 490/490/490 491/491/491
f 528/528/528 527/527/527 491/491/491
f 528/528/528 491/491/491 492/492/492
f 529/529/529 528/528/528 492/492/492
f 529/529/529 492/492/492 493/493/493
f 530/530/530 529/529/529 493/493/493
f 530/530/530 493/493/493 494/494/494
f 530/530/530 495/495/495 531/531/531
f 495/495/495 530/530/530 494/494/494
f 531/531/531 496/496/496 532/532/532
f 496/496/496 531/531/531 495/495/495
f 532/532/532 497/497/497 533/533/533
f 497/497/497 532/532/532 496/496/496
f 533/533/533 498/498/498 534/534/534
f 498/498/498 533/533/533 497/497/497
f 534/534/534 499/499/499 535/535/535
f 499/499/499 534/534/534 498/498/498
f 535/535/535 499/499/499 536/536/536
f 499/499/499 500/500/500 536/536/536
f 536/536/536 500/500/500 537/537/537
f 500/500/500 501/501/501 537/537/537
f 538/538/538 537/537/537 501/501/501
f 501/501/501 502/502/502 538/538/538
f 539/539/539 538/538/538 502/502/502
f 502/502/502 503/503/503 539/539/539
f 539/539/539 504/504/504 540/540/540
f 504/504/504 539/539/539 503/503/503
f 541/541/541 506/506/506 542/542/542
f 506/506/506 541/541/541 505/505/505
f 542/542/542 507/507/507 543/543/543
f 507/507/507 542/542/542 506/506/506
f 543/543/543 508/508/508 544/544/544
f 508/508/508 543/543/543 507/507/507
f 509/509/509 545/545/545 508/508/508
f 508/508/508 545/545/545 544/544/544
f 510/510/510 546/546/546 509/509/509
f 509/509/509 546/546/546 545/545/545
f 510/510/510 511/511/511 547/547/547
f 510/510/510 547/547/547 546/546/546
f 511/511/511 512/512/512 548/548/548
f 511/511/511 548/548/548 547/547/547
f 512/512/512 513/513/513 549/549/549
f 512/512/512 549/549/549 548/548/548
f 514/514/514 549/549/549 513/513/513
f 549/549/549 514/514/514 550/550/550
f 515/515/515 550/550/550 514/514/514
f 550/550/550 515/515/515 551/551/551
f 516/516/516 551/551/551 515/515/515
f 551/551/551 516/516/516 552/552/552
f 517/517/517 552/552/552 516/516/516
f 552/552/552 517/517/517 553/553/553
f 554/554/554 517/517/517 518/518/518
f 517/517/517 554/554/554 553/553/553
f 555/555/555 518/518/518 519/519/519
f 518/518/518 555/555/555 554/554/554
f 556/556/556 519/519/519 520/520/520
f 519/519/519 556/556/556 555/555/555
f 557/557/557 520/520/520 521/521/521
f 520/520/520 557/557/557 556/556/556
f 522/522/522 557/557/557 521/521/521
f 557/557/557 522/522/522 558/558/558
f 523/523/523 558/558/558 522/522/522
f 558/558/558 523/523/523 559/559/559
f 524/524/524 559/559/559 523/523/523
f 559/559/559 524/524/524 560/560/560
f 525/525/525 560/560/560 524/524/524
f 560/560/560 525/525/525 561/561/561
f 526/526/526 561/561/561 525/525/525
f 561/561/561 526/526/526 562/562/562
f 563/563/563 562/562/562 526/526/526
f 563/563/563 526/526/526 527/527/527
f 564/564/564 563/563/563 527/527/527
f 564/564/564 527/527/527 528/528/528
f 565/565/565 564/564/564 528/528/528
f 565/565/565 528/528/528 529/529/529
f 566/566/566 565/565/565 529/529/529
f 566/566/566 529/529/529 530/530/530
f 566/566/566 531/531/531 567/567/567
f 531/531/531 566/566/566 530/530/530
f 567/567/567 532/532/532 568/568/568
f 532/532/532 567/567/567 531/531/531
f 568/568/568 533/533/533 569/569/569
f 533/533/533 568/568/568 532/532/532
f 569/569/569 534/534/534 570/570/570
f 534/534/534 569/569/569 533/533/533
f 570/570/570 535/535/535 571/571/571
f 535/535/535 570/570/570 534/534/534
f 571/571/571 535/535/535 572/572/572
f 535/535/535 536/536/536 572/572/572
f 573/573/573 572/572/572 536/536/536
f 536/536/536 537/537/537 573/573/573
f 574/574/574 573/573/573 537/537/537
f 537/537/537 538/538/538 574/574/574
f 575/575/575 574/574/574 538/538/538
f 538/538/538 539/539/539 575/575/575
f 575/575/575 540/540/540 576/576/576
f 540/540/540 575/575/575 539/539/539
f 577/577/577 542/542/542 578/578/578
f 542/542/542 577/577/577 541/541/541
f 578/578/578 543/543/543 579/579/579
f 543/543/543 578/578/578 542/542/542
f 579/579/579 544/544/544 580/580/580
f 544/544/544 579/579/579 543/543/543
f 545/545/545 581/581/581 544/544/544
f 544/544/544 581/581/581 580/580/580
f 546/546/546 582/582/582 545/545/545
f 545/545/545 582/582/582 581/581/581
f 546/546/546 547/547/547 583/583/583
f 546/546/546 583/583/583 582/582/582
f 547/547/547 548/548/548 584/584/584
f 547/547/547 584/584/584 583/583/583
f 548/548/548 549/549/549 585/585/585
f 548/548/548 585/585/585 584/584/584
f 550/550/550 585/585/585 549/549/549
f 585/585/585 550/550/550 586/586/586
f 551/551/551 586/586/586 550/550/550
f 586/586/586 551/551/551 587/587/587
f 552/552/552 587/587/587 551/551/551
f 587/587/587 552/552/552 588/588/588
f 553/553/553 588/588/588 552/552/552
f 588/588/588 553/553/553 589/589/589
f 590/590/590 553/553/553 554/554/554
f 553/553/553 590/590/590 589/589/589
f 591/591/591 554/554/554 555/555/555
f 554/554/554 591/591/591 590/590/590
f 592/592/592 555/555/555 556/556/556
f 555/555/555 592/592/592 591/591/591
f 593/593/593 556/556/556 557/557/557
f 556/556/556 593/593/593 592/592/592
f 594/594/594 557/557/557 558/558/558
f 557/557/557 594/594/594 593/593/593
f 559/559/559 594/594/594 558/558/558
f 594/594/594 559/559/559 595/595/595
f 560/560/560 595/595/595 559/559/559
f 595/595/595 560/560/560 596/596/596
f 561/561/561 596/596/596 560/560/560
f 596/596/596 561/561/561 597/597/597
f 562/562/562 597/597/597 561/561/561
f 597/597/597 562/562/562 598/598/598
f 599/599/599 598/598/598 562/562/562
f 599/599/599 562/562/562 563/563/563
f 600/600/600 599/599/599 563/563/563
f 600/600/600 563/563/563 564/564/564
f 601/601/601 600/600/600 564/564/564
f 601/601/601 564/564/564 565/565/565
f 602/602/602 601/601/601 565/565/565
f 602/602/602 565/565/565 566/566/566
f 602/602/602 567/567/567 603/603/603
f 567/567/567 602/602/602 566/566/566
f 603/603/603 568/568/568 604/604/604
f 568/568/568 603/603/603 567/567/567
f 604/604/604 569/569/569 605/605/605
f 569/569/569 604/604/604 568/568/568
f 605/605/605 570/570/570 606/606/606
f 570/570/570 605/605/605 569/569/569
f 606/606/606 571/571/571 607/607/607
f 571/571/571 606/606/606 570/570/570
f 607/607/607 571/571/571 608/608/608
f 571/571/571 572/572/572 608/608/608
f 609/609/609 608/608/608 572/572/572
f 572/572/572 573/573/573 609/609/609
f 610/610/610 609/609/609 573/573/573
f 573/573/573 574/574/574 610/610/610
f 611/611/611 610/610/610 574/574/574
f 574/574/574 575/575/575 611/611/611
f 611/611/611 576/576/576 612/612/612
f 576/576/576 611/611/611 575/575/575
f 613/613/613 614/614/614 577/577/577
f 577/577/577 578/578/578 613/613/613
f 615/615/615 613/613/613 578/578/578
f 578/578/578 579/579/579 615/615/615
f 615/615/615 579/579/579 616/616/616
f 579/579/579 580/580/580 616/616/616
f 581/581/581 617/617/617 580/580/580
f 580/580/580 617/617/617 616/616/616
f 582/582/582 618/618/618 581/581/581
f 581/581/581 618/618/618 617/617/617
f 582/582/582 583/583/583 619/619/619
f 582/582/582 619/619/619 618/618/618
f 583/583/583 584/584/584 620/620/620
f 583/583/583 620/620/620 619/619/619
f 584/584/584 585/585/585 621/621/621
f 584/584/584 621/621/621 620/620/620
f 586/586/586 621/621/621 585/585/585
f 621/621/621 586/586/586 622/622/622
f 587/587/587 622/622/622 586/586/586
f 622/622/622 587/587/587 623/623/623
f 588/588/588 623/623/623 587/587/587
f 623/623/623 588/588/588 624/624/624
f 589/589/589 624/624/624 588/588/588
f 624/624/624 589/589/589 625/625/625
f 590/590/590 625/625/625 589/589/589
f 625/625/625 590/590/590 626/626/626
f 591/591/591 626/626/626 590/590/590
f 626/626/626 591/591/591 627/627/627
f 592/592/592 627/627/627 591/591/591
f 627/627/627 592/592/592 628/628/628
f 593/593/593 628/628/628 592/592/592
f 628/628/628 593/593/593 629/629/629
f 594/594/594 629/629/629 593/593/593
f 629/629/629 594/594/594 630/630/630
f 595/595/595 630/630/630 594/594/594
f 630/630/630 595/595/595 631/631/631
f 596/596/596 631/631/631 595/595/595
f 631/631/631 596/596/596 632/632/632
f 597/597/597 632/632/632 596/596/596
f 632/632/632 597/597/597 633/633/633
f 598/598/598 633/633/633 597/597/597
f 633/633/633 598/598/598 634/634/634
f 634/634/634 599/599/599 635/635/635
f 599/599/599 634/634/634 598/598/598
f 635/635/635 600/600/600 636/636/636
f 600/600/600 635/635/635 599/599/599
f 636/636/636 601/601/601 637/637/637
f 601/601/601 636/636/636 600/600/600
f 637/637/637 602/602/602 638/638/638
f 602/602/602 637/637/637 601/601/601
f 639/639/639 638/638/638 602/602/602
f 639/639/639 602/602/602 603/603/603
f 640/640/640 639/639/639 603/603/603
f 640/640/640 603/603/603 604/604/604
f 641/641/641 640/640/640 604/604/604
f 641/641/641 604/604/604 605/605/605
f 642/642/642 641/641/641 605/605/605
f 642/642/642 605/605/605 606/606/606
f 643/643/643 642/642/642 606/606/606
f 643/643/643 606/606/606 607/607/607
f 643/643/643 607/607/607 644/644/644
f 607/607/607 608/608/608 644/644/644
f 645/645/645 644/644/644 608/608/608
f 608/608/608 609/609/609 645/645/645
f 646/646/646 645/645/645 609/609/609
f 609/609/609 610/610/610 646/646/646
f 647/647/647 646/646/646 610/610/610
f 610/610/610 611/611/611 647/647/647
f 648/648/648 647/647/647 611/611/611
f 611/611/611 612/612/612 648/648/648
f 649/649/649 650/650/650 614/614/614
f 614/614/614 613/613/613 649/649/649
f 651/651/651 649/649/649 613/613/613
f 613/613/613 615/615/615 651/651/651
f 651/651/651 615/615/615 652/652/652
f 615/615/615 616/616/616 652/652/652
f 617/617/617 652/652/652 616/616/616
f 652/652/652 617/617/617 653/653/653
f 618/618/618 653/653/653 617/617/617
f 653/653/653 618/618/618 654/654/654
f 619/619/619 654/654/654 618/618/618
f 654/654/654 619/619/619 655/655/655
f 620/620/620 655/655/655 619/619/619
f 655/655/655 620/620/620 656/656/656
f 621/621/621 656/656/656 620/620/620
f 656/656/656 621/621/621 657/657/657
f 621/621/621 622/622/622 658/658/658
f 621/621/621 658/658/658 657/657/657
f 622/622/622 623/623/623 659/659/659
f 622/622/622 659/659/659 658/658/658
f 624/624/624 660/660/660 623/623/623
f 623/623/623 660/660/660 659/659/659
f 625/625/625 661/661/661 624/624/624
f 624/624/624 661/661/661 660/660/660
f 626/626/626 661/661/661 625/625/625
f 661/661/661 626/626/626 662/662/662
f 627/627/627 662/662/662 626/626/626
f 662/662/662 627/627/627 663/663/663
f 628/628/628 663/663/663 627/627/627
f 663/663/663 628/628/628 664/664/664
f 629/629/629 664/664/664 628/628/628
f 664/664/664 629/629/629 665/665/665
f 666/666/666 629/629/629 630/630/630
f 629/629/629 666/666/666 665/665/665
f 667/667/667 630/630/630 631/631/631
f 630/630/630 667/667/667 666/666/666
f 668/668/668 631/631/631 632/632/632
f 631/631/631 668/668/668 667/667/667
f 669/669/669 632/632/632 633/633/633
f 632/632/632 669/669/669 668/668/668
f 670/670/670 633/633/633 634/634/634
f 633/633/633 670/670/670 669/669/669
f 670/670/670 635/635/635 671/671/671
f 635/635/635 670/670/670 634/634/634
f 671/671/671 636/636/636 672/672/672
f 636/636/636 671/671/671 635/635/635
f 672/672/672 637/637/637 673/673/673
f 637/637/637 672/672/672 636/636/636
f 673/673/673 638/638/638 674/674/674
f 638/638/638 673/673/673 637/637/637
f 675/675/675 674/674/674 638/638/638
f 675/675/675 638/638/638 639/639/639
f 676/676/676 675/675/675 639/639/639
f 676/676/676 639/639/639 640/640/640
f 677/677/677 676/676/676 640/640/640
f 677/677/677 640/640/640 641/641/641
f 678/678/678 677/677/677 641/641/641
f 678/678/678 641/641/641 642/642/642
f 679/679/679 678/678/678 642/642/642
f 679/679/679 642/642/642 643/643/643
f 679/679/679 644/644/644 680/680/680
f 644/644/644 679/679/679 643/643/643
f 680/680/680 645/645/645 681/681/681
f 645/645/645 680/680/680 644/644/644
f 681/681/681 646/646/646 682/682/682
f 646/646/646 681/681/681 645/645/645
f 682/682/682 647/647/647 683/683/683
f 647/647/647 682/682/682 646/646/646
f 684/684/684 683/683/683 647/647/647
f 647/647/647 648/648/648 684/684/684
f 685/685/685 686/686/686 650/650/650
f 650/650/650 649/649/649 685/685/685
f 685/685/685 649/649/649 687/687/687
f 649/649/649 651/651/651 687/687/687
f 687/687/687 651/651/651 688/688/688
f 651/651/651 652/652/652 688/688/688
f 653/653/653 688/688/688 652/652/652
f 688/688/688 653/653/653 689/689/689
f 654/654/654 689/689/689 653/653/653
f 689/689/689 654/654/654 690/690/690
f 655/655/655 690/690/690 654/654/654
f 690/690/690 655/655/655 691/691/691
f 656/656/656 691/691/691 655/655/655
f 691/691/691 656/656/656 692/692/692
f 657/657/657 692/692/692 656/656/656
f 692/692/692 657/657/657 693/693/693
f 657/657/657 658/658/658 694/694/694
f 657/657/657 694/694/694 693/693/693
f 658/658/658 659/659/659 695/695/695
f 658/658/658 695/695/695 694/694/694
f 660/660/660 696/696/696 659/659/659
f 659/659/659 696/696/696 695/695/695
f 661/661/661 697/697/697 660/660/660
f 660/660/660 697/697/697 696/696/696
f 662/662/662 697/697/697 661/661/661
f 697/697/697 662/662/662 698/698/698
f 663/663/663 698/698/698 662/662/662
f 698/698/698 663/663/663 699/699/699
f 664/664/664 699/699/699 663/663/663
f 699/699/699 664/664/664 700/700/700
f 665/665/665 700/700/700 664/664/664
f 700/700/700 665/665/665 701/701/701
f 666/666/666 701/701/701 665/665/665
f 701/701/701 666/666/666 702/702/702
f 703/703/703 666/666/666 667/667/667
f 666/666/666 703/703/703 702/702/702
f 704/704/704 667/667/667 668/668/668
f 667/667/667 704/704/704 703/703/703
f 705/705/705 668/668/668 669/669/669
f 668/668/668 705/705/705 704/704/704
f 706/706/706 669/669/669 670/670/670
f 669/669/669 706/706/706 705/705/705
f 706/706/706 671/671/671 707/707/707
f 671/671/671 706/706/706 670/670/670
f 707/707/707 672/672/672 708/708/708
f 672/672/672 707/707/707 671/671/671
f 708/708/708 673/673/673 709/709/709
f 673/673/673 708/708/708 672/672/672
f 709/709/709 674/674/674 710/710/710
f 674/674/674 709/709/709 673/673/673
f 711/711/711 710/710/710 674/674/674
f 711/711/711 674/674/674 675/675/675
f 712/712/712 711/711/711 675/675/675
f 712/712/712 675/675/675 676/676/676
f 713/713/713 712/712/712 676/676/676
f 713/713/713 676/676/676 677/677/677
f 714/714/714 713/713/713 677/677/677
f 714/714/714 677/677/677 678/678/678
f 715/715/715 714/714/714 678/678/678
f 715/715/715 678/678/678 679/679/679
f 715/715/715 680/680/680 716/716/716
f 680/680/680 715/715/715 679/679/679
f 716/716/716 681/681/681 717/717/717
f 681/681/681 716/716/716 680/680/680
f 717/717/717 682/682/682 718/718/718
f 682/682/682 717/717/717 681/681/681
f 718/718/718 683/683/683 719/719/719
f 683/683/683 718/718/718 682/682/682
f 720/720/720 719/719/719 683/683/683
f 683/683/683 684/684/684 720/720/720
f 721/721/721 722/722/722 686/686/686
f 686/686/686 685/685/685 721/721/721
f 721/721/721 685/685/685 723/723/723
f 685/685/685 687/687/687 723/723/723
f 723/723/723 687/687/687 724/724/724
f 687/687/687 688/688/688 724/724/724
f 689/689/689 724/724/724 688/688/688
f 724/724/724 689/689/689 725/725/725
f 690/690/690 725/725/725 689/689/689
f 725/725/725 690/690/690 726/726/726
f 691/691/691 726/726/726 690/690/690
f 726/726/726 691/691/691 727/727/727
f 692/692/692 727/727/727 691/691/691
f 727/727/727 692/692/692 728/728/728
f 693/693/693 728/728/728 692/692/692
f 728/728/728 693/693/693 729/729/729
f 693/693/693 694/694/694 730/730/730
f 693/693/693 730/730/730 729/729/729
f 694/694/694 695/695/695 731/731/731
f 694/694/694 731/731/731 730/730/730
f 696/696/696 732/732/732 695/695/695
f 695/695/695 732/732/732 731/731/731
f 697/697/697 733/733/733 696/696/696
f 696/696/696 733/733/733 732/732/732
f 698/698/698 733/733/733 697/697/697
f 733/733/733 698/698/698 734/734/734
f 699/699/699 734/734/734 698/698/698
f 734/734/734 699/699/699 735/735/735
f 700/700/700 735/735/735 699/699/699
f 735/735/735 700/700/700 736/736/736
f 701/701/701 736/736/736 700/700/700
f 736/736/736 701/701/701 737/737/737
f 738/738/738 701/701/701 702/702/702
f 701/701/701 738/738/738 737/737/737
f 739/739/739 702/702/702 703/703/703
f 702/702/702 739/739/739 738/738/738
f 740/740/740 703/703/703 704/704/704
f 703/703/703 740/740/740 739/739/739
f 741/741/741 704/704/704 705/705/705
f 704/704/704 741/741/741 740/740/740
f 742/742/742 705/705/705 706/706/706
f 705/705/705 742/742/742 741/741/741
f 742/742/742 707/707/707 743/743/743
f 707/707/707 742/742/742 706/706/706
f 743/743/743 708/708/708 744/744/744
f 708/708/708 743/743/743 707/707/707
f 744/744/744 709/709/709 745/745/745
f 709/709/709 744/744/744 708/708/708
f 745/745/745 710/710/710 746/746/746
f 710/710/710 745/745/745 709/709/709
f 747/747/747 746/746/746 710/710/710
f 747/747/747 710/710/710 711/711/711
f 748/748/748 747/747/747 711/711/711
f 748/748/748 711/711/711 712/712/712
f 749/749/749 748/748/748 712/712/712
f 749/749/749 712/712/712 713/713/713
f 750/750/750 749/749/749 713/713/713
f 750/750/750 713/713/713 714/714/714
f 751/751/751 750/750/750 714/714/714
f 714/714/714 715/715/715 751/751/751
f 751/751/751 716/716/716 752/752/752
f 716/716/716 751/751/751 715/715/715
f 752/752/752 717/717/717 753/753/753
f 717/717/717 752/752/752 716/716/716
f 753/753/753 718/718/718 754/754/754
f 718/718/718 753/753/753 717/717/717
f 754/754/754 719/719/719 755/755/755
f 719/719/719 754/754/754 718/718/718
f 756/756/756 755/755/755 719/719/719
f 719/719/719 720/720/720 756/756/756
f 757/757/757 758/758/758 722/722/722
f 722/722/722 721/721/721 757/757/757
f 757/757/757 721/721/721 759/759/759
f 721/721/721 723/723/723 759/759/759
f 759/759/759 723/723/723 760/760/760
f 723/723/723 724/724/724 760/760/760
f 725/725/725 760/760/760 724/724/724
f 760/760/760 725/725/725 761/761/761
f 726/726/726 761/761/761 725/725/725
f 761/761/761 726/726/726 762/762/762
f 727/727/727 762/762/762 726/726/726
f 762/762/762 727/727/727 763/763/763
f 728/728/728 763/763/763 727/727/727
f 763/763/763 728/728/728 764/764/764
f 729/729/729 764/764/764 728/728/728
f 764/764/764 729/729/729 765/765/765
f 729/729/729 730/730/730 766/766/766
f 729/729/729 766/766/766 765/765/765
f 730/730/730 731/731/731 767/767/767
f 730/730/730 767/767/767 766/766/766
f 732/732/732 768/768/768 731/731/731
f 731/731/731 768/768/768 767/767/767
f 733/733/733 769/769/769 732/732/732
f 732/732/732 769/769/769 768/768/768
f 734/734/734 769/769/769 733/733/733
f 769/769/769 734/734/734 770/770/770
f 735/735/735 770/770/770 734/734/734
f 770/770/770 735/735/735 771/771/771
f 736/736/736 771/771/771 735/735/735
f 771/771/771 736/736/736 772/772/772
f 737/737/737 772/772/772 736/736/736
f 772/772/772 737/737/737 773/773/773
f 774/774/774 737/737/737 738/738/738
f 737/737/737 774/774/774 773/773/773
f 775/775/775 738/738/738 739/739/739
f 738/738/738 775/775/775 774/774/774
f 776/776/776 739/739/739 740/740/740
f 739/739/739 776/776/776 775/775/775
f 777/777/777 740/740/740 741/741/741
f 740/740/740 777/777/777 776/776/776
f 778/778/778 741/741/741 742/742/742
f 741/741/741 778/778/778 777/777/777
f 778/778/778 743/743/743 779/779/779
f 743/743/743 778/778/778 742/742/742
f 779/779/779 744/744/744 780/780/780
f 744/744/744 779/779/779 743/743/743
f 780/780/780 745/745/745 781/781/781
f 745/745/745 780/780/780 744/744/744
f 781/781/781 746/746/746 782/782/782
f 746/746/746 781/781/781 745/745/745
f 783/783/783 782/782/782 746/746/746
f 783/783/783 746/746/746 747/747/747
f 784/784/784 783/783/783 747/747/747
f 784/784/784 747/747/747 748/748/748
f 785/785/785 784/784/784 748/748/748
f 785/785/785 748/748/748 749/749/749
f 786/786/786 785/785/785 749/749/749
f 749/749/749 750/750/750 786/786/786
f 787/787/787 786/786/786 750/750/750
f 750/750/750 751/751/751 787/787/787
f 787/787/787 752/752/752 788/788/788
f 752/752/752 787/787/787 751/751/751
f 788/788/788 753/753/753 789/789/789
f 753/753/753 788/788/788 752/752/752
f 789/789/789 754/754/754 790/790/790
f 754/754/754 789/789/789 753/753/753
f 790/790/790 755/755/755 791/791/791
f 755/755/755 790/790/790 754/754/754
f 792/792/792 791/791/791 755/755/755
f 755/755/755 756/756/756 792/792/792
f 793/793/793 794/794/794 758/758/758
f 758/758/758 757/757/757 793/793/793
f 793/793/793 757/757/757 795/795/795
f 757/757/757 759/759/759 795/795/795
f 795/795/795 759/759/759 796/796/796
f 759/759/759 760/760/760 796/796/796
f 761/761/761 796/796/796 760/760/760
f 796/796/796 761/761/761 797/797/797
f 762/762/762 797/797/797 761/761/761
f 797/797/797 762/762/762 798/798/798
f 763/763/763 798/798/798 762/762/762
f 798/798/798 763/763/763 799/799/799
f 764/764/764 799/799/799 763/763/763
f 799/799/799 764/764/764 800/800/800
f 765/765/765 800/800/800 764/764/764
f 800/800/800 765/765/765 801/801/801
f 765/765/765 766/766/766 802/802/802
f 765/765/765 802/802/802 801/801/801
f 767/767/767 803/803/803 766/766/766
f 766/766/766 803/803/803 802/802/802
f 768/768/768 804/804/804 767/767/767
f 767/767/767 804/804/804 803/803/803
f 769/769/769 805/805/805 768/768/768
f 768/768/768 805/805/805 804/804/804
f 770/770/770 805/805/805 769/769/769
f 805/805/805 770/770/770 806/806/806
f 771/771/771 806/806/806 770/770/770
f 806/806/806 771/771/771 807/807/807
f 772/772/772 807/807/807 771/771/771
f 807/807/807 772/772/772 808/808/808
f 773/773/773 808/808/808 772/772/772
f 808/808/808 773/773/773 809/809/809
f 810/810/810 773/773/773 774/774/774
f 773/773/773 810/810/810 809/809/809
f 811/811/811 774/774/774 775/775/775
f 774/774/774 811/811/811 810/810/810
f 812/812/812 775/775/775 776/776/776
f 775/775/775 812/812/812 811/811/811
f 813/813/813 776/776/776 777/777/777
f 776/776/776 813/813/813 812/812/812
f 814/814/814 777/777/777 778/778/778
f 777/777/777 814/814/814 813/813/813
f 814/814/814 779/779/779 815/815/815
f 779/779/779 814/814/814 778/778/778
f 815/815/815 780/780/780 816/816/816
f 780/780/780 815/815/815 779/779/779
f 816/816/816 781/781/781 817/817/817
f 781/781/781 816/816/816 780/780/780
f 817/817/817 782/782/782 818/818/818
f 782/782/782 817/817/817 781/781/781
f 819/819/819 818/818/818 782/782/782
f 819/819/819 782/782/782 783/783/783
f 820/820/820 819/819/819 783/783/783
f 820/820/820 783/783/783 784/784/784
f 821/821/821 820/820/820 784/784/784
f 784/784/784 785/785/785 821/821/821
f 822/822/822 821/821/821 785/785/785
f 785/785/785 786/786/786 822/822/822
f 823/823/823 822/822/822 786/786/786
f 786/786/786 787/787/787 823/823/823
f 823/823/823 788/788/788 824/824/824
f 788/788/788 823/823/823 787/787/787
f 824/824/824 789/789/789 825/825/825
f 789/789/789 824/824/824 788/788/788
f 825/825/825 790/790/790 826/826/826
f 790/790/790 825/825/825 789/789/789
f 826/826/826 791/791/791 827/827/827
f 791/791/791 826/826/826 790/790/790
f 828/828/828 827/827/827 791/791/791
f 791/791/791 792/792/792 828/828/828
f 829/829/829 794/794/794 830/830/830
f 794/794/794 793/793/793 830/830/830
f 830/830/830 793/793/793 831/831/831
f 793/793/793 795/795/795 831/831/831
f 831/831/831 795/795/795 832/832/832
f 795/795/795 796/796/796 832/832/832
f 797/797/797 832/832/832 796/796/796
f 832/832/832 797/797/797 833/833/833
f 798/798/798 833/833/833 797/797/797
f 833/833/833 798/798/798 834/834/834
f 799/799/799 834/834/834 798/798/798
f 834/834/834 799/799/799 835/835/835
f 800/800/800 835/835/835 799/799/799
f 835/835/835 800/800/800 836/836/836
f 801/801/801 836/836/836 800/800/800
f 836/836/836 801/801/801 837/837/837
f 801/801/801 802/802/802 838/838/838
f 801/801/801 838/838/838 837/837/837
f 803/803/803 839/839/839 802/802/802
f 802/802/802 839/839/839 838/838/838
f 804/804/804 840/840/840 803/803/803
f 803/803/803 840/840/840 839/839/839
f 805/805/805 841/841/841 804/804/804
f 804/804/804 841/841/841 840/840/840
f 806/806/806 841/841/841 805/805/805
f 841/841/841 806/806/806 842/842/842
f 807/807/807 842/842/842 806/806/806
f 842/842/842 807/807/807 843/843/843
f 808/808/808 843/843/843 807/807/807
f 843/843/843 808/808/808 844/844/844
f 809/809/809 844/844/844 808/808/808
f 844/844/844 809/809/809 845/845/845
f 846/846/846 809/809/809 810/810/810
f 809/809/809 846/846/846 845/845/845
f 847/847/847 810/810/810 811/811/811
f 810/810/810 847/847/847 846/846/846
f 848/848/848 811/811/811 812/812/812
f 811/811/811 848/848/848 847/847/847
f 849/849/849 812/812/812 813/813/813
f 812/812/812 849/849/849 848/848/848
f 850/850/850 813/813/813 814/814/814
f 813/813/813 850/850/850 849/849/849
f 850/850/850 815/815/815 851/851/851
f 815/815/815 850/850/850 814/814/814
f 851/851/851 816/816/816 852/852/852
f 816/816/816 851/851/851 815/815/815
f 852/852/852 817/817/817 853/853/853
f 817/817/817 852/852/852 816/816/816
f 853/853/853 818/818/818 854/854/854
f 818/818/818 853/853/853 817/817/817
f 855/855/855 854/854/854 818/818/818
f 855/855/855 818/818/818 819/819/819
f 856/856/856 855/855/855 819/819/819
f 856/856/856 819/819/819 820/820/820
f 857/857/857 856/856/856 820/820/820
f 820/820/820 821/821/821 857/857/857
f 858/858/858 857/857/857 821/821/821
f 821/821/821 822/822/822 858/858/858
f 859/859/859 858/858/858 822/822/822
f 822/822/822 823/823/823 859/859/859
f 859/859/859 824/824/824 860/860/860
f 824/824/824 859/859/859 823/823/823
f 860/860/860 825/825/825 861/861/861
f 825/825/825 860/860/860 824/824/824
f 861/861/861 826/826/826 862/862/862
f 826/826/826 861/861/861 825/825/825
f 862/862/862 827/827/827 863/863/863
f 827/827/827 862/862/862 826/826/826
f 864/864/864 863/863/863 827/827/827
f 827/827/827 828/828/828 864/864/864
f 865/865/865 829/829/829 866/866/866
f 829/829/829 830/830/830 866/866/866
f 866/866/866 830/830/830 867/867/867
f 830/830/830 831/831/831 867/867/867
f 867/867/867 831/831/831 868/868/868
f 831/831/831 832/832/832 868/868/868
f 869/869/869 832/832/832 833/833/833
f 832/832/832 869/869/869 868/868/868
f 834/834/834 869/869/869 833/833/833
f 869/869/869 834/834/834 870/870/870
f 835/835/835 870/870/870 834/834/834
f 870/870/870 835/835/835 871/871/871
f 836/836/836 871/871/871 835/835/835
f 871/871/871 836/836/836 872/872/872
f 837/837/837 872/872/872 836/836/836
f 872/872/872 837/837/837 873/873/873
f 837/837/837 838/838/838 874/874/874
f 837/837/837 874/874/874 873/873/873
f 839/839/839 875/875/875 838/838/838
f 838/838/838 875/875/875 874/874/874
f 840/840/840 876/876/876 839/839/839
f 839/839/839 876/876/876 875/875/875
f 841/841/841 877/877/877 840/840/840
f 840/840/840 877/877/877 876/876/876
f 842/842/842 877/877/877 841/841/841
f 877/877/877 842/842/842 878/878/878
f 843/843/843 878/878/878 842/842/842
f 878/878/878 843/843/843 879/879/879
f 844/844/844 879/879/879 843/843/843
f 879/879/879 844/844/844 880/880/880
f 845/845/845 880/880/880 844/844/844
f 880/880/880 845/845/845 881/881/881
f 882/882/882 845/845/845 846/846/846
f 845/845/845 882/882/882 881/881/881
f 883/883/883 846/846/846 847/847/847
f 846/846/846 883/883/883 882/882/882
f 884/884/884 847/847/847 848/848/848
f 847/847/847 884/884/884 883/883/883
f 885/885/885 848/848/848 849/849/849
f 848/848/848 885/885/885 884/884/884
f 886/886/886 849/849/849 850/850/850
f 886/886/886 885/885/885 849/849/849
f 886/886/886 851/851/851 887/887/887
f 851/851/851 886/886/886 850/850/850
f 887/887/887 852/852/852 888/888/888
f 852/852/852 887/887/887 851/851/851
f 888/888/888 853/853/853 889/889/889
f 853/853/853 888/888/888 852/852/852
f 889/889/889 854/854/854 890/890/890
f 854/854/854 889/889/889 853/853/853
f 891/891/891 890/890/890 854/854/854
f 891/891/891 854/854/854 855/855/855
f 892/892/892 891/891/891 855/855/855
f 855/855/855 856/856/856 892/892/892
f 893/893/893 892/892/892 856/856/856
f 856/856/856 857/857/857 893/893/893
f 894/894/894 893/893/893 857/857/857
f 857/857/857 858/858/858 894/894/894
f 858/858/858 895/895/895 894/894/894
f 895/895/895 858/858/858 859/859/859
f 895/895/895 860/860/860 896/896/896
f 860/860/860 895/895/895 859/859/859
f 896/896/896 861/861/861 897/897/897
f 861/861/861 896/896/896 860/860/860
f 897/897/897 862/862/862 898/898/898
f 862/862/862 897/897/897 861/861/861
f 898/898/898 863/863/863 899/899/899
f 863/863/863 898/898/898 862/862/862
f 900/900/900 899/899/899 863/863/863
f 863/863/863 864/864/864 900/900/900
f 901/901/901 865/865/865 902/902/902
f 865/865/865 866/866/866 902/902/902
f 902/902/902 866/866/866 903/903/903
f 866/866/866 867/867/867 903/903/903
f 868/868/868 903/903/903 867/867/867
f 903/903/903 868/868/868 904/904/904
f 905/905/905 868/868/868 869/869/869
f 868/868/868 905/905/905 904/904/904
f 870/870/870 905/905/905 869/869/869
f 905/905/905 870/870/870 906/906/906
f 871/871/871 906/906/906 870/870/870
f 906/906/906 871/871/871 907/907/907
f 872/872/872 907/907/907 871/871/871
f 907/907/907 872/872/872 908/908/908
f 873/873/873 908/908/908 872/872/872
f 908/908/908 873/873/873 909/909/909
f 873/873/873 874/874/874 910/910/910
f 873/873/873 910/910/910 909/909/909
f 875/875/875 911/911/911 874/874/874
f 874/874/874 911/911/911 910/910/910
f 876/876/876 912/912/912 875/875/875
f 875/875/875 912/912/912 911/911/911
f 877/877/877 912/912/912 876/876/876
f 912/912/912 877/877/877 913/913/913
f 877/877/877 878/878/878 914/914/914
f 877/877/877 914/914/914 913/913/913
f 878/878/878 879/879/879 915/915/915
f 878/878/878 915/915/915 914/914/914
f 880/880/880 915/915/915 879/879/879
f 915/915/915 880/880/880 916/916/916
f 881/881/881 916/916/916 880/880/880
f 916/916/916 881/881/881 917/917/917
f 918/918/918 881/881/881 882/882/882
f 881/881/881 918/918/918 917/917/917
f 919/919/919 882/882/882 883/883/883
f 882/882/882 919/919/919 918/918/918
f 920/920/920 883/883/883 884/884/884
f 883/883/883 920/920/920 919/919/919
f 920/920/920 885/885/885 921/921/921
f 885/885/885 920/920/920 884/884/884
f 922/922/922 921/921/921 885/885/885
f 885/885/885 886/886/886 922/922/922
f 923/923/923 922/922/922 886/886/886
f 886/886/886 887/887/887 923/923/923
f 923/923/923 888/888/888 924/924/924
f 888/888/888 923/923/923 887/887/887
f 924/924/924 889/889/889 925/925/925
f 889/889/889 924/924/924 888/888/888
f 925/925/925 890/890/890 926/926/926
f 890/890/890 925/925/925 889/889/889
f 927/927/927 926/926/926 890/890/890
f 927/927/927 890/890/890 891/891/891
f 928/928/928 927/927/927 891/891/891
f 891/891/891 892/892/892 928/928/928
f 929/929/929 928/928/928 892/892/892
f 892/892/892 893/893/893 929/929/929
f 894/894/894 929/929/929 893/893/893
f 929/929/929 894/894/894 930/930/930
f 930/930/930 895/895/895 931/931/931
f 895/895/895 930/930/930 894/894/894
f 895/895/895 932/932/932 931/931/931
f 932/932/932 895/895/895 896/896/896
f 932/932/932 897/897/897 933/933/933
f 897/897/897 932/932/932 896/896/896
f 933/933/933 898/898/898 934/934/934
f 898/898/898 933/933/933 897/897/897
f 934/934/934 899/899/899 935/935/935
f 899/899/899 934/934/934 898/898/898
f 936/936/936 935/935/935 899/899/899
f 899/899/899 900/900/900 936/936/936
f 901/901/901 902/902/902 937/937/937
f 901/901/901 937/937/937 938/938/938
f 902/902/902 903/903/903 939/939/939
f 902/902/902 939/939/939 937/937/937
f 940/940/940 903/903/903 904/904/904
f 903/903/903 940/940/940 939/939/939
f 905/905/905 940/940/940 904/904/904
f 940/940/940 905/905/905 941/941/941
f 906/906/906 941/941/941 905/905/905
f 941/941/941 906/906/906 942/942/942
f 942/942/942 907/907/907 943/943/943
f 907/907/907 942/942/942 906/906/906
f 943/943/943 908/908/908 944/944/944
f 908/908/908 943/943/943 907/907/907
f 945/945/945 944/944/944 908/908/908
f 945/945/945 908/908/908 909/909/909
f 946/946/946 945/945/945 909/909/909
f 909/909/909 910/910/910 946/946/946
f 946/946/946 911/911/911 947/947/947
f 911/911/911 946/946/946 910/910/910
f 947/947/947 912/912/912 948/948/948
f 912/912/912 947/947/947 911/911/911
f 912/912/912 913/913/913 949/949/949
f 912/912/912 949/949/949 948/948/948
f 914/914/914 949/949/949 913/913/913
f 949/949/949 914/914/914 950/950/950
f 915/915/915 950/950/950 914/914/914
f 950/950/950 915/915/915 951/951/951
f 952/952/952 915/915/915 916/916/916
f 915/915/915 952/952/952 951/951/951
f 953/953/953 916/916/916 917/917/917
f 916/916/916 953/953/953 952/952/952
f 954/954/954 917/917/917 918/918/918
f 917/917/917 954/954/954 953/953/953
f 954/954/954 919/919/919 955/955/955
f 919/919/919 954/954/954 918/918/918
f 919/919/919 956/956/956 955/955/955
f 956/956/956 919/919/919 920/920/920
f 957/957/957 956/956/956 920/920/920
f 957/957/957 920/920/920 921/921/921
f 958/958/958 957/957/957 921/921/921
f 921/921/921 922/922/922 958/958/958
f 959/959/959 958/958/958 922/922/922
f 922/922/922 923/923/923 959/959/959
f 960/960/960 959/959/959 923/923/923
f 923/923/923 924/924/924 960/960/960
f 924/924/924 925/925/925 961/961/961
f 924/924/924 961/961/961 960/960/960
f 925/925/925 926/926/926 962/962/962
f 925/925/925 962/962/962 961/961/961
f 963/963/963 926/926/926 927/927/927
f 926/926/926 963/963/963 962/962/962
f 928/928/928 963/963/963 927/927/927
f 963/963/963 928/928/928 964/964/964
f 965/965/965 928/928/928 929/929/929
f 928/928/928 965/965/965 964/964/964
f 966/966/966 929/929/929 930/930/930
f 929/929/929 966/966/966 965/965/965
f 966/966/966 931/931/931 967/967/967
f 931/931/931 966/966/966 930/930/930
f 967/967/967 932/932/932 968/968/968
f 932/932/932 967/967/967 931/931/931
f 968/968/968 933/933/933 969/969/969
f 933/933/933 968/968/968 932/932/932
f 969/969/969 934/934/934 970/970/970
f 934/934/934 969/969/969 933/933/933
f 970/970/970 935/935/935 971/971/971
f 935/935/935 970/970/970 934/934/934
f 971/971/971 936/936/936 972/972/972
f 936/936/936 971/971/971 935/935/935
f 937/937/937 973/973/973 938/938/938
f 973/973/973 937/937/937 974/974/974
f 939/939/939 974/974/974 937/937/937
f 974/974/974 939/939/939 975/975/975
f 976/976/976 939/939/939 940/940/940
f 939/939/939 976/976/976 975/975/975
f 977/977/977 940/940/940 941/941/941
f 940/940/940 977/977/977 976/976/976
f 978/978/978 941/941/941 942/942/942
f 941/941/941 978/978/978 977/977/977
f 978/978/978 943/943/943 979/979/979
f 943/943/943 978/978/978 942/942/942
f 943/943/943 980/980/980 979/979/979
f 980/980/980 943/943/943 944/944/944
f 981/981/981 980/980/980 944/944/944
f 981/981/981 944/944/944 945/945/945
f 981/981/981 946/946/946 982/982/982
f 946/946/946 981/981/981 945/945/945
f 983/983/983 982/982/982 946/946/946
f 946/946/946 947/947/947 983/983/983
f 983/983/983 947/947/947 984/984/984
f 947/947/947 948/948/948 984/984/984
f 948/948/948 949/949/949 985/985/985
f 948/948/948 985/985/985 984/984/984
f 949/949/949 950/950/950 986/986/986
f 949/949/949 986/986/986 985/985/985
f 951/951/951 986/986/986 950/950/950
f 986/986/986 951/951/951 987/987/987
f 988/988/988 951/951/951 952/952/952
f 951/951/951 988/988/988 987/987/987
f 989/989/989 952/952/952 953/953/953
f 952/952/952 989/989/989 988/988/988
f 990/990/990 953/953/953 954/954/954
f 953/953/953 990/990/990 989/989/989
f 954/954/954 991/991/991 990/990/990
f 991/991/991 954/954/954 955/955/955
f 991/991/991 956/956/956 992/992/992
f 956/956/956 991/991/991 955/955/955
f 992/992/992 957/957/957 993/993/993
f 957/957/957 992/992/992 956/956/956
f 993/993/993 958/958/958 994/994/994
f 958/958/958 993/993/993 957/957/957
f 994/994/994 959/959/959 995/995/995
f 959/959/959 994/994/994 958/958/958
f 995/995/995 959/959/959 996/996/996
f 959/959/959 960/960/960 996/996/996
f 961/961/961 996/996/996 960/960/960
f 996/996/996 961/961/961 997/997/997
f 962/962/962 997/997/997 961/961/961
f 997/997/997 962/962/962 998/998/998
f 999/999/999 962/962/962 963/963/963
f 962/962/962 999/999/999 998/998/998
f 964/964/964 999/999/999 963/963/963
f 999/999/999 964/964/964 1000/1000/1000
f 1001/1001/1001 964/964/964 965/965/965
f 964/964/964 1001/1001/1001 1000/1000/1000
f 1002/1002/1002 965/965/965 966/966/966
f 965/965/965 1002/1002/1002 1001/1001/1001
f 966/966/966 1003/1003/1003 1002/1002/1002
f 1003/1003/1003 966/966/966 967/967/967
f 967/967/967 1004/1004/1004 1003/1003/1003
f 1004/1004/1004 967/967/967 968/968/968
f 1005/1005/1005 1004/1004/1004 968/968/968
f 1005/1005/1005 968/968/968 969/969/969
f 1006/1006/1006 1005/1005/1005 969/969/969
f 969/969/969 970/970/970 1006/1006/1006
f 1007/1007/1007 1006/1006/1006 970/970/970
f 970/970/970 971/971/971 1007/1007/1007
f 1007/1007/1007 972/972/972 1008/1008/1008
f 972/972/972 1007/1007/1007 971/971/971
f 973/973/973 974/974/974 1009/1009/1009
f 973/973/973 1009/1009/1009 1010/1010/1010
f 975/975/975 1011/1011/1011 974/974/974
f 974/974/974 1011/1011/1011 1009/1009/1009
f 976/976/976 1011/1011/1011 975/975/975
f 1011/1011/1011 976/976/976 1012/1012/1012
f 1013/1013/1013 976/976/976 977/977/977
f 976/976/976 1013/1013/1013 1012/1012/1012
f 1014/1014/1014 977/977/977 978/978/978
f 977/977/977 1014/1014/1014 1013/1013/1013
f 978/978/978 1015/1015/1015 1014/1014/1014
f 1015/1015/1015 978/978/978 979/979/979
f 979/979/979 1016/1016/1016 1015/1015/1015
f 1016/1016/1016 979/979/979 980/980/980
f 1016/1016/1016 981/981/981 1017/1017/1017
f 981/981/981 1016/1016/1016 980/980/980
f 1018/1018/1018 1017/1017/1017 981/981/981
f 981/981/981 982/982/982 1018/1018/1018
f 1018/1018/1018 983/983/983 1019/1019/1019
f 983/983/983 1018/1018/1018 982/982/982
f 1019/1019/1019 984/984/984 1020/1020/1020
f 984/984/984 1019/1019/1019 983/983/983
f 985/985/985 1020/1020/1020 984/984/984
f 1020/1020/1020 985/985/985 1021/1021/1021
f 985/985/985 986/986/986 1022/1022/1022
f 985/985/985 1022/1022/1022 1021/1021/1021
f 987/987/987 1022/1022/1022 986/986/986
f 1022/1022/1022 987/987/987 1023/1023/1023
f 988/988/988 1023/1023/1023 987/987/987
f 1023/1023/1023 988/988/988 1024/1024/1024
f 1025/1025/1025 988/988/988 989/989/989
f 988/988/988 1025/1025/1025 1024/1024/1024
f 1026/1026/1026 989/989/989 990/990/990
f 989/989/989 1026/1026/1026 1025/1025/1025
f 990/990/990 1027/1027/1027 1026/1026/1026
f 1027/1027/1027 990/990/990 991/991/991
f 1027/1027/1027 992/992/992 1028/1028/1028
f 992/992/992 1027/1027/1027 991/991/991
f 1029/1029/1029 1028/1028/1028 992/992/992
f 1029/1029/1029 992/992/992 993/993/993
f 1030/1030/1030 1029/1029/1029 993/993/993
f 993/993/993 994/994/994 1030/1030/1030
f 1030/1030/1030 995/995/995 1031/1031/1031
f 995/995/995 1030/1030/1030 994/994/994
f 1031/1031/1031 996/996/996 1032/1032/1032
f 996/996/996 1031/1031/1031 995/995/995
f 997/997/997 1032/1032/1032 996/996/996
f 1032/1032/1032 997/997/997 1033/1033/1033
f 998/998/998 1033/1033/1033 997/997/997
f 1033/1033/1033 998/998/998 1034/1034/1034
f 1035/1035/1035 998/998/998 999/999/999
f 998/998/998 1035/1035/1035 1034/1034/1034
f 1036/1036/1036 999/999/999 1000/1000/1000
f 999/999/999 1036/1036/1036 1035/1035/1035
f 1037/1037/1037 1000/1000/1000 1001/1001/1001
f 1000/1000/1000 1037/1037/1037 1036/1036/1036
f 1002/1002/1002 1037/1037/1037 1001/1001/1001
f 1037/1037/1037 1002/1002/1002 1038/1038/1038
f 1038/1038/1038 1003/1003/1003 1039/1039/1039
f 1003/1003/1003 1038/1038/1038 1002/1002/1002
f 1039/1039/1039 1004/1004/1004 1040/1040/1040
f 1004/1004/1004 1039/1039/1039 1003/1003/1003
f 1040/1040/1040 1005/1005/1005 1041/1041/1041
f 1005/1005/1005 1040/1040/1040 1004/1004/1004
f 1042/1042/1042 1041/1041/1041 1005/1005/1005
f 1005/1005/1005 1006/1006/1006 1042/1042/1042
f 1042/1042/1042 1007/1007/1007 1043/1043/1043
f 1007/1007/1007 1042/1042/1042 1006/1006/1006
f 1043/1043/1043 1008/1008/1008 1044/1044/1044
f 1008/1008/1008 1043/1043/1043 1007/1007/1007
f 1010/1010/1010 1009/1009/1009 1045/1045/1045
f 1010/1010/1010 1045/1045/1045 1046/1046/1046
f 1011/1011/1011 1047/1047/1047 1009/1009/1009
f 1009/1009/1009 1047/1047/1047 1045/1045/1045
f 1012/1012/1012 1047/1047/1047 1011/1011/1011
f 1047/1047/1047 1012/1012/1012 1048/1048/1048
f 1013/1013/1013 1048/1048/1048 1012/1012/1012
f 1048/1048/1048 1013/1013/1013 1049/1049/1049
f 1014/1014/1014 1049/1049/1049 1013/1013/1013
f 1049/1049/1049 1014/1014/1014 1050/1050/1050
f 1051/1051/1051 1014/1014/1014 1015/1015/1015
f 1014/1014/1014 1051/1051/1051 1050/1050/1050
f 1051/1051/1051 1016/1016/1016 1052/1052/1052
f 1016/1016/1016 1051/1051/1051 1015/1015/1015
f 1053/1053/1053 1052/1052/1052 1016/1016/1016
f 1053/1053/1053 1016/1016/1016 1017/1017/1017
f 1054/1054/1054 1053/1053/1053 1017/1017/1017
f 1017/1017/1017 1018/1018/1018 1054/1054/1054
f 1054/1054/1054 1019/1019/1019 1055/1055/1055
f 1019/1019/1019 1054/1054/1054 1018/1018/1018
f 1055/1055/1055 1019/1019/1019 1056/1056/1056
f 1019/1019/1019 1020/1020/1020 1056/1056/1056
f 1020/1020/1020 1021/1021/1021 1057/1057/1057
f 1020/1020/1020 1057/1057/1057 1056/1056/1056
f 1022/1022/1022 1058/1058/1058 1021/1021/1021
f 1021/1021/1021 1058/1058/1058 1057/1057/1057
f 1023/1023/1023 1059/1059/1059 1022/1022/1022
f 1022/1022/1022 1059/1059/1059 1058/1058/1058
f 1060/1060/1060 1023/1023/1023 1024/1024/1024
f 1023/1023/1023 1060/1060/1060 1059/1059/1059
f 1061/1061/1061 1024/1024/1024 1025/1025/1025
f 1024/1024/1024 1061/1061/1061 1060/1060/1060
f 1062/1062/1062 1025/1025/1025 1026/1026/1026
f 1025/1025/1025 1062/1062/1062 1061/1061/1061
f 1026/1026/1026 1063/1063/1063 1062/1062/1062
f 1063/1063/1063 1026/1026/1026 1027/1027/1027
f 1063/1063/1063 1028/1028/1028 1064/1064/1064
f 1028/1028/1028 1063/1063/1063 1027/1027/1027
f 1065/1065/1065 1064/1064/1064 1028/1028/1028
f 1065/1065/1065 1028/1028/1028 1029/1029/1029
f 1066/1066/1066 1065/1065/1065 1029/1029/1029
f 1029/1029/1029 1030/1030/1030 1066/1066/1066
f 1066/1066/1066 1030/1030/1030 1067/1067/1067
f 1030/1030/1030 1031/1031/1031 1067/1067/1067
f 1067/1067/1067 1032/1032/1032 1068/1068/1068
f 1032/1032/1032 1067/1067/1067 1031/1031/1031
f 1032/1032/1032 1033/1033/1033 1069/1069/1069
f 1032/1032/1032 1069/1069/1069 1068/1068/1068
f 1034/1034/1034 1069/1069/1069 1033/1033/1033
f 1069/1069/1069 1034/1034/1034 1070/1070/1070
f 1035/1035/1035 1070/1070/1070 1034/1034/1034
f 1070/1070/1070 1035/1035/1035 1071/1071/1071
f 1072/1072/1072 1035/1035/1035 1036/1036/1036
f 1035/1035/1035 1072/1072/1072 1071/1071/1071
f 1037/1037/1037 1072/1072/1072 1036/1036/1036
f 1072/1072/1072 1037/1037/1037 1073/1073/1073
f 1074/1074/1074 1037/1037/1037 1038/1038/1038
f 1037/1037/1037 1074/1074/1074 1073/1073/1073
f 1074/1074/1074 1039/1039/1039 1075/1075/1075
f 1039/1039/1039 1074/1074/1074 1038/1038/1038
f 1039/1039/1039 1076/1076/1076 1075/1075/1075
f 1076/1076/1076 1039/1039/1039 1040/1040/1040
f 1077/1077/1077 1076/1076/1076 1040/1040/1040
f 1040/1040/1040 1041/1041/1041 1077/1077/1077
f 1078/1078/1078 1077/1077/1077 1041/1041/1041
f 1041/1041/1041 1042/1042/1042 1078/1078/1078
f 1078/1078/1078 1043/1043/1043 1079/1079/1079
f 1043/1043/1043 1078/1078/1078 1042/1042/1042
f 1079/1079/1079 1044/1044/1044 1080/1080/1080
f 1044/1044/1044 1079/1079/1079 1043/1043/1043
f 1045/1045/1045 1081/1081/1081 1046/1046/1046
f 1046/1046/1046 1081/1081/1081 1082/1082/1082
f 1047/1047/1047 1081/1081/1081 1045/1045/1045
f 1081/1081/1081 1047/1047/1047 1083/1083/1083
f 1084/1084/1084 1047/1047/1047 1048/1048/1048
f 1047/1047/1047 1084/1084/1084 1083/1083/1083
f 1049/1049/1049 1084/1084/1084 1048/1048/1048
f 1084/1084/1084 1049/1049/1049 1085/1085/1085
f 1050/1050/1050 1085/1085/1085 1049/1049/1049
f 1085/1085/1085 1050/1050/1050 1086/1086/1086
f 1087/1087/1087 1050/1050/1050 1051/1051/1051
f 1050/1050/1050 1087/1087/1087 1086/1086/1086
f 1087/1087/1087 1052/1052/1052 1088/1088/1088
f 1052/1052/1052 1087/1087/1087 1051/1051/1051
f 1089/1089/1089 1088/1088/1088 1052/1052/1052
f 1089/1089/1089 1052/1052/1052 1053/1053/1053
f 1090/1090/1090 1089/1089/1089 1053/1053/1053
f 1053/1053/1053 1054/1054/1054 1090/1090/1090
f 1090/1090/1090 1055/1055/1055 1091/1091/1091
f 1055/1055/1055 1090/1090/1090 1054/1054/1054
f 1091/1091/1091 1055/1055/1055 1092/1092/1092
f 1055/1055/1055 1056/1056/1056 1092/1092/1092
f 1056/1056/1056 1057/1057/1057 1093/1093/1093
f 1056/1056/1056 1093/1093/1093 1092/1092/1092
f 1058/1058/1058 1093/1093/1093 1057/1057/1057
f 1093/1093/1093 1058/1058/1058 1094/1094/1094
f 1059/1059/1059 1094/1094/1094 1058/1058/1058
f 1094/1094/1094 1059/1059/1059 1095/1095/1095
f 1096/1096/1096 1059/1059/1059 1060/1060/1060
f 1059/1059/1059 1096/1096/1096 1095/1095/1095
f 1097/1097/1097 1060/1060/1060 1061/1061/1061
f 1060/1060/1060 1097/1097/1097 1096/1096/1096
f 1098/1098/1098 1061/1061/1061 1062/1062/1062
f 1061/1061/1061 1098/1098/1098 1097/1097/1097
f 1062/1062/1062 1099/1099/1099 1098/1098/1098
f 1099/1099/1099 1062/1062/1062 1063/1063/1063
f 1099/1099/1099 1064/1064/1064 1100/1100/1100
f 1064/1064/1064 1099/1099/1099 1063/1063/1063
f 1101/1101/1101 1100/1100/1100 1064/1064/1064
f 1101/1101/1101 1064/1064/1064 1065/1065/1065
f 1101/1101/1101 1065/1065/1065 1102/1102/1102
f 1065/1065/1065 1066/1066/1066 1102/1102/1102
f 1102/1102/1102 1067/1067/1067 1103/1103/1103
f 1067/1067/1067 1102/1102/1102 1066/1066/1066
f 1103/1103/1103 1068/1068/1068 1104/1104/1104
f 1068/1068/1068 1103/1103/1103 1067/1067/1067
f 1069/1069/1069 1105/1105/1105 1068/1068/1068
f 1068/1068/1068 1105/1105/1105 1104/1104/1104
f 1070/1070/1070 1105/1105/1105 1069/1069/1069
f 1105/1105/1105 1070/1070/1070 1106/1106/1106
f 1071/1071/1071 1106/1106/1106 1070/1070/1070
f 1106/1106/1106 1071/1071/1071 1107/1107/1107
f 1108/1108/1108 1071/1071/1071 1072/1072/1072
f 1071/1071/1071 1108/1108/1108 1107/1107/1107
f 1109/1109/1109 1072/1072/1072 1073/1073/1073
f 1072/1072/1072 1109/1109/1109 1108/1108/1108
f 1074/1074/1074 1109/1109/1109 1073/1073/1073
f 1109/1109/1109 1074/1074/1074 1110/1110/1110
f 1110/1110/1110 1075/1075/1075 1111/1111/1111
f 1075/1075/1075 1110/1110/1110 1074/1074/1074
f 1111/1111/1111 1076/1076/1076 1112/1112/1112
f 1076/1076/1076 1111/1111/1111 1075/1075/1075
f 1113/1113/1113 1112/1112/1112 1076/1076/1076
f 1076/1076/1076 1077/1077/1077 1113/1113/1113
f 1113/1113/1113 1078/1078/1078 1114/1114/1114
f 1078/1078/1078 1113/1113/1113 1077/1077/1077
f 1114/1114/1114 1078/1078/1078 1115/1115/1115
f 1078/1078/1078 1079/1079/1079 1115/1115/1115
f 1115/1115/1115 1080/1080/1080 1116/1116/1116
f 1080/1080/1080 1115/1115/1115 1079/1079/1079
f 1081/1081/1081 1117/1117/1117 1082/1082/1082
f 1082/1082/1082 1117/1117/1117 1118/1118/1118
f 1083/1083/1083 1117/1117/1117 1081/1081/1081
f 1117/1117/1117 1083/1083/1083 1119/1119/1119
f 1120/1120/1120 1083/1083/1083 1084/1084/1084
f 1083/1083/1083 1120/1120/1120 1119/1119/1119
f 1121/1121/1121 1084/1084/1084 1085/1085/1085
f 1084/1084/1084 1121/1121/1121 1120/1120/1120
f 1086/1086/1086 1121/1121/1121 1085/1085/1085
f 1121/1121/1121 1086/1086/1086 1122/1122/1122
f 1087/1087/1087 1122/1122/1122 1086/1086/1086
f 1122/1122/1122 1087/1087/1087 1123/1123/1123
f 1123/1123/1123 1088/1088/1088 1124/1124/1124
f 1088/1088/1088 1123/1123/1123 1087/1087/1087
f 1088/1088/1088 1125/1125/1125 1124/1124/1124
f 1125/1125/1125 1088/1088/1088 1089/1089/1089
f 1125/1125/1125 1089/1089/1089 1126/1126/1126
f 1089/1089/1089 1090/1090/1090 1126/1126/1126
f 1126/1126/1126 1091/1091/1091 1127/1127/1127
f 1091/1091/1091 1126/1126/1126 1090/1090/1090
f 1127/1127/1127 1091/1091/1091 1128/1128/1128
f 1091/1091/1091 1092/1092/1092 1128/1128/1128
f 1093/1093/1093 1129/1129/1129 1092/1092/1092
f 1128/1128/1128 1092/1092/1092 1129/1129/1129
f 1094/1094/1094 1129/1129/1129 1093/1093/1093
f 1129/1129/1129 1094/1094/1094 1130/1130/1130
f 1095/1095/1095 1130/1130/1130 1094/1094/1094
f 1130/1130/1130 1095/1095/1095 1131/1131/1131
f 1132/1132/1132 1095/1095/1095 1096/1096/1096
f 1095/1095/1095 1132/1132/1132 1131/1131/1131
f 1133/1133/1133 1096/1096/1096 1097/1097/1097
f 1096/1096/1096 1133/1133/1133 1132/1132/1132
f 1134/1134/1134 1097/1097/1097 1098/1098/1098
f 1097/1097/1097 1134/1134/1134 1133/1133/1133
f 1098/1098/1098 1135/1135/1135 1134/1134/1134
f 1135/1135/1135 1098/1098/1098 1099/1099/1099
f 1135/1135/1135 1100/1100/1100 1136/1136/1136
f 1100/1100/1100 1135/1135/1135 1099/1099/1099
f 1136/1136/1136 1101/1101/1101 1137/1137/1137
f 1101/1101/1101 1136/1136/1136 1100/1100/1100
f 1137/1137/1137 1101/1101/1101 1138/1138/1138
f 1101/1101/1101 1102/1102/1102 1138/1138/1138
f 1138/1138/1138 1103/1103/1103 1139/1139/1139
f 1103/1103/1103 1138/1138/1138 1102/1102/1102
f 1139/1139/1139 1103/1103/1103 1140/1140/1140
f 1103/1103/1103 1104/1104/1104 1140/1140/1140
f 1105/1105/1105 1140/1140/1140 1104/1104/1104
f 1140/1140/1140 1105/1105/1105 1141/1141/1141
f 1106/1106/1106 1142/1142/1142 1105/1105/1105
f 1105/1105/1105 1142/1142/1142 1141/1141/1141
f 1107/1107/1107 1142/1142/1142 1106/1106/1106
f 1142/1142/1142 1107/1107/1107 1143/1143/1143
f 1144/1144/1144 1107/1107/1107 1108/1108/1108
f 1107/1107/1107 1144/1144/1144 1143/1143/1143
f 1145/1145/1145 1108/1108/1108 1109/1109/1109
f 1108/1108/1108 1145/1145/1145 1144/1144/1144
f 1146/1146/1146 1109/1109/1109 1110/1110/1110
f 1109/1109/1109 1146/1146/1146 1145/1145/1145
f 1110/1110/1110 1147/1147/1147 1146/1146/1146
f 1147/1147/1147 1110/1110/1110 1111/1111/1111
f 1111/1111/1111 1148/1148/1148 1147/1147/1147
f 1148/1148/1148 1111/1111/1111 1112/1112/1112
f 1148/1148/1148 1113/1113/1113 1149/1149/1149
f 1113/1113/1113 1148/1148/1148 1112/1112/1112
f 1149/1149/1149 1113/1113/1113 1150/1150/1150
f 1113/1113/1113 1114/1114/1114 1150/1150/1150
f 1150/1150/1150 1114/1114/1114 1151/1151/1151
f 1114/1114/1114 1115/1115/1115 1151/1151/1151
f 1116/1116/1116 1151/1151/1151 1115/1115/1115
f 1151/1151/1151 1116/1116/1116 1152/1152/1152
f 1117/1117/1117 1153/1153/1153 1118/1118/1118
f 1118/1118/1118 1153/1153/1153 1154/1154/1154
f 1119/1119/1119 1153/1153/1153 1117/1117/1117
f 1153/1153/1153 1119/1119/1119 1155/1155/1155
f 1156/1156/1156 1119/1119/1119 1120/1120/1120
f 1119/1119/1119 1156/1156/1156 1155/1155/1155
f 1121/1121/1121 1156/1156/1156 1120/1120/1120
f 1156/1156/1156 1121/1121/1121 1157/1157/1157
f 1158/1158/1158 1121/1121/1121 1122/1122/1122
f 1121/1121/1121 1158/1158/1158 1157/1157/1157
f 1123/1123/1123 1158/1158/1158 1122/1122/1122
f 1158/1158/1158 1123/1123/1123 1159/1159/1159
f 1159/1159/1159 1124/1124/1124 1160/1160/1160
f 1124/1124/1124 1159/1159/1159 1123/1123/1123
f 1160/1160/1160 1124/1124/1124 1161/1161/1161
f 1161/1161/1161 1124/1124/1124 1125/1125/1125
f 1161/1161/1161 1125/1125/1125 1162/1162/1162
f 1125/1125/1125 1126/1126/1126 1162/1162/1162
f 1162/1162/1162 1127/1127/1127 1163/1163/1163
f 1127/1127/1127 1162/1162/1162 1126/1126/1126
f 1128/1128/1128 1164/1164/1164 1127/1127/1127
f 1163/1163/1163 1127/1127/1127 1164/1164/1164
f 1129/1129/1129 1165/1165/1165 1128/1128/1128
f 1164/1164/1164 1128/1128/1128 1165/1165/1165
f 1130/1130/1130 1165/1165/1165 1129/1129/1129
f 1165/1165/1165 1130/1130/1130 1166/1166/1166
f 1131/1131/1131 1166/1166/1166 1130/1130/1130
f 1166/1166/1166 1131/1131/1131 1167/1167/1167
f 1168/1168/1168 1131/1131/1131 1132/1132/1132
f 1131/1131/1131 1168/1168/1168 1167/1167/1167
f 1169/1169/1169 1132/1132/1132 1133/1133/1133
f 1132/1132/1132 1169/1169/1169 1168/1168/1168
f 1170/1170/1170 1133/1133/1133 1134/1134/1134
f 1133/1133/1133 1170/1170/1170 1169/1169/1169
f 1135/1135/1135 1170/1170/1170 1134/1134/1134
f 1170/1170/1170 1135/1135/1135 1171/1171/1171
f 1171/1171/1171 1136/1136/1136 1172/1172/1172
f 1136/1136/1136 1171/1171/1171 1135/1135/1135
f 1172/1172/1172 1136/1136/1136 1173/1173/1173
f 1136/1136/1136 1137/1137/1137 1173/1173/1173
f 1173/1173/1173 1137/1137/1137 1174/1174/1174
f 1137/1137/1137 1138/1138/1138 1174/1174/1174
f 1174/1174/1174 1139/1139/1139 1175/1175/1175
f 1139/1139/1139 1174/1174/1174 1138/1138/1138
f 1140/1140/1140 1176/1176/1176 1139/1139/1139
f 1175/1175/1175 1139/1139/1139 1176/1176/1176
f 1141/1141/1141 1176/1176/1176 1140/1140/1140
f 1176/1176/1176 1141/1141/1141 1177/1177/1177
f 1142/1142/1142 1177/1177/1177 1141/1141/1141
f 1177/1177/1177 1142/1142/1142 1178/1178/1178
f 1179/1179/1179 1142/1142/1142 1143/1143/1143
f 1142/1142/1142 1179/1179/1179 1178/1178/1178
f 1180/1180/1180 1143/1143/1143 1144/1144/1144
f 1143/1143/1143 1180/1180/1180 1179/1179/1179
f 1181/1181/1181 1144/1144/1144 1145/1145/1145
f 1144/1144/1144 1181/1181/1181 1180/1180/1180
f 1146/1146/1146 1181/1181/1181 1145/1145/1145
f 1181/1181/1181 1146/1146/1146 1182/1182/1182
f 1182/1182/1182 1147/1147/1147 1183/1183/1183
f 1147/1147/1147 1182/1182/1182 1146/1146/1146
f 1147/1147/1147 1184/1184/1184 1183/1183/1183
f 1184/1184/1184 1147/1147/1147 1148/1148/1148
f 1184/1184/1184 1149/1149/1149 1185/1185/1185
f 1149/1149/1149 1184/1184/1184 1148/1148/1148
f 1185/1185/1185 1150/1150/1150 1186/1186/1186
f 1150/1150/1150 1185/1185/1185 1149/1149/1149
f 1151/1151/1151 1186/1186/1186 1150/1150/1150
f 1186/1186/1186 1151/1151/1151 1187/1187/1187
f 1152/1152/1152 1187/1187/1187 1151/1151/1151
f 1187/1187/1187 1152/1152/1152 1188/1188/1188
f 1153/1153/1153 1189/1189/1189 1154/1154/1154
f 1154/1154/1154 1189/1189/1189 1190/1190/1190
f 1155/1155/1155 1189/1189/1189 1153/1153/1153
f 1189/1189/1189 1155/1155/1155 1191/1191/1191
f 1192/1192/1192 1155/1155/1155 1156/1156/1156
f 1155/1155/1155 1192/1192/1192 1191/1191/1191
f 1157/1157/1157 1192/1192/1192 1156/1156/1156
f 1192/1192/1192 1157/1157/1157 1193/1193/1193
f 1158/1158/1158 1193/1193/1193 1157/1157/1157
f 1193/1193/1193 1158/1158/1158 1194/1194/1194
f 1159/1159/1159 1194/1194/1194 1158/1158/1158
f 1194/1194/1194 1159/1159/1159 1195/1195/1195
f 1195/1195/1195 1159/1159/1159 1196/1196/1196
f 1196/1196/1196 1159/1159/1159 1160/1160/1160
f 1196/1196/1196 1161/1161/1161 1197/1197/1197
f 1161/1161/1161 1196/1196/1196 1160/1160/1160
f 1197/1197/1197 1161/1161/1161 1198/1198/1198
f 1161/1161/1161 1162/1162/1162 1198/1198/1198
f 1163/1163/1163 1198/1198/1198 1162/1162/1162
f 1198/1198/1198 1163/1163/1163 1199/1199/1199
f 1164/1164/1164 1200/1200/1200 1163/1163/1163
f 1199/1199/1199 1163/1163/1163 1200/1200/1200
f 1165/1165/1165 1200/1200/1200 1164/1164/1164
f 1200/1200/1200 1165/1165/1165 1201/1201/1201
f 1166/1166/1166 1202/1202/1202 1165/1165/1165
f 1165/1165/1165 1202/1202/1202 1201/1201/1201
f 1167/1167/1167 1202/1202/1202 1166/1166/1166
f 1202/1202/1202 1167/1167/1167 1203/1203/1203
f 1204/1204/1204 1167/1167/1167 1168/1168/1168
f 1167/1167/1167 1204/1204/1204 1203/1203/1203
f 1205/1205/1205 1168/1168/1168 1169/1169/1169
f 1168/1168/1168 1205/1205/1205 1204/1204/1204
f 1206/1206/1206 1169/1169/1169 1170/1170/1170
f 1169/1169/1169 1206/1206/1206 1205/1205/1205
f 1207/1207/1207 1170/1170/1170 1171/1171/1171
f 1170/1170/1170 1207/1207/1207 1206/1206/1206
f 1207/1207/1207 1172/1172/1172 1208/1208/1208
f 1172/1172/1172 1207/1207/1207 1171/1171/1171
f 1208/1208/1208 1172/1172/1172 1209/1209/1209
f 1172/1172/1172 1173/1173/1173 1209/1209/1209
f 1209/1209/1209 1173/1173/1173 1210/1210/1210
f 1173/1173/1173 1174/1174/1174 1210/1210/1210
f 1175/1175/1175 1211/1211/1211 1174/1174/1174
f 1210/1210/1210 1174/1174/1174 1211/1211/1211
f 1176/1176/1176 1211/1211/1211 1175/1175/1175
f 1211/1211/1211 1176/1176/1176 1212/1212/1212
f 1177/1177/1177 1213/1213/1213 1176/1176/1176
f 1212/1212/1212 1176/1176/1176 1213/1213/1213
f 1178/1178/1178 1213/1213/1213 1177/1177/1177
f 1213/1213/1213 1178/1178/1178 1214/1214/1214
f 1215/1215/1215 1178/1178/1178 1179/1179/1179
f 1178/1178/1178 1215/1215/1215 1214/1214/1214
f 1216/1216/1216 1179/1179/1179 1180/1180/1180
f 1179/1179/1179 1216/1216/1216 1215/1215/1215
f 1217/1217/1217 1180/1180/1180 1181/1181/1181
f 1180/1180/1180 1217/1217/1217 1216/1216/1216
f 1182/1182/1182 1217/1217/1217 1181/1181/1181
f 1217/1217/1217 1182/1182/1182 1218/1218/1218
f 1182/1182/1182 1219/1219/1219 1218/1218/1218
f 1219/1219/1219 1182/1182/1182 1183/1183/1183
f 1219/1219/1219 1183/1183/1183 1220/1220/1220
f 1220/1220/1220 1183/1183/1183 1184/1184/1184
f 1220/1220/1220 1184/1184/1184 1221/1221/1221
f 1184/1184/1184 1185/1185/1185 1221/1221/1221
f 1221/1221/1221 1186/1186/1186 1222/1222/1222
f 1186/1186/1186 1221/1221/1221 1185/1185/1185
f 1187/1187/1187 1222/1222/1222 1186/1186/1186
f 1222/1222/1222 1187/1187/1187 1223/1223/1223
f 1188/1188/1188 1223/1223/1223 1187/1187/1187
f 1223/1223/1223 1188/1188/1188 1224/1224/1224
f 2/2/2 4/4/4 1225/1225/1225
f 6/6/6 2/2/2 1226/1226/1226
f 7/7/7 6/6/6 1227/1227/1227
f 10/10/10 7/7/7 1228/1228/1228
f 12/12/12 10/10/10 1229/1229/1229
f 14/14/14 12/12/12 1230/1230/1230
f 15/15/15 14/14/14 1231/1231/1231
f 17/17/17 15/15/15 1232/1232/1232
f 19/19/19 17/17/17 1233/1233/1233
f 21/21/21 19/19/19 1234/1234/1234
f 23/23/23 21/21/21 1235/1235/1235
f 25/25/25 23/23/23 1236/1236/1236
f 27/27/27 25/25/25 1237/1237/1237
f 30/30/30 27/27/27 1238/1238/1238
f 31/31/31 30/30/30 1239/1239/1239
f 33/33/33 31/31/31 1240/1240/1240
f 35/35/35 33/33/33 1241/1241/1241
f 37/37/37 35/35/35 1242/1242/1242
f 40/40/40 37/37/37 1243/1243/1243
f 41/41/41 40/40/40 1244/1244/1244
f 43/43/43 41/41/41 1245/1245/1245
f 45/45/45 43/43/43 1246/1246/1246
f 47/47/47 45/45/45 1247/1247/1247
f 49/49/49 47/47/47 1248/1248/1248
f 51/51/51 49/49/49 1249/1249/1249
f 54/54/54 51/51/51 1250/1250/1250
f 56/56/56 54/54/54 1251/1251/1251
f 57/57/57 56/56/56 1252/1252/1252
f 60/60/60 57/57/57 1253/1253/1253
f 61/61/61 60/60/60 1254/1254/1254
f 63/63/63 61/61/61 1255/1255/1255
f 65/65/65 63/63/63 1256/1256/1256
f 67/67/67 65/65/65 1257/1257/1257
f 69/69/69 67/67/67 1258/1258/1258
f 71/71/71 69/69/69 1259/1259/1259
f 1190/1190/1190 1189/1189/1189 1260/1260/1260
f 1189/1189/1189 1191/1191/1191 1261/1261/1261
f 1191/1191/1191 1192/1192/1192 1262/1262/1262
f 1192/1192/1192 1193/1193/1193 1263/1263/1263
f 1193/1193/1193 1194/1194/1194 1264/1264/1264
f 1194/1194/1194 1195/1195/1195 1265/1265/1265
f 1195/1195/1195 1196/1196/1196 1266/1266/1266
f 1196/1196/1196 1197/1197/1197 1267/1267/1267
f 1197/1197/1197 1198/1198/1198 1268/1268/1268
f 1198/1198/1198 1199/1199/1199 1269/1269/1269
f 1199/1199/1199 1200/1200/1200 1270/1270/1270
f 1200/1200/1200 1201/1201/1201 1271/1271/1271
f 1201/1201/1201 1202/1202/1202 1272/1272/1272
f 1202/1202/1202 1203/1203/1203 1273/1273/1273
f 1203/1203/1203 1204/1204/1204 1274/1274/1274
f 1204/1204/1204 1205/1205/1205 1275/1275/1275
f 1205/1205/1205 1206/1206/1206 1276/1276/1276
f 1206/1206/1206 1207/1207/1207 1277/1277/1277
f 1207/1207/1207 1208/1208/1208 1278/1278/1278
f 1208/1208/1208 1209/1209/1209 1279/1279/1279
f 1209/1209/1209 1210/1210/1210 1280/1280/1280
f 1210/1210/1210 1211/1211/1211 1281/1281/1281
f 1211/1211/1211 1212/1212/1212 1282/1282/1282
f 1212/1212/1212 1213/1213/1213 1283/1283/1283
f 1213/1213/1213 1214/1214/1214 1284/1284/1284
f 1214/1214/1214 1215/1215/1215 1285/1285/1285
f 1215/1215/1215 1216/1216/1216 1286/1286/1286
f 1216/1216/1216 1217/1217/1217 1287/1287/1287
f 1217/1217/1217 1218/1218/1218 1288/1288/1288
f 1218/1218/1218 1219/1219/1219 1289/1289/1289
f 1219/1219/1219 1220/1220/1220 1290/1290/1290
f 1220/1220/1220 1221/1221/1221 1291/1291/1291
f 1221/1221/1221 1222/1222/1222 1292/1292/1292
f 1222/1222/1222 1223/1223/1223 1293/1293/1293
f 1223/1223/1223 1224/1224/1224 1294/1294/1294
