# Extracted from the Cocos Creator 3.8.3 playable build
# Geometry-only OBJ preview for Unity; rig and animation stay in the raw assets.
o Mountain
v 2.29068375 -36.6712532 -1.49822235
v 2.53848839 -37.0231285 -1.54656696
v 3.1774025 -36.7977028 -1.47750854
v -1.904459 -35.4769554 -13.0657387
v -0.0850887299 -39.456028 -12.4925385
v -0.9942379 -37.8578453 -10.9523201
v -0.208095551 -30.6854248 4.53203297
v 0.207820892 -33.6369896 -15.5263805
v 1.44239044 -30.6004715 4.52035999
v 3.37801933 -32.9043198 -15.4909897
v -13.5455189 -24.3987026 4.5232029
v -3.93224525 -19.3502483 4.4270668
v -13.3532391 -21.3546219 4.42969513
v 1.39640617 -29.9779873 4.73589134
v 2.95249367 -25.2866611 4.61760807
v -8.93343925 23.4396191 19.5981464
v 1.32709694 22.7694111 -13.1749992
v -10.2308483 23.1643238 -13.1710529
v 0.979772568 23.0898952 19.3939152
v 6.82687187 20.5872478 13.621088
v 18.0726719 25.7584057 13.0148029
v 17.5509968 26.4468517 13.2989655
v 7.09985924 19.7057438 13.3779392
v 0.798124313 -32.8596382 -2.4642086
v -1.904459 -35.4769554 -13.0657387
v -0.9942379 -37.8578453 -10.9523201
v 0.796125412 -33.5912781 -2.17033577
v 2.19287682 -36.7715263 -1.87704277
v 7.34204102 -36.2450218 -1.90935326
v 3.1774025 -36.7977028 -1.47750854
v 2.53848839 -37.0231285 -1.54656696
v 1.52333641 -30.5937939 1.343894
v -0.866369247 -24.9730759 0.842060089
v 1.2307148 -31.1263828 1.23091793
v -0.673624039 -24.6199169 0.886403084
v 7.34204102 -36.2450218 -1.90935326
v 6.21981621 -39.3486061 -12.9052486
v 7.79257774 -35.7823219 -1.99083233
v 11.1533432 -33.4424019 -2.27762985
v 10.4468842 -36.5699577 -13.8803596
v 0.839984894 -32.2481575 -2.33397484
v -0.527101517 -29.796627 -13.9327908
v 0.798124313 -32.8596382 -2.4642086
v -1.904459 -35.4769554 -13.0657387
v 1.89691353 -27.6154709 -2.73361588
v 13.1926842 -29.0575829 -2.92558765
v 10.4468842 -36.5699577 -13.8803596
v 12.1271057 -31.7475719 -14.737133
v 11.6534863 -31.4762535 -14.7222557
v 12.7758045 -28.8233871 -3.00670815
v 12.1271057 -31.7475719 -14.737133
v 13.1926842 -29.0575829 -2.92558765
v 0.947011948 -33.9888191 -1.77830124
v 10.4468842 -36.5699577 -13.8803596
v 13.1926842 -29.0575829 -2.92558765
v 11.1533432 -33.4424019 -2.27762985
v -23.5238514 -20.8987236 11.102457
v -9.93568611 -28.5688553 10.7436848
v -19.6538677 -22.3061447 11.5230579
v -10.3245907 -27.7049999 11.2383747
v -22.9428539 12.5747299 31.7016468
v -6.79030037 24.5224819 30.9440098
v -19.8240032 27.2633724 31.0173283
v -5.3316555 23.3173695 30.9173336
v -8.43979073 -7.94927359 31.1754322
v -27.6821346 -3.0987587 31.1276722
v -9.14804268 -28.2653408 10.7491455
v -10.4255161 -30.1501026 -14.6098728
v -9.24786949 -29.9803143 -14.8780823
v -9.93568611 -28.5688553 10.7436848
v -15.1603069 -9.95598793 13.2497482
v -15.4544239 -8.99898148 12.656538
v -16.4993649 -9.15821648 12.9790745
v -0.533668518 -17.9867783 12.542448
v 3.34138107 9.52131653 2.2801857
v 5.23325539 8.52987289 -16.0625706
v 3.39086533 10.4463577 2.22632885
v 5.24363899 7.57234812 -16.0331802
v 0.0435562134 -25.4024429 7.21870995
v -0.205963135 -27.9055214 -15.2150497
v 0.105140686 -28.0225601 -15.207716
v -0.255781174 -25.3140831 7.31649399
v -23.2819958 -20.3052216 11.3518009
v -23.5238514 -20.8987236 11.102457
v -19.6538677 -22.3061447 11.5230579
v 3.66129875 -24.8540401 4.42478943
v -2.23922539 -18.6374245 -15.811388
v -3.59510612 -18.9091187 4.20539188
v 6.49790192 -25.3790627 -15.6223259
v -15.1603069 -9.95598793 13.2497482
v -6.15403938 -22.9967213 12.2704182
v -0.533668518 -17.9867783 12.542448
v -19.8262806 -16.571537 12.0571575
v -19.6538677 -22.3061447 11.5230579
v -16.8087864 -16.2373409 12.8287945
v -9.14804268 -28.2653408 10.7491455
v -23.2819958 -20.3052216 11.3518009
v -10.3245907 -27.7049999 11.2383747
v -3.35766029 -12.9714909 22.1644611
v -2.03138161 -14.5344868 -16.5119686
v -1.22337151 -13.9388027 -16.4990158
v -4.44692421 -18.3756428 7.74326515
v -4.89530373 -18.1836948 7.45410538
v -4.99510002 -18.7272263 7.6169529
v 0.994636536 -14.4279289 7.35144424
v 1.3209343 -14.3703747 7.4666748
v 6.5192585 -25.898468 -15.6092815
v 3.82262611 -25.3406143 4.41698265
v 2.2116909 -30.2309265 4.52426624
v 4.10475349 -32.2679977 -15.4943142
v -1.4696331 4.06228685 21.7193928
v -1.60394096 7.18368387 -3.67398739
v -4.70557594 8.67724037 20.9338055
v 2.78382301 -32.7815742 -1.78831577
v 1.02585793 -31.7334404 -2.03619671
v 0.839984894 -32.2481575 -2.33397484
v 0.798124313 -32.8596382 -2.4642086
v 6.21981621 -39.3486061 -12.9052486
v 7.34204102 -36.2450218 -1.90935326
v 2.53848839 -37.0231285 -1.54656696
v 0.147941589 -39.8435707 -12.4625587
v -15.7045689 -3.63890791 22.6467266
v -4.88097191 8.09974861 21.7507267
v -11.9711246 5.06267023 21.2662983
v 15.8852959 28.6617794 -4.91792488
v 20.7371502 32.6811409 -13.2033939
v 19.7489071 32.6624718 -3.82680082
v 17.4192524 29.0012264 -13.2094326
v 16.639513 29.5852413 -3.55566072
v 4.04462242 -22.5143776 7.30325317
v 0.0435562134 -25.4024429 7.21870995
v 4.49001122 -22.6520405 7.10256195
v -0.255781174 -25.3140831 7.31649399
v -3.59510612 -18.9091187 4.20539188
v -2.88946724 -18.5694237 -15.8239784
v -13.4486866 -20.7301826 4.20373535
v -2.23922539 -18.6374245 -15.811388
v -14.0345478 -21.0358429 -15.9510632
v 15.6104164 37.1469765 -3.95857763
v 15.6541882 37.8114738 -13.2111568
v 14.99259 36.9861336 -3.97117233
v 16.3818607 37.8507271 -13.2049694
v -2.49730873 -25.25243 -9.27737617
v -1.8656559 -25.1200905 -13.582098
v -2.64813423 -25.133522 -9.34528542
v -2.12172508 -25.033989 -13.5921116
v 2.25527763 5.18229914 -16.4770927
v -1.13857269 3.26455736 21.6738682
v 2.41753006 4.22935152 -16.4751186
v -26.9202366 11.9129181 29.3728962
v -22.9428539 12.5747299 31.7016468
v -26.2838421 13.9306641 28.5770512
v -27.2023525 10.2811279 30.7203083
v -3.35766029 -12.9714909 22.1644611
v -8.55431557 -15.9431362 -16.5270271
v -2.03138161 -14.5344868 -16.5119686
v -9.14313698 -14.4384861 22.0581417
v -1.60394096 7.18368387 -3.67398739
v -11.8413067 5.69903612 20.5729351
v -4.70557594 8.67724037 20.9338055
v 0.147941589 -39.8435707 -12.4625587
v 2.53848839 -37.0231285 -1.54656696
v -0.9942379 -37.8578453 -10.9523201
v 0.947011948 -33.9888191 -1.77830124
v 2.19287682 -36.7715263 -1.87704277
v 2.29068375 -36.6712532 -1.49822235
v -0.0850887299 -39.456028 -12.4925385
v -27.6821346 -3.0987587 31.1276722
v -9.40625954 -8.47517014 30.8683262
v -8.43979073 -7.94927359 31.1754322
v -28.8131046 -4.79114437 30.4325237
v -29.5093594 -2.85199499 30.7178822
v 14.99259 36.9861336 -3.97117233
v 5.50032425 31.2624531 -3.17515278
v 11.2017956 34.2369041 -3.11789322
v 6.11688805 30.767477 -2.94710732
v 14.6272697 29.4506893 -3.01247025
v 10.7690811 25.4911366 -3.0131216
v 15.4435406 36.5498085 -3.63659573
v 19.3005733 33.1639442 -3.6689043
v -14.1359882 -21.4015236 4.19364548
v -13.4486866 -20.7301826 4.20373535
v -14.0345478 -21.0358429 -15.9510632
v -9.14804268 -28.2653408 10.7491455
v 0.46505928 -18.2915916 -15.2324314
v -0.533668518 -17.9867783 12.542448
v -3.63224983 -25.5997238 -15.1800823
v -9.24786949 -29.9803143 -14.8780823
v 0.533864975 22.2583103 19.7355709
v -8.93343925 23.4396191 19.5981464
v -9.37815285 23.1403904 19.7484951
v 0.979772568 23.0898952 19.3939152
v 1.46072578 22.2677708 19.5379124
v -14.1359882 -21.4015236 4.19364548
v -13.3532391 -21.3546219 4.42969513
v -13.4486866 -20.7301826 4.20373535
v 5.73922539 32.4985924 13.6742496
v 15.5679646 31.6241264 13.7942142
v 15.5900211 32.3038673 13.4847698
v 5.62719727 33.2129021 13.3404713
v 16.3009892 31.8992653 13.5237751
v -8.85667992 -13.9755516 22.8083401
v -15.7045689 -3.63890791 22.6467266
v -16.0383739 -4.01661777 21.9455357
v -9.14313698 -14.4384861 22.0581417
v 12.3685894 -29.1289349 0.819145203
v 7.18009377 -22.7591553 -14.0820675
v 9.45384598 -20.955183 0.262929916
v 10.3889694 -32.0473824 -13.6525631
v 13.1926842 -29.0575829 -2.92558765
v 12.1271057 -31.7475719 -14.737133
v 12.7758045 -28.8233871 -3.00670815
v 11.6534863 -31.4762535 -14.7222557
v 2.95249367 -25.2866611 4.61760807
v -3.59510612 -18.9091187 4.20539188
v -3.93224525 -19.3502483 4.4270668
v 3.66129875 -24.8540401 4.42478943
v 5.63130951 15.0705051 -6.99777317
v 6.18735313 15.5738468 -6.80949116
v 5.31114388 15.6860466 -6.76381397
v 4.79336929 20.105032 13.3308544
v 6.28919411 18.1192322 -13.3084202
v 7.09985924 19.7057438 13.3779392
v 7.86227417 17.8595257 -13.3074226
v 15.5679646 31.6241264 13.7942142
v 17.5509968 26.4468517 13.2989655
v 18.3605366 26.812376 12.9857006
v 16.3009892 31.8992653 13.5237751
v 18.0726719 25.7584057 13.0148029
v 1.32104492 14.093998 2.14818001
v 1.39267349 13.5114136 2.54361343
v 1.82778168 13.6859474 2.2042017
v -7.33046532 13.9703255 1.95749855
v -7.58994484 13.340353 1.97445297
v -6.9943943 13.3578186 2.38220978
v -2.92812157 -22.3857613 6.63906097
v -5.02034187 -18.8153877 7.06256104
v -5.30090904 -21.0753441 -15.6805038
v -3.11903572 -25.0375652 -15.3373127
v -3.21252251 -22.0118599 6.9111805
v 3.39086533 10.4463577 2.22632885
v 2.92297554 10.1948109 2.61979771
v 3.34138107 9.52131653 2.2801857
v 5.24363899 7.57234812 -16.0331802
v 3.34138107 9.52131653 2.2801857
v 4.98426819 6.86115503 -16.0137444
v 1.32104492 14.093998 2.14818001
v 2.92103958 13.1623554 -16.2250175
v 2.24017715 13.4912434 -16.2411766
v 0.533864975 22.2583103 19.7355709
v 1.22624016 16.2130699 19.583107
v 1.46072578 22.2677708 19.5379124
v -0.734916687 14.9025421 20.0658989
v -1.96916389 -21.4204102 7.76283073
v -4.44692421 -18.3756428 7.74326515
v -3.3741169 -21.6290894 7.4189415
v -4.99510002 -18.7272263 7.6169529
v 15.9189434 33.1763496 3.70822239
v 18.5835438 29.0517483 3.69680405
v 19.0914402 29.609724 3.45084095
v 16.4075489 33.6290092 3.49541855
v 19.27561 28.5747738 3.46296978
v 16.3009892 31.8992653 13.5237751
v 16.6012745 33.7661018 -13.3085918
v 15.5900211 32.3038673 13.4847698
v 17.6089039 33.4686623 -13.3079014
v 18.0726719 25.7584057 13.0148029
v 7.86227417 17.8595257 -13.3074226
v 20.2661991 24.8569393 -13.3030491
v 7.09985924 19.7057438 13.3779392
v 5.97293282 24.2548885 -13.1889668
v 5.71877098 25.1974583 -5.44085121
v 6.09858894 25.1476116 -5.47584534
v 6.39239311 24.1737194 -13.1881847
v -10.5050564 -9.12146378 16.3970776
v -11.8505726 -9.38129807 17.1296558
v -11.0187931 -10.712986 16.5130329
v -0.734916687 14.9025421 20.0658989
v 0.611715317 12.4473915 19.5721607
v 1.02573586 14.4969177 18.5603523
v 0.979772568 23.0898952 19.3939152
v 1.97288704 21.9408131 -13.1750374
v 1.32709694 22.7694111 -13.1749992
v 1.46072578 22.2677708 19.5379124
v -9.14313698 -14.4384861 22.0581417
v -3.87979317 -12.5585766 22.8277493
v -8.85667992 -13.9755516 22.8083401
v -3.35766029 -12.9714909 22.1644611
v -13.8323498 -24.8957634 4.31394863
v -14.9921856 -25.339716 -15.8620567
v -14.6989231 -26.0752449 -15.8391647
v -14.234087 -24.3957748 4.31739235
v 19.8557911 33.0600548 -3.98210669
v 20.7371502 32.6811409 -13.2033939
v 20.8808651 33.0950584 -13.2028484
v 19.7489071 32.6624718 -3.82680082
v 2.67672157 13.0169373 -6.73024368
v 2.90983391 12.020752 -13.106884
v 3.17098427 12.1030407 -13.1067715
v 2.44784546 12.9537678 -6.75638485
v 2.44784546 12.9537678 -6.75638485
v -3.8642025 13.7898178 -13.172533
v 2.90983391 12.020752 -13.106884
v -4.13810539 14.9989033 -5.06057739
v 5.31114388 15.6860466 -6.76381397
v 8.13407707 17.3358784 -6.88345146
v 8.28317833 17.6980705 -6.93789387
v 6.18735313 15.5738468 -6.80949116
v -24.786005 -23.7375641 -14.5038776
v -22.694315 -17.0782928 15.7452335
v -26.6995945 -22.934021 -14.4612217
v -7.33046532 13.9703255 1.95749855
v -6.24236488 13.9398632 2.41013145
v -6.3962574 14.5714302 2.01246548
v -6.9943943 13.3578186 2.38220978
v 0.533864975 22.2583103 19.7355709
v -9.37815285 23.1403904 19.7484951
v -0.734916687 14.9025421 20.0658989
v -8.88854408 7.11268663 19.756794
v -1.40313911 6.31775141 19.8136902
v 1.3209343 -14.3703747 7.4666748
v 1.96252632 -16.2834949 -16.1102352
v 0.994636536 -14.4279289 7.35144424
v 1.59080696 -16.3472004 -16.0885067
v -22.694315 -17.0782928 15.7452335
v -22.530962 -23.5351105 -14.5898495
v -20.4554234 -17.1603355 15.6203194
v -24.786005 -23.7375641 -14.5038776
v 0.994636536 -14.4279289 7.35144424
v -5.09191704 -20.5224304 -15.733736
v -4.89530373 -18.1836948 7.45410538
v 1.59080696 -16.3472004 -16.0885067
v 3.34138107 9.52131653 2.2801857
v -1.60159492 5.15637064 2.5384531
v -1.24639702 4.64411306 2.14135361
v 2.92297554 10.1948109 2.61979771
v -1.53923988 4.54547358 2.18074131
v -2.27628517 -22.9823227 7.46887398
v -1.96916389 -21.4204102 7.76283073
v -2.92812157 -22.3857613 6.63906097
v 14.6272697 29.4506893 -3.01247025
v 10.7690811 25.4911366 -3.0131216
v 14.9245853 27.832262 -3.62362814
v 11.2321415 24.9435902 -3.24756622
v -1.4696331 4.06228685 21.7193928
v 1.64535332 6.09533167 -16.4860764
v -1.60394096 7.18368387 -3.67398739
v -1.07360649 7.31971788 -16.566164
v 10.1283245 -33.1978416 -2.17884254
v 3.1774025 -36.7977028 -1.47750854
v 7.79257774 -35.7823219 -1.99083233
v 7.34204102 -36.2450218 -1.90935326
v 6.55822372 -22.3454514 -14.049715
v 3.73270416 -22.3047543 -0.0918264389
v 8.72502327 -20.6922836 -0.0724372864
v 1.03219795 -23.8358078 -13.3939285
v 4.26709557 -22.020565 0.0966768265
v -4.88097191 8.09974861 21.7507267
v -1.78554726 3.423738 22.3100529
v -1.4696331 4.06228685 21.7193928
v -4.70557594 8.67724037 20.9338055
v -1.13857269 3.26455736 21.6738682
v -0.533668518 -17.9867783 12.542448
v -17.7154751 -7.23999786 -14.1397076
v -15.4544239 -8.99898148 12.656538
v 0.46505928 -18.2915916 -15.2324314
v 12.3407516 -29.520937 0.956741333
v 4.48336411 -34.14188 -13.0062695
v 10.359951 -32.5178566 -13.6264706
v 12.3407516 -29.520937 0.956741333
v 10.3889694 -32.0473824 -13.6525631
v 12.3685894 -29.1289349 0.819145203
v 10.359951 -32.5178566 -13.6264706
v 11.6534863 -31.4762535 -14.7222557
v 2.63981056 -27.1230125 -2.54596138
v 12.7758045 -28.8233871 -3.00670815
v 0.234909058 -29.461422 -14.0443401
v -0.734916687 14.9025421 20.0658989
v -1.40313911 6.31775141 19.8136902
v 0.611715317 12.4473915 19.5721607
v -0.508756638 6.26818895 19.6719513
v -5.38794899 7.8625741 2.51273537
v 2.92297554 10.1948109 2.61979771
v 1.39267349 13.5114136 2.54361343
v -1.60159492 5.15637064 2.5384531
v -6.24236488 13.9398632 2.41013145
v -6.9943943 13.3578186 2.38220978
v -4.89530373 -18.1836948 7.45410538
v -5.09191704 -20.5224304 -15.733736
v -5.02034187 -18.8153877 7.06256104
v -4.99510002 -18.7272263 7.6169529
v -5.30090904 -21.0753441 -15.6805038
v -16.0383739 -4.01661777 21.9455357
v -15.6379948 -3.80043983 -16.5421734
v -9.14313698 -14.4384861 22.0581417
v -8.55431557 -15.9431362 -16.5270271
v 7.25030327 29.6361294 11.2655792
v 8.25071144 22.4025631 10.1838017
v 9.51579094 23.475256 9.61554337
v 9.2138443 22.4141254 9.64411736
v 18.3605366 26.812376 12.9857006
v 18.3605633 32.7344933 -13.3071861
v 16.3009892 31.8992653 13.5237751
v 21.0187321 26.7721691 -13.3033619
v -1.8656559 -25.1200905 -13.582098
v -2.49730873 -25.25243 -9.27737617
v -1.72558784 -25.3423805 -13.5641785
v 5.91286469 30.0513668 3.28641701
v 5.49643898 28.3787022 3.4916954
v 15.9189434 33.1763496 3.70822239
v 16.4075489 33.6290092 3.49541855
v 15.666399 33.7951393 3.46216488
v 4.90552711 28.8855877 3.22379589
v 4.74894142 28.0571232 3.21623802
v -2.49730873 -25.25243 -9.27737617
v -1.5346241 -26.5249786 -13.4772892
v -1.72558784 -25.3423805 -13.5641785
v -1.24639702 4.64411306 2.14135361
v 4.98426819 6.86115503 -16.0137444
v 3.34138107 9.52131653 2.2801857
v -0.0731582642 1.53230429 -15.8959904
v 1.64535332 6.09533167 -16.4860764
v -1.4696331 4.06228685 21.7193928
v 2.25527763 5.18229914 -16.4770927
v -1.13857269 3.26455736 21.6738682
v 2.78382301 -32.7815742 -1.78831577
v 0.796125412 -33.5912781 -2.17033577
v 0.947011948 -33.9888191 -1.77830124
v 0.798124313 -32.8596382 -2.4642086
v 1.2307148 -31.1263828 1.23091793
v -0.601156235 -34.1588554 -12.5305071
v 1.82658386 -31.2502632 1.20392704
v -1.26981163 -33.854332 -12.4195557
v 16.639513 29.5852413 -3.55566072
v 14.6272697 29.4506893 -3.01247025
v 15.8852959 28.6617794 -4.91792488
v 4.10475349 -32.2679977 -15.4943142
v 2.2116909 -30.2309265 4.52426624
v 3.37801933 -32.9043198 -15.4909897
v 1.44239044 -30.6004715 4.52035999
v 19.8557911 33.0600548 -3.98210669
v 15.6104164 37.1469765 -3.95857763
v 19.3005733 33.1639442 -3.6689043
v 15.4435406 36.5498085 -3.63659573
v 1.82658386 -31.2502632 1.20392704
v 4.48336411 -34.14188 -13.0062695
v 12.3407516 -29.520937 0.956741333
v -0.601156235 -34.1588554 -12.5305071
v 1.3209343 -14.3703747 7.4666748
v 4.30238152 -20.494915 -15.8384094
v 1.96252632 -16.2834949 -16.1102352
v 1.3209343 -14.3703747 7.4666748
v 1.96252632 -16.2834949 -16.1102352
v 0.994636536 -14.4279289 7.35144424
v 1.59080696 -16.3472004 -16.0885067
v 2.78118896 -22.7958202 0.711785316
v 4.60585403 -23.5510387 0.964826584
v 3.73270416 -22.3047543 -0.0918264389
v 6.46402359 -29.8544617 1.30962944
v 1.52333641 -30.5937939 1.343894
v 1.82658386 -31.2502632 1.20392704
v 1.2307148 -31.1263828 1.23091793
v -9.93568611 -28.5688553 10.7436848
v -23.474741 -22.2765312 -14.0318241
v -10.4255161 -30.1501026 -14.6098728
v -23.5238514 -20.8987236 11.102457
v -25.5049267 16.7362213 29.3118076
v -22.9428539 12.5747299 31.7016468
v -24.8449345 18.3095093 30.6413288
v -26.2838421 13.9306641 28.5770512
v 4.76895905 -21.8496819 0.501523018
v 8.80816078 -20.6585999 0.402261734
v 8.72502327 -20.6922836 -0.0724372864
v 4.26709557 -22.020565 0.0966768265
v -2.64813423 -25.133522 -9.34528542
v -2.80784035 -25.3559494 -9.04607201
v -2.49730873 -25.25243 -9.27737617
v -13.3532391 -21.3546219 4.42969513
v -3.93224525 -19.3502483 4.4270668
v -13.4486866 -20.7301826 4.20373535
v -3.59510612 -18.9091187 4.20539188
v 13.3764629 21.2648907 -13.186079
v 19.27561 28.5747738 3.46296978
v 11.8278561 22.434351 3.2141552
v 21.4424725 28.272234 -13.1820297
v 4.74894142 28.0571232 3.21623802
v 8.81162834 22.228899 3.46374702
v 5.49643898 28.3787022 3.4916954
v 8.21583748 21.6991138 3.20571995
v 8.78478622 21.3854809 3.2359066
v 2.92297554 10.1948109 2.61979771
v 1.82778168 13.6859474 2.2042017
v 1.39267349 13.5114136 2.54361343
v 3.39086533 10.4463577 2.22632885
v 4.48045158 -22.1709423 7.08541298
v 1.3209343 -14.3703747 7.4666748
v 2.6278019 -18.8305092 7.56890488
v -4.44692421 -18.3756428 7.74326515
v 4.04462242 -22.5143776 7.30325317
v -1.96916389 -21.4204102 7.76283073
v -0.255781174 -25.3140831 7.31649399
v -2.27628517 -22.9823227 7.46887398
v 9.51579094 23.475256 9.61554337
v 11.8926563 32.4107399 -13.2665405
v 9.09488869 30.7750797 10.7972965
v 11.8132877 24.26684 -13.2669983
v 5.71877098 25.1974583 -5.44085121
v -4.13810539 14.9989033 -5.06057739
v -3.46325874 15.1897545 -4.97358322
v 5.92699242 24.5423298 -5.31184864
v 19.7489071 32.6624718 -3.82680082
v 19.8557911 33.0600548 -3.98210669
v 19.3005733 33.1639442 -3.6689043
v -6.70454216 -8.24447823 -13.1712303
v -8.43979073 -7.94927359 31.1754322
v -9.40625954 -8.47517014 30.8683262
v -7.82546425 -8.75704193 -13.1716156
v 19.3005733 33.1639442 -3.6689043
v 14.6272697 29.4506893 -3.01247025
v 16.639513 29.5852413 -3.55566072
v 19.7489071 32.6624718 -3.82680082
v -10.4879398 -13.6977806 -15.3209801
v -10.5050564 -9.12146378 16.3970776
v -11.0187931 -10.712986 16.5130329
v -11.6499004 -15.522995 -15.2232227
v 6.49790192 -25.3790627 -15.6223259
v 3.66129875 -24.8540401 4.42478943
v 3.82262611 -25.3406143 4.41698265
v 6.5192585 -25.898468 -15.6092815
v 16.4075489 33.6290092 3.49541855
v 16.3843517 35.3313866 -13.1827545
v 15.666399 33.7951393 3.46216488
v 17.3207912 35.3501625 -13.1823921
v 12.3755283 25.1355762 -13.2253571
v 15.8852959 28.6617794 -4.91792488
v 11.3446941 24.9769993 -4.16233206
v 17.4192524 29.0012264 -13.2094326
v 15.4116802 28.1815853 -4.46626949
v -21.5692959 27.6310406 30.7224293
v -24.8449345 18.3095093 30.6413288
v -19.8240032 27.2633724 31.0173283
v -22.9428539 12.5747299 31.7016468
v 5.50032425 31.2624531 -3.17515278
v 11.4243813 36.6275749 -13.2244949
v 6.06407738 32.4874687 -13.2365131
v -2.92812157 -22.3857613 6.63906097
v -0.205963135 -27.9055214 -15.2150497
v -0.255781174 -25.3140831 7.31649399
v -3.11903572 -25.0375652 -15.3373127
v -2.27628517 -22.9823227 7.46887398
v -20.4554234 -17.1603355 15.6203194
v -11.6499004 -15.522995 -15.2232227
v -11.0187931 -10.712986 16.5130329
v -22.530962 -23.5351105 -14.5898495
v 12.3407516 -29.520937 0.956741333
v 10.3889694 -32.0473824 -13.6525631
v 12.3685894 -29.1289349 0.819145203
v 10.359951 -32.5178566 -13.6264706
v 12.3407516 -29.520937 0.956741333
v 1.52333641 -30.5937939 1.343894
v 4.60585403 -23.5510387 0.964826584
v -0.673624039 -24.6199169 0.886403084
v 8.80816078 -20.6585999 0.402261734
v 4.76895905 -21.8496819 0.501523018
v 2.78118896 -22.7958202 0.711785316
v 2.95249367 -25.2866611 4.61760807
v 2.2116909 -30.2309265 4.52426624
v 3.82262611 -25.3406143 4.41698265
v 1.39640617 -29.9779873 4.73589134
v 3.66129875 -24.8540401 4.42478943
v 3.49278069 12.4656353 -16.1985779
v 1.82778168 13.6859474 2.2042017
v 3.39086533 10.4463577 2.22632885
v 5.23325539 8.52987289 -16.0625706
v 8.74553108 20.9903069 -13.1888561
v 8.78478622 21.3854809 3.2359066
v 8.21583748 21.6991138 3.20571995
v 8.23460197 21.4250126 -13.1889553
v 4.48045158 -22.1709423 7.08541298
v 4.30238152 -20.494915 -15.8384094
v 1.3209343 -14.3703747 7.4666748
v 5.26846123 -25.5575981 -15.5047302
v 4.49001122 -22.6520405 7.10256195
v -3.21252251 -22.0118599 6.9111805
v -1.96916389 -21.4204102 7.76283073
v -3.3741169 -21.6290894 7.4189415
v -2.92812157 -22.3857613 6.63906097
v -17.7154751 -7.23999786 -14.1397076
v -16.4993649 -9.15821648 12.9790745
v -15.4544239 -8.99898148 12.656538
v 9.09488869 30.7750797 10.7972965
v 5.26627159 37.3661156 12.2107563
v -12.7027035 25.4369068 15.1251106
v -6.54616737 21.2033901 13.8890667
v 8.25071144 22.4025631 10.1838017
v -5.01345253 13.7302895 12.3743038
v -10.5801525 20.0279922 14.040266
v -8.61140251 17.6628132 13.5916767
v -0.497686386 1.40642214 -15.8959408
v -1.24639702 4.64411306 2.14135361
v -1.53923988 4.54547358 2.18074131
v -0.0731582642 1.53230429 -15.8959904
v 9.45384598 -20.955183 0.262929916
v 7.18009377 -22.7591553 -14.0820675
v 8.72502327 -20.6922836 -0.0724372864
v 8.80816078 -20.6585999 0.402261734
v 6.55822372 -22.3454514 -14.049715
v -21.4966679 -15.7176876 16.3376141
v -14.9599895 4.40756178 16.7418499
v -37.7350616 2.78176832 17.3279743
v -11.8505726 -9.38129807 17.1296558
v -20.5091419 11.2669888 16.7490139
v 2.67672157 13.0169373 -6.73024368
v 3.17098427 12.1030407 -13.1067715
v 5.63130951 15.0705051 -6.99777317
v 8.69381714 16.3528461 -13.1114273
v 6.18735313 15.5738468 -6.80949116
v 8.13407707 17.3358784 -6.88345146
v -7.82546425 -8.75704193 -13.1716156
v -9.40625954 -8.47517014 30.8683262
v -28.8131046 -4.79114437 30.4325237
v -29.7606907 -4.60755539 -13.1800022
v -10.3245907 -27.7049999 11.2383747
v -9.93568611 -28.5688553 10.7436848
v 1.02573586 14.4969177 18.5603523
v 1.97288704 21.9408131 -13.1750374
v 1.46072578 22.2677708 19.5379124
v 1.22624016 16.2130699 19.583107
v -0.508756638 6.26818895 19.6719513
v -0.27598381 5.93903017 -13.1706161
v 0.611715317 12.4473915 19.5721607
v 5.63130951 15.0705051 -6.99777317
v 2.48133659 13.2600574 -6.7327137
v 2.67672157 13.0169373 -6.73024368
v 5.31114388 15.6860466 -6.76381397
v 5.92699242 24.5423298 -5.31184864
v 8.28317833 17.6980705 -6.93789387
v -3.46325874 15.1897545 -4.97358322
v 2.44784546 12.9537678 -6.75638485
v -4.13810539 14.9989033 -5.06057739
v 4.49001122 -22.6520405 7.10256195
v 0.105140686 -28.0225601 -15.207716
v 5.26846123 -25.5575981 -15.5047302
v 0.0435562134 -25.4024429 7.21870995
v 4.26709557 -22.020565 0.0966768265
v 4.60585403 -23.5510387 0.964826584
v 4.76895905 -21.8496819 0.501523018
v 3.73270416 -22.3047543 -0.0918264389
v -4.70557594 8.67724037 20.9338055
v -11.8413067 5.69903612 20.5729351
v -4.88097191 8.09974861 21.7507267
v -11.9711246 5.06267023 21.2662983
v 1.02585793 -31.7334404 -2.03619671
v 2.00761604 -27.5446453 -2.35589218
v 1.89691353 -27.6154709 -2.73361588
v 0.839984894 -32.2481575 -2.33397484
v 8.28317833 17.6980705 -6.93789387
v 6.39239311 24.1737194 -13.1881847
v 6.09858894 25.1476116 -5.47584534
v 8.80299187 16.7633419 -13.1124382
v 15.6104164 37.1469765 -3.95857763
v 20.8808651 33.0950584 -13.2028484
v 16.3818607 37.8507271 -13.2049694
v 19.8557911 33.0600548 -3.98210669
v -9.52078056 18.0135517 12.9096012
v -6.54616737 21.2033901 13.8890667
v -10.3723278 18.839777 12.5835915
v 8.25071144 22.4025631 10.1838017
v -4.34253502 13.7366142 12.0707417
v 9.2138443 22.4141254 9.64411736
v -5.01345253 13.7302895 12.3743038
v -14.234087 -24.3957748 4.31739235
v -13.8323498 -24.8957634 4.31394863
v -13.5455189 -24.3987026 4.5232029
v -0.208095551 -30.6854248 4.53203297
v 1.39640617 -29.9779873 4.73589134
v 1.44239044 -30.6004715 4.52035999
v 2.2116909 -30.2309265 4.52426624
v 4.04462242 -22.5143776 7.30325317
v 4.49001122 -22.6520405 7.10256195
v 5.26627159 37.3661156 12.2107563
v 9.09488869 30.7750797 10.7972965
v 5.96470833 37.5099754 11.6960735
v 5.96470833 37.5099754 11.6960735
v 11.8926563 32.4107399 -13.2665405
v 6.6832943 38.7026176 -13.2624893
v -22.694315 -17.0782928 15.7452335
v -37.7350616 2.78176832 17.3279743
v -39.4208908 1.82487917 16.8370247
v -21.4966679 -15.7176876 16.3376141
v 11.8926563 32.4107399 -13.2665405
v 5.96470833 37.5099754 11.6960735
v 9.09488869 30.7750797 10.7972965
v -27.6821346 -3.0987587 31.1276722
v -22.9428539 12.5747299 31.7016468
v -27.2023525 10.2811279 30.7203083
v -29.5093594 -2.85199499 30.7178822
v -8.61140251 17.6628132 13.5916767
v 1.02573586 14.4969177 18.5603523
v 1.22624016 16.2130699 19.583107
v -0.734916687 14.9025421 20.0658989
v 15.4116802 28.1815853 -4.46626949
v 14.6272697 29.4506893 -3.01247025
v 14.9245853 27.832262 -3.62362814
v 15.8852959 28.6617794 -4.91792488
v -0.673624039 -24.6199169 0.886403084
v 1.03219795 -23.8358078 -13.3939285
v -3.35174751 -26.5473366 -12.861495
v 3.73270416 -22.3047543 -0.0918264389
v 2.78118896 -22.7958202 0.711785316
v 17.6089039 33.4686623 -13.3079014
v 16.3009892 31.8992653 13.5237751
v 18.3605633 32.7344933 -13.3071861
v -15.1603069 -9.95598793 13.2497482
v -19.0882092 -13.7812557 12.1519775
v -16.8087864 -16.2373409 12.8287945
v -16.4993649 -9.15821648 12.9790745
v 2.63981056 -27.1230125 -2.54596138
v 0.234909058 -29.461422 -14.0443401
v 1.89691353 -27.6154709 -2.73361588
v 2.00761604 -27.5446453 -2.35589218
v -0.527101517 -29.796627 -13.9327908
v 4.79336929 20.105032 13.3308544
v 1.81421661 30.5576267 13.6388035
v 0.862421036 30.4957142 13.3317966
v 1.40815353 31.249815 13.2893124
v 5.73922539 32.4985924 13.6742496
v 5.62719727 33.2129021 13.3404713
v 1.81421661 30.5576267 13.6388035
v 0.862421036 30.4957142 13.3317966
v 19.27561 28.5747738 3.46296978
v 21.5773869 29.1889553 -13.1817741
v 19.0914402 29.609724 3.45084095
v 21.3105183 30.2243977 -13.1816463
v 1.32104492 14.093998 2.14818001
v 3.49278069 12.4656353 -16.1985779
v 2.92103958 13.1623554 -16.2250175
v 1.82778168 13.6859474 2.2042017
v 6.82687187 20.5872478 13.621088
v 4.79336929 20.105032 13.3308544
v 7.09985924 19.7057438 13.3779392
v 2.00761604 -27.5446453 -2.35589218
v 12.7758045 -28.8233871 -3.00670815
v 2.63981056 -27.1230125 -2.54596138
v 13.1926842 -29.0575829 -2.92558765
v 6.28919411 18.1192322 -13.3084202
v 4.79336929 20.105032 13.3308544
v 5.16594505 18.8391209 -13.3093414
v 20.8661938 25.6830769 -13.3030262
v 18.0726719 25.7584057 13.0148029
v 20.2661991 24.8569393 -13.3030491
v -13.8323498 -24.8957634 4.31394863
v 0.207820892 -33.6369896 -15.5263805
v -0.208095551 -30.6854248 4.53203297
v -14.6989231 -26.0752449 -15.8391647
v 2.29068375 -36.6712532 -1.49822235
v 2.78382301 -32.7815742 -1.78831577
v 0.947011948 -33.9888191 -1.77830124
v 3.1774025 -36.7977028 -1.47750854
v 13.1926842 -29.0575829 -2.92558765
v 11.1533432 -33.4424019 -2.27762985
v 2.00761604 -27.5446453 -2.35589218
v 1.02585793 -31.7334404 -2.03619671
v -3.35174751 -26.5473366 -12.861495
v -0.866369247 -24.9730759 0.842060089
v -0.673624039 -24.6199169 0.886403084
v -3.5866642 -26.8900223 -12.8139095
v -11.8505726 -9.38129807 17.1296558
v -21.4966679 -15.7176876 16.3376141
v -20.4554234 -17.1603355 15.6203194
v -11.0187931 -10.712986 16.5130329
v -22.694315 -17.0782928 15.7452335
v 17.3207912 35.3501625 -13.1823921
v 16.4075489 33.6290092 3.49541855
v 18.2186794 34.9086418 -13.1821461
v 11.1376019 22.9183979 -13.2625999
v 9.51579094 23.475256 9.61554337
v 9.2138443 22.4141254 9.64411736
v 11.8132877 24.26684 -13.2669983
v -14.1359882 -21.4015236 4.19364548
v -13.5455189 -24.3987026 4.5232029
v -13.3532391 -21.3546219 4.42969513
v -14.234087 -24.3957748 4.31739235
v 8.13407707 17.3358784 -6.88345146
v 8.80299187 16.7633419 -13.1124382
v 8.28317833 17.6980705 -6.93789387
v 8.69381714 16.3528461 -13.1114273
v -1.40313911 6.31775141 19.8136902
v -0.854991913 5.78368235 19.5688
v -0.508756638 6.26818895 19.6719513
v -8.61586571 5.91272974 19.5857849
v -8.88854408 7.11268663 19.756794
v 8.78478622 21.3854809 3.2359066
v 8.74553108 20.9903069 -13.1888561
v 9.4539814 20.8315964 -13.1886196
v 21.5773869 29.1889553 -13.1817741
v 19.27561 28.5747738 3.46296978
v 21.4424725 28.272234 -13.1820297
v 16.4075489 33.6290092 3.49541855
v 21.3105183 30.2243977 -13.1816463
v 18.2186794 34.9086418 -13.1821461
v 19.0914402 29.609724 3.45084095
v 14.9245853 27.832262 -3.62362814
v 11.2321415 24.9435902 -3.24756622
v 11.3446941 24.9769993 -4.16233206
v 15.4116802 28.1815853 -4.46626949
v 8.81162834 22.228899 3.46374702
v 15.9189434 33.1763496 3.70822239
v 5.49643898 28.3787022 3.4916954
v 18.5835438 29.0517483 3.69680405
v 18.5835438 29.0517483 3.69680405
v 8.81162834 22.228899 3.46374702
v 11.8278561 22.434351 3.2141552
v 19.27561 28.5747738 3.46296978
v 8.78478622 21.3854809 3.2359066
v -3.5866642 -26.8900223 -12.8139095
v 1.2307148 -31.1263828 1.23091793
v -0.866369247 -24.9730759 0.842060089
v -1.26981163 -33.854332 -12.4195557
v 6.09858894 25.1476116 -5.47584534
v 5.71877098 25.1974583 -5.44085121
v 5.92699242 24.5423298 -5.31184864
v 1.81421661 30.5576267 13.6388035
v 6.82687187 20.5872478 13.621088
v 5.73922539 32.4985924 13.6742496
v 15.5679646 31.6241264 13.7942142
v 17.5509968 26.4468517 13.2989655
v 4.79336929 20.105032 13.3308544
v 11.8278561 22.434351 3.2141552
v 9.4539814 20.8315964 -13.1886196
v 13.3764629 21.2648907 -13.186079
v 8.78478622 21.3854809 3.2359066
v -11.2200184 7.0022912 -16.5440559
v -11.8413067 5.69903612 20.5729351
v -1.60394096 7.18368387 -3.67398739
v -1.07360649 7.31971788 -16.566164
v 18.0726719 25.7584057 13.0148029
v 20.8661938 25.6830769 -13.3030262
v 18.3605366 26.812376 12.9857006
v 21.0187321 26.7721691 -13.3033619
v -3.3741169 -21.6290894 7.4189415
v -4.99510002 -18.7272263 7.6169529
v -5.02034187 -18.8153877 7.06256104
v -3.21252251 -22.0118599 6.9111805
v 15.6104164 37.1469765 -3.95857763
v 15.4435406 36.5498085 -3.63659573
v -8.43979073 -7.94927359 31.1754322
v -6.70454216 -8.24447823 -13.1712303
v -5.3316555 23.3173695 30.9173336
v -2.97685051 27.2442608 -13.1719513
v -8.61586571 5.91272974 19.5857849
v -0.633199692 5.36857653 -13.1703606
v -0.854991913 5.78368235 19.5688
v -9.65524864 5.42330217 -13.1672249
v -3.87979317 -12.5585766 22.8277493
v -15.7045689 -3.63890791 22.6467266
v -8.85667992 -13.9755516 22.8083401
v -1.78554726 3.423738 22.3100529
v -4.88097191 8.09974861 21.7507267
v -1.53923988 4.54547358 2.18074131
v -5.33258629 4.00663805 -16.0187988
v -0.497686386 1.40642214 -15.8959408
v -5.55449104 7.15103769 2.19504929
v 2.48133659 13.2600574 -6.7327137
v -3.46325874 15.1897545 -4.97358322
v -4.13810539 14.9989033 -5.06057739
v -3.35766029 -12.9714909 22.1644611
v -1.22337151 -13.9388027 -16.4990158
v -1.13857269 3.26455736 21.6738682
v 2.41753006 4.22935152 -16.4751186
v 1.32104492 14.093998 2.14818001
v -6.3962574 14.5714302 2.01246548
v -6.24236488 13.9398632 2.41013145
v 1.39267349 13.5114136 2.54361343
v -5.55449104 7.15103769 2.19504929
v -1.53923988 4.54547358 2.18074131
v -1.60159492 5.15637064 2.5384531
v -5.38794899 7.8625741 2.51273537
v -45.9770584 -1.65741491 -14.4409866
v -22.694315 -17.0782928 15.7452335
v -39.4208908 1.82487917 16.8370247
v -26.6995945 -22.934021 -14.4612217
v 5.92699242 24.5423298 -5.31184864
v 8.28317833 17.6980705 -6.93789387
v 6.09858894 25.1476116 -5.47584534
v -3.87979317 -12.5585766 22.8277493
v -1.13857269 3.26455736 21.6738682
v -1.78554726 3.423738 22.3100529
v -3.35766029 -12.9714909 22.1644611
v 9.2138443 22.4141254 9.64411736
v -4.65475273 13.1550121 -13.2661953
v 11.1376019 22.9183979 -13.2625999
v -4.34253502 13.7366142 12.0707417
v -10.3723278 18.839777 12.5835915
v -10.5801525 20.0279922 14.040266
v -10.706728 19.4223118 13.1544342
v -6.54616737 21.2033901 13.8890667
v -0.854991913 5.78368235 19.5688
v -0.27598381 5.93903017 -13.1706161
v -0.508756638 6.26818895 19.6719513
v -0.633199692 5.36857653 -13.1703606
v 8.80816078 -20.6585999 0.402261734
v 12.3685894 -29.1289349 0.819145203
v 9.45384598 -20.955183 0.262929916
v 12.3407516 -29.520937 0.956741333
v -7.58994484 13.340353 1.97445297
v -5.91059303 7.61816072 2.13856983
v -6.9943943 13.3578186 2.38220978
v -5.38794899 7.8625741 2.51273537
v -5.55449104 7.15103769 2.19504929
vt 0.996528625 0.286243916
vt 0.998674333 0.288373351
vt 0.996375442 0.292518854
vt 0.907098293 0.776039898
vt 0.885953724 0.775220692
vt 0.890809119 0.763840675
vt 0.820851028 0.78670609
vt 0.813114405 0.928703547
vt 0.809490621 0.78635335
vt 0.791889429 0.927132607
vt 0.880192995 0.664723158
vt 0.821227789 0.712913454
vt 0.860012829 0.657624662
vt 0.875219584 0.77641356
vt 0.840664446 0.773598492
vt 0.620191932 0.469122469
vt 0.549073517 0.239365101
vt 0.629737198 0.239365101
vt 0.551001132 0.467712045
vt 0.127996087 0.853081048
vt 0.214792594 0.856895089
vt 0.213183746 0.862766266
vt 0.12747331 0.846616268
vt 0.911569417 0.697312713
vt 0.907098293 0.776039898
vt 0.890809119 0.763840675
vt 0.906462133 0.696337879
vt 0.889707267 0.696871638
vt 0.934986234 0.356449962
vt 0.963361263 0.355340123
vt 0.967537463 0.356229544
vt 0.976638973 0.920101881
vt 0.933956146 0.916975975
vt 0.979524016 0.916975975
vt 0.932042062 0.919044852
vt 0.934986234 0.356449962
vt 0.937147498 0.435919881
vt 0.932333171 0.356471717
vt 0.911441326 0.355340123
vt 0.910566032 0.438907802
vt 0.915270329 0.695537865
vt 0.94778645 0.772252023
vt 0.911569417 0.697312713
vt 0.907098293 0.776039898
vt 0.947729647 0.690461993
vt 0.626242578 0.674252152
vt 0.661542177 0.760137379
vt 0.626242578 0.758653581
vt 0.960508406 0.00582277775
vt 0.877522945 0.00535440445
vt 0.960460901 0.00226634741
vt 0.876820922 0.00226634741
vt 0.903669357 0.694038153
vt 0.661542177 0.760137379
vt 0.626242578 0.674252152
vt 0.658485949 0.676292539
vt 0.623266339 0.831316292
vt 0.732685506 0.834429443
vt 0.651541591 0.83683145
vt 0.727151871 0.838174284
vt 0.131256506 0.633478224
vt 0.233395636 0.536301374
vt 0.236518219 0.629647136
vt 0.226840764 0.524761915
vt 0.00708319666 0.508339405
vt 0.0172500405 0.647100687
vt 0.445150197 0.779220343
vt 0.623354316 0.77123332
vt 0.624966562 0.779220223
vt 0.445525438 0.7740646
vt 0.633584142 0.927153587
vt 0.628440142 0.931883991
vt 0.622693896 0.927121937
vt 0.750595927 0.931883991
vt 0.414525092 0.353471994
vt 0.285075694 0.351759434
vt 0.41454199 0.346968055
vt 0.284842968 0.358442783
vt 0.791407287 0.0102434754
vt 0.79093796 0.168549597
vt 0.788659453 0.168566108
vt 0.793573081 0.00951951742
vt 0.622534871 0.835737944
vt 0.623266339 0.831316292
vt 0.651541591 0.83683145
vt 0.491709411 0.92501837
vt 0.540578723 0.785180211
vt 0.547887087 0.92546612
vt 0.473347694 0.784225345
vt 0.633584142 0.927153587
vt 0.735011041 0.881471157
vt 0.750595927 0.931883991
vt 0.62967515 0.870618284
vt 0.651541591 0.83683145
vt 0.646476746 0.883485138
vt 0.7363168 0.839102268
vt 0.622534871 0.835737944
vt 0.727151871 0.838174284
vt 0.273814797 0.328274012
vt 0.00344026834 0.32005161
vt 0.00410897238 0.315050006
vt 0.974032164 0.443994164
vt 0.975959361 0.441223025
vt 0.97858125 0.444082022
vt 0.926966608 0.440547228
vt 0.924823821 0.441396236
vt 0.302146703 0.845573843
vt 0.160627112 0.843331933
vt 0.160356551 0.808177948
vt 0.30180186 0.799600065
vt 0.00261860574 0.444204926
vt 0.181288019 0.444204926
vt 0.00980941765 0.473893166
vt 0.96904701 0.285190523
vt 0.963831186 0.271858931
vt 0.967601717 0.271219015
vt 0.971877456 0.271659851
vt 0.937147498 0.435919881
vt 0.934986234 0.356449962
vt 0.967537463 0.356229544
vt 0.978804171 0.435339451
vt 0.410752654 0.756772339
vt 0.316560388 0.817488432
vt 0.346099883 0.77226764
vt 0.214978069 0.931437075
vt 0.184816569 0.99221921
vt 0.184666768 0.926116168
vt 0.212468818 0.990268409
vt 0.207960233 0.92236954
vt 0.938598275 0.500035286
vt 0.973100841 0.502517641
vt 0.936423004 0.502517641
vt 0.974573195 0.500877619
vt 0.547887087 0.92546612
vt 0.545162141 0.785146475
vt 0.614563823 0.925522983
vt 0.540578723 0.785180211
vt 0.620195806 0.784225345
vt 0.558127999 0.471197665
vt 0.553991258 0.535746336
vt 0.553991258 0.471105516
vt 0.559003413 0.535961866
vt 0.0190829523 0.0649998188
vt 0.0190829523 0.0954147577
vt 0.0178680625 0.0652837157
vt 0.0172309689 0.0952108502
vt 0.412949473 0.54210633
vt 0.430383861 0.273713589
vt 0.419512451 0.54227376
vt 0.597744644 0.485957742
vt 0.620195866 0.495131373
vt 0.596859694 0.501742363
vt 0.603475213 0.472265005
vt 0.273814797 0.328274012
vt 0.00167583942 0.363881767
vt 0.00344026834 0.32005161
vt 0.271410406 0.366933703
vt 0.304832488 0.444307804
vt 0.134763137 0.511834979
vt 0.131816804 0.465124667
vt 0.978804171 0.435339451
vt 0.967537463 0.356229544
vt 0.989132822 0.423552752
vt 0.98171109 0.355825782
vt 0.970126927 0.358433723
vt 0.969635546 0.3556813
vt 0.980820656 0.435300708
vt 0.0172500405 0.647100687
vt 0.00228396757 0.514325857
vt 0.00708319666 0.508339405
vt 0.0042008278 0.652745008
vt 0.0167460702 0.659951985
vt 0.932401359 0.260404229
vt 0.917325079 0.184045076
vt 0.928725481 0.227664471
vt 0.922774136 0.184888601
vt 0.969712317 0.222888589
vt 0.972105742 0.184193492
vt 0.936753154 0.260651708
vt 0.972514749 0.264731526
vt 0.400273114 0.308608413
vt 0.400741935 0.314868689
vt 0.259716034 0.314868689
vt 0.673748076 0.188246131
vt 0.750595987 0.00241804123
vt 0.750596046 0.197190464
vt 0.697088301 0.00424915552
vt 0.663122058 0.00893861055
vt 0.840026498 0.337528467
vt 0.906513155 0.330349565
vt 0.909620583 0.332498729
vt 0.836941421 0.331647277
vt 0.833497465 0.337355375
vt 0.862450063 0.652739048
vt 0.860012829 0.657624662
vt 0.856231868 0.655330002
vt 0.152429029 0.933332384
vt 0.213926017 0.901673853
vt 0.215912834 0.906009197
vt 0.153640047 0.938244998
vt 0.219453931 0.90150398
vt 0.277057618 0.365367174
vt 0.284653991 0.423412204
vt 0.279420197 0.42539072
vt 0.271410406 0.366933703
vt 0.22820881 0.86084944
vt 0.322534949 0.915981591
vt 0.222405061 0.915981591
vt 0.330485553 0.853461385
vt 0.876820922 0.00226634741
vt 0.960460901 0.00226634741
vt 0.877522945 0.00535440445
vt 0.960508406 0.00582277775
vt 0.840664446 0.773598492
vt 0.817443371 0.713912427
vt 0.821227789 0.712913454
vt 0.835916758 0.777014554
vt 0.873214424 0.282581806
vt 0.872889459 0.277353883
vt 0.877858222 0.281064212
vt 0.765505135 0.584987342
vt 0.762773693 0.772264302
vt 0.749100685 0.585560083
vt 0.751608968 0.772859395
vt 0.213926017 0.901673853
vt 0.213183746 0.862766266
vt 0.219453931 0.86297816
vt 0.219453931 0.90150398
vt 0.214792594 0.856895089
vt 0.427652568 0.950504184
vt 0.430327803 0.953618526
vt 0.427310914 0.955046058
vt 0.469805568 0.906917155
vt 0.474273086 0.908614755
vt 0.471367031 0.911522686
vt 0.815123677 0.0119641423
vt 0.833288789 0.00611960888
vt 0.833288789 0.16636765
vt 0.814088106 0.167212009
vt 0.817475379 0.00977480412
vt 0.436365545 0.9785887
vt 0.439939201 0.977356791
vt 0.441336781 0.982771814
vt 0.284842968 0.358442783
vt 0.414525092 0.353471994
vt 0.284788877 0.363571644
vt 0.188111439 0.519050181
vt 0.317621917 0.51975137
vt 0.317180157 0.524781048
vt 0.840026498 0.337528467
vt 0.834443808 0.379841089
vt 0.833497465 0.337355375
vt 0.84811902 0.389256656
vt 0.970489025 0.471291423
vt 0.974032164 0.443994164
vt 0.97959131 0.467387915
vt 0.97858125 0.444082022
vt 0.92111069 0.634519279
vt 0.923669457 0.600177348
vt 0.928703547 0.601887465
vt 0.925667822 0.635648549
vt 0.926361203 0.594897449
vt 0.00272777095 0.190643072
vt 0.0159024037 0.0035251379
vt 0.00805954821 0.190829515
vt 0.0086357696 0.0029681325
vt 0.679056644 0.584987342
vt 0.751608968 0.772859395
vt 0.672432423 0.769185245
vt 0.749100685 0.585560083
vt 0.0192755852 0.0570842624
vt 0.0195943061 0.00248473883
vt 0.0222634301 0.00287640095
vt 0.0222634301 0.0572488308
vt 0.0338103473 0.692067206
vt 0.0384066142 0.7006374
vt 0.0274095461 0.701901436
vt 0.84811902 0.389256656
vt 0.838311672 0.406319618
vt 0.835482419 0.391905785
vt 0.440343648 0.668960273
vt 0.668736637 0.664088488
vt 0.668287098 0.669493437
vt 0.439696968 0.663490951
vt 0.271410406 0.366933703
vt 0.278761983 0.332273126
vt 0.277057618 0.365367174
vt 0.273814797 0.328274012
vt 0.92133081 0.786206722
vt 0.927113235 0.927203655
vt 0.924318492 0.927614748
vt 0.924636006 0.785839319
vt 0.181840017 0.927278876
vt 0.184816569 0.99221921
vt 0.181840017 0.992313325
vt 0.184666768 0.926116168
vt 0.90577203 0.141193867
vt 0.950966895 0.144032598
vt 0.950852573 0.145759583
vt 0.906045616 0.139671922
vt 0.906045616 0.139671922
vt 0.950966895 0.0952187777
vt 0.950966895 0.144032598
vt 0.893519938 0.0918245316
vt 0.877858222 0.281064212
vt 0.871660054 0.25897336
vt 0.872667789 0.256414771
vt 0.872889459 0.277353883
vt 0.41156432 0.0841646194
vt 0.628247023 0.0863405466
vt 0.411674976 0.0982851386
vt 0.469805568 0.906917155
vt 0.464784175 0.912566304
vt 0.462253451 0.908796608
vt 0.471367031 0.911522686
vt 0.840026498 0.337528467
vt 0.909620583 0.332498729
vt 0.84811902 0.389256656
vt 0.904323339 0.444835901
vt 0.851762891 0.449537158
vt 0.180845752 0.318716168
vt 0.346673578 0.318716168
vt 0.18159467 0.320956826
vt 0.34645465 0.321229696
vt 0.628247023 0.0863405466
vt 0.412137747 0.0687367916
vt 0.628306925 0.0707094073
vt 0.41156432 0.0841646194
vt 0.795122862 0.826927722
vt 0.628590941 0.78113687
vt 0.790611804 0.786178529
vt 0.632037163 0.826927722
vt 0.441336781 0.982771814
vt 0.487407386 0.978446901
vt 0.4882783 0.982771814
vt 0.439939201 0.977356791
vt 0.490192682 0.981744349
vt 0.404280424 0.318373501
vt 0.410283327 0.309126377
vt 0.410283327 0.321229637
vt 0.969712317 0.222888589
vt 0.972105742 0.184193492
vt 0.97959131 0.216876388
vt 0.977158785 0.184045076
vt 0.127702951 0.438109756
vt 0.395080984 0.42181623
vt 0.304832488 0.444307804
vt 0.395176053 0.441894293
vt 0.963402987 0.336524189
vt 0.996375442 0.292518854
vt 0.983991444 0.323338926
vt 0.98771584 0.320746779
vt 0.892179549 0.235850871
vt 0.859254241 0.141747117
vt 0.891949236 0.136478662
vt 0.855042517 0.236946583
vt 0.862462938 0.139875889
vt 0.316560388 0.817488432
vt 0.34513554 0.844427049
vt 0.340331167 0.845933318
vt 0.312343359 0.818134785
vt 0.34544149 0.849191189
vt 0.240105882 0.564251065
vt 0.431781352 0.683805645
vt 0.243666708 0.676594377
vt 0.434137106 0.546456814
vt 0.00202062982 0.919162095
vt 0.108763695 0.880042136
vt 0.106906682 0.919162095
vt 0.227642864 0.857986689
vt 0.330485553 0.853461385
vt 0.22820881 0.86084944
vt 0.330771089 0.850163937
vt 0.960508406 0.00582277775
vt 0.878351986 0.0774804354
vt 0.877522945 0.00535440445
vt 0.960311174 0.0872369409
vt 0.84811902 0.389256656
vt 0.851762891 0.449537158
vt 0.838311672 0.406319618
vt 0.845463812 0.449781299
vt 0.491753638 0.946106613
vt 0.439939201 0.977356791
vt 0.430327803 0.953618526
vt 0.487407386 0.978446901
vt 0.464784175 0.912566304
vt 0.471367031 0.911522686
vt 0.790611804 0.786178529
vt 0.628590941 0.78113687
vt 0.787696183 0.781957924
vt 0.79159081 0.78234297
vt 0.62871784 0.776982009
vt 0.279420197 0.42539072
vt 0.0118756182 0.42539072
vt 0.271410406 0.366933703
vt 0.00167583942 0.363881767
vt 0.799386561 0.190535724
vt 0.753096342 0.212529302
vt 0.754422843 0.200905979
vt 0.749386072 0.20678103
vt 0.70337218 0.384193063
vt 0.737874091 0.199198604
vt 0.737874091 0.388019979
vt 0.697739244 0.199008822
vt 0.400881141 0.443162441
vt 0.410283387 0.414185464
vt 0.402308732 0.443518758
vt 0.849078417 0.648820281
vt 0.840871036 0.639935613
vt 0.92111069 0.634519279
vt 0.925667822 0.635648549
vt 0.921667516 0.639155924
vt 0.838972092 0.645016849
vt 0.835227907 0.640440166
vt 0.410283387 0.414185464
vt 0.410283387 0.44526881
vt 0.402308732 0.443518758
vt 0.413680047 0.390277147
vt 0.284788877 0.363571644
vt 0.414525092 0.353471994
vt 0.285769194 0.403922439
vt 0.406931132 0.541750848
vt 0.425008386 0.273138404
vt 0.412949473 0.54210633
vt 0.430383861 0.273713589
vt 0.96904701 0.285190523
vt 0.976945698 0.272446632
vt 0.979527473 0.273887277
vt 0.971877456 0.271659851
vt 0.0106257666 0.844213724
vt 0.109726958 0.844697595
vt 0.0104103209 0.848475158
vt 0.109283507 0.83967489
vt 0.00161469018 0.438907743
vt 0.00161469029 0.424672604
vt 0.012721994 0.43722719
vt 0.787508547 0.926448047
vt 0.804538488 0.785839319
vt 0.791889429 0.927132607
vt 0.809490621 0.78635335
vt 0.975706458 0.267161369
vt 0.934474826 0.264369249
vt 0.972514749 0.264731526
vt 0.936753154 0.260651708
vt 0.0104103209 0.848475158
vt 0.108763695 0.880042136
vt 0.00202062982 0.919162095
vt 0.109726958 0.844697595
vt 0.830108225 0.685395896
vt 0.802108943 0.51783222
vt 0.830108225 0.519593358
vt 0.180845752 0.318716168
vt 0.346673578 0.318716168
vt 0.18159467 0.320956826
vt 0.34645465 0.321229696
vt 0.00176974619 0.209912419
vt 0.00176974619 0.19640398
vt 0.00795117207 0.20449388
vt 0.982859731 0.954578757
vt 0.976638973 0.920101881
vt 0.981690645 0.920657456
vt 0.979524016 0.916975975
vt 0.445525438 0.7740646
vt 0.61354202 0.672676444
vt 0.623354316 0.77123332
vt 0.437465698 0.671966791
vt 0.607698023 0.519446194
vt 0.620195866 0.495131373
vt 0.620195866 0.527961552
vt 0.596859694 0.501742363
vt 0.865352392 0.136548281
vt 0.892029464 0.133096933
vt 0.891949236 0.136478662
vt 0.862462938 0.139875889
vt 0.0178680625 0.0652837157
vt 0.017268708 0.0631434917
vt 0.0190829523 0.0649998188
vt 0.860012829 0.657624662
vt 0.821227789 0.712913454
vt 0.856231868 0.655330002
vt 0.817443371 0.713912427
vt 0.931883991 0.573206484
vt 0.877324462 0.459653497
vt 0.924632609 0.457636654
vt 0.87815237 0.577230155
vt 0.835227907 0.640440166
vt 0.840638459 0.590938091
vt 0.840871036 0.639935613
vt 0.835227907 0.589652956
vt 0.837673426 0.585814893
vt 0.439939201 0.977356791
vt 0.427310914 0.955046058
vt 0.430327803 0.953618526
vt 0.436365545 0.9785887
vt 0.934703171 0.499614179
vt 0.924823821 0.441396236
vt 0.933495224 0.472811103
vt 0.974032164 0.443994164
vt 0.938598275 0.500035286
vt 0.970489025 0.471291423
vt 0.974573195 0.500877619
vt 0.978042424 0.479503572
vt 0.239675626 0.695500374
vt 0.402332157 0.754674435
vt 0.232320175 0.746501386
vt 0.401019454 0.697727203
vt 0.922342598 0.231267214
vt 0.922342598 0.330771148
vt 0.919882715 0.326528668
vt 0.91811496 0.233568788
vt 0.977250099 0.264714956
vt 0.975706458 0.267161369
vt 0.972514749 0.264731526
vt 0.255438358 0.310549378
vt 0.257021278 0.00173634291
vt 0.263278306 0.00424218178
vt 0.262705952 0.310893059
vt 0.972514749 0.264731526
vt 0.969712317 0.222888589
vt 0.978555918 0.234035194
vt 0.977250099 0.264714956
vt 0.648069561 0.274292707
vt 0.65009439 0.0500099659
vt 0.661542237 0.0507357717
vt 0.661542237 0.27511251
vt 0.302086234 0.849191129
vt 0.160356551 0.846630216
vt 0.160627112 0.843331933
vt 0.302146703 0.845573843
vt 0.287131727 0.408150375
vt 0.40348956 0.413463831
vt 0.287189454 0.413463831
vt 0.403644055 0.406979442
vt 0.242426157 0.987428606
vt 0.214978069 0.931437075
vt 0.24330759 0.923488081
vt 0.212468818 0.990268409
vt 0.218568757 0.927996755
vt 0.236946627 0.64209801
vt 0.168584004 0.653398156
vt 0.236518219 0.629647136
vt 0.131256506 0.633478224
vt 0.807844877 0.6860587
vt 0.807844877 0.771269143
vt 0.773068845 0.747804642
vt 0.815123677 0.0119641423
vt 0.79093796 0.168549597
vt 0.793573081 0.00951951742
vt 0.814088106 0.167212009
vt 0.809976876 0.00664079189
vt 0.628306925 0.0707094073
vt 0.419212401 0.00171524286
vt 0.644049585 0.0125074983
vt 0.412137747 0.0687367916
vt 0.227642864 0.857986689
vt 0.330485553 0.853461385
vt 0.22820881 0.86084944
vt 0.330771089 0.850163937
vt 0.993903637 0.994404733
vt 0.976638973 0.920101881
vt 0.936830282 0.956496716
vt 0.932042062 0.919044852
vt 0.92712009 0.991002619
vt 0.925926328 0.961483717
vt 0.927719831 0.946121275
vt 0.840664446 0.773598492
vt 0.874603629 0.782400906
vt 0.838614225 0.779391944
vt 0.875219584 0.77641356
vt 0.835916758 0.777014554
vt 0.286787748 0.325335741
vt 0.416644394 0.325335741
vt 0.41454199 0.346968055
vt 0.285075694 0.351759434
vt 0.870657206 0.117461026
vt 0.866916955 0.0028975606
vt 0.871183991 0.00276231766
vt 0.87463516 0.117012501
vt 0.777990699 0.676547408
vt 0.802108943 0.51783222
vt 0.830108225 0.685395896
vt 0.767281413 0.516676784
vt 0.774637163 0.67637682
vt 0.817475379 0.00977480412
vt 0.809440315 0.00318920612
vt 0.818980217 0.00592428446
vt 0.815123677 0.0119641423
vt 0.431781352 0.683805645
vt 0.241872162 0.683805645
vt 0.243666708 0.676594377
vt 0.798869073 0.175280035
vt 0.852371693 0.172356248
vt 0.852371693 0.323980153
vt 0.803673863 0.304191709
vt 0.753096342 0.212529302
vt 0.753881276 0.323942065
vt 0.812415004 0.332351208
vt 0.790920734 0.329929113
vt 0.00191931985 0.80031085
vt 0.130376607 0.804103732
vt 0.130597249 0.806027472
vt 0.00198046304 0.797490478
vt 0.896898627 0.133459151
vt 0.896898627 0.235507727
vt 0.891949236 0.136478662
vt 0.892029464 0.133096933
vt 0.892179549 0.235850871
vt 0.0462975129 0.781076312
vt 0.127265751 0.65672642
vt 0.218883097 0.788132131
vt 0.0384066142 0.7006374
vt 0.189138681 0.65672642
vt 0.90577203 0.141193867
vt 0.950852573 0.145759583
vt 0.90537113 0.159584701
vt 0.946298122 0.179697752
vt 0.903533638 0.162918091
vt 0.902201295 0.174611211
vt 0.262705952 0.310893059
vt 0.263278306 0.00424218178
vt 0.40169993 0.00173634291
vt 0.419029713 0.304707229
vt 0.727151871 0.838174284
vt 0.732685506 0.834429443
vt 0.447266638 0.60900867
vt 0.668736637 0.664088488
vt 0.439696968 0.663490951
vt 0.440009385 0.62103951
vt 0.439696968 0.550506771
vt 0.669493496 0.550932586
vt 0.440225571 0.594360769
vt 0.873214424 0.282581806
vt 0.880295753 0.307092071
vt 0.878125906 0.307365656
vt 0.877858222 0.281064212
vt 0.91811496 0.233568788
vt 0.872667789 0.256414771
vt 0.919882715 0.326528668
vt 0.878968239 0.308796942
vt 0.922342598 0.330771148
vt 0.76337415 0.0081320405
vt 0.788659453 0.168566108
vt 0.755363166 0.167882323
vt 0.791407287 0.0102434754
vt 0.925955653 0.957827747
vt 0.936830282 0.956496716
vt 0.925926328 0.961483717
vt 0.926651001 0.953667641
vt 0.131816804 0.465124667
vt 0.134763137 0.511834979
vt 0.126235515 0.465711474
vt 0.130065724 0.512059152
vt 0.918443441 0.692573965
vt 0.94778645 0.687668681
vt 0.947729647 0.690461993
vt 0.915270329 0.695537865
vt 0.376262486 0.932167828
vt 0.327295661 0.96886611
vt 0.327295661 0.914330184
vt 0.377151489 0.976101279
vt 0.558127999 0.471197665
vt 0.594751894 0.539093316
vt 0.559003413 0.535961866
vt 0.591467977 0.474207282
vt 0.796422899 0.33380115
vt 0.803673863 0.304191709
vt 0.804517746 0.335541904
vt 0.753096342 0.212529302
vt 0.751293659 0.319954038
vt 0.749386072 0.20678103
vt 0.753881276 0.323942065
vt 0.882051945 0.660303831
vt 0.884176552 0.664268613
vt 0.880192995 0.664723158
vt 0.884176552 0.768033326
vt 0.875219584 0.77641356
vt 0.87909925 0.778451681
vt 0.874603629 0.782400906
vt 0.938598275 0.500035286
vt 0.936423004 0.502517641
vt 0.852371693 0.172356248
vt 0.798869073 0.175280035
vt 0.850461483 0.167647541
vt 0.725152016 0.392096877
vt 0.725152016 0.574078679
vt 0.684599698 0.561969042
vt 0.0440934636 0.793534815
vt 0.218883097 0.788132131
vt 0.221044153 0.80148375
vt 0.0462975129 0.781076312
vt 0.402332157 0.754674435
vt 0.225338727 0.791942418
vt 0.232320175 0.746501386
vt 0.0172500405 0.647100687
vt 0.131256506 0.633478224
vt 0.110264868 0.659951985
vt 0.0167460702 0.659951985
vt 0.790920734 0.329929113
vt 0.835482419 0.391905785
vt 0.834443808 0.379841089
vt 0.84811902 0.389256656
vt 0.218568757 0.927996755
vt 0.210024014 0.917458296
vt 0.221217051 0.921821356
vt 0.214978069 0.931437075
vt 0.44886747 0.891278923
vt 0.353501052 0.919161975
vt 0.349753112 0.889397621
vt 0.449223638 0.919161975
vt 0.45322001 0.912438631
vt 0.0086357696 0.0029681325
vt 0.00272777095 0.190643072
vt 0.00272775441 0.00238913298
vt 0.633584142 0.927153587
vt 0.623996139 0.89004451
vt 0.646476746 0.883485138
vt 0.622693896 0.927121937
vt 0.878351986 0.0774804354
vt 0.960311174 0.0872369409
vt 0.880083501 0.0820703506
vt 0.877378583 0.0815241933
vt 0.959926367 0.0922342539
vt 0.113558009 0.855304778
vt 0.121811718 0.931099534
vt 0.115512401 0.933192313
vt 0.121057138 0.936644793
vt 0.152429029 0.933332384
vt 0.153640047 0.938244998
vt 0.121811718 0.931099534
vt 0.115512401 0.933192313
vt 0.877324462 0.459653497
vt 0.871666133 0.577259123
vt 0.870200276 0.459590554
vt 0.864587307 0.577065527
vt 0.188111439 0.519050181
vt 0.318049103 0.515122712
vt 0.317621917 0.51975137
vt 0.188190043 0.515122712
vt 0.127996087 0.853081048
vt 0.113558009 0.855304778
vt 0.12747331 0.846616268
vt 0.933713496 0.273842335
vt 0.930060625 0.349893332
vt 0.930060625 0.277755976
vt 0.931198597 0.353034496
vt 0.762773693 0.772264302
vt 0.765505135 0.584987342
vt 0.771269143 0.77134496
vt 0.690044701 0.199331641
vt 0.695853353 0.384785652
vt 0.683932066 0.199847817
vt 0.92133081 0.786206722
vt 0.813114405 0.928703547
vt 0.820851028 0.78670609
vt 0.924318492 0.927614748
vt 0.996528625 0.286243916
vt 0.96904701 0.285190523
vt 0.979527473 0.273887277
vt 0.996375442 0.292518854
vt 0.931198597 0.353034496
vt 0.963904321 0.343911886
vt 0.933713496 0.273842335
vt 0.963831186 0.271858931
vt 0.349753112 0.889397621
vt 0.448026597 0.888573945
vt 0.44886747 0.891278923
vt 0.349504918 0.886526942
vt 0.0384066142 0.7006374
vt 0.0462975129 0.781076312
vt 0.0337607078 0.781675577
vt 0.0274095461 0.701901436
vt 0.0440934636 0.793534815
vt 0.403644055 0.406979442
vt 0.287131727 0.408150375
vt 0.403922439 0.400319219
vt 0.400400192 0.687918544
vt 0.239675626 0.695500374
vt 0.23914133 0.687918603
vt 0.401019454 0.697727203
vt 0.862450063 0.652739048
vt 0.880192995 0.664723158
vt 0.860012829 0.657624662
vt 0.882051945 0.660303831
vt 0.378916383 0.932044685
vt 0.377151489 0.976101279
vt 0.376262486 0.932167828
vt 0.380068749 0.976410866
vt 0.851762891 0.449537158
vt 0.847817779 0.45322001
vt 0.845463812 0.449781299
vt 0.902244091 0.45322001
vt 0.904323339 0.444835901
vt 0.866916955 0.0028975606
vt 0.870657206 0.117461026
vt 0.865583599 0.117678225
vt 0.871666133 0.577259123
vt 0.877324462 0.459653497
vt 0.87815237 0.577230155
vt 0.843694985 0.457636654
vt 0.864587307 0.577065527
vt 0.833675623 0.575174809
vt 0.870200276 0.459590554
vt 0.412748963 0.00438714027
vt 0.413463891 0.0270341635
vt 0.407114446 0.026597023
vt 0.407114446 0.00163781643
vt 0.840638459 0.590938091
vt 0.92111069 0.634519279
vt 0.840871036 0.639935613
vt 0.923669457 0.600177348
vt 0.923669457 0.600177348
vt 0.840638459 0.590938091
vt 0.859931469 0.582059145
vt 0.926361203 0.594897449
vt 0.837673426 0.585814893
vt 0.349504918 0.886526942
vt 0.447512567 0.85475558
vt 0.448026597 0.888573945
vt 0.348545104 0.848156393
vt 0.920180976 0.229663312
vt 0.922342598 0.231267214
vt 0.91811496 0.233568788
vt 0.121811718 0.931099534
vt 0.127996087 0.853081048
vt 0.152429029 0.933332384
vt 0.213926017 0.901673853
vt 0.213183746 0.862766266
vt 0.113558009 0.855304778
vt 0.846852243 0.00241392851
vt 0.865583599 0.117678225
vt 0.838798404 0.117678225
vt 0.866916955 0.0028975606
vt 0.394576222 0.512059093
vt 0.134763137 0.511834979
vt 0.304832488 0.444307804
vt 0.395176053 0.441894293
vt 0.695853353 0.384785652
vt 0.690044701 0.199331641
vt 0.70337218 0.384193063
vt 0.697739244 0.199008822
vt 0.818980217 0.00592428446
vt 0.833194971 0.00218218565
vt 0.833288789 0.00611960888
vt 0.817475379 0.00977480412
vt 0.934474826 0.264369249
vt 0.936753154 0.260651708
vt 0.252053946 0.00144100189
vt 0.252053946 0.312483311
vt 0.0317038633 0.00276350975
vt 0.00183738337 0.312049091
vt 0.684670746 0.282096863
vt 0.630688369 0.509909928
vt 0.630688369 0.281787872
vt 0.693347037 0.5104689
vt 0.458090961 0.849191189
vt 0.410752654 0.756772339
vt 0.473893285 0.816532791
vt 0.34513554 0.844427049
vt 0.316560388 0.817488432
vt 0.130597249 0.806027472
vt 0.00404731557 0.836469293
vt 0.00191931985 0.80031085
vt 0.133580685 0.836469293
vt 0.880295753 0.307092071
vt 0.919882715 0.326528668
vt 0.922342598 0.330771148
vt 0.545186818 0.27069068
vt 0.548634768 0.54227376
vt 0.430383861 0.273713589
vt 0.419512451 0.54227376
vt 0.427652568 0.950504184
vt 0.462253451 0.908796608
vt 0.464784175 0.912566304
vt 0.430327803 0.953618526
vt 0.496156663 0.948712826
vt 0.490192682 0.981744349
vt 0.487407386 0.978446901
vt 0.491753638 0.946106613
vt 0.420860887 0.254439354
vt 0.628247023 0.0863405466
vt 0.644049585 0.222642124
vt 0.411674976 0.0982851386
vt 0.91811496 0.233568788
vt 0.872667789 0.256414771
vt 0.920180976 0.229663312
vt 0.542646646 0.265731215
vt 0.430383861 0.273713589
vt 0.429689527 0.268901467
vt 0.545186818 0.27069068
vt 0.744892061 0.34358573
vt 0.830108285 0.513649404
vt 0.730654359 0.502145529
vt 0.830108285 0.336813986
vt 0.103301555 0.483780801
vt 0.114497662 0.486233234
vt 0.107793681 0.486615181
vt 0.114497662 0.459446311
vt 0.440292984 0.546922922
vt 0.669493496 0.550932586
vt 0.439696968 0.550506771
vt 0.669371307 0.546733439
vt 0.92712009 0.991002619
vt 0.991371274 0.99549377
vt 0.93055284 0.994642735
vt 0.993903637 0.994404733
vt 0.474273086 0.908614755
vt 0.495473087 0.944656968
vt 0.471367031 0.911522686
vt 0.491753638 0.946106613
vt 0.496156663 0.948712826
vn -0.0450260863 -0.162976056 0.985601962
vn -0.0444166325 -0.163237721 0.985586345
vn -0.0442287102 -0.163335398 0.985578597
vn -0.900392771 -0.424885839 -0.0936218724
vn -0.900434136 -0.424776465 -0.093719542
vn -0.900506735 -0.424644589 -0.0936200023
vn 0.165285647 -0.976407945 0.138953641
vn 0.169494271 -0.976282537 0.134700164
vn 0.160292611 -0.977079332 0.140079111
vn 0.163659021 -0.976928651 0.13720794
vn -0.00836801343 0.035787493 0.999324381
vn -0.00336556858 0.0299045015 0.999547124
vn -0.0067117 0.0263383277 0.99963057
vn -0.000602439279 0.0298369676 0.999554574
vn -0.00873926282 0.0298606604 0.999515831
vn 0.0360225141 0.999307394 -0.00932653341
vn 0.036960341 0.999271035 -0.00955592375
vn 0.0370903313 0.999268115 -0.00935231335
vn 0.0363849103 0.999303401 -0.00828836579
vn 0.161952406 -0.235891774 0.95818907
vn 0.167289913 -0.240987256 0.956001639
vn 0.157819554 -0.24025926 0.957793474
vn 0.161146224 -0.23208338 0.959254444
vn -0.917952895 -0.224285707 0.32719776
vn -0.937744915 -0.201767549 0.282709062
vn -0.844835043 -0.425376117 0.324513406
vn -0.94274658 -0.199081644 0.267572969
vn -0.855078638 -0.42179209 0.301549464
vn 0.131554753 -0.0434171222 0.990357637
vn 0.164075032 -0.582513332 0.796088874
vn 0.189038798 -0.640470207 0.744353592
vn -0.305858225 -0.0363473669 0.951382935
vn -0.266303539 0.0346090645 0.963267624
vn -0.297767371 -0.0313621908 0.954123139
vn -0.258899897 -0.0255499985 0.965566099
vn 0.61729002 -0.732859671 0.286129355
vn 0.63575238 -0.750436544 0.180732116
vn 0.5179075 -0.837245464 0.175475806
vn 0.566289783 -0.808302164 0.161132753
vn 0.55630827 -0.822485924 0.11848253
vn -0.956684053 0.234202594 0.172929764
vn -0.957511902 0.233491898 0.169270366
vn -0.934226632 0.280246675 0.220640793
vn -0.965012014 0.209846109 0.157214433
vn -0.956997037 0.23470065 0.170505852
vn 0.937486291 -0.347750187 0.0137591995
vn 0.936954796 -0.349228501 0.0124545861
vn 0.940398693 -0.339574546 0.0184232108
vn 0.509943128 0.828277469 -0.232194677
vn 0.483815044 0.843033135 -0.23498559
vn 0.508985937 0.828803122 -0.232419193
vn 0.483019829 0.843636572 -0.2344549
vn -0.90116781 -0.42493844 -0.0855794102
vn 0.921964407 -0.386058658 0.0306614097
vn 0.922138155 -0.385594189 0.0312739834
vn 0.918472528 -0.394855767 0.0222926345
vn -0.239878923 -0.532866597 0.811487079
vn -0.305319369 -0.571715236 0.761525929
vn -0.254128069 -0.522403955 0.813949108
vn -0.305578619 -0.579542816 0.755481184
vn 0.0163930058 0.000343935331 0.999865532
vn 0.0241618156 0.00336818164 0.999702334
vn 0.0238762237 0.0036855673 0.999708116
vn 0.0210382622 -0.00196429039 0.999776721
vn 0.022496298 -0.00274382718 0.999743164
vn 0.0180754047 0.00374583551 0.99982959
vn 0.168003574 -0.984235287 0.0552792959
vn 0.310137957 -0.94845885 0.0651174784
vn 0.157368049 -0.985406578 -0.064879097
vn 0.292546988 -0.93614912 0.195041582
vn 0.308313638 0.615972817 0.724927664
vn 0.333709896 0.569557667 0.751160145
vn 0.334088504 0.569536924 0.751007617
vn 0.26135686 0.567777693 0.780590117
vn 0.994830251 -0.0136197824 0.100634918
vn 0.994284093 -0.0195534527 0.104961678
vn 0.994840145 -0.0134392148 0.100561664
vn 0.994278729 -0.0196782108 0.104989067
vn -0.304467976 -0.946744382 0.104759201
vn -0.26959604 -0.95622468 0.113808788
vn -0.302236766 -0.94007653 0.157826245
vn -0.3021954 -0.950408757 0.0734937042
vn -0.211145058 -0.295545161 0.93170315
vn -0.209072277 -0.29601568 0.932021141
vn -0.211703807 -0.295501709 0.93159008
vn 0.618663549 0.782938719 0.0652885363
vn 0.596990466 0.798530102 0.0771488994
vn 0.61859262 0.783559561 0.0581184365
vn 0.62019217 0.782375455 0.0570119917
vn -0.0210597571 -0.125076666 0.991923511
vn 0.0275377035 -0.32614246 0.944919467
vn -0.0208388567 -0.125101626 0.991925061
vn -0.00905960985 -0.135275841 0.990766585
vn -0.0177579671 -0.1303619 0.991307437
vn -0.0252047721 -0.110653661 0.993539333
vn 0.174443677 -0.292979449 0.94007045
vn -0.0414960384 -0.115932398 0.992389917
vn -0.0181334447 -0.133000299 0.990950108
vn 0.589378178 -0.806343615 0.0494303815
vn 0.589289606 -0.80640161 0.0495404154
vn 0.589204907 -0.806456625 0.0496521853
vn -0.380223453 0.518643558 0.765792966
vn -0.329449356 0.506662309 0.796715975
vn -0.328881711 0.507330716 0.796525121
vn -0.257430822 0.545916319 0.797310889
vn -0.32756424 0.506020188 0.797900438
vn 0.933668971 -0.342504412 0.104656368
vn 0.93392086 -0.333018571 0.129962772
vn 0.934162974 -0.334467858 0.124381155
vn 0.933925509 -0.334954828 0.124853328
vn 0.814422131 0.577594817 0.055683583
vn 0.601968825 0.796083391 0.0623277761
vn 0.809831619 0.582987905 0.065556556
vn -0.335260063 -0.283667982 0.89840585
vn -0.319086045 -0.178291947 0.930803955
vn -0.333254606 -0.277656108 0.901026249
vn -0.361798882 -0.375501484 0.853287816
vn 0.134820342 -0.962890387 0.2338067
vn 0.129705235 -0.964474857 0.230140865
vn 0.138206586 -0.959786832 0.2443524
vn 0.139679298 -0.961054504 0.23846136
vn -0.0308613628 0.0833024532 0.996046364
vn -0.0479725488 0.132658288 0.990000248
vn -0.164267793 0.21778217 0.962074399
vn 0.72006911 -0.682347655 0.126103297
vn 0.723154187 -0.684294403 0.0937503055
vn 0.725893736 -0.67788744 0.116390795
vn 0.720790505 -0.687772751 0.0861959532
vn 0.726915836 -0.685251057 0.0449933112
vn 0.262319446 -0.405442536 0.87567395
vn 0.188311026 -0.383575112 0.904106855
vn 0.257009625 -0.398530573 0.880408704
vn 0.245591193 -0.363808393 0.898514628
vn -0.190519363 0.981683135 -0.000670912908
vn -0.192555621 0.981271923 0.00526060071
vn -0.187408537 0.9822734 0.0040948675
vn -0.188021794 0.982157886 0.00369636319
vn -0.195972994 0.980608702 -0.00101267826
vn -0.199930474 0.961391211 0.18908903
vn -0.0824970528 0.994912505 -0.057822071
vn -0.0700659975 0.995289683 0.067001082
vn -0.213263944 0.973176897 0.0862856284
vn 0.432508528 0.897964239 0.0812183022
vn 0.440477312 0.893643558 0.0859108344
vn 0.431938142 0.898238599 0.0812201723
vn 0.44006443 0.893867671 0.0856958777
vn 0.981255472 0.167270467 0.0956991613
vn 0.981262624 0.167072877 0.0959702954
vn 0.981271207 0.166869044 0.0962367877
vn -0.509489894 0.430429459 0.745084226
vn -0.488842666 0.531528711 0.691744328
vn -0.48840341 0.531006753 0.692454994
vn -0.490673721 0.528050244 0.693110585
vn 0.227492273 -0.972869158 0.0421040915
vn 0.226869196 -0.972919285 0.0442528874
vn 0.22675778 -0.972790718 0.0475283116
vn 0.148868352 -0.988854408 -0.00224761013
vn -0.37793982 0.919969201 -0.10401012
vn -0.378035784 0.919931948 -0.10399124
vn -0.377654105 0.920069814 -0.104158126
vn -0.737344742 -0.619881988 0.268456787
vn -0.716951251 -0.624408424 0.309991926
vn -0.844835043 -0.425376117 0.324513406
vn -0.90116781 -0.42493844 -0.0855794102
vn -0.855078638 -0.42179209 0.301549464
vn -0.711466789 -0.613124073 0.343356788
vn -0.691898942 -0.647095442 0.320223689
vn -0.0964654237 -0.334125161 0.937579215
vn -0.0950008333 -0.334113598 0.937732875
vn -0.0957611352 -0.335584611 0.937130034
vn -0.0951660648 -0.337559134 0.936481357
vn -0.0964654237 -0.334125161 0.937579215
vn -0.0397519171 0.46574381 0.884026289
vn 0.0382392257 0.0501154736 0.998011112
vn 0.00671385229 0.339119971 0.940719128
vn 0.0132155903 0.0826657861 0.996489644
vn 0.019589616 0.0851816311 0.996172786
vn 0.0132155903 0.0826657861 0.996489644
vn 0.0173906516 0.0867963806 0.9960742
vn 0.0150832813 0.0852006227 0.996249557
vn -0.7007851 0.713339388 0.00688205473
vn -0.70076704 0.713357389 0.00685497373
vn -0.700744629 0.71337831 0.00696250889
vn 0.770890832 -0.616955221 0.158409894
vn 0.754257381 -0.65024507 0.0909796432
vn 0.766193569 -0.63878715 0.0699901506
vn 0.771601617 -0.632914722 0.0636396334
vn 0.780658841 -0.618032813 0.0927758515
vn 0.0434724204 0.370983899 0.927621245
vn 0.0422034711 0.37083599 0.927738965
vn 0.0427553691 0.372104049 0.927205801
vn 0.0416599996 0.374098003 0.926453114
vn 0.0434724204 0.370983899 0.927621245
vn -0.29259789 0.28837651 0.911715627
vn -0.293076873 0.288010567 0.911677539
vn -0.292726487 0.288211793 0.911726475
vn 0.0326486342 0.419668585 0.907090068
vn 0.0270627271 0.417718261 0.908173501
vn 0.033228714 0.423861235 0.905117452
vn 0.0300350636 0.425116479 0.904640257
vn 0.0277509205 0.421743304 0.906290531
vn -0.686389089 -0.469795555 0.555123687
vn -0.698529124 -0.450609863 0.555884898
vn -0.703404486 -0.437543213 0.560159087
vn -0.696478128 -0.455774158 0.554245651
vn 0.930858135 0.317107379 -0.181510538
vn 0.930007577 0.313112319 -0.192474753
vn 0.930747747 0.310480714 -0.193158731
vn 0.929280996 0.321949899 -0.181066573
vn 0.48301968 0.843636632 -0.234455183
vn 0.508985817 0.828803182 -0.232419476
vn 0.483814895 0.843033195 -0.234985873
vn 0.509942949 0.828277528 -0.232194975
vn 0.180062935 0.242316052 0.953341603
vn 0.173822492 0.241332591 0.954748333
vn 0.174855828 0.246548444 0.953225732
vn 0.220669299 0.0887126401 0.971305847
vn -0.000591162127 -0.351986498 0.936004877
vn 0.00281668012 -0.350721985 0.936475396
vn -0.000801849412 -0.35287407 0.935670435
vn -0.1694545 -0.983554602 0.0624963008
vn -0.164603606 -0.984246433 0.0645360053
vn -0.169537202 -0.983543932 0.0624395721
vn -0.164648861 -0.984242916 0.0644737035
vn 0.345618814 0.036499951 0.937664807
vn 0.341936558 0.0286558792 0.939285874
vn 0.344149798 0.0330160744 0.938334048
vn 0.346553683 0.037181899 0.937292933
vn 0.341887683 0.0301165339 0.939258039
vn 0.363642007 0.55318439 0.749500871
vn 0.3640486 0.553124905 0.749347329
vn 0.363823652 0.55316031 0.749430478
vn -0.551828921 0.245660916 0.796954036
vn -0.551983714 0.245616481 0.796860516
vn -0.551989436 0.245752662 0.79681462
vn -0.877296329 -0.462264925 0.129082099
vn -0.867676854 -0.493034244 0.0636720583
vn -0.867231667 -0.493991941 0.062298961
vn -0.856412053 -0.514147639 0.047016345
vn -0.866991401 -0.49394834 0.065884769
vn 0.641977549 0.00832608156 0.766678095
vn 0.641794443 0.00856353622 0.766828835
vn 0.641863585 0.00851865858 0.766771495
vn 0.934117556 -0.332231641 0.130562201
vn 0.934181929 -0.332122535 0.130379468
vn 0.934172213 -0.332051873 0.130628705
vn 0.435711384 0.900021732 -0.0108009828
vn 0.435629278 0.900062978 -0.0106738852
vn 0.435623437 0.90006578 -0.0106752263
vn 0.210869193 -0.00552933011 0.97749871
vn 0.230546132 0.00450616982 0.973051012
vn 0.231272116 0.003875589 0.972881436
vn 0.224410847 0.00152020599 0.974493504
vn -0.169475764 -0.147817165 0.974385977
vn -0.220680937 -0.174925119 0.959531784
vn -0.17388624 -0.148755029 0.973465741
vn -0.231729403 -0.176926672 0.956555545
vn 0.278985679 0.160769776 0.946741819
vn 0.269934446 0.161383227 0.949258089
vn 0.278647155 0.159945354 0.946981132
vn 0.279646784 0.161107987 0.946489275
vn 0.273484379 0.164900079 0.947636127
vn 0.377306134 0.923304558 0.0717541799
vn 0.373259634 0.925205052 0.0683575571
vn 0.377431244 0.923240066 0.071925506
vn 0.373075247 0.925275087 0.0684160516
vn 0.48660019 -0.870677948 0.0716944188
vn 0.493512392 -0.866392016 0.07622426
vn 0.470278442 -0.882416248 -0.0134009151
vn 0.461347401 -0.885247886 0.0591150336
vn 0.156471416 0.98081845 -0.116239913
vn 0.156951085 0.98108989 -0.113264449
vn 0.154765159 0.980943441 -0.117462456
vn 0.145762593 0.982171476 -0.118711136
vn 0.492048323 -0.0912281647 0.865774632
vn 0.492377847 -0.0912818238 0.865581691
vn 0.491777301 -0.0908144712 0.865972161
vn 0.663408637 0.21897085 0.715500295
vn 0.663583934 0.218671232 0.715429366
vn 0.660343587 0.218199387 0.718564749
vn 0.82178998 0.569782078 0.00312676234
vn 0.825710118 0.564070046 0.00527688116
vn 0.82529366 0.564642906 0.00829363521
vn 0.829183578 0.558938086 0.00655208342
vn 0.211954176 -0.814512551 0.540041506
vn 0.212093547 -0.81703186 0.536167324
vn 0.210038483 -0.817751884 0.535878479
vn 0.211954176 -0.814512551 0.540041506
vn -0.86972487 -0.490196764 0.0573210083
vn -0.871151507 -0.487434685 0.059180893
vn -0.868587494 -0.492020667 0.0589180328
vn -0.871109843 -0.487577468 0.0586154573
vn 0.955624044 -0.27771318 0.098275438
vn 0.964271426 -0.242425576 0.106819518
vn 0.954006016 -0.294302016 0.0570851043
vn 0.957965434 -0.254871219 0.131691903
vn 0.271975398 -0.948746145 0.160966367
vn 0.26880613 -0.949489832 0.161902159
vn 0.270806938 -0.950005591 0.155412629
vn 0.273395091 -0.948274136 0.161341727
vn -0.254289865 -0.958911836 0.125796497
vn -0.25706017 -0.957608283 0.130025148
vn -0.255620897 -0.95900166 0.122367382
vn -0.253058732 -0.959455669 0.124120943
vn 0.0134065542 0.0469203442 0.998808682
vn 0.0166405383 0.0439617075 0.998894632
vn 0.00190414675 0.0560542084 0.998425901
vn 0.0199730489 0.0445872024 0.998805821
vn -0.371785462 -0.901221097 0.222657055
vn -0.371805102 -0.9012025 0.222699568
vn -0.371713966 -0.901278675 0.222543284
vn -0.343155652 0.432303131 0.833881319
vn -0.333812743 0.423090219 0.842356026
vn -0.334210157 0.4219625 0.842763901
vn -0.335012972 0.42599842 0.840411544
vn -0.0164637323 0.00214265636 0.999862194
vn -0.0216115564 0.00782498159 0.999735832
vn -0.0153659545 0.00561734382 0.999866188
vn -0.0238507204 0.00398890395 0.99970758
vn -0.0220603533 0.00165577431 0.999755323
vn -0.17122741 0.981592655 -0.0845985189
vn -0.141554847 0.98659569 -0.081184797
vn -0.170152783 0.981843293 -0.0838553086
vn -0.140394181 0.986769557 -0.0810885429
vn 0.0405914299 -0.977889538 0.205145136
vn 0.0334235169 -0.976869643 0.211207598
vn 0.0408401601 -0.977870643 0.205185562
vn 0.0331934169 -0.976859868 0.211288899
vn -0.53481698 0.841813684 -0.0729403645
vn -0.531818867 0.842407763 -0.0867045224
vn -0.529949784 0.843648136 -0.0860870704
vn -0.538626492 0.8394081 -0.0726319551
vn 0.332702637 -0.332048535 0.882639587
vn 0.333546132 -0.332656771 0.882092118
vn 0.333036304 -0.332210809 0.882452667
vn 0.33515802 -0.331672341 0.881851733
vn 0.333864778 -0.331715882 0.882325768
vn -0.699538767 -0.021670077 0.714266121
vn -0.780849636 0.0489220433 0.622800767
vn -0.750825167 0.0193008445 0.660219073
vn 0.270869076 -0.244441435 0.931062996
vn 0.301844686 -0.289958119 0.908192635
vn 0.272373796 -0.248532474 0.92953968
vn 0.305487812 -0.300581276 0.903508723
vn 0.814422131 0.577594817 0.055683583
vn 0.564340889 0.821705699 0.0794932172
vn 0.601968825 0.796083391 0.0623277761
vn 0.564892054 0.821495533 0.0777303353
vn -0.000252723694 0.00231164694 0.999997318
vn 0.164075032 -0.582513332 0.796088874
vn 0.00715058018 -0.0501457527 0.998716295
vn 0.131554753 -0.0434171222 0.990357637
vn -0.286801457 0.955889702 -0.063401632
vn -0.244714692 0.96958667 -0.00405690446
vn -0.285814941 0.956278741 -0.0619739406
vn -0.309684098 0.947750449 -0.0765824839
vn -0.286539286 0.95620966 -0.059652552
vn 0.603182495 0.476799518 0.639400542
vn 0.600050867 0.481441706 0.638868451
vn 0.601920366 0.483891636 0.635248661
vn 0.599120677 0.483571172 0.638132751
vn 0.600892663 0.481739968 0.637851536
vn 0.511219978 0.859343827 0.0135014718
vn 0.51984024 0.854230523 0.00750612793
vn 0.522168458 0.852820218 0.00614873692
vn 0.536429048 0.84382385 0.0143266832
vn 0.258294642 -0.949357092 0.178899541
vn 0.256884277 -0.950011134 0.177452505
vn 0.266283035 -0.946138859 0.184159279
vn 0.990193963 -0.075670734 -0.117430873
vn 0.988085389 -0.10622514 -0.111371577
vn 0.990062833 -0.0767202228 -0.117854007
vn 0.988296151 -0.104885809 -0.110768937
vn 0.148920551 0.963787198 -0.221216872
vn 0.157410339 0.959192455 -0.234886944
vn 0.153652996 0.962625086 -0.2230331
vn 0.154595673 0.960134864 -0.232897609
vn 0.236593857 -0.0392636321 0.970815003
vn 0.232953772 -0.0346088558 0.971871793
vn 0.227458626 -0.0396783724 0.972979128
vn 0.233886495 -0.0344915017 0.971652031
vn -0.0120021682 0.00703575416 0.999903142
vn -0.0151422778 0.0111098262 0.99982363
vn -0.0172135103 0.00576963741 0.999835134
vn -0.0171236303 0.00659594825 0.999831557
vn -0.0105212033 0.0184168387 0.999774992
vn -0.0181960091 0.00456093485 0.999823987
vn -0.933259487 0.357649148 -0.0333733782
vn -0.981947839 0.187022656 -0.0283018891
vn -0.964897931 0.26182428 -0.0204973742
vn -0.961506605 0.2730757 -0.0305737481
vn -0.982967436 0.181954354 -0.0258360468
vn -0.850072324 -0.526640654 -0.00516434293
vn -0.849067867 -0.528273761 -0.00323578017
vn -0.851632118 -0.524139464 -0.000694915885
vn -0.861303091 -0.498808831 -0.0966771916
vn 0.353282541 -0.172630027 0.919451118
vn 0.454696506 -0.0661469027 0.888186693
vn 0.372742295 -0.167881057 0.912622035
vn 0.465214252 -0.0661859363 0.882720232
vn 0.92756319 0.366658986 0.0720262975
vn 0.90549612 0.411481589 0.10372901
vn 0.917812526 0.387180358 0.0878151879
vn 0.918974876 0.384599745 0.0869952962
vn 0.839107633 0.525545835 0.140356809
vn 0.838881731 0.52562964 0.141389236
vn 0.838989139 0.525582433 0.140926912
vn -0.113572791 0.20290105 0.972590625
vn -0.12002413 0.198616728 0.972700179
vn -0.113971666 0.199621424 0.973222375
vn -0.114230484 0.199262917 0.973265529
vn -0.116408251 0.193262368 0.974217057
vn -0.112509966 0.198201627 0.973682582
vn -0.114500389 0.196481422 0.973799169
vn 0.971467078 0.170732871 0.164626956
vn 0.971339703 0.171321079 0.16476725
vn 0.971422553 0.170943603 0.164670616
vn 0.717122734 -0.67401433 0.177312329
vn 0.716477036 -0.680074155 0.155434117
vn 0.713736475 -0.680356205 0.166420057
vn 0.71890527 -0.675095797 0.165592253
vn 0.871186674 0.480679303 0.0999055728
vn 0.873637438 0.476600796 0.0980265215
vn 0.871167243 0.480695516 0.099996984
vn 0.873594046 0.476649344 0.0981775001
vn -0.341192633 0.47085619 0.81356132
vn -0.320565701 0.434376329 0.841756999
vn -0.298601866 0.349241972 0.888181865
vn -0.377419144 0.533687711 0.756790757
vn -0.225551531 -0.909435809 0.349361062
vn -0.364888787 -0.921639621 0.132047907
vn -0.361493796 -0.901102781 0.239449486
vn -0.220661387 -0.943104565 0.248721376
vn 0.231164157 -0.787970662 0.570670843
vn 0.171140417 -0.86604923 0.469754755
vn 0.197783068 -0.837332487 0.509662628
vn 0.553430676 -0.821168303 0.139273122
vn 0.552819669 -0.821031988 0.142466798
vn 0.553523421 -0.821136415 0.139092788
vn 0.552818477 -0.821041703 0.14241606
vn 0.372145087 0.404783756 0.835259378
vn 0.434026033 0.449938864 0.780497611
vn 0.374701321 0.403102219 0.834929705
vn 0.438418001 0.451420218 0.777180493
vn 0.142997116 -0.946660519 0.288765728
vn 0.15989624 -0.963812888 0.213302284
vn 0.0977481529 -0.973461688 0.206924021
vn 0.14658393 -0.958944499 0.242772549
vn 0.886050403 0.46358484 0.00193488877
vn 0.886563003 0.462607712 0.000294853933
vn 0.880960703 0.47305882 0.011113612
vn -0.171227396 0.981592596 -0.0845985264
vn -0.141554832 0.986595631 -0.0811848044
vn -0.170152768 0.981843233 -0.083855316
vn -0.14039433 0.986769557 -0.0810875893
vn 0.128632739 0.647961795 0.750732422
vn 0.217374727 0.71601069 0.663382947
vn 0.178413779 0.692760944 0.698749483
vn -0.0626406893 -0.0766436234 0.995088816
vn 0.0404468998 -0.188707754 0.981200039
vn -0.0655765384 -0.122887671 0.99025172
vn 0.0398960039 -0.199629202 0.979059041
vn -0.501935542 -0.863719046 0.0452774353
vn -0.493828654 -0.867861986 0.0543028191
vn -0.503867924 -0.863151729 0.0329576544
vn -0.48933363 -0.868537366 0.078711316
vn -0.74059093 -0.0683316812 0.668472767
vn -0.740758061 -0.0711793527 0.667990267
vn -0.740777194 -0.0708056167 0.668008745
vn -0.737779915 -0.07056012 0.671343446
vn -0.287869006 0.957344413 -0.0249640308
vn -0.291627318 0.955350459 -0.0475293286
vn -0.29044494 0.955738842 -0.0469575189
vn -0.287884802 0.957359612 -0.0241847746
vn 0.255844057 0.703825057 0.662702203
vn 0.256128073 0.703693271 0.662732482
vn 0.256287634 0.703435898 0.6629439
vn -0.0797053054 0.400471747 0.912836015
vn -0.0780808553 0.401087761 0.912705958
vn -0.0774788931 0.400421828 0.913049519
vn -0.080713056 0.399959683 0.912971973
vn 0.638686895 -0.761765659 0.108591765
vn 0.638532937 -0.76181823 0.109127715
vn 0.646962106 -0.751003981 0.132034779
vn 0.645071983 -0.757352233 0.101488501
vn -0.273754358 -0.160356268 0.948337615
vn -0.277290136 -0.158691585 0.947590113
vn -0.274090707 -0.160596892 0.948199809
vn -0.281958342 -0.159245476 0.946118474
vn -0.280038565 -0.153917417 0.94756937
vn 0.531847596 0.258948833 0.806277752
vn 0.529231012 0.260320634 0.807556748
vn 0.535114646 0.259521872 0.803928316
vn 0.527516305 0.256359637 0.809942245
vn 0.344526291 -0.0326852575 0.938207507
vn 0.0602883026 -0.0112446202 0.998117685
vn 0.263734668 -0.0519757718 0.963193893
vn 0.0599809848 -0.011127037 0.998137534
vn 0.0633957013 -0.0162640866 0.997855961
vn 0.0459737778 -0.00704233442 0.998917878
vn 0.0625261515 -0.0136125563 0.997950494
vn 0.0707010925 -0.007043513 0.997472703
vn 0.987249136 0.0205796175 0.157846257
vn 0.997364461 -0.000772748142 0.0725499988
vn 0.996057987 -0.00139572727 0.0886931419
vn 0.989643335 0.0386179164 0.138256088
vn -0.143039599 0.181631744 0.972907722
vn -0.146943763 0.176889569 0.973199666
vn -0.143971026 0.177782327 0.973481238
vn -0.142470956 0.170868471 0.974938929
vn 0.504883707 0.188453808 0.842364311
vn 0.504731119 0.188765764 0.842385948
vn 0.504855454 0.188508719 0.84236902
vn 0.421305209 -0.906188786 -0.0363813005
vn 0.441231072 -0.897041678 0.0251240823
vn 0.44937095 -0.889352262 0.0843695849
vn 0.44265002 -0.896413088 0.0224597994
vn 0.268642247 -0.164152384 0.949149787
vn 0.241940722 -0.143701375 0.959590852
vn 0.243613407 -0.145126507 0.958952963
vn 0.273544431 -0.168774113 0.946936488
vn 0.896234691 -0.440182775 0.0547970198
vn 0.896978259 -0.438100696 0.0591439195
vn 0.898260772 -0.435125411 0.0615920462
vn 0.900056303 -0.432031095 0.0569914803
vn 0.975396097 0.179306507 0.128263801
vn 0.975736439 0.177782208 0.127796531
vn 0.975054681 0.178391531 0.132078603
vn 0.975057721 0.179772973 0.130169734
vn 0.0837528184 0.991709232 0.0974590629
vn 0.0907475799 0.990987003 0.09853746
vn 0.0834782645 0.991763413 0.0971422195
vn 0.0911708772 0.990965188 0.0983657986
vn -0.336816192 -0.697943866 0.632004142
vn 0.593987405 -0.793497384 0.132441863
vn 0.0011689961 0.555371821 -0.831601322
vn -0.00445577502 0.811341524 -0.584555328
vn 0.621483028 -0.780494928 0.067722857
vn -0.223078087 0.0799583271 0.971515775
vn -0.215893552 0.0839174688 0.972804189
vn -0.222024471 0.0801747814 0.971739292
vn -0.225050017 0.0850743428 0.970626116
vn -0.594335616 0.799680769 0.0852982625
vn -0.593108177 0.800737083 0.083921656
vn -0.598318636 0.796344638 0.0886000767
vn -0.715615273 -0.688032389 0.120441951
vn -0.720055223 -0.688257039 0.0884458125
vn -0.714017272 -0.69123596 0.111230411
vn -0.723335564 -0.68576169 0.0807253867
vn -0.722657502 -0.690065622 0.039693892
vn 0.55512321 -0.824662924 0.108485952
vn 0.596132278 -0.791467905 0.134925187
vn 0.57453531 -0.809478462 0.121052593
vn 0.571685612 -0.811489344 0.121080458
vn 0.990194082 -0.0756694302 -0.117431127
vn 0.988085508 -0.106223851 -0.11137183
vn 0.990062952 -0.0767189115 -0.11785426
vn 0.98829627 -0.104884498 -0.110769205
vn 0.0147923157 0.106297299 0.99422437
vn 0.0196127538 0.0670077279 0.997559726
vn 0.0215660464 0.0837417617 0.996254086
vn 0.022378616 0.0672724023 0.997483671
vn 0.0154766077 0.116216153 0.993103385
vn 0.031061817 0.0534296632 0.99808836
vn 0.0269987099 0.0575648844 0.997976601
vn 0.230034009 -0.0486701019 0.971964777
vn 0.228824332 -0.0451906323 0.972418189
vn 0.229002193 -0.0460723899 0.972334921
vn 0.23014468 -0.0453317948 0.97209996
vn 0.22915782 -0.0466702357 0.972269714
vn 0.912561893 0.408433497 0.0203215964
vn 0.906747699 0.41859141 0.0508910939
vn 0.908383965 0.415265441 0.0489201173
vn 0.908460498 0.414963067 0.0500512049
vn -0.568544388 -0.822505832 0.0155373206
vn -0.569808543 -0.821638405 0.0151187638
vn -0.575127959 -0.817934573 0.0145253558
vn -0.575147748 -0.817868471 0.017211495
vn 0.977940679 0.208667606 0.00947577413
vn 0.941697955 0.335997164 0.0176309161
vn 0.960580289 0.27800262 1.30208209e-05
vn 0.958485723 0.284520835 0.0187840648
vn 0.971344292 0.237054884 0.0171804987
vn -0.103217483 -0.744482338 0.659615099
vn -0.098823227 -0.749014497 0.655142069
vn -0.157914788 -0.677215636 0.718638778
vn -0.0512940064 -0.811049223 0.582724452
vn -0.0448962748 0.996018589 0.0770147741
vn -0.13063027 0.989511073 0.0616725609
vn -0.046088174 0.997000933 0.0621684641
vn 0.247854903 -0.0524721071 0.96737504
vn 0.217956319 -0.0880727246 0.971976399
vn 0.172890767 -0.104384527 0.979393959
vn 0.204967707 -0.0953202173 0.974116147
vn 0.220504299 -0.093227528 0.970920384
vn 0.220119476 -0.0903946832 0.971275449
vn 0.241978213 -0.0754547268 0.967343271
vn 0.228990927 -0.0854332373 0.969672203
vn 0.298989743 -0.936470866 0.183377728
vn 0.30521524 -0.935485125 0.17807655
vn 0.30280897 -0.935794055 0.180544168
vn 0.30280897 -0.935794055 0.180544168
vn 0.545607388 0.816305995 -0.189623937
vn 0.389053136 0.901033819 -0.191769764
vn 0.458905846 0.869590104 -0.182259202
vn 0.468919933 0.862178028 -0.191737413
vn 0.384362817 0.903681159 -0.188747615
vn 0.00908088125 -0.0106582139 0.99990207
vn -0.00101945759 -0.00725183915 0.999973297
vn 0.00879613217 -0.0112831434 0.999897778
vn 0.00294729182 0.00935471244 0.999952018
vn 0.0040568742 -0.011322978 0.999927759
vn 0.60866487 -0.779342115 0.148839042
vn 0.609566987 -0.778045833 0.151897088
vn 0.609566987 -0.778045833 0.151897088
vn 0.608224273 -0.77907747 0.151991561
vn 0.612078607 -0.776402771 0.15019457
vn 0.610315382 -0.777032375 0.154063985
vn -0.186996758 -0.98235935 -0.00146438333
vn -0.187551782 -0.982254624 3.45186563e-05
vn -0.188041016 -0.982160568 -0.00101885269
vn -0.188299239 -0.982111394 -0.000623890257
vn 0.196165338 -0.371412575 0.907508671
vn 0.203706831 -0.378844887 0.902762473
vn 0.991790414 -0.127703354 0.00661177281
vn 0.991214573 -0.13219431 0.00427318551
vn 0.991580725 -0.129326522 0.00650966261
vn 0.991843283 -0.127437368 0.00258512353
vn 0.991246879 -0.132017687 0.00101595442
vn 0.991430283 -0.130570039 0.00418426376
vn 0.991369903 -0.131023109 0.00432290742
vn 0.195658386 -0.178139955 0.96435672
vn 0.201884016 -0.182286337 0.962296426
vn 0.20251371 -0.177368566 0.96308285
vn 0.203320533 -0.179652721 0.962489367
vn 0.194675371 -0.18075633 0.96406883
vn 0.200209796 -0.178564653 0.963343501
vn 0.195008621 -0.177757382 0.964558899
vn 0.197938636 -0.176914468 0.964116931
vn 0.195814818 -0.182195932 0.963566959
vn 0.478136361 -0.87181145 0.10644453
vn 0.481300622 -0.870342493 0.104180939
vn 0.482225388 -0.869059443 0.110428073
vn 0.482887238 -0.868594468 0.111191541
vn -0.573104799 0.30840528 0.759234488
vn -0.578839362 0.305969089 0.755862296
vn -0.485785604 0.349887162 0.80099386
vn -0.661730945 0.270564198 0.699218869
vn -0.356943399 0.757628202 0.546434641
vn -0.358394057 0.763865411 0.536715209
vn -0.348467439 0.764292538 0.542611599
vn -0.352331907 0.764226258 0.540204048
vn -0.947080255 0.234007552 0.219725862
vn -0.952982366 0.22955136 0.197815269
vn -0.952597082 0.230783612 0.198236853
vn -0.946834743 0.23426044 0.22051324
vn 0.956151724 0.292385757 0.0168685541
vn 0.956329048 0.291861802 0.0158633888
vn 0.956068158 0.292727202 0.015638195
vn 0.956342697 0.291815519 0.0158891622
vn 0.708255112 0.700522125 0.0874267295
vn 0.701128483 0.706430674 0.096822232
vn 0.705630898 0.702863634 0.0898210108
vn 0.701357245 0.70498389 0.105335608
vn -0.384696841 0.115188226 0.915827572
vn -0.442550957 0.148203045 0.884411931
vn -0.421615452 0.0699370056 0.904073656
vn 0.434304327 -0.463361949 0.772447705
vn 0.363858879 -0.45990321 0.80999738
vn 0.425781757 -0.459819227 0.779279172
vn 0.415871471 -0.427697182 0.802574635
vn -0.086887911 -0.198726341 0.976195812
vn -0.0876937732 -0.201170415 0.975623012
vn -0.0871214718 -0.198838592 0.976152122
vn -0.089639537 -0.200915962 0.975498497
vn -0.0899187028 -0.200131729 0.975634038
vn -0.0869641602 -0.196593821 0.976620674
vn -0.0845596716 -0.196855009 0.976779222
vn 0.387529433 0.087052606 0.917737842
vn 0.397594988 0.088828288 0.913251221
vn 0.525627315 0.141968429 0.83878535
vn 0.54934901 0.136249587 0.824410021
vn 0.528384864 0.155666113 0.834612191
vn 0.783858776 0.617040277 0.0694748536
vn 0.784409285 0.61647445 0.0682736635
vn 0.777858615 0.623591244 0.0779098496
vn -0.185845047 -0.222669885 0.95701617
vn -0.182059765 -0.216340214 0.959193051
vn -0.178407058 -0.214716256 0.960243642
vn -0.187136263 -0.213239506 0.958910406
vn 0.891024411 0.438171685 0.118664324
vn 0.890910149 0.438289791 0.119084775
vn 0.895834982 0.431633115 0.105700441
vn -0.216277823 0.0428643525 0.975390494
vn -0.23057653 0.037630856 0.972326338
vn -0.237104923 0.0353151448 0.970841944
vn -0.237818539 0.0360589847 0.970640063
vn -0.43670103 0.174281031 0.882563472
vn 0.497003078 -0.487439513 0.717907131
vn 0.499014765 -0.484177083 0.718718886
vn 0.497359395 -0.487836689 0.717390299
vn 0.832681358 -0.113362454 0.542024612
vn 0.836239338 -0.107150257 0.537794232
vn 0.77719456 -0.177316844 0.603761017
vn 0.883512259 -0.0441467762 0.466323167
vn -0.50392288 0.863580048 0.0170694515
vn -0.49812454 0.866981864 -0.0146433702
vn -0.500841975 0.865515351 -0.00638004579
vn -0.506044626 0.862167776 0.0242024455
vn -0.499123484 0.864699602 -0.0563073382
vn 0.692717612 0.717082083 0.0770429
vn 0.692679524 0.717121124 0.0770221278
vn 0.692694604 0.717094064 0.0771381706
vn -0.286887884 0.0122799138 0.957885444
vn -0.241372913 -0.0155874863 0.970307231
vn -0.237723425 -0.0182997752 0.971160471
vn -0.294847399 0.0196695756 0.955341876
vn -0.401494235 0.910808325 -0.0960755199
vn -0.556338727 0.827347636 -0.0773512274
vn -0.491358608 0.867956877 -0.0722328648
vn -0.482125372 0.872060835 -0.0840543434
vn -0.560769379 0.825221896 -0.0674275383
vn -0.0789034367 -0.0547627583 0.995376825
vn -0.274057269 -0.105946988 0.955859661
vn -0.297142476 -0.103895105 0.949163854
vn -0.19965443 0.363787085 0.90983361
vn -0.19965443 0.363787085 0.90983361
vn -0.19965443 0.363787085 0.90983361
vn -0.203041211 0.366788685 0.907876849
vn -0.19965443 0.363787085 0.90983361
vn 0.968689322 0.207529321 0.136281714
vn 0.966364443 0.21509932 0.140969023
vn 0.968708634 0.207513869 0.13616778
vn 0.966390431 0.215022162 0.140907764
vn 0.713741183 0.700154424 0.0189050604
vn 0.715663314 0.698127925 0.0210593175
vn 0.712104201 0.701778412 0.0203628987
vn 0.715581775 0.698222995 0.0206747111
vn -0.0669199526 -0.286068231 0.955869496
vn -0.0670120567 -0.285314888 0.956088245
vn -0.0667552054 -0.285690397 0.95599407
vn 0.0943348408 0.349965394 0.932000637
vn 0.174321458 0.338302702 0.924750388
vn 0.093685165 0.350609183 0.931824207
vn 0.0945813134 0.348163486 0.932650328
vn -0.539325058 -0.841472447 0.0324432999
vn -0.539614677 -0.841269016 0.0328967944
vn -0.539662182 -0.841235697 0.0329731181
vn 0.807004154 -0.584256053 0.0859603882
vn 0.806969523 -0.584290564 0.0860517547
vn 0.807087839 -0.584162295 0.0858124569
vn -0.423730344 -0.90086323 0.094328478
vn -0.424309313 -0.900351584 0.0965835527
vn -0.42431426 -0.900221467 0.0977680385
vn -0.420455068 -0.902015209 0.0979080573
vn 0.0253627375 0.0924613476 0.995393217
vn 0.0356474183 0.110061966 0.993285298
vn 0.0612837002 0.104299031 0.992655993
vn 0.0475450195 0.100933537 0.993756413
vn 0.0127332425 0.115532063 0.993222177
vn 0.0850309879 0.105583325 0.990768373
vn 0.00328153372 0.121453263 0.992591739
vn 0.0668070689 0.104562879 0.9922719
vn -0.864339411 0.492452294 0.102020338
vn -0.847751796 0.522822082 0.0892971456
vn -0.851679265 0.508451462 0.12696299
vn -0.844311237 0.533861637 0.0461552069
vn 0.147377431 -0.351785213 0.92440629
vn 0.138969153 -0.349839449 0.926444709
vn 0.143755376 -0.351059794 0.92525202
vn 0.148231432 -0.352524519 0.923987985
vn 0.140415892 -0.349436492 0.926378667
vn 0.439781487 0.890797019 0.114337429
vn 0.439853013 0.890760183 0.114349447
vn 0.439767301 0.890797019 0.11439155
vn 0.945924401 -0.310823709 0.0928203613
vn 0.892515957 -0.445312738 0.0714971647
vn 0.927056789 -0.325758308 0.185599893
vn 0.903662682 -0.425793082 -0.0457607619
vn -0.282388747 0.0525304154 0.957860768
vn -0.292087913 0.0527976155 0.954933107
vn -0.28830868 0.0519645363 0.956126451
vn -0.286439747 0.0495669805 0.956815243
vn 0.941055238 -0.311817169 0.131092295
vn 0.943139553 -0.304920554 0.132330537
vn 0.945578814 -0.299676329 0.126786426
vn 0.943200588 -0.305982441 0.129411981
vn 0.144922286 -0.110295355 0.983276427
vn -0.0141808651 -0.240932435 0.970438242
vn -0.0128598781 -0.240076005 0.970668852
vn -0.0117668957 -0.247137353 0.968909025
vn -0.012619595 -0.245545134 0.969303012
vn -0.224210903 -0.974187493 0.0262299627
vn -0.224247411 -0.974178195 0.0262654983
vn -0.224252999 -0.974177241 0.0262509324
vn 0.980219722 -0.150595009 0.128415257
vn 0.980248511 -0.150545895 0.128252774
vn 0.980233788 -0.15057148 0.128335446
vn 0.826336026 0.547699451 0.13112621
vn 0.824433386 0.550827444 0.12999478
vn 0.834832788 0.541163683 0.100976057
vn 0.815376878 0.554889321 0.165101439
vn 0.622570515 -0.781089306 0.0480127335
vn 0.624259889 -0.780794382 0.0256827399
vn 0.623141587 -0.78166467 0.0263597891
vn 0.623030066 -0.780689955 0.0485442132
vn -0.0115712639 -0.00931824464 0.999889612
vn -0.00838076137 -0.0113261528 0.999900699
vn -0.0160612725 -0.0170570482 0.999725521
vn -0.0137807084 -0.0102489199 0.999852538
vn 0.109547563 -0.198351204 0.973989904
vn 0.116191544 -0.202858716 0.972290099
vn 0.118378907 -0.189140171 0.974788427
vn 0.105163321 -0.18942298 0.976247847
vn 0.114919759 -0.190827429 0.974873543
vn -0.923778772 -0.307320595 0.228444263
vn -0.92839998 -0.300380051 0.218735516
vn -0.922939658 -0.304469436 0.235543311
vn -0.926392496 -0.303102225 0.223441198
vn 0.117852278 0.229141161 0.966232419
vn 0.117797405 0.229288325 0.966204166
vn 0.117973872 0.229252994 0.966191053
vn -0.171456233 -0.164847344 0.971302271
vn -0.0039429157 -0.0244339369 0.999693692
vn -0.00555730565 -0.0317492262 0.999480367
vn -0.0203091428 -0.0225670356 0.999539077
vn -1.29383989e-06 -0.0227216166 0.999741852
vn -0.0136907324 -0.0340284482 0.999327123
vn 0.20901905 -0.975826561 0.063823916
vn 0.211936712 -0.9752388 0.063181974
vn 0.212083191 -0.975227773 0.0628601536
vn 0.217398852 -0.973805428 0.0666391551
vn -0.0570161007 0.998032153 0.0260972567
vn -0.0533521585 0.998101056 0.0307884235
vn 0.0261444859 0.986713409 0.160353139
vn -0.0570384413 0.998030245 0.0261208862
vn 0.975978494 -0.194292381 0.0985710844
vn 0.973845899 -0.201827303 0.104354389
vn 0.976033509 -0.193937123 0.098725982
vn 0.973896921 -0.201568842 0.104377165
vn -0.861217678 -0.495099127 0.114807323
vn -0.862338245 -0.497827321 0.09241537
vn -0.862903833 -0.496716976 0.0931086093
vn -0.860916197 -0.49548611 0.11539764
vn -0.169684619 0.491973788 0.853913963
vn -0.166332439 0.483553916 0.859365582
vn 0.993810654 -0.103706926 0.039814733
vn 0.994106472 -0.100213923 0.0413473509
vn 0.99380815 -0.103583366 0.0401969105
vn 0.99410671 -0.100203887 0.04136369
vn -0.0055306321 -0.999936402 0.009828154
vn -0.00887055974 -0.999933124 0.00742242578
vn -0.00743920682 -0.999913394 0.0108605679
vn -0.0101408074 -0.999830425 0.015374477
vn -0.00303596049 0.0449270867 0.998985648
vn -0.0344930403 0.073382929 0.996707141
vn 0.0028660621 0.0476129353 0.99886167
vn -0.00698407087 0.0421884656 0.999085188
vn -0.0745803416 0.0919658691 0.992965281
vn -0.502699673 -0.854836226 0.128639534
vn -0.504540801 -0.853942275 0.127362534
vn -0.481387258 -0.86337328 0.151171923
vn -0.50435859 -0.853925943 0.128191128
vn -0.0101166219 -0.713329434 0.700755715
vn 0.0561703891 -0.575910985 0.815580368
vn 0.0532147884 -0.581677318 0.811676979
vn 0.98449713 -0.159750342 0.0724251121
vn 0.98385334 -0.162806392 0.074342221
vn 0.983221054 -0.165413097 0.0769082978
vn 0.982970357 -0.168754011 0.0727420747
vn 0.0203537419 0.549957633 0.834944546
vn 0.0199702345 0.547868609 0.836326003
vn 0.0211736485 0.547406793 0.836598814
vn 0.0207316484 0.54702419 0.836860061
vn -0.407264769 -0.30932501 0.859333158
vn -0.284773618 -0.416249603 0.863504648
vn -0.282633454 -0.421166927 0.86182183
vn -0.288640618 -0.420293272 0.860255897
vn -0.717011869 -0.658998132 0.227190465
vn -0.72282958 -0.653893471 0.223474264
vn -0.744684279 -0.632961094 0.211673319
vn -0.7480371 -0.648910582 0.139124557
vn 0.631653547 0.0338217467 0.774512589
vn 0.631838322 0.0333105773 0.774384022
vn 0.631761789 0.0335466675 0.774436295
vn 0.723061144 -0.0753770247 0.686659217
vn 0.726069748 -0.0733053684 0.683702588
vn 0.72748208 -0.0741762444 0.682105303
vn 0.720179737 -0.0826255977 0.688849926
vn 0.534048259 -0.845398486 0.00968784373
vn 0.541113794 -0.840731084 0.0191618316
vn 0.534227371 -0.845331848 0.00389585458
vn 0.543126643 -0.839015722 0.032651104
vn -0.82915318 -0.553946197 0.0751569718
vn 0.166330412 -0.683770835 0.710487008
vn -0.21994108 -0.413362265 0.883604944
vn 0.204084083 -0.750496984 0.628573
vn 0.831493676 -0.555330336 0.0150452536
vn 0.829957366 -0.557749867 0.00925660785
vn 0.830654085 -0.556589365 0.0148948226
vn 0.828969061 -0.559067369 0.0159330126
vn 0.345550746 0.194200531 0.918085396
vn 0.369443119 0.117882989 0.921745837
vn 0.345700175 0.19494465 0.917871416
vn 0.344117939 0.193372369 0.918798149
vn -0.541898489 -0.146295086 0.827613413
vn -0.542808235 -0.145284265 0.827195168
vn -0.541025817 -0.146055147 0.828226507
vn -0.544495404 -0.143926859 0.826323092
vn -0.542997122 -0.144701779 0.827173233
f 1/1/1 2/2/2 3/3/3
f 4/4/4 5/5/5 6/6/6
f 7/7/7 8/8/8 9/9/9
f 8/8/8 10/10/10 9/9/9
f 11/11/11 12/12/12 13/13/13
f 12/12/12 14/14/14 15/15/15
f 14/14/14 12/12/12 11/11/11
f 16/16/16 17/17/17 18/18/18
f 17/17/17 16/16/16 19/19/19
f 20/20/20 21/21/21 22/22/22
f 21/21/21 20/20/20 23/23/23
f 24/24/24 25/25/25 26/26/26
f 26/26/26 27/27/27 24/24/24
f 27/27/27 26/26/26 28/28/28
f 29/29/29 30/30/30 31/31/31
f 32/32/32 33/33/33 34/34/34
f 33/33/33 32/32/32 35/35/35
f 36/36/36 37/37/37 38/38/38
f 39/39/39 37/37/37 40/40/40
f 37/37/37 39/39/39 38/38/38
f 41/41/41 42/42/42 43/43/43
f 42/42/42 44/44/44 43/43/43
f 45/45/45 42/42/42 41/41/41
f 46/46/46 47/47/47 48/48/48
f 49/49/49 50/50/50 51/51/51
f 52/52/52 51/51/51 50/50/50
f 27/27/27 28/28/28 53/53/53
f 54/54/54 55/55/55 56/56/56
f 46/46/46 47/47/47 48/48/48
f 57/57/57 58/58/58 59/59/59
f 59/59/59 58/58/58 60/60/60
f 61/61/61 62/62/62 63/63/63
f 64/64/64 61/61/61 65/65/65
f 62/62/62 61/61/61 64/64/64
f 65/65/65 61/61/61 66/66/66
f 67/67/67 68/68/68 69/69/69
f 68/68/68 67/67/67 70/70/70
f 71/71/71 72/72/72 73/73/73
f 72/72/72 71/71/71 74/74/74
f 75/75/75 76/76/76 77/77/77
f 76/76/76 75/75/75 78/78/78
f 79/79/79 80/80/80 81/81/81
f 80/80/80 79/79/79 82/82/82
f 83/83/83 84/84/84 85/85/85
f 86/86/86 87/87/87 88/88/88
f 87/87/87 86/86/86 89/89/89
f 90/90/90 91/91/91 92/92/92
f 93/93/93 94/94/94 95/95/95
f 91/91/91 96/96/96 92/92/92
f 94/94/94 93/93/93 97/97/97
f 98/98/98 95/95/95 94/94/94
f 91/91/91 90/90/90 95/95/95
f 95/95/95 98/98/98 91/91/91
f 99/99/99 100/100/100 101/101/101
f 102/102/102 103/103/103 104/104/104
f 103/103/103 102/102/102 105/105/105
f 102/102/102 106/106/106 105/105/105
f 107/107/107 108/108/108 109/109/109
f 109/109/109 110/110/110 107/107/107
f 111/111/111 112/112/112 113/113/113
f 114/114/114 115/115/115 116/116/116
f 114/114/114 116/116/116 117/117/117
f 118/118/118 119/119/119 120/120/120
f 120/120/120 121/121/121 118/118/118
f 122/122/122 123/123/123 124/124/124
f 125/125/125 126/126/126 127/127/127
f 126/126/126 125/125/125 128/128/128
f 127/127/127 129/129/129 125/125/125
f 130/130/130 131/131/131 132/132/132
f 131/131/131 130/130/130 133/133/133
f 134/134/134 135/135/135 136/136/136
f 135/135/135 134/134/134 137/137/137
f 136/136/136 135/135/135 138/138/138
f 139/139/139 140/140/140 141/141/141
f 140/140/140 139/139/139 142/142/142
f 143/143/143 144/144/144 145/145/145
f 145/145/145 144/144/144 146/146/146
f 147/147/147 148/148/148 149/149/149
f 150/150/150 151/151/151 152/152/152
f 153/153/153 151/151/151 150/150/150
f 154/154/154 155/155/155 156/156/156
f 155/155/155 154/154/154 157/157/157
f 158/158/158 159/159/159 160/160/160
f 161/161/161 162/162/162 163/163/163
f 164/164/164 165/165/165 166/166/166
f 163/163/163 162/162/162 165/165/165
f 162/162/162 166/166/166 165/165/165
f 161/161/161 163/163/163 167/167/167
f 168/168/168 169/169/169 170/170/170
f 169/169/169 168/168/168 171/171/171
f 168/168/168 172/172/172 171/171/171
f 173/173/173 174/174/174 175/175/175
f 176/176/176 175/175/175 174/174/174
f 175/175/175 176/176/176 177/177/177
f 176/176/176 178/178/178 177/177/177
f 179/179/179 175/175/175 177/177/177
f 177/177/177 180/180/180 179/179/179
f 181/181/181 182/182/182 183/183/183
f 184/184/184 185/185/185 186/186/186
f 187/187/187 184/184/184 188/188/188
f 185/185/185 184/184/184 187/187/187
f 189/189/189 190/190/190 191/191/191
f 190/190/190 189/189/189 192/192/192
f 192/192/192 189/189/189 193/193/193
f 194/194/194 195/195/195 196/196/196
f 197/197/197 198/198/198 199/199/199
f 199/199/199 200/200/200 197/197/197
f 198/198/198 201/201/201 199/199/199
f 202/202/202 203/203/203 204/204/204
f 204/204/204 205/205/205 202/202/202
f 206/206/206 207/207/207 208/208/208
f 207/207/207 206/206/206 209/209/209
f 210/210/210 211/211/211 212/212/212
f 212/212/212 211/211/211 213/213/213
f 214/214/214 215/215/215 216/216/216
f 215/215/215 214/214/214 217/217/217
f 218/218/218 219/219/219 220/220/220
f 221/221/221 222/222/222 223/223/223
f 222/222/222 224/224/224 223/223/223
f 225/225/225 226/226/226 227/227/227
f 225/225/225 227/227/227 228/228/228
f 229/229/229 227/227/227 226/226/226
f 230/230/230 231/231/231 232/232/232
f 233/233/233 234/234/234 235/235/235
f 236/236/236 237/237/237 238/238/238
f 238/238/238 239/239/239 236/236/236
f 237/237/237 236/236/236 240/240/240
f 241/241/241 242/242/242 243/243/243
f 244/244/244 245/245/245 246/246/246
f 247/247/247 248/248/248 249/249/249
f 250/250/250 251/251/251 252/252/252
f 250/250/250 253/253/253 251/251/251
f 254/254/254 255/255/255 256/256/256
f 257/257/257 256/256/256 255/255/255
f 258/258/258 259/259/259 260/260/260
f 260/260/260 261/261/261 258/258/258
f 262/262/262 260/260/260 259/259/259
f 263/263/263 264/264/264 265/265/265
f 264/264/264 263/263/263 266/266/266
f 267/267/267 268/268/268 269/269/269
f 268/268/268 267/267/267 270/270/270
f 271/271/271 272/272/272 273/273/273
f 273/273/273 274/274/274 271/271/271
f 275/275/275 276/276/276 277/277/277
f 278/278/278 279/279/279 280/280/280
f 281/281/281 282/282/282 283/283/283
f 282/282/282 281/281/281 284/284/284
f 285/285/285 286/286/286 287/287/287
f 286/286/286 285/285/285 288/288/288
f 289/289/289 290/290/290 291/291/291
f 290/290/290 289/289/289 292/292/292
f 293/293/293 294/294/294 295/295/295
f 294/294/294 293/293/293 296/296/296
f 297/297/297 298/298/298 299/299/299
f 298/298/298 297/297/297 300/300/300
f 301/301/301 302/302/302 303/303/303
f 302/302/302 301/301/301 304/304/304
f 305/305/305 306/306/306 307/307/307
f 306/306/306 305/305/305 308/308/308
f 309/309/309 310/310/310 311/311/311
f 312/312/312 313/313/313 314/314/314
f 313/313/313 312/312/312 315/315/315
f 316/316/316 317/317/317 318/318/318
f 319/319/319 318/318/318 317/317/317
f 318/318/318 319/319/319 320/320/320
f 321/321/321 322/322/322 323/323/323
f 323/323/323 322/322/322 324/324/324
f 325/325/325 326/326/326 327/327/327
f 326/326/326 325/325/325 328/328/328
f 329/329/329 330/330/330 331/331/331
f 330/330/330 329/329/329 332/332/332
f 333/333/333 334/334/334 335/335/335
f 334/334/334 333/333/333 336/336/336
f 334/334/334 337/337/337 335/335/335
f 338/338/338 339/339/339 340/340/340
f 341/341/341 342/342/342 343/343/343
f 344/344/344 343/343/343 342/342/342
f 345/345/345 346/346/346 347/347/347
f 348/348/348 347/347/347 346/346/346
f 349/349/349 350/350/350 351/351/351
f 351/351/351 350/350/350 352/352/352
f 353/353/353 354/354/354 355/355/355
f 354/354/354 353/353/353 356/356/356
f 355/355/355 354/354/354 357/357/357
f 358/358/358 359/359/359 360/360/360
f 360/360/360 361/361/361 358/358/358
f 360/360/360 359/359/359 362/362/362
f 363/363/363 364/364/364 365/365/365
f 364/364/364 363/363/363 366/366/366
f 367/367/367 368/368/368 369/369/369
f 370/370/370 371/371/371 372/372/372
f 371/371/371 370/370/370 373/373/373
f 374/374/374 375/375/375 376/376/376
f 375/375/375 374/374/374 377/377/377
f 378/378/378 379/379/379 380/380/380
f 380/380/380 379/379/379 381/381/381
f 367/367/367 368/368/368 369/369/369
f 382/382/382 383/383/383 384/384/384
f 383/383/383 382/382/382 385/385/385
f 384/384/384 386/386/386 382/382/382
f 387/387/387 382/382/382 386/386/386
f 388/388/388 389/389/389 390/390/390
f 388/388/388 390/390/390 391/391/391
f 390/390/390 389/389/389 392/392/392
f 393/393/393 394/394/394 395/395/395
f 395/395/395 394/394/394 396/396/396
f 397/397/397 398/398/398 399/399/399
f 399/399/399 398/398/398 400/400/400
f 401/401/401 402/402/402 403/403/403
f 402/402/402 401/401/401 404/404/404
f 405/405/405 406/406/406 407/407/407
f 408/408/408 409/409/409 410/410/410
f 410/410/410 411/411/411 412/412/412
f 409/409/409 413/413/413 414/414/414
f 408/408/408 410/410/410 412/412/412
f 413/413/413 409/409/409 408/408/408
f 415/415/415 416/416/416 417/417/417
f 418/418/418 419/419/419 420/420/420
f 419/419/419 418/418/418 421/421/421
f 422/422/422 423/423/423 424/424/424
f 425/425/425 424/424/424 423/423/423
f 426/426/426 427/427/427 428/428/428
f 427/427/427 426/426/426 429/429/429
f 430/430/430 431/431/431 432/432/432
f 431/431/431 430/430/430 433/433/433
f 434/434/434 435/435/435 436/436/436
f 437/437/437 438/438/438 439/439/439
f 440/440/440 439/439/439 438/438/438
f 441/441/441 442/442/442 443/443/443
f 443/443/443 442/442/442 444/444/444
f 445/445/445 446/446/446 447/447/447
f 446/446/446 445/445/445 448/448/448
f 449/449/449 450/450/450 451/451/451
f 452/452/452 453/453/453 454/454/454
f 454/454/454 453/453/453 455/455/455
f 456/456/456 457/457/457 458/458/458
f 459/459/459 460/460/460 461/461/461
f 461/461/461 460/460/460 462/462/462
f 463/463/463 464/464/464 465/465/465
f 464/464/464 463/463/463 466/466/466
f 467/467/467 468/468/468 469/469/469
f 468/468/468 467/467/467 470/470/470
f 471/471/471 472/472/472 473/473/473
f 473/473/473 474/474/474 471/471/471
f 475/475/475 476/476/476 477/477/477
f 478/478/478 479/479/479 480/480/480
f 481/481/481 480/480/480 479/479/479
f 449/449/449 450/450/450 451/451/451
f 482/482/482 483/483/483 484/484/484
f 483/483/483 482/482/482 485/485/485
f 486/486/486 487/487/487 488/488/488
f 487/487/487 489/489/489 490/490/490
f 487/487/487 486/486/486 489/489/489
f 491/491/491 492/492/492 493/493/493
f 492/492/492 491/491/491 494/494/494
f 495/495/495 496/496/496 497/497/497
f 498/498/498 497/497/497 496/496/496
f 499/499/499 497/497/497 500/500/500
f 499/499/499 500/500/500 501/501/501
f 497/497/497 498/498/498 500/500/500
f 501/501/501 500/500/500 502/502/502
f 503/503/503 504/504/504 505/505/505
f 504/504/504 503/503/503 506/506/506
f 507/507/507 508/508/508 509/509/509
f 509/509/509 510/510/510 507/507/507
f 511/511/511 512/512/512 513/513/513
f 514/514/514 515/515/515 516/516/516
f 516/516/516 517/517/517 514/514/514
f 518/518/518 519/519/519 520/520/520
f 520/520/520 521/521/521 518/518/518
f 522/522/522 523/523/523 524/524/524
f 524/524/524 525/525/525 522/522/522
f 526/526/526 527/527/527 528/528/528
f 528/528/528 529/529/529 526/526/526
f 530/530/530 531/531/531 532/532/532
f 531/531/531 530/530/530 533/533/533
f 534/534/534 535/535/535 536/536/536
f 535/535/535 534/534/534 537/537/537
f 536/536/536 535/535/535 538/538/538
f 539/539/539 540/540/540 541/541/541
f 542/542/542 541/541/541 540/540/540
f 543/543/543 544/544/544 545/545/545
f 546/546/546 547/547/547 548/548/548
f 547/547/547 546/546/546 549/549/549
f 548/548/548 550/550/550 546/546/546
f 551/551/551 552/552/552 553/553/553
f 552/552/552 551/551/551 554/554/554
f 543/543/543 544/544/544 545/545/545
f 555/555/555 556/556/556 557/557/557
f 556/556/556 555/555/555 558/558/558
f 461/461/461 559/559/559 459/459/459
f 560/560/560 561/561/561 562/562/562
f 459/459/459 563/563/563 561/561/561
f 560/560/560 459/459/459 561/561/561
f 563/563/563 459/459/459 559/559/559
f 561/561/561 563/563/563 564/564/564
f 562/562/562 561/561/561 565/565/565
f 566/566/566 567/567/567 568/568/568
f 567/567/567 566/566/566 569/569/569
f 566/566/566 568/568/568 570/570/570
f 571/571/571 572/572/572 573/573/573
f 573/573/573 574/574/574 571/571/571
f 575/575/575 576/576/576 577/577/577
f 577/577/577 578/578/578 575/575/575
f 579/579/579 580/580/580 581/581/581
f 580/580/580 579/579/579 582/582/582
f 583/583/583 582/582/582 579/579/579
f 584/584/584 585/585/585 586/586/586
f 587/587/587 585/585/585 584/584/584
f 588/588/588 589/589/589 590/590/590
f 399/399/399 591/591/591 397/397/397
f 592/592/592 593/593/593 594/594/594
f 595/595/595 594/594/594 596/596/596
f 595/595/595 397/397/397 594/594/594
f 597/597/597 594/594/594 593/593/593
f 596/596/596 594/594/594 598/598/598
f 591/591/591 592/592/592 397/397/397
f 594/594/594 397/397/397 592/592/592
f 599/599/599 600/600/600 601/601/601
f 600/600/600 599/599/599 602/602/602
f 603/603/603 604/604/604 605/605/605
f 603/603/603 605/605/605 606/606/606
f 605/605/605 604/604/604 607/607/607
f 608/608/608 609/609/609 610/610/610
f 609/609/609 608/608/608 611/611/611
f 610/610/610 609/609/609 612/612/612
f 613/613/613 614/614/614 615/615/615
f 616/616/616 617/617/617 615/615/615
f 615/615/615 614/614/614 616/616/616
f 617/617/617 616/616/616 618/618/618
f 619/619/619 620/620/620 621/621/621
f 621/621/621 622/622/622 619/619/619
f 91/91/91 623/623/623 96/96/96
f 96/96/96 623/623/623 624/624/624
f 625/625/625 626/626/626 627/627/627
f 625/625/625 627/627/627 628/628/628
f 625/625/625 629/629/629 630/630/630
f 629/629/629 625/625/625 631/631/631
f 626/626/626 625/625/625 630/630/630
f 632/632/632 633/633/633 634/634/634
f 633/633/633 632/632/632 635/635/635
f 636/636/636 635/635/635 637/637/637
f 635/635/635 636/636/636 638/638/638
f 635/635/635 638/638/638 633/633/633
f 633/633/633 639/639/639 634/634/634
f 633/633/633 640/640/640 639/639/639
f 641/641/641 642/642/642 643/643/643
f 642/642/642 641/641/641 644/644/644
f 645/645/645 646/646/646 647/647/647
f 648/648/648 646/646/646 645/645/645
f 649/649/649 650/650/650 651/651/651
f 652/652/652 651/651/651 650/650/650
f 653/653/653 654/654/654 655/655/655
f 655/655/655 656/656/656 653/653/653
f 657/657/657 658/658/658 659/659/659
f 658/658/658 657/657/657 660/660/660
f 661/661/661 662/662/662 663/663/663
f 662/662/662 661/661/661 664/664/664
f 665/665/665 666/666/666 667/667/667
f 668/668/668 669/669/669 670/670/670
f 669/669/669 668/668/668 671/671/671
f 672/672/672 673/673/673 674/674/674
f 674/674/674 675/675/675 676/676/676
f 675/675/675 674/674/674 673/673/673
f 677/677/677 676/676/676 675/675/675
f 676/676/676 677/677/677 678/678/678
f 497/497/497 679/679/679 495/495/495
f 495/495/495 679/679/679 680/680/680
f 681/681/681 682/682/682 683/683/683
f 684/684/684 685/685/685 686/686/686
f 687/687/687 688/688/688 689/689/689
f 688/688/688 687/687/687 690/690/690
f 691/691/691 692/692/692 693/693/693
f 684/684/684 685/685/685 686/686/686
f 694/694/694 695/695/695 696/696/696
f 696/696/696 697/697/697 694/694/694
f 698/698/698 666/666/666 665/665/665
f 699/699/699 700/700/700 701/701/701
f 702/702/702 703/703/703 704/704/704
f 705/705/705 703/703/703 702/702/702
f 706/706/706 707/707/707 708/708/708
f 707/707/707 706/706/706 709/709/709
f 709/709/709 706/706/706 710/710/710
f 711/711/711 712/712/712 713/713/713
f 714/714/714 715/715/715 716/716/716
f 715/715/715 714/714/714 717/717/717
f 718/718/718 719/719/719 720/720/720
f 718/718/718 720/720/720 721/721/721
f 720/720/720 719/719/719 722/722/722
f 723/723/723 724/724/724 725/725/725
f 726/726/726 727/727/727 728/728/728
f 729/729/729 726/726/726 730/730/730
f 727/727/727 726/726/726 729/729/729
f 731/731/731 732/732/732 733/733/733
f 732/732/732 734/734/734 733/733/733
f 735/735/735 736/736/736 737/737/737
f 736/736/736 735/735/735 738/738/738
f 739/739/739 740/740/740 741/741/741
f 742/742/742 743/743/743 744/744/744
f 743/743/743 742/742/742 745/745/745
f 746/746/746 747/747/747 748/748/748
f 749/749/749 750/750/750 751/751/751
f 752/752/752 753/753/753 754/754/754
f 753/753/753 752/752/752 755/755/755
f 756/756/756 757/757/757 758/758/758
f 759/759/759 757/757/757 756/756/756
f 760/760/760 349/349/349 761/761/761
f 757/757/757 762/762/762 763/763/763
f 762/762/762 757/757/757 349/349/349
f 349/349/349 351/351/351 761/761/761
f 349/349/349 760/760/760 762/762/762
f 759/759/759 349/349/349 757/757/757
f 764/764/764 765/765/765 766/766/766
f 765/765/765 764/764/764 767/767/767
f 768/768/768 769/769/769 770/770/770
f 770/770/770 771/771/771 768/768/768
f 770/770/770 769/769/769 772/772/772
f 773/773/773 774/774/774 775/775/775
f 776/776/776 777/777/777 778/778/778
f 777/777/777 776/776/776 779/779/779
f 780/780/780 781/781/781 782/782/782
f 781/781/781 780/780/780 783/783/783
f 784/784/784 785/785/785 786/786/786
f 785/785/785 784/784/784 787/787/787
f 788/788/788 789/789/789 790/790/790
f 789/789/789 788/788/788 791/791/791
f 788/788/788 792/792/792 791/791/791
f 793/793/793 794/794/794 795/795/795
f 796/796/796 797/797/797 798/798/798
f 799/799/799 800/800/800 801/801/801
f 800/800/800 799/799/799 802/802/802
f 803/803/803 804/804/804 805/805/805
f 805/805/805 806/806/806 803/803/803
f 807/807/807 808/808/808 809/809/809
f 808/808/808 807/807/807 810/810/810
f 811/811/811 812/812/812 813/813/813
f 813/813/813 814/814/814 811/811/811
f 813/813/813 812/812/812 815/815/815
f 816/816/816 817/817/817 818/818/818
f 817/817/817 816/816/816 819/819/819
f 820/820/820 821/821/821 822/822/822
f 823/823/823 824/824/824 825/825/825
f 826/826/826 824/824/824 827/827/827
f 824/824/824 826/826/826 825/825/825
f 824/824/824 823/823/823 828/828/828
f 829/829/829 830/830/830 831/831/831
f 830/830/830 829/829/829 832/832/832
f 833/833/833 834/834/834 835/835/835
f 835/835/835 836/836/836 833/833/833
f 837/837/837 838/838/838 839/839/839
f 839/839/839 838/838/838 840/840/840
f 841/841/841 842/842/842 843/843/843
f 843/843/843 844/844/844 841/841/841
f 845/845/845 173/173/173 846/846/846
f 173/173/173 175/175/175 846/846/846
f 847/847/847 848/848/848 849/849/849
f 849/849/849 848/848/848 850/850/850
f 851/851/851 852/852/852 853/853/853
f 852/852/852 851/851/851 854/854/854
f 855/855/855 856/856/856 857/857/857
f 856/856/856 858/858/858 859/859/859
f 858/858/858 856/856/856 855/855/855
f 860/860/860 861/861/861 862/862/862
f 861/861/861 860/860/860 863/863/863
f 864/864/864 865/865/865 866/866/866
f 867/867/867 868/868/868 869/869/869
f 869/869/869 868/868/868 870/870/870
f 871/871/871 872/872/872 873/873/873
f 871/871/871 873/873/873 874/874/874
f 875/875/875 876/876/876 877/877/877
f 877/877/877 878/878/878 875/875/875
f 879/879/879 880/880/880 881/881/881
f 880/880/880 879/879/879 882/882/882
f 883/883/883 884/884/884 885/885/885
f 886/886/886 887/887/887 888/888/888
f 887/887/887 886/886/886 889/889/889
f 890/890/890 891/891/891 892/892/892
f 891/891/891 890/890/890 893/893/893
f 894/894/894 895/895/895 896/896/896
f 895/895/895 894/894/894 897/897/897
f 898/898/898 899/899/899 900/900/900
f 899/899/899 898/898/898 901/901/901
f 902/902/902 903/903/903 904/904/904
f 902/902/902 905/905/905 903/903/903
f 906/906/906 907/907/907 908/908/908
f 909/909/909 907/907/907 910/910/910
f 907/907/907 909/909/909 908/908/908
