# Extracted from the Cocos Creator 3.8.3 playable build
# Geometry-only OBJ preview for Unity; rig and animation stay in the raw assets.
o shed
v -0.363367379 -2.6121974 1.3922596
v -0.205305874 -2.56090593 0.828348398
v -0.371785104 -2.56090593 1.44276142
v -0.221939981 -2.6121974 0.870854855
v -0.582211792 -2.38832593 -0.32828474
v 0.511093497 -2.38832593 -0.328257561
v -0.035510838 -2.38832593 -0.30366087
v 1.72906446 -2.42946291 -0.389959097
v 1.73498607 -2.38832593 -0.356067657
v -1.79994154 -2.42946291 -0.389959574
v -1.8058629 -2.38832593 -0.356067657
v 0.189176202 2.89750504 1.5809474
v 0.189176202 3.12797666 1.43577909
v 0.107035041 3.13172102 1.58981228
v 0.511029124 -2.38832593 -0.590979576
v -0.035510838 -2.14005375 -0.556555271
v 0.511029124 -2.14005375 -0.590979576
v -0.582155406 -2.38832593 -0.591017962
v -0.582155406 -2.14005375 -0.591017962
v -0.035510838 -2.38832593 -0.556555271
v 1.68122053 -2.38832593 -0.663788795
v 1.68122053 -2.14005375 -0.663788795
v -1.75209737 -2.14005375 -0.663788795
v -1.75209737 -2.38832593 -0.663788795
v 0.41067642 3.12526393 1.52534294
v 0.30607456 3.00487638 0.69030714
v 0.189176202 3.12797666 1.43577909
v 0.107035041 3.13172102 1.58981228
v -0.28805846 3.13520026 1.57539988
v -0.339618981 3.00498343 0.690304995
v 0.269337595 3.14729929 1.57610273
v 0.362616539 3.1313684 1.57754421
v -0.339618981 3.00498343 0.690304995
v -0.341815889 -2.81780219 0.704432487
v -0.381739795 1.2684859 1.40803242
v -0.468138039 -2.74649715 1.57063103
v -0.458376348 -2.87416887 1.46186495
v -0.382463992 1.21364701 1.44806862
v -0.386093438 1.21581721 1.50553799
v -0.446111858 2.96848655 1.5666647
v 0.400093853 3.02663922 1.58615017
v 0.30607456 3.00487638 0.69030714
v 0.41067642 3.12526393 1.52534294
v 0.297785699 -2.81780219 0.704433441
v 0.402282774 -2.90570259 1.5655942
v -0.360800087 2.38009977 1.4204278
v -0.210166514 2.83918953 0.865031242
v -0.365845978 2.80730057 1.45306826
v -0.210166514 2.38009977 0.865031242
v -1.9764061 2.49144197 -2.30215192
v -2.10064411 2.33263516 -2.30215192
v -2.09517169 2.44439077 -2.22903323
v -2.06077647 2.48531818 -2.22524953
v 0.170224249 2.83918953 1.41490555
v 2.31828713 2.38009977 1.37774086
v 2.31828713 2.83918953 1.37774086
v 0.170224249 2.38009977 1.41490555
v 0.400093853 3.02663922 1.58615017
v 0.41067642 3.12526393 1.52534294
v 0.362616539 3.1313684 1.57754421
v -0.334372103 1.22920096 1.43473816
v -0.386093438 1.21581721 1.50553799
v -0.247458637 1.27738333 1.5227046
v -0.382463992 1.21364701 1.44806862
v 0.511029124 2.21900105 -0.590979576
v 1.68122053 1.97072864 -0.663788795
v 0.511029124 1.97072864 -0.590979576
v -0.582155406 2.21900105 -0.591017723
v -1.75209737 1.97072864 -0.663788795
v -1.75209737 2.21900105 -0.663788795
v -0.035510838 2.21900105 -0.556555271
v -0.035510838 1.97072864 -0.556555271
v 1.68122053 2.21900105 -0.663788795
v -0.582155406 1.97072864 -0.591017723
v -2.68603754 -2.15310574 -0.814176083
v -2.72020745 -2.2043972 -0.842657804
v -2.70554471 -2.2043972 -0.774200916
v -2.50318956 -2.15310574 -1.26029706
v -2.53521872 -2.2043972 -1.29399014
v 0.113519371 -2.85247803 1.5312252
v -0.341815889 -2.81780219 0.704432487
v 0.297785699 -2.81780219 0.704433441
v -0.458376348 -2.87416887 1.46186495
v -0.367053092 -2.88800049 1.57602549
v 0.402282774 -2.90570259 1.5655942
v -0.371785104 -2.56090593 1.44276142
v -0.205305874 -2.20439959 0.828350306
v -0.371785104 -2.20439959 1.44275999
v -0.205305874 -2.56090593 0.828348398
v -0.382463992 1.21364701 1.44806862
v -0.334372103 1.22920096 1.43473816
v -0.381739795 1.2684859 1.40803242
v -0.365845978 2.80730057 1.45306826
v -2.49968076 2.40806174 -0.766518831
v -0.360800087 2.38009977 1.4204278
v -2.57916617 2.80730057 -0.857216597
v -2.56812501 2.5267756 -0.836890221
v -2.72020745 -2.2043972 -0.842657804
v -2.53521872 -2.56090355 -1.29399085
v -2.70135212 -2.56753325 -0.810899734
v -2.53521872 -2.2043972 -1.29399014
v 2.14297962 -2.1531105 0.785429478
v 0.146757662 -2.1531105 1.42369699
v 2.36015034 -2.1531105 1.38465548
v 0.0031735301 -2.1531105 0.924696922
v -0.035510838 2.21900105 -0.30366087
v -0.582211792 2.21900105 -0.32828474
v -0.582211792 1.97072864 -0.32828474
v 0.511093497 1.97072864 -0.328257561
v 1.73498607 1.97072864 -0.356067657
v 0.511093497 2.21900105 -0.328257561
v -0.035510838 1.97072864 -0.30366087
v 1.73498607 2.21900105 -0.356067657
v -1.8058629 2.21900105 -0.356067657
v -1.8058629 1.97072864 -0.356067657
v 0.297785699 -2.81780219 0.704433441
v -0.339618981 3.00498343 0.690304995
v 0.30607456 3.00487638 0.69030714
v -0.341815889 -2.81780219 0.704432487
v -0.247458637 1.27738333 1.5227046
v 0.189176202 2.89750504 1.5809474
v -0.378729999 1.40056634 1.52660894
v 0.402282774 -2.90570259 1.5655942
v 0.400093853 3.02663922 1.58615017
v 0.269337595 3.14729929 1.57610273
v 0.362616539 3.1313684 1.57754421
v 0.107035041 3.13172102 1.58981228
v -0.446111858 2.96848655 1.5666647
v 0.113519371 -2.85247803 1.5312252
v -0.386093438 1.21581721 1.50553799
v -0.468138039 -2.74649715 1.57063103
v -0.367053092 -2.88800049 1.57602549
v -2.70135212 -2.56753325 -0.810899734
v -2.50318956 -2.61219501 -1.26029706
v -2.62490058 -2.61219501 -0.756098747
v -2.53521872 -2.56090355 -1.29399085
v 1.68707538 -2.42946291 -0.630278826
v -0.035510838 -2.42946291 -0.522471189
v 0.511029124 -2.38832593 -0.590979576
v -0.582155406 -2.38832593 -0.591017962
v -1.75795245 -2.42946291 -0.630278826
v -1.75209737 -2.38832593 -0.663788795
v -0.035510838 -2.38832593 -0.556555271
v 1.68122053 -2.38832593 -0.663788795
v -0.28805846 3.13520026 1.57539988
v -0.339618981 3.00498343 0.690304995
v -0.446111858 2.96848655 1.5666647
v 2.25830889 -2.61220002 1.3864522
v 2.14297962 -2.61220002 0.785429478
v 2.32544112 -2.61220002 1.28889179
v 0.146757662 -2.61220002 1.42369699
v 0.0031735301 -2.61220002 0.924696922
v 0.0313078165 2.38009977 0.931441307
v 2.10799718 2.83918953 0.796952486
v 2.10799718 2.38009977 0.796952486
v 0.00403469801 2.80730057 0.950037956
v 1.36617577 2.30606747 0.825710297
v 1.34377944 1.9065609 -2.98978043
v 1.36617577 1.98138428 0.825710297
v 1.34377944 2.55802965 -2.98978043
v -2.72020745 -2.2043972 -0.842657804
v -2.70554471 -2.46975279 -0.774199963
v -2.70554471 -2.2043972 -0.774200916
v -2.70135212 -2.56753325 -0.810899734
v -0.035510838 2.26013803 -0.522470951
v 1.68707538 2.26013803 -0.630278826
v 0.511029124 2.21900105 -0.590979576
v -0.035510838 2.21900105 -0.556555271
v -0.582155406 2.21900105 -0.591017723
v -1.75795245 2.26013803 -0.630278826
v -1.75209737 2.21900105 -0.663788795
v 1.68122053 2.21900105 -0.663788795
v -2.49968076 2.40806174 -0.766518831
v -2.47294831 2.33538079 -0.855745792
v -0.360800087 2.38009977 1.4204278
v 1.67269814 2.3472476 0.825710297
v 1.37779641 2.59916592 -2.98978043
v 1.40019274 2.3472476 0.825710297
v 1.90946448 2.59916592 -2.98978043
v 1.40019274 1.94024777 0.825710297
v 1.37779641 1.86541963 -2.98978043
v 1.67269814 1.94024777 0.825710297
v 1.90946448 1.86541963 -2.98978043
v 1.67269814 -2.58308721 0.825710297
v 1.94352973 -2.61677384 -2.98978043
v 1.70676339 -2.54194593 0.825710297
v 1.90946448 -2.65791535 -2.98978043
v 1.70676339 2.30606747 0.825710297
v 1.94352973 1.9065609 -2.98978043
v 1.94352973 2.55798554 -2.98978043
v 1.70676339 1.98138905 0.825710297
v 0.189176202 3.12797666 1.43577909
v 0.189176202 2.89750504 1.5809474
v 0.269337595 3.14729929 1.57610273
v -1.93307042 -2.46718359 -0.308988571
v -1.63820076 -2.71910191 -2.9897809
v -1.66060495 -2.46718359 -0.308988571
v -2.16983676 -2.71910191 -2.9897809
v -1.66060495 2.34942746 -0.519105196
v -1.63820076 2.60134077 -2.98978043
v -1.9764061 2.49144197 -2.30215192
v -2.06077647 2.48531818 -2.22524953
v -1.93306231 2.34942746 -0.519105196
v -2.07324219 2.49858022 -2.39176631
v -2.16982055 2.60134077 -2.98978043
v -1.63820076 1.8675971 -2.98978043
v -1.66060495 1.94242764 -0.519105196
v -1.93306231 1.94242764 -0.519105196
v -2.16982055 1.8675971 -2.98978043
v -1.66060495 -2.06018376 -0.308988571
v -1.63820076 -1.98535323 -2.9897809
v -1.93307042 -2.06018376 -0.308988571
v -2.16983676 -1.98535323 -2.9897809
v -1.96717572 1.98357129 -0.519105196
v -2.09517169 2.44439077 -2.22903323
v -2.10064411 2.33263516 -2.30215192
v -2.20393395 1.908741 -2.98978043
v -2.10702562 2.45700336 -2.38735628
v -2.20393395 2.56011438 -2.98977995
v -1.96717572 2.30820107 -0.519105196
v -1.62658834 2.30820107 -0.519105196
v -1.60418367 1.908741 -2.98978043
v -1.60418367 2.56011438 -2.98978043
v -1.62658834 1.98357129 -0.519105196
v -1.96717572 -2.42596936 -0.308988571
v -2.20394206 -2.02649713 -2.9897809
v -2.20394206 -2.67788768 -2.9897809
v -1.96717572 -2.10132742 -0.308988571
v 1.36617577 -2.5419507 0.825710297
v 1.34377944 -2.61677384 -2.98978043
v 1.40019274 -2.58308721 0.825710297
v 1.37779641 -2.65791535 -2.98978043
v 1.40019274 -2.58308721 0.825710297
v 1.37779641 -2.65791535 -2.98978043
v 1.67269814 -2.58308721 0.825710297
v 1.90946448 -2.65791535 -2.98978043
v 1.40019274 -2.17608738 0.825710297
v 1.34377944 -1.96530545 -2.98978043
v 1.36617577 -2.21726751 0.825710297
v 1.37779641 -1.92416894 -2.98978043
v -1.62658834 -2.42596936 -0.308988571
v -1.60418367 -2.02649713 -2.9897809
v -1.62658834 -2.10132742 -0.308988571
v -1.60418367 -2.67788768 -2.9897809
v 1.67269814 1.94024777 0.825710297
v 1.94352973 1.9065609 -2.98978043
v 1.70676339 1.98138905 0.825710297
v 1.90946448 1.86541963 -2.98978043
v 1.70676339 2.30606747 0.825710297
v 1.94352973 2.55798554 -2.98978043
v 1.67269814 2.3472476 0.825710297
v 1.90946448 2.59916592 -2.98978043
v -1.66060495 1.94242764 -0.519105196
v -1.60418367 1.908741 -2.98978043
v -1.62658834 1.98357129 -0.519105196
v -1.63820076 1.8675971 -2.98978043
v -1.96717572 1.98357129 -0.519105196
v -2.20393395 1.908741 -2.98978043
v -1.93306231 1.94242764 -0.519105196
v -2.16982055 1.8675971 -2.98978043
v -1.93306231 2.34942746 -0.519105196
v -2.09517169 2.44439077 -2.22903323
v -1.96717572 2.30820107 -0.519105196
v -2.06077647 2.48531818 -2.22524953
v -1.63820076 2.60134077 -2.98978043
v -1.66060495 2.34942746 -0.519105196
v -1.60418367 2.56011438 -2.98978043
v -1.62658834 2.30820107 -0.519105196
v 1.70676339 -2.21726751 0.825710297
v 1.94352973 -2.61677384 -2.98978043
v 1.94352973 -1.9653492 -2.98978043
v 1.70676339 -2.54194593 0.825710297
v 1.67269814 -2.17608738 0.825710297
v 1.37779641 -1.92416894 -2.98978043
v 1.40019274 -2.17608738 0.825710297
v 1.90946448 -1.92416894 -2.98978043
v 1.70676339 -2.21726751 0.825710297
v 1.94352973 -1.9653492 -2.98978043
v 1.67269814 -2.17608738 0.825710297
v 1.90946448 -1.92416894 -2.98978043
v -1.62658834 -2.10132742 -0.308988571
v -1.60418367 -2.02649713 -2.9897809
v -1.66060495 -2.06018376 -0.308988571
v -1.63820076 -1.98535323 -2.9897809
v -1.93307042 -2.06018376 -0.308988571
v -2.20394206 -2.02649713 -2.9897809
v -1.96717572 -2.10132742 -0.308988571
v -2.16983676 -1.98535323 -2.9897809
v -1.96717572 -2.42596936 -0.308988571
v -2.20394206 -2.67788768 -2.9897809
v -1.93307042 -2.46718359 -0.308988571
v -2.16983676 -2.71910191 -2.9897809
v -1.66060495 -2.46718359 -0.308988571
v -1.60418367 -2.67788768 -2.9897809
v -1.62658834 -2.42596936 -0.308988571
v -1.63820076 -2.71910191 -2.9897809
v -2.20393395 2.56011438 -2.98977995
v -2.10702562 2.45700336 -2.38735628
v -2.07324219 2.49858022 -2.39176631
v -2.16982055 2.60134077 -2.98978043
v 0.170224249 2.38009977 1.41490555
v 0.170224249 2.83918953 1.41490555
v 0.133036613 2.80730057 1.39835501
v 0.133036613 2.4119885 1.39835501
v 1.36617577 -2.21726751 0.825710297
v 1.34377944 -2.61677384 -2.98978043
v 1.36617577 -2.5419507 0.825710297
v 1.34377944 -1.96530545 -2.98978043
v -0.035510838 -2.42946291 -0.522471189
v -1.79994154 -2.42946291 -0.389959574
v -1.75795245 -2.42946291 -0.630278826
v 1.72906446 -2.42946291 -0.389959097
v 1.68707538 -2.42946291 -0.630278826
v 1.68707538 -2.09891629 -0.630278826
v -0.035510838 -2.09891629 -0.522471189
v 1.72906446 -2.09891629 -0.389959097
v -1.79994154 -2.09891629 -0.389959335
v -1.75795245 -2.09891629 -0.630278826
v 0.511093497 -2.38832593 -0.328257561
v 1.73498607 -2.14005375 -0.356067657
v 0.511093497 -2.14005375 -0.328257561
v -0.582211792 -2.38832593 -0.32828474
v -1.8058629 -2.14005375 -0.356067657
v -1.8058629 -2.38832593 -0.356067657
v -0.035510838 -2.38832593 -0.30366087
v -0.035510838 -2.14005375 -0.30366087
v 1.73498607 -2.38832593 -0.356067657
v -0.582211792 -2.14005375 -0.32828474
v 1.72906446 1.92959142 -0.389959097
v -1.79994154 1.92959142 -0.389959335
v -0.035510838 1.92959142 -0.522470951
v 1.68707538 1.92959142 -0.630278826
v -1.75795245 1.92959142 -0.630278826
v -0.035510838 2.26013803 -0.522470951
v 1.72906446 2.26013803 -0.389959097
v 1.68707538 2.26013803 -0.630278826
v -1.79994154 2.26013803 -0.389959574
v -1.75795245 2.26013803 -0.630278826
v 1.40019274 2.3472476 0.825710297
v 1.34377944 2.55802965 -2.98978043
v 1.36617577 2.30606747 0.825710297
v 1.37779641 2.59916592 -2.98978043
v 0.511029124 -2.14005375 -0.590979576
v 1.68707538 -2.09891629 -0.630278826
v 1.68122053 -2.14005375 -0.663788795
v -0.035510838 -2.09891629 -0.522471189
v -0.035510838 -2.14005375 -0.556555271
v -0.582155406 -2.14005375 -0.591017962
v -1.75795245 -2.09891629 -0.630278826
v -1.75209737 -2.14005375 -0.663788795
v 1.68707538 1.92959142 -0.630278826
v 0.511029124 1.97072864 -0.590979576
v 1.68122053 1.97072864 -0.663788795
v -0.035510838 1.92959142 -0.522470951
v -1.75795245 1.92959142 -0.630278826
v -0.582155406 1.97072864 -0.591017723
v -1.75209737 1.97072864 -0.663788795
v -0.035510838 1.97072864 -0.556555271
v 0.511093497 -2.14005375 -0.328257561
v -0.582211792 -2.14005375 -0.32828474
v -0.035510838 -2.14005375 -0.30366087
v -1.79994154 -2.09891629 -0.389959335
v -1.8058629 -2.14005375 -0.356067657
v 1.72906446 -2.09891629 -0.389959097
v 1.73498607 -2.14005375 -0.356067657
v 1.72906446 1.92959142 -0.389959097
v -0.582211792 1.97072864 -0.32828474
v -1.79994154 1.92959142 -0.389959335
v 1.73498607 1.97072864 -0.356067657
v 0.511093497 1.97072864 -0.328257561
v -1.8058629 1.97072864 -0.356067657
v -0.035510838 1.97072864 -0.30366087
v 0.511093497 2.21900105 -0.328257561
v -0.582211792 2.21900105 -0.32828474
v -0.035510838 2.21900105 -0.30366087
v 1.72906446 2.26013803 -0.389959097
v -1.79994154 2.26013803 -0.389959574
v 1.73498607 2.21900105 -0.356067657
v -1.8058629 2.21900105 -0.356067657
v 2.10799718 2.38009977 0.796952486
v 2.14553881 2.80730057 0.810219288
v 2.14553881 2.4119885 0.810221434
v 2.10799718 2.83918953 0.796952486
v 1.36617577 1.98138428 0.825710297
v 1.34377944 1.9065609 -2.98978043
v 1.40019274 1.94024777 0.825710297
v 1.37779641 1.86541963 -2.98978043
v -1.9764061 2.49144197 -2.30215192
v -2.10702562 2.45700336 -2.38735628
v -2.10064411 2.33263516 -2.30215192
v -2.07324219 2.49858022 -2.39176631
v -2.47294831 2.33538079 -0.855745792
v -2.56812501 2.5267756 -0.836890221
v -2.38200974 2.4119885 -1.33824086
v -2.49968076 2.40806174 -0.766518831
v 2.31828713 2.83918953 1.37774086
v 2.14553881 2.4119885 0.810221434
v 2.14553881 2.80730057 0.810219288
v 2.31828713 2.38009977 1.37774086
v 0.133036613 2.4119885 1.39835501
v 0.00403469801 2.80730057 0.950037956
v 0.0313078165 2.38009977 0.931441307
v 0.133036613 2.80730057 1.39835501
v 2.31828713 2.38009977 1.37774086
v 2.10799718 2.38009977 0.796952486
v 2.14553881 2.4119885 0.810221434
v 0.133036613 2.4119885 1.39835501
v 0.0313078165 2.38009977 0.931441307
v 0.170224249 2.38009977 1.41490555
v 2.31828713 2.83918953 1.37774086
v 2.14553881 2.80730057 0.810219288
v 2.10799718 2.83918953 0.796952486
v 0.170224249 2.83918953 1.41490555
v 0.00403469801 2.80730057 0.950037956
v 0.133036613 2.80730057 1.39835501
v -2.38200974 2.80730057 -1.33823943
v -2.56812501 2.5267756 -0.836890221
v -2.57916617 2.80730057 -0.857216597
v -2.38200974 2.4119885 -1.33824086
v -0.210166514 2.38009977 0.865031242
v -2.38200974 2.80730057 -1.33823943
v -0.210166514 2.83918953 0.865031242
v -2.38200974 2.4119885 -1.33824086
v -2.57916617 2.80730057 -0.857216597
v -0.210166514 2.83918953 0.865031242
v -2.38200974 2.80730057 -1.33823943
v -0.365845978 2.80730057 1.45306826
v -0.446111858 2.96848655 1.5666647
v 0.107035041 3.13172102 1.58981228
v -0.28805846 3.13520026 1.57539988
v -0.371785104 -2.56090593 1.44276142
v -2.65089393 -2.56090355 -0.722287893
v -0.363367379 -2.6121974 1.3922596
v -2.62490058 -2.61219501 -0.756098747
v -2.70135212 -2.56753325 -0.810899734
v -2.38200974 2.4119885 -1.33824086
v -0.210166514 2.38009977 0.865031242
v -2.47294831 2.33538079 -0.855745792
v -0.360800087 2.38009977 1.4204278
v 2.10799718 2.83918953 0.796952486
v 0.170224249 2.83918953 1.41490555
v 2.31828713 2.83918953 1.37774086
v 0.00403469801 2.80730057 0.950037956
v 0.170224249 2.38009977 1.41490555
v 2.10799718 2.38009977 0.796952486
v 2.31828713 2.38009977 1.37774086
v 0.0313078165 2.38009977 0.931441307
v 0.146757662 -2.61220002 1.42369699
v 2.25830889 -2.61220002 1.3864522
v 0.146757662 -2.1531105 1.42369699
v 2.36015034 -2.1531105 1.38465548
v 2.36015034 -2.48902416 1.38465548
v 0.0031735301 -2.61220002 0.924696922
v 2.14297962 -2.1531105 0.785429478
v 2.14297962 -2.61220002 0.785429478
v 0.0031735301 -2.1531105 0.924696922
v 0.146757662 -2.61220002 1.42369699
v 0.146757662 -2.1531105 1.42369699
v 0.0031735301 -2.1531105 0.924696922
v 0.0031735301 -2.61220002 0.924696922
v 2.36015034 -2.48902416 1.38465548
v 2.25830889 -2.61220002 1.3864522
v 2.32544112 -2.61220002 1.28889179
v 2.14297962 -2.1531105 0.785429478
v 2.36015034 -2.48902416 1.38465548
v 2.32544112 -2.61220002 1.28889179
v 2.14297962 -2.61220002 0.785429478
v 2.36015034 -2.1531105 1.38465548
v -2.50318956 -2.61219501 -1.26029706
v -0.221939981 -2.6121974 0.870854855
v -2.62490058 -2.61219501 -0.756098747
v -0.363367379 -2.6121974 1.3922596
v -2.48814058 -2.56090355 -1.3042841
v -0.205305874 -2.20439959 0.828350306
v -0.205305874 -2.56090593 0.828348398
v -2.48814058 -2.2043972 -1.30428171
v -2.65089393 -2.56090355 -0.722287893
v -2.70554471 -2.46975279 -0.774199963
v -2.70135212 -2.56753325 -0.810899734
v -0.371785104 -2.20439959 1.44275999
v -2.70554471 -2.2043972 -0.774200916
v -0.371785104 -2.56090593 1.44276142
v -2.50318956 -2.15310574 -1.26029706
v -2.48814058 -2.2043972 -1.30428171
v -2.53521872 -2.2043972 -1.29399014
v -0.371785104 -2.20439959 1.44275999
v -0.205305874 -2.20439959 0.828350306
v -0.363367379 -2.15310812 1.3922596
v -0.221939981 -2.15310812 0.870854855
v -2.50318956 -2.61219501 -1.26029706
v -2.53521872 -2.56090355 -1.29399085
v -2.48814058 -2.56090355 -1.3042841
v -2.70554471 -2.2043972 -0.774200916
v -0.363367379 -2.15310812 1.3922596
v -2.68603754 -2.15310574 -0.814176083
v -0.371785104 -2.20439959 1.44275999
v -0.221939981 -2.6121974 0.870854855
v -2.50318956 -2.61219501 -1.26029706
v -0.205305874 -2.56090593 0.828348398
v -2.48814058 -2.56090355 -1.3042841
v -2.53521872 -2.56090355 -1.29399085
v -2.53521872 -2.2043972 -1.29399014
v -2.48814058 -2.56090355 -1.3042841
v -2.48814058 -2.2043972 -1.30428171
v -2.50318956 -2.15310574 -1.26029706
v -0.205305874 -2.20439959 0.828350306
v -2.48814058 -2.2043972 -1.30428171
v -0.221939981 -2.15310812 0.870854855
v -2.68603754 -2.15310574 -0.814176083
v -0.221939981 -2.15310812 0.870854855
v -2.50318956 -2.15310574 -1.26029706
v -0.363367379 -2.15310812 1.3922596
v -0.468138039 -2.74649715 1.57063103
v -0.458376348 -2.87416887 1.46186495
v -0.367053092 -2.88800049 1.57602549
v -0.378729999 1.40056634 1.52660894
v -0.381739795 1.2684859 1.40803242
v -0.247458637 1.27738333 1.5227046
v -0.334372103 1.22920096 1.43473816
v -0.446111858 2.96848655 1.5666647
v -0.582215488 -2.31670213 0.955387115
v 1.51744199 -2.31670308 -0.365273476
v 1.51744199 -2.31670308 0.955414295
v -1.59575343 -2.31670189 -0.365300655
v 0.216207862 2.49520802 0.929394245
v 1.88973999 2.54019833 0.918112278
v 1.92945457 2.48710632 0.902367592
v 0.2295748 2.54011822 0.964426994
v 1.91681194 -1.02842677 1.24481297
v 1.70151639 -1.09064233 0.883481503
v 1.74205184 -1.03901494 0.865125656
v 1.86983037 -1.08076453 1.24982309
v -0.32622689 -2.09711599 1.45958471
v -2.53762388 -2.11827564 -0.798035383
v -0.252688587 -2.08553505 0.970620632
v -2.38586354 -2.10669446 -1.25720525
v 1.70151639 -1.09064233 0.883481503
v 0.0465578437 -1.05863428 0.853647232
v 0.0741769671 -1.00135028 0.82230711
v 1.74205184 -1.03901494 0.865125656
v 0.291371763 1.43430424 1.37194109
v 1.87309766 1.60340703 0.930942059
v 1.9966917 1.56855977 1.27247763
v 0.167528331 1.43013656 0.970488071
v -0.32622689 -0.928561091 1.45958471
v -2.53364825 -0.91080296 -0.79727602
v -0.32622689 -2.09711599 1.45958471
v -2.53762388 -2.11827564 -0.798035383
v 0.26124984 -1.04057205 1.27787018
v 1.70151639 -1.09064233 0.883481503
v 1.86983037 -1.08076453 1.24982309
v 0.0465578437 -1.05863428 0.853647232
v -0.140724242 0.307411164 0.789879799
v -1.98238564 0.402221113 -1.14291096
v -0.140724242 1.33592749 0.789879799
v -1.96191263 1.66142821 -1.13900399
v 1.88973999 2.54019833 0.918112278
v 2.0475924 2.54428577 1.24987459
v 2.08954406 2.49091387 1.23821306
v 1.92945457 2.48710632 0.902367592
v 1.71483505 0.174544901 0.877234221
v 0.255793631 0.3056449 1.27809048
v 1.88329399 0.184449464 1.24387693
v 0.0828200579 0.300623268 0.856461525
v 1.51744366 2.21501207 0.955414295
v -0.582213819 2.04235268 0.955387115
v 1.51744366 2.04235148 0.955414295
v -0.5822137 2.2150135 0.955387115
v -0.34488219 1.35921085 0.944829941
v -2.14225793 1.47618997 -1.15213346
v -0.34488219 2.63554096 0.944829941
v -2.32977343 2.58114505 -1.1551826
v -1.595752 2.04235339 -0.365300417
v 1.51744366 2.21501207 -0.365273476
v 1.51744366 2.04235148 -0.365273476
v -1.595752 2.21501398 -0.365300417
v 1.88329399 0.184449464 1.24387693
v 1.86983037 -1.08076453 1.24982309
v 1.92852116 0.126980513 1.23840237
v 0.26124984 -1.04057205 1.27787018
v 0.255793631 0.3056449 1.27809048
v 1.91681194 -1.02842677 1.24481297
v 1.87309766 1.60340703 0.930942059
v 0.167528331 1.43013656 0.970488071
v 1.86177492 1.63588452 0.894394398
v -2.38188004 -0.899222016 -1.25644541
v -0.252688587 -0.916980147 0.970620632
v -0.252688587 -2.08553505 0.970620632
v -2.38586354 -2.10669446 -1.25720525
v -0.252688587 -0.916980147 0.970620632
v -2.38188004 -0.899222016 -1.25644541
v -2.53364825 -0.91080296 -0.79727602
v -0.32622689 -0.928561091 1.45958471
v -2.43971062 2.58114505 -0.93411541
v -0.34488219 2.63554096 0.944829941
v -2.32977343 2.58114505 -1.1551826
v -0.404514253 2.63554096 1.29541159
v 1.91618419 1.66311431 0.913571835
v 1.87309766 1.60340703 0.930942059
v 1.86177492 1.63588452 0.894394398
v 2.04092884 1.62770486 1.25758696
v 1.9966917 1.56855977 1.27247763
v -0.404514253 1.35921085 1.29541159
v -2.2308445 1.54396892 -0.914484024
v -0.34488219 1.35921085 0.944829941
v -2.14225793 1.47618997 -1.15213346
v -0.404514253 2.63554096 1.29541159
v -2.2308445 1.54396892 -0.914484024
v -0.404514253 1.35921085 1.29541159
v -2.43971062 2.58114505 -0.93411541
v 2.08954406 2.49091387 1.23821306
v 2.04092884 1.62770486 1.25758696
v 1.91618419 1.66311431 0.913571835
v 1.92945457 2.48710632 0.902367592
v -0.336399972 0.305245847 1.32475042
v -2.14369845 0.400033981 -0.892267704
v -0.140724242 0.307411164 0.789879799
v -1.98238564 0.402221113 -1.14291096
v -0.336399972 1.33375978 1.32475042
v -2.14369845 0.400033981 -0.892267704
v -0.336399972 0.305245847 1.32475042
v -2.12321734 1.65923858 -0.827507496
v -1.96191263 1.66142821 -1.13900399
v -2.14369845 0.400033981 -0.892267704
v -2.12321734 1.65923858 -0.827507496
v -1.98238564 0.402221113 -1.14291096
v -2.38188004 -0.899222016 -1.25644541
v -2.38586354 -2.10669446 -1.25720525
v -2.53364825 -0.91080296 -0.79727602
v -2.53762388 -2.11827564 -0.798035383
v 1.88973999 2.54019833 0.918112278
v 0.353152692 2.54427838 1.36500025
v 2.0475924 2.54428577 1.24987459
v 0.2295748 2.54011822 0.964426994
v -2.32977343 2.58114505 -1.1551826
v -2.2308445 1.54396892 -0.914484024
v -2.43971062 2.58114505 -0.93411541
v -2.14225793 1.47618997 -1.15213346
v -2.12321734 1.65923858 -0.827507496
v -0.140724242 1.33592749 0.789879799
v -1.96191263 1.66142821 -1.13900399
v -0.336399972 1.33375978 1.32475042
v 2.0475924 2.54428577 1.24987459
v 1.9966917 1.56855977 1.27247763
v 2.04092884 1.62770486 1.25758696
v 2.08954406 2.49091387 1.23821306
v 0.291371763 1.43430424 1.37194109
v 1.9966917 1.56855977 1.27247763
v 0.353152692 2.54427838 1.36500025
v 2.0475924 2.54428577 1.24987459
v 1.74205184 -1.03901494 0.865125656
v 1.75376093 0.116392344 0.858715296
v 1.91681194 -1.02842677 1.24481297
v 1.92852116 0.126980513 1.23840237
v 0.0741769671 -1.00135028 0.82230711
v 1.70327067 0.138597935 0.840236664
v 1.74205184 -1.03901494 0.865125656
v 0.0689541101 0.26529184 0.822307825
v 1.75376093 0.116392344 0.858715296
v 1.86177492 1.63588452 0.894394398
v 1.92945457 2.48710632 0.902367592
v 1.91618419 1.66311431 0.913571835
v 0.216207862 2.49520802 0.929394245
v 0.167528331 1.43013656 0.970488071
v 1.70327067 0.138597935 0.840236664
v 0.0689541101 0.26529184 0.822307825
v 0.0828200579 0.300623268 0.856461525
v 1.71483505 0.174544901 0.877234221
v -0.5822137 2.2150135 0.955387115
v 1.51744366 2.21501207 0.955414295
v 1.51744366 2.21501207 -0.365273476
v -1.595752 2.21501398 -0.365300417
v 1.51744199 -2.31670308 0.955414295
v 1.51744199 -2.14404225 -0.365273476
v 1.51744199 -2.14404225 0.955414295
v 1.51744199 -2.31670308 -0.365273476
v -0.582215488 -2.1440413 0.955387115
v -1.59575343 -2.31670189 -0.365300655
v -0.582215488 -2.31670213 0.955387115
v -1.59575343 -2.1440413 -0.365300655
v -1.59575343 -2.31670189 -0.365300655
v 1.51744199 -2.14404225 -0.365273476
v 1.51744199 -2.31670308 -0.365273476
v -1.59575343 -2.1440413 -0.365300655
v 1.51744199 -2.14404225 0.955414295
v -0.582215488 -2.1440413 0.955387115
v -0.582215488 -2.31670213 0.955387115
v 1.51744199 -2.31670308 0.955414295
v 1.51744199 -2.14404225 -0.365273476
v -0.582215488 -2.1440413 0.955387115
v 1.51744199 -2.14404225 0.955414295
v -1.59575343 -2.1440413 -0.365300655
v 1.51744366 2.04235148 0.955414295
v 1.51744366 2.04235148 -0.365273476
v 1.51744366 2.21501207 0.955414295
v 1.51744366 2.21501207 -0.365273476
v -0.5822137 2.2150135 0.955387115
v -1.595752 2.04235339 -0.365300417
v -0.582213819 2.04235268 0.955387115
v -1.595752 2.21501398 -0.365300417
v 0.761039436 -2.37688589 0.955414295
v -0.035510838 -2.38832593 -0.30366087
v 0.761039495 -2.37688589 -0.365273714
v -0.0355103612 -2.37688565 0.980010986
v 0.773682117 -2.29076815 0.955413818
v -0.0355103612 -2.29076791 -0.340676785
v -0.0355103612 -2.29076791 0.980010986
v 0.773682177 -2.29076815 -0.365273476
v -0.0355103612 -2.29076791 0.980010986
v 0.761039436 -2.37688589 0.955414295
v 0.773682117 -2.29076815 0.955413818
v -0.0355103612 -2.37688565 0.980010986
v -0.0355103612 -2.29076791 0.980010986
v -0.035510838 -2.38832593 -0.30366087
v -0.0355103612 -2.37688565 0.980010986
v -0.0355103612 -2.29076791 -0.340676785
v 0.761039495 -2.37688589 -0.365273714
v -0.035510838 -2.38832593 -0.30366087
v -0.0355103612 -2.29076791 -0.340676785
v 0.773682177 -2.29076815 -0.365273476
v 0.773682117 -2.29076815 0.955413818
v 0.761039495 -2.37688589 -0.365273714
v 0.773682177 -2.29076815 -0.365273476
v 0.761039436 -2.37688589 0.955414295
v 0.761041224 2.2752018 0.955414295
v -0.0355085731 2.27520204 -0.340676785
v -0.0355085731 2.27520204 0.980010986
v 0.761041164 2.2752018 -0.365273476
v 0.773683786 2.18908358 0.955413818
v -0.035510838 2.21900105 -0.30366087
v 0.773683846 2.18908358 -0.365273476
v -0.0355085731 2.18908429 0.980010986
v -0.0355085731 2.18908429 0.980010986
v 0.761041224 2.2752018 0.955414295
v -0.0355085731 2.27520204 0.980010986
v 0.773683786 2.18908358 0.955413818
v -0.0355085731 2.27520204 0.980010986
v -0.035510838 2.21900105 -0.30366087
v -0.0355085731 2.18908429 0.980010986
v -0.0355085731 2.27520204 -0.340676785
v -0.035510838 2.21900105 -0.30366087
v 0.761041164 2.2752018 -0.365273476
v 0.773683846 2.18908358 -0.365273476
v -0.0355085731 2.27520204 -0.340676785
v 0.773683786 2.18908358 0.955413818
v 0.761041164 2.2752018 -0.365273476
v 0.761041224 2.2752018 0.955414295
v 0.773683846 2.18908358 -0.365273476
v -0.582213819 2.04235268 0.955387115
v 1.51744366 2.04235148 -0.365273476
v 1.51744366 2.04235148 0.955414295
v -1.595752 2.04235339 -0.365300417
v 1.71483505 0.174544901 0.877234221
v 1.75376093 0.116392344 0.858715296
v 1.70327067 0.138597935 0.840236664
v 1.92852116 0.126980513 1.23840237
v 1.88329399 0.184449464 1.24387693
v 1.91239285 1.59045577 0.852937698
v 0.291370749 1.43430364 1.37194109
v 2.09231949 1.58328342 1.21046352
v 0.11424458 1.41881788 0.887590885
v 0.286791742 -2.24935913 1.26520348
v 1.83784056 -2.19360304 0.850007296
v 1.98434591 -2.23017526 1.15680552
v 0.0651224852 -2.21170902 0.885451555
v -0.302971542 -0.89890635 1.36727095
v -2.05232763 -0.369185507 -0.716057301
v -2.21815491 -0.907134652 -0.899440765
v -2.20965695 0.358480841 -0.906261444
v -2.20467544 -0.36570394 -0.905310392
v -0.302971542 0.336238712 1.36727095
v -2.21816301 -0.467447847 -0.899441242
v 1.90502119 -1.5973357 0.910416603
v 2.09466934 -1.64051843 1.22605371
v 2.06511879 -1.68292725 1.18864393
v 1.90580988 -1.64889991 0.93273735
v 0.0465568304 -2.1639111 0.853647232
v 1.88549805 -2.15560985 0.849234343
v 1.83784056 -2.19360304 0.850007296
v 0.0651224852 -2.21170902 0.885451555
v 1.57869387 -1.74136198 0.908517838
v 1.90502119 -1.5973357 0.910416603
v 1.90580988 -1.64889991 0.93273735
v 1.89763367 -1.12437594 0.913038254
v 1.43181849 -1.71176755 0.882994175
v 0.0465568304 -1.058635 0.853647232
v 1.88549805 -2.15560985 0.849234343
v 0.0465568304 -2.1639111 0.853647232
v 1.8471756 -1.87051558 0.862084627
v 1.89387536 0.238871723 0.848323822
v 2.08203483 0.231772333 1.22150278
v 2.03271961 0.181886941 1.22681713
v 1.84035945 0.215600461 0.833380222
v 2.01885366 -1.90350425 1.12794876
v 1.88549805 -2.15560985 0.849234343
v 1.8471756 -1.87051558 0.862084627
v 2.01891804 -2.18856668 1.12809086
v 2.0581255 -1.11042786 1.19618082
v 1.89763367 -1.12437594 0.913038254
v 1.90572953 -1.07822025 0.951420784
v 2.08686328 -1.15933025 1.22870064
v 1.89763367 -1.12437594 0.913038254
v 0.0465568304 -1.058635 0.853647232
v 0.0684863925 -1.01771498 0.891222715
v 1.90572953 -1.07822025 0.951420784
v 2.08686328 -1.15933025 1.22870064
v 0.293825269 -1.10063517 1.27725887
v 1.3098743 -1.8099035 1.20530748
v 0.286791742 -2.24935913 1.26520348
v 1.98434591 -2.23017526 1.15680552
v 2.09466934 -1.64051843 1.22605371
v 1.99492836 -1.90928245 1.16699934
v 1.91239285 1.59045577 0.852937698
v 2.09231949 1.58328342 1.21046352
v 2.13621068 1.53463638 1.20471954
v 1.94805145 1.54173577 0.831540346
v -1.9399519 -0.395743698 -1.01927137
v -2.04132652 -0.904816031 -1.1799922
v -2.04132652 -0.465129256 -1.1799922
v -0.628767788 -0.739978194 0.158230066
v -2.03448629 0.360796958 -1.18887401
v -0.16086024 0.33853057 0.824051619
v -2.02949691 -0.36338535 -1.18792272
v 1.90572953 -1.07822025 0.951420784
v 0.261248887 -1.04057264 1.27787018
v 2.0581255 -1.11042786 1.19618082
v 0.0684863925 -1.01771498 0.891222715
v 1.84035945 0.215600461 0.833380222
v 1.94805145 1.54173577 0.831540346
v 1.89387536 0.238871723 0.848323822
v 0.0989140868 1.37472284 0.853475332
v 0.0908423662 0.357938319 0.844974995
v 2.08686328 -1.15933025 1.22870064
v 1.90502119 -1.5973357 0.910416603
v 1.89763367 -1.12437594 0.913038254
v 2.09466934 -1.64051843 1.22605371
v 1.88549805 -2.15560985 0.849234343
v 2.01891804 -2.18856668 1.12809086
v 1.98434591 -2.23017526 1.15680552
v 1.83784056 -2.19360304 0.850007296
v -2.21816301 -0.467447847 -0.899441242
v -1.9399519 -0.395743698 -1.01927137
v -2.04132652 -0.465129256 -1.1799922
v -2.05232763 -0.369185507 -0.716057301
v 1.79215479 -1.82549632 0.863807917
v 1.56822419 -1.80495465 1.1476841
v 1.96340609 -1.85863078 1.1285944
v 1.57869387 -1.74136198 0.908517838
v 0.293825269 -1.10063517 1.27725887
v 2.08686328 -1.15933025 1.22870064
v 2.0581255 -1.11042786 1.19618082
v 0.261248887 -1.04057264 1.27787018
v -2.03448629 0.360796958 -1.18887401
v -2.02949691 -0.36338535 -1.18792272
v -2.20965695 0.358480841 -0.906261444
v -2.20467544 -0.36570394 -0.905310392
v -0.16086024 0.33853057 0.824051619
v -2.03448629 0.360796958 -1.18887401
v -2.20965695 0.358480841 -0.906261444
v -0.302971542 0.336238712 1.36727095
v -2.21815491 -0.907134652 -0.899440765
v -2.21816301 -0.467447847 -0.899441242
v -2.04132652 -0.904816031 -1.1799922
v -2.04132652 -0.465129256 -1.1799922
v 1.89387536 0.238871723 0.848323822
v 2.13621068 1.53463638 1.20471954
v 2.08203483 0.231772333 1.22150278
v 1.94805145 1.54173577 0.831540346
v 1.56822419 -1.80495465 1.1476841
v 1.90580988 -1.64889991 0.93273735
v 2.06511879 -1.68292725 1.18864393
v 1.57869387 -1.74136198 0.908517838
v 2.03271961 0.181886941 1.22681713
v 0.291370749 1.43430364 1.37194109
v 0.310242236 0.323438913 1.33372641
v 2.09231949 1.58328342 1.21046352
v 2.08203483 0.231772333 1.22150278
v 2.13621068 1.53463638 1.20471954
v 2.09466934 -1.64051843 1.22605371
v 1.3098743 -1.8099035 1.20530748
v 1.56822419 -1.80495465 1.1476841
v 2.06511879 -1.68292725 1.18864393
v 1.56822419 -1.80495465 1.1476841
v 1.99492836 -1.90928245 1.16699934
v 1.96340609 -1.85863078 1.1285944
v 1.3098743 -1.8099035 1.20530748
v 2.01885366 -1.90350425 1.12794876
v -0.302971542 -0.89890635 1.36727095
v -2.21815491 -0.907134652 -0.899440765
v -0.628767788 -0.739978194 0.158230066
v -2.04132652 -0.904816031 -1.1799922
v 0.0989140868 1.37472284 0.853475332
v 1.91239285 1.59045577 0.852937698
v 1.94805145 1.54173577 0.831540346
v 0.11424458 1.41881788 0.887590885
v 1.99492836 -1.90928245 1.16699934
v 1.98434591 -2.23017526 1.15680552
v 2.01891804 -2.18856668 1.12809086
v 2.01885366 -1.90350425 1.12794876
v -2.20467544 -0.36570394 -0.905310392
v -2.02949691 -0.36338535 -1.18792272
v -1.9399519 -0.395743698 -1.01927137
v -2.05232763 -0.369185507 -0.716057301
v 0.310242236 0.323438913 1.33372641
v 1.84035945 0.215600461 0.833380222
v 2.03271961 0.181886941 1.22681713
v 0.0908423662 0.357938319 0.844974995
v 1.57869387 -1.74136198 0.908517838
v 1.79215479 -1.82549632 0.863807917
v 1.43181849 -1.71176755 0.882994175
v 1.8471756 -1.87051558 0.862084627
v 1.96340609 -1.85863078 1.1285944
v 2.01885366 -1.90350425 1.12794876
v -2.2836628 -1.91196275 -2.35732436
v -2.2836628 -2.73402071 -2.35732436
v -1.46160483 -1.91196275 -2.35732436
v -1.46160483 -2.73402071 -2.35732436
v -1.38471031 -2.81091571 -3.27242899
v -2.3605566 -2.81091571 -3.27242899
v -2.3605566 -1.83506894 -3.27242899
v -1.38471031 -1.83506894 -3.27242899
v -1.46160483 -2.73402071 -2.35732436
v -2.3605566 -2.81091571 -3.27242899
v -1.38471031 -2.81091571 -3.27242899
v -2.2836628 -2.73402071 -2.35732436
v -1.46160483 -2.73402071 -2.35732436
v -1.38471031 -1.83506894 -3.27242899
v -1.46160483 -1.91196275 -2.35732436
v -1.38471031 -2.81091571 -3.27242899
v -1.46160483 -1.91196275 -2.35732436
v -2.3605566 -1.83506894 -3.27242899
v -2.2836628 -1.91196275 -2.35732436
v -1.38471031 -1.83506894 -3.27242899
v -2.2836628 -2.73402071 -2.35732436
v -2.3605566 -1.83506894 -3.27242899
v -2.3605566 -2.81091571 -3.27242899
v -2.2836628 -1.91196275 -2.35732436
v -2.3389492 2.57541275 -2.35732436
v -2.41584301 1.6764605 -3.27242899
v -2.3389492 1.75335431 -2.35732436
v -2.41584301 2.65230751 -3.27242899
v -1.516891 1.75335431 -2.35732436
v -2.3389492 1.75335431 -2.35732436
v -2.41584301 1.6764605 -3.27242899
v -1.43999672 1.6764605 -3.27242899
v -1.516891 2.57541275 -2.35732436
v -1.516891 1.75335431 -2.35732436
v -1.43999672 1.6764605 -3.27242899
v -1.43999672 2.65230751 -3.27242899
v -1.516891 2.57541275 -2.35732436
v -2.41584301 2.65230751 -3.27242899
v -2.3389492 2.57541275 -2.35732436
v -1.43999672 2.65230751 -3.27242899
v -1.43999672 1.6764605 -3.27242899
v -2.41584301 1.6764605 -3.27242899
v -1.43999672 2.65230751 -3.27242899
v -2.41584301 2.65230751 -3.27242899
v -2.3389492 2.57541275 -2.35732436
v -1.516891 1.75335431 -2.35732436
v -1.516891 2.57541275 -2.35732436
v -2.3389492 1.75335431 -2.35732436
v 1.24995255 -2.73402071 -2.35732436
v 1.17305875 -1.83506894 -3.27242899
v 1.17305875 -2.81091571 -3.27242899
v 1.24995255 -1.91196275 -2.35732436
v 2.07201099 -1.91196275 -2.35732436
v 1.17305875 -1.83506894 -3.27242899
v 1.24995255 -1.91196275 -2.35732436
v 2.14890528 -1.83506894 -3.27242899
v 2.07201099 -2.73402071 -2.35732436
v 2.14890528 -1.83506894 -3.27242899
v 2.07201099 -1.91196275 -2.35732436
v 2.14890528 -2.81091571 -3.27242899
v 2.07201099 -2.73402071 -2.35732436
v 1.17305875 -2.81091571 -3.27242899
v 2.14890528 -2.81091571 -3.27242899
v 1.24995255 -2.73402071 -2.35732436
v 2.14890528 -2.81091571 -3.27242899
v 1.17305875 -2.81091571 -3.27242899
v 1.17305875 -1.83506894 -3.27242899
v 2.14890528 -1.83506894 -3.27242899
v 1.24995255 -1.91196275 -2.35732436
v 1.24995255 -2.73402071 -2.35732436
v 2.07201099 -1.91196275 -2.35732436
v 2.07201099 -2.73402071 -2.35732436
v 1.18104339 2.65453053 -2.35732436
v 1.10414982 1.75557804 -3.27242899
v 1.18104339 1.83247185 -2.35732436
v 1.10414982 2.73142505 -3.27242899
v 2.00310183 1.83247185 -2.35732436
v 1.18104339 1.83247185 -2.35732436
v 1.10414982 1.75557804 -3.27242899
v 2.07999611 1.75557804 -3.27242899
v 2.00310183 2.65453053 -2.35732436
v 2.00310183 1.83247185 -2.35732436
v 2.07999611 1.75557804 -3.27242899
v 2.07999611 2.73142505 -3.27242899
v 2.00310183 2.65453053 -2.35732436
v 1.10414982 2.73142505 -3.27242899
v 1.18104339 2.65453053 -2.35732436
v 2.07999611 2.73142505 -3.27242899
v 2.07999611 1.75557804 -3.27242899
v 1.10414982 1.75557804 -3.27242899
v 2.07999611 2.73142505 -3.27242899
v 1.10414982 2.73142505 -3.27242899
v 1.18104339 2.65453053 -2.35732436
v 2.00310183 1.83247185 -2.35732436
v 2.00310183 2.65453053 -2.35732436
v 1.18104339 1.83247185 -2.35732436
vt 0.0595982373 0.340516806
vt 0.0567890927 0.37612468
vt 0.0567890927 0.337274671
vt 0.0595982373 0.373484492
vt 0.298251063 0.412439823
vt 0.298252851 0.34002018
vt 0.299882025 0.376226485
vt 0.29412815 0.25931561
vt 0.296410829 0.258950949
vt 0.29412815 0.49307394
vt 0.296410829 0.493493855
vt 0.488127887 0.240676165
vt 0.497363895 0.253515363
vt 0.487981439 0.253515363
vt 0.531387031 0.152207017
vt 0.544852316 0.115982413
vt 0.544969261 0.152202249
vt 0.53138715 0.0797914267
vt 0.54496944 0.0797866583
vt 0.531270027 0.115987122
vt 0.53163445 0.229756594
vt 0.545216739 0.229751825
vt 0.545216739 0.00231927633
vt 0.53163445 0.0023240447
vt 0.602699101 0.934070706
vt 0.595648944 0.989092231
vt 0.588026226 0.940005064
vt 0.582593799 0.929816663
vt 0.556425691 0.930777788
vt 0.552879632 0.98909229
vt 0.593355656 0.930757105
vt 0.599522233 0.930628121
vt 0.126923531 0.324834585
vt 0.126923531 0.00587564707
vt 0.173664868 0.229635
vt 0.183166087 0.00972533226
vt 0.176044077 0.00274193287
vt 0.176289737 0.22662586
vt 0.180052876 0.226738572
vt 0.183952376 0.322767615
vt 0.123079762 0.00730645657
vt 0.0634419695 0.00874561071
vt 0.119160317 0.00192189217
vt 0.0656007454 0.327700257
vt 0.123079754 0.332278848
vt 0.122638583 0.337942243
vt 0.0979329795 0.37335521
vt 0.0992125422 0.336122632
vt 0.123079821 0.373056531
vt 0.329240978 0.29987514
vt 0.329240978 0.287910223
vt 0.333036095 0.292394161
vt 0.332914174 0.2955755
vt 0.805827856 0.00437897444
vt 0.830972195 0.146688461
vt 0.805827856 0.146692336
vt 0.830972195 0.00437510014
vt 0.0588705726 0.326810479
vt 0.0595982224 0.33228755
vt 0.0563830547 0.332553029
vt 0.506266952 0.247058928
vt 0.501207709 0.249961197
vt 0.501207709 0.240676165
vt 0.505010605 0.250137746
vt 0.54498595 0.407639503
vt 0.531651199 0.485193789
vt 0.531403661 0.407644212
vt 0.544986129 0.335223913
vt 0.531651199 0.25776124
vt 0.545233488 0.257756472
vt 0.544868946 0.371419549
vt 0.531286716 0.371424317
vt 0.545233428 0.485189021
vt 0.53140384 0.335228682
vt 0.490894705 0.216058493
vt 0.4905985 0.218952715
vt 0.487981468 0.215127289
vt 0.520642579 0.227610826
vt 0.520694077 0.230639696
vt 0.918587923 0.197880387
vt 0.948021948 0.253024578
vt 0.905659378 0.252436876
vt 0.956388235 0.203019321
vt 0.950433314 0.195387304
vt 0.899456322 0.195387304
vt 0.0567890927 0.337274671
vt 0.0372599289 0.37611109
vt 0.0372599848 0.337261319
vt 0.0567890927 0.37612468
vt 0.236786023 0.318633854
vt 0.239328027 0.31651485
vt 0.239328027 0.320325136
vt 0.525076628 0.489969373
vt 0.503210902 0.650502145
vt 0.501659513 0.49195075
vt 0.525076628 0.657141805
vt 0.509714127 0.655638814
vt 0.681983352 0.633985639
vt 0.6622262 0.662401855
vt 0.662093043 0.631685078
vt 0.681754708 0.662480891
vt 0.79006356 0.399230957
vt 0.829977214 0.266303897
vt 0.829977214 0.412935853
vt 0.79678297 0.257359147
vt 0.26076895 0.376190782
vt 0.260738879 0.339991093
vt 0.274336755 0.339993358
vt 0.274336815 0.412415624
vt 0.27430287 0.493504882
vt 0.260738939 0.412413418
vt 0.274366826 0.376193047
vt 0.260704994 0.493502617
vt 0.260704994 0.258950949
vt 0.27430281 0.258953214
vt 0.18842794 0.00192725658
vt 0.230796933 0.320517957
vt 0.188024387 0.32051748
vt 0.230796933 0.00192189217
vt 0.0161815807 0.231013179
vt 0.0449145585 0.319721997
vt 0.00747179799 0.237741351
vt 0.0595982224 0.00192189217
vt 0.0588705726 0.326810479
vt 0.0502034426 0.333417535
vt 0.0563830547 0.332553029
vt 0.0394456089 0.332530499
vt 0.00283373566 0.323560178
vt 0.040485397 0.00484859943
vt 0.0070143207 0.227647603
vt 0.00192187738 0.0105437636
vt 0.00862831157 0.00279766321
vt 0.523115754 0.472066522
vt 0.492446661 0.483057201
vt 0.522208989 0.46590054
vt 0.492348194 0.486125648
vt 0.529270113 0.230130076
vt 0.528903663 0.115972579
vt 0.531387031 0.152207017
vt 0.53138715 0.0797914267
vt 0.529270113 0.00192189217
vt 0.53163445 0.0023240447
vt 0.531270027 0.115987122
vt 0.53163445 0.229756594
vt 0.556425691 0.930777788
vt 0.552879632 0.98909229
vt 0.545829475 0.931004405
vt 0.549184144 0.826387882
vt 0.589116216 0.819412827
vt 0.555570126 0.830941677
vt 0.549077272 0.686499298
vt 0.582284391 0.677540362
vt 0.500957131 0.69279933
vt 0.524291337 0.830814064
vt 0.499179065 0.830414951
vt 0.524291396 0.691354871
vt 0.430986196 0.00192189217
vt 0.408921897 0.253515363
vt 0.413200766 0.00192189217
vt 0.444607913 0.253515363
vt 0.681983352 0.633985639
vt 0.667462826 0.629316568
vt 0.681998253 0.629375517
vt 0.662093043 0.631685078
vt 0.379922152 0.375840068
vt 0.387058526 0.261743307
vt 0.384370357 0.339672089
vt 0.382091641 0.375872612
vt 0.38437286 0.412082434
vt 0.387058526 0.489934921
vt 0.389189988 0.489579558
vt 0.389189988 0.262163639
vt 0.15977852 0.531314254
vt 0.154297948 0.534313679
vt 0.15977852 0.32867831
vt 0.256402433 0.00200873613
vt 0.236925155 0.255107224
vt 0.238352224 0.00200873613
vt 0.272141755 0.255107224
vt 0.401311278 0.00195980072
vt 0.402796805 0.254747629
vt 0.383260757 0.00195980072
vt 0.36757955 0.254747629
vt 0.33969003 0.00195980072
vt 0.321780533 0.254709721
vt 0.33746174 0.00192189217
vt 0.324008822 0.254747629
vt 0.422641009 0.257359147
vt 0.444606513 0.505712807
vt 0.408921957 0.505712807
vt 0.440426677 0.257359147
vt 0.393033743 0.482211351
vt 0.40123257 0.468665123
vt 0.402875215 0.482211351
vt 0.700747013 0.00192183256
vt 0.681413233 0.179752707
vt 0.682699203 0.001955688
vt 0.716628253 0.179686725
vt 0.763107002 0.636624575
vt 0.764694989 0.800702691
vt 0.742233753 0.754953265
vt 0.736643314 0.749849737
vt 0.745059967 0.636624575
vt 0.735821843 0.760900319
vt 0.729481578 0.800702691
vt 0.76448226 0.165673792
vt 0.765983045 0.00195980072
vt 0.784030378 0.00195974112
vt 0.799696267 0.165673852
vt 0.72190094 0.467548847
vt 0.723346889 0.645162284
vt 0.703853369 0.467548847
vt 0.688132405 0.645162284
vt 0.204208657 0.556775987
vt 0.229428202 0.670323908
vt 0.223305508 0.675179362
vt 0.200101584 0.721190631
vt 0.230116978 0.680837333
vt 0.2357824 0.721190631
vt 0.221991181 0.556775987
vt 0.784521997 0.636537671
vt 0.80644238 0.798521578
vt 0.770760655 0.798521638
vt 0.802304983 0.636537671
vt 0.690597534 0.257588983
vt 0.712461531 0.435850501
vt 0.676779747 0.435850501
vt 0.708380699 0.257588983
vt 0.360021979 0.00192189217
vt 0.361507505 0.254709721
vt 0.357740581 0.00195980072
vt 0.359226078 0.254747629
vt 0.357740581 0.00195980072
vt 0.359226078 0.254747629
vt 0.33969003 0.00195980072
vt 0.324008822 0.254747629
vt 0.281922162 0.00200873613
vt 0.27821064 0.255020499
vt 0.279637665 0.00192189217
vt 0.280495107 0.255107224
vt 0.745975673 0.00206381083
vt 0.722731769 0.177660644
vt 0.728192568 0.00192183256
vt 0.758413315 0.177945435
vt 0.383260757 0.00195980072
vt 0.36535126 0.254709721
vt 0.381032467 0.00192189217
vt 0.36757955 0.254747629
vt 0.258627504 0.00192189217
vt 0.274366826 0.25502038
vt 0.256402433 0.00200873613
vt 0.272141755 0.255107224
vt 0.765983045 0.00195980072
vt 0.762257099 0.165635943
vt 0.763757944 0.00192183256
vt 0.76448226 0.165673792
vt 0.786318183 0.00192183256
vt 0.801984072 0.165635884
vt 0.784030378 0.00195974112
vt 0.799696267 0.165673852
vt 0.745059967 0.636624575
vt 0.734333813 0.750013888
vt 0.742769063 0.636537671
vt 0.736643314 0.749849737
vt 0.764694989 0.800702691
vt 0.763107002 0.636624575
vt 0.766916871 0.800615788
vt 0.765328825 0.636537671
vt 0.46217081 0.257359147
vt 0.484136254 0.505712867
vt 0.448451728 0.505712807
vt 0.479956478 0.257359147
vt 0.299972385 0.00200873613
vt 0.280495107 0.255107224
vt 0.281922162 0.00200873613
vt 0.315711707 0.255107224
vt 0.302197516 0.00192189217
vt 0.317936808 0.25502038
vt 0.299972385 0.00200873613
vt 0.315711707 0.255107224
vt 0.728192568 0.00192183256
vt 0.722731769 0.177660644
vt 0.725932777 0.00220674276
vt 0.720471978 0.177945435
vt 0.703853369 0.467548847
vt 0.685842037 0.6450755
vt 0.701563001 0.467462063
vt 0.688132405 0.645162284
vt 0.690597534 0.257588983
vt 0.676779747 0.435850501
vt 0.6883232 0.257359087
vt 0.674505413 0.435620546
vt 0.682699203 0.001955688
vt 0.679188013 0.179718912
vt 0.680474102 0.00192183256
vt 0.681413233 0.179752707
vt 0.727190614 0.800615728
vt 0.733552635 0.760520756
vt 0.735821843 0.760900319
vt 0.729481578 0.800702691
vt 0.830972195 0.00437510014
vt 0.805827856 0.00437897444
vt 0.807553411 0.00192517042
vt 0.829204679 0.00192189217
vt 0.470516026 0.00192189217
vt 0.448451728 0.253515303
vt 0.452730566 0.00192189217
vt 0.484137714 0.253515303
vt 0.285351217 0.376201391
vt 0.29412815 0.49307394
vt 0.27821061 0.490296006
vt 0.29412815 0.25931561
vt 0.27821061 0.26210022
vt 0.359376043 0.261743307
vt 0.352239668 0.375840068
vt 0.34346807 0.258953512
vt 0.34346807 0.49270767
vt 0.359376043 0.489934862
vt 0.256831199 0.412415683
vt 0.243199438 0.493502676
vt 0.243233368 0.412413478
vt 0.256831199 0.339993358
vt 0.243199378 0.258951008
vt 0.256797254 0.258953214
vt 0.25686124 0.376193047
vt 0.243263394 0.376190782
vt 0.256797254 0.493504882
vt 0.243233308 0.339991093
vt 0.319643378 0.25931561
vt 0.319643378 0.49307394
vt 0.310866445 0.376201391
vt 0.303725779 0.26210022
vt 0.303725839 0.490296006
vt 0.379922152 0.375840068
vt 0.371150523 0.258953571
vt 0.387058526 0.261743307
vt 0.371150523 0.49270761
vt 0.387058526 0.489934921
vt 0.238352224 0.00200873613
vt 0.234640658 0.255020499
vt 0.236067712 0.00192189217
vt 0.236925155 0.255107224
vt 0.356687874 0.339672089
vt 0.359376043 0.261743307
vt 0.361507505 0.262163639
vt 0.352239668 0.375840068
vt 0.354409158 0.375872552
vt 0.356690407 0.412082374
vt 0.359376043 0.489934862
vt 0.361507505 0.489579499
vt 0.529286802 0.485567331
vt 0.531403661 0.407644212
vt 0.531651199 0.485193789
vt 0.528920352 0.371409774
vt 0.529286802 0.257359087
vt 0.53140384 0.335228682
vt 0.531651199 0.25776124
vt 0.531286716 0.371424317
vt 0.339296937 0.339658499
vt 0.339298725 0.412076831
vt 0.337668717 0.375863612
vt 0.34346807 0.49270767
vt 0.341137826 0.493129909
vt 0.34346807 0.258953512
vt 0.341137826 0.258591413
vt 0.319643378 0.25931561
vt 0.323766291 0.412439823
vt 0.319643378 0.49307394
vt 0.321926087 0.258951008
vt 0.323768079 0.34002018
vt 0.321926087 0.493493855
vt 0.325397253 0.376226485
vt 0.36697942 0.339658499
vt 0.366981208 0.412076831
vt 0.3653512 0.375863612
vt 0.371150523 0.258953571
vt 0.371150523 0.49270761
vt 0.36882031 0.258591413
vt 0.36882031 0.493129969
vt 0.499179065 0.830414951
vt 0.522461653 0.833266139
vt 0.500837982 0.832922518
vt 0.524291337 0.830814064
vt 0.403592676 0.00192189217
vt 0.405078202 0.254709721
vt 0.401311278 0.00195980072
vt 0.402796805 0.254747629
vt 0.493003577 0.501942635
vt 0.487979949 0.49473691
vt 0.493003577 0.489969492
vt 0.488038659 0.49793452
vt 0.499179065 0.656178772
vt 0.509714127 0.655638814
vt 0.503126025 0.687385738
vt 0.503210902 0.650502145
vt 0.578052878 0.212024808
vt 0.601444364 0.250816584
vt 0.57978946 0.250816703
vt 0.603201449 0.212024808
vt 0.791826069 0.416779518
vt 0.813480377 0.447222471
vt 0.79006356 0.44823283
vt 0.813480377 0.416808546
vt 0.797178507 0.618421793
vt 0.835882366 0.605151832
vt 0.834931612 0.607600808
vt 0.798288226 0.473648667
vt 0.829355299 0.467462003
vt 0.797178507 0.476115167
vt 0.63655293 0.830359936
vt 0.598859966 0.819523096
vt 0.597872078 0.817076921
vt 0.63655293 0.688056707
vt 0.60566175 0.677540421
vt 0.635481715 0.68558681
vt 0.524779975 0.687511086
vt 0.509714127 0.655638814
vt 0.525076628 0.657141805
vt 0.503126025 0.687385738
vt 0.123079821 0.373056531
vt 0.101426467 0.537290931
vt 0.0979329795 0.37335521
vt 0.123079821 0.537033856
vt 0.188024402 0.536269188
vt 0.222460315 0.345361352
vt 0.21947813 0.55022043
vt 0.188024402 0.324361682
vt 0.00283373566 0.323560178
vt 0.0394456089 0.332530499
vt 0.0132822311 0.332697034
vt 0.525076628 0.257359147
vt 0.525076628 0.465599418
vt 0.522209227 0.2592659
vt 0.522208989 0.46590054
vt 0.523115754 0.472066522
vt 0.127732322 0.552932262
vt 0.126923531 0.34799695
vt 0.154297948 0.534313679
vt 0.15977852 0.32867831
vt 0.597872078 0.817076921
vt 0.63655293 0.688056707
vt 0.63655293 0.830359936
vt 0.60566175 0.677540421
vt 0.797178507 0.476115167
vt 0.835882366 0.605151832
vt 0.797178507 0.618421793
vt 0.829355299 0.467462003
vt 0.0270661786 0.565237164
vt 0.0270661786 0.705132008
vt 0.00192185293 0.565241158
vt 0.00192185293 0.711883187
vt 0.0203198455 0.711880267
vt 0.810286164 0.636537671
vt 0.835401535 0.778423011
vt 0.810286164 0.778347969
vt 0.835401535 0.636612713
vt 0.607045174 0.212024808
vt 0.632193089 0.212058485
vt 0.632193089 0.245910764
vt 0.607045174 0.245877147
vt 0.549077272 0.833048522
vt 0.549184144 0.826387882
vt 0.555570126 0.830941677
vt 0.549060583 0.253299952
vt 0.567461669 0.212024868
vt 0.574209094 0.218617737
vt 0.574209094 0.25329113
vt 0.549060524 0.212031364
vt 0.492446661 0.483057201
vt 0.490721315 0.276260555
vt 0.522208989 0.46590054
vt 0.522209227 0.2592659
vt 0.0564649813 0.536441386
vt 0.0372599289 0.37611109
vt 0.0567890927 0.37612468
vt 0.0369358175 0.536427736
vt 0.662460983 0.625506818
vt 0.667462826 0.629316568
vt 0.662093043 0.631685078
vt 0.681621552 0.467541218
vt 0.681998253 0.629375517
vt 0.662093043 0.467462063
vt 0.330257803 0.284066439
vt 0.329241037 0.281409621
vt 0.332364261 0.281375766
vt 0.0372599848 0.337261319
vt 0.0372599289 0.37611109
vt 0.034449663 0.340499461
vt 0.034449663 0.373467088
vt 0.330257803 0.258950949
vt 0.332364261 0.261872292
vt 0.329241008 0.261906147
vt 0.487981468 0.215127289
vt 0.490894258 0.00386583805
vt 0.490894705 0.216058493
vt 0.487981468 0.00192189217
vt 0.490721315 0.276260555
vt 0.492446661 0.483057201
vt 0.487979949 0.277393699
vt 0.489706516 0.484334111
vt 0.332364261 0.261872292
vt 0.332364261 0.281375766
vt 0.329241008 0.261906147
vt 0.329241037 0.281409621
vt 0.520642579 0.227610826
vt 0.525059938 0.0219327807
vt 0.523334384 0.228846788
vt 0.522366881 0.020840466
vt 0.490894705 0.216058493
vt 0.522366881 0.020840466
vt 0.520642579 0.227610826
vt 0.490894258 0.00386583805
vt 0.183166087 0.00972533226
vt 0.176044077 0.00274193287
vt 0.184180617 0.00192189217
vt 0.181520149 0.23685199
vt 0.173664868 0.229635
vt 0.182128221 0.230038047
vt 0.175737858 0.227455199
vt 0.183952376 0.322767615
vt 0.365685701 0.636417091
vt 0.27821058 0.497356713
vt 0.365686268 0.49733758
vt 0.27821058 0.703572154
vt 0.785592556 0.807855248
vt 0.787929118 0.918722451
vt 0.785074234 0.921357155
vt 0.787929118 0.808727503
vt 0.85889852 0.257359147
vt 0.835007548 0.271748543
vt 0.833820999 0.269107223
vt 0.859203458 0.260433197
vt 0.0893411711 0.336122632
vt 0.0917189121 0.545459807
vt 0.0634419471 0.356147885
vt 0.0634419471 0.560475945
vt 0.640769184 0.938589811
vt 0.640396655 0.828958631
vt 0.643673718 0.830735028
vt 0.643710017 0.941223145
vt 0.83972609 0.47451055
vt 0.864228129 0.580319166
vt 0.8413046 0.587550223
vt 0.866650105 0.467462063
vt 0.475219548 0.510379016
vt 0.475058198 0.673999608
vt 0.411213934 0.509556532
vt 0.408921897 0.673226595
vt 0.861836851 0.366995633
vt 0.835007548 0.271748543
vt 0.859203458 0.260433197
vt 0.833820999 0.381404757
vt 0.347155005 0.707415879
vt 0.347155005 0.850787103
vt 0.290853083 0.70952332
vt 0.27821058 0.852928698
vt 0.634294569 0.887654543
vt 0.61111027 0.887654543
vt 0.611529052 0.884729922
vt 0.635001123 0.884748042
vt 0.866798818 0.648041487
vt 0.839245319 0.744209826
vt 0.84270215 0.636537671
vt 0.866987824 0.756060004
vt 0.479063302 0.648641229
vt 0.488519937 0.509558022
vt 0.488519937 0.648642778
vt 0.479063302 0.509556532
vt 0.710301816 0.67082417
vt 0.70096916 0.824334681
vt 0.640396714 0.669566691
vt 0.640396714 0.825114906
vt 0.393033803 0.258594692
vt 0.402479589 0.46481812
vt 0.393033803 0.464821398
vt 0.402479589 0.258591413
vt 0.874896407 0.575403631
vt 0.944203079 0.575928926
vt 0.877975643 0.578466594
vt 0.944203079 0.469334722
vt 0.870493889 0.467462063
vt 0.941267669 0.578984499
vt 0.864228129 0.580319166
vt 0.866650105 0.467462063
vt 0.866650105 0.579650581
vt 0.727190614 0.632693946
vt 0.728146076 0.467544615
vt 0.792158604 0.467462063
vt 0.793334723 0.632693946
vt 0.0302103385 0.357303023
vt 0.0302103385 0.56139338
vt 0.00192190881 0.546359837
vt 0.0043030628 0.337261319
vt 0.16561015 0.528559923
vt 0.184180632 0.343142033
vt 0.18085514 0.534446001
vt 0.16561012 0.32867837
vt 0.634796143 0.839608252
vt 0.634069443 0.836335599
vt 0.636552989 0.838138163
vt 0.611122072 0.837443829
vt 0.610568047 0.83420366
vt 0.658249319 0.467462063
vt 0.658249319 0.657325089
vt 0.640396655 0.482826054
vt 0.643615305 0.665722966
vt 0.786219835 0.257359147
vt 0.727209866 0.415304184
vt 0.716305256 0.257359147
vt 0.784125447 0.418005943
vt 0.611529052 0.884729922
vt 0.611122072 0.837443829
vt 0.634796143 0.839608252
vt 0.635001123 0.884748042
vt 0.401966512 0.49733758
vt 0.401966512 0.686789155
vt 0.369530052 0.516588151
vt 0.383195728 0.692893445
vt 0.090360269 0.567180157
vt 0.0345580094 0.723634899
vt 0.0340540595 0.565237105
vt 0.103638589 0.721610308
vt 0.102993429 0.741039932
vt 0.0345580094 0.723634899
vt 0.103638589 0.721610308
vt 0.0340540521 0.739056647
vt 0.475219548 0.703240454
vt 0.409083217 0.702467501
vt 0.475058198 0.673999608
vt 0.408921897 0.673226595
vt 0.865680635 0.367366195
vt 0.892406225 0.264820039
vt 0.887916386 0.377220988
vt 0.865680635 0.257359147
vt 0.784060538 0.431833267
vt 0.727209866 0.415304184
vt 0.784125447 0.418005943
vt 0.72344178 0.430368185
vt 0.241841272 0.682985187
vt 0.274366826 0.516415179
vt 0.26320371 0.692093492
vt 0.241841316 0.497348666
vt 0.834815979 0.243373275
vt 0.888279796 0.239929855
vt 0.885025978 0.242872596
vt 0.837728381 0.246156037
vt 0.895612538 0.126899242
vt 0.888279796 0.239929855
vt 0.834815979 0.13106209
vt 0.834815979 0.243373275
vt 0.268754363 0.833678722
vt 0.267759502 0.896962643
vt 0.242268473 0.833696783
vt 0.241273671 0.896980703
vt 0.643673718 0.830735028
vt 0.708152831 0.93733418
vt 0.643710017 0.941223145
vt 0.712946355 0.828958631
vt 0.706943214 0.94069618
vt 0.738540053 0.916825294
vt 0.785074234 0.921357155
vt 0.73995924 0.920422435
vt 0.785592556 0.807855248
vt 0.727190673 0.804546535
vt 0.869161189 0.648867965
vt 0.869161189 0.757035792
vt 0.866987824 0.756060004
vt 0.866798818 0.648041487
vt 0.549077809 0.396436095
vt 0.549077272 0.257359147
vt 0.636500478 0.257406652
vt 0.636500478 0.463618279
vt 0.4953354 0.691356957
vt 0.485877156 0.778049231
vt 0.485877156 0.691354871
vt 0.4953354 0.778051376
vt 0.538378298 0.632384479
vt 0.528920412 0.726208627
vt 0.528920412 0.632341146
vt 0.538378298 0.726252019
vt 0.226304024 0.32436502
vt 0.235749811 0.530588388
vt 0.226304024 0.530591726
vt 0.235749811 0.324361682
vt 0.528920412 0.628495812
vt 0.528920412 0.489411116
vt 0.538377047 0.489412665
vt 0.538377047 0.628497422
vt 0.636483788 0.00196939707
vt 0.549061179 0.14099884
vt 0.549060583 0.00192189217
vt 0.636483788 0.208181083
vt 0.365686268 0.707417905
vt 0.365686268 0.794112325
vt 0.356228054 0.707415879
vt 0.356228054 0.794110179
vt 0.123079777 0.541177928
vt 0.113621898 0.635002077
vt 0.113621898 0.541134596
vt 0.123079754 0.635045469
vt 0.873004854 0.638155699
vt 0.925759852 0.721572101
vt 0.873004854 0.725631416
vt 0.92576766 0.636537671
vt 0.943019986 0.783866346
vt 0.889420688 0.869690061
vt 0.889420688 0.782266796
vt 0.943019986 0.871289551
vt 0.537483037 0.730097651
vt 0.542199194 0.78287524
vt 0.537483037 0.783714533
vt 0.542199671 0.730095804
vt 0.118965909 0.638889313
vt 0.113621898 0.723487914
vt 0.114248566 0.638892889
vt 0.118965909 0.725923181
vt 0.74842906 0.236390948
vt 0.747676075 0.183596492
vt 0.753138959 0.183619857
vt 0.753138959 0.237234175
vt 0.805827856 0.15053606
vt 0.810543895 0.237344086
vt 0.805827856 0.23723048
vt 0.810543895 0.150649667
vt 0.330972373 0.85837245
vt 0.27821058 0.944195688
vt 0.27821058 0.856772482
vt 0.330972373 0.945795655
vt 0.549098492 0.838497221
vt 0.602699101 0.921888709
vt 0.549077272 0.925972879
vt 0.602699101 0.836892307
vt 0.72334671 0.739883661
vt 0.718629539 0.792664945
vt 0.718630075 0.739885509
vt 0.72334671 0.793500602
vt 0.723346889 0.649006009
vt 0.720203936 0.733600557
vt 0.718629539 0.649006009
vt 0.723280668 0.736039937
vt 0.234640628 0.259020329
vt 0.239327967 0.311706841
vt 0.234640628 0.312671065
vt 0.237840369 0.258950949
vt 0.533639252 0.730095804
vt 0.528920412 0.816901684
vt 0.528920412 0.730207324
vt 0.533639252 0.816790164
vt 0.636552393 0.606541574
vt 0.549077332 0.467481136
vt 0.636552989 0.467462003
vt 0.549077272 0.673696637
vt 0.266824514 0.900133967
vt 0.267759502 0.896962643
vt 0.269396335 0.898218393
vt 0.241273671 0.896980703
vt 0.241251588 0.900133967
vt 0.370807797 0.815995276
vt 0.401966482 0.707447052
vt 0.394866019 0.827141225
vt 0.369570673 0.69673723
vt 0.00192185293 0.729939759
vt 0.027327111 0.833160579
vt 0.00685082935 0.8424896
vt 0.027327111 0.715726972
vt 0.126923531 0.556776047
vt 0.156360716 0.705927312
vt 0.12693575 0.719064713
vt 0.19625783 0.719611406
vt 0.156586513 0.719426692
vt 0.194581911 0.556926787
vt 0.151020765 0.719118476
vt 0.636036813 0.241289854
vt 0.658454299 0.243579149
vt 0.655745089 0.245910764
vt 0.637520671 0.24410826
vt 0.129646912 0.74089849
vt 0.130073398 0.862717032
vt 0.127993375 0.859559774
vt 0.126923501 0.742113948
vt 0.152541354 0.842366695
vt 0.16040656 0.863982677
vt 0.157509744 0.864024818
vt 0.186272129 0.863492072
vt 0.154250532 0.832648814
vt 0.190113425 0.74089849
vt 0.130073398 0.862717032
vt 0.129646912 0.74089849
vt 0.14562729 0.860172629
vt 0.231515571 0.844542861
vt 0.206708655 0.856824517
vt 0.206427708 0.853589833
vt 0.232554153 0.841021657
vt 0.674505413 0.44298315
vt 0.690103471 0.461058676
vt 0.674505413 0.462051034
vt 0.690048516 0.441481531
vt 0.656048894 0.214547396
vt 0.636036813 0.21538049
vt 0.638618112 0.212841749
vt 0.658450365 0.217218995
vt 0.269396335 0.707203746
vt 0.269396335 0.829834938
vt 0.267045915 0.828271091
vt 0.266973257 0.706550241
vt 0.842531741 0.122809529
vt 0.838127375 0.00404596329
vt 0.877592206 0.0709888339
vt 0.90102011 0.00293642282
vt 0.90102011 0.115455866
vt 0.868887246 0.123055518
vt 0.883465528 0.116332471
vt 0.370807797 0.815995276
vt 0.394866019 0.827141225
vt 0.394682199 0.830018818
vt 0.369570673 0.818361104
vt 0.450258553 0.843544662
vt 0.478242457 0.854736328
vt 0.454157859 0.854961455
vt 0.46840629 0.754402697
vt 0.408921927 0.855906487
vt 0.408921927 0.707084239
vt 0.448589861 0.855428815
vt 0.266973257 0.706550241
vt 0.241841272 0.814662516
vt 0.251046866 0.695937216
vt 0.267045915 0.828271091
vt 0.810286224 0.90067935
vt 0.883106291 0.904151618
vt 0.811683893 0.904151618
vt 0.867781103 0.782266736
vt 0.81222856 0.784536064
vt 0.658450365 0.217218995
vt 0.636036813 0.241289854
vt 0.636036813 0.21538049
vt 0.658454299 0.243579149
vt 0.0272811539 0.836291075
vt 0.0086691929 0.844787359
vt 0.00685082935 0.8424896
vt 0.027327111 0.833160579
vt 0.716305315 0.439872742
vt 0.727629542 0.456562638
vt 0.716305315 0.461828947
vt 0.732028484 0.435676992
vt 0.870684505 0.615865111
vt 0.888648391 0.600116074
vt 0.888839722 0.626275241
vt 0.872741282 0.601667345
vt 0.838127375 0.00404596329
vt 0.842531741 0.122809529
vt 0.83979398 0.12095356
vt 0.834815979 0.00192183256
vt 0.196245849 0.737054825
vt 0.156574652 0.73687005
vt 0.19625783 0.719611406
vt 0.156586513 0.719426692
vt 0.670661688 0.278864741
vt 0.661255479 0.460782647
vt 0.640344262 0.453904033
vt 0.640344262 0.257359087
vt 0.12693575 0.719064713
vt 0.151020765 0.719118476
vt 0.126923531 0.736361086
vt 0.151008531 0.73641479
vt 0.788424492 0.170148373
vt 0.762257099 0.240884125
vt 0.762257099 0.169517636
vt 0.788424492 0.241514921
vt 0.0230121389 0.883533299
vt 0.008268876 0.861706972
vt 0.0248681866 0.850633323
vt 0.00721737556 0.883352339
vt 0.11092978 0.863619745
vt 0.0483923517 0.744883776
vt 0.109046787 0.749216318
vt 0.0340540707 0.863706589
vt 0.108030424 0.866747618
vt 0.0365620032 0.866747618
vt 0.027327111 0.848631084
vt 0.027327111 0.900522172
vt 0.0230121389 0.883533299
vt 0.0248681866 0.850633323
vt 0.888648391 0.600116074
vt 0.891590476 0.628187537
vt 0.888839722 0.626275241
vt 0.891590476 0.582828224
vt 0.88907814 0.629906356
vt 0.675344288 0.00192183256
vt 0.675344288 0.198500216
vt 0.640327573 0.0769850612
vt 0.654409289 0.205134571
vt 0.867781103 0.782266736
vt 0.885577023 0.901652277
vt 0.883106291 0.904151618
vt 0.870124519 0.783149958
vt 0.674592853 0.440613508
vt 0.692162633 0.439694285
vt 0.690048516 0.441481531
vt 0.674505413 0.44298315
vt 0.492887408 0.660725594
vt 0.488521546 0.682307303
vt 0.479063302 0.67393285
vt 0.479063302 0.652486563
vt 0.200101599 0.739346564
vt 0.232554153 0.841021657
vt 0.206427708 0.853589833
vt 0.232554153 0.725034416
vt 0.872741282 0.601667345
vt 0.870684505 0.615865111
vt 0.870493829 0.592062831
vt 0.870850503 0.61947155
vt 0.888839722 0.626275241
vt 0.88907814 0.629906356
vt 0.943877399 0.998078167
vt 0.889420748 0.998078167
vt 0.943877399 0.943621457
vt 0.889420748 0.943621457
vt 0.334816158 0.856772482
vt 0.399460465 0.856772482
vt 0.399460465 0.921416819
vt 0.334816158 0.921416819
vt 0.929611444 0.696088135
vt 0.990445554 0.636537671
vt 0.990445554 0.701181948
vt 0.929611444 0.641631484
vt 0.889420688 0.880227149
vt 0.950254858 0.939777613
vt 0.889420688 0.934683859
vt 0.950254858 0.875133276
vt 0.2085623 0.909071505
vt 0.269396365 0.968622029
vt 0.20856224 0.963528216
vt 0.269396365 0.903977692
vt 0.0340540595 0.930141807
vt 0.0948881879 0.870591342
vt 0.0948881879 0.935235679
vt 0.0340540707 0.875685096
vt 0.477409989 0.864844084
vt 0.538244128 0.924394608
vt 0.477409989 0.919300795
vt 0.538244128 0.859750271
vt 0.904863834 0.0614723563
vt 0.904863834 0.0070156455
vt 0.965698004 0.00192183256
vt 0.965698004 0.0665661693
vt 0.126923501 0.927419066
vt 0.126923501 0.872962356
vt 0.187757626 0.867868543
vt 0.187757626 0.932512879
vt 0.334816128 0.930354297
vt 0.395650268 0.989904821
vt 0.334816128 0.984811008
vt 0.395650268 0.925260544
vt 0.833820999 0.385248423
vt 0.898465335 0.385248423
vt 0.833820999 0.449892759
vt 0.898465335 0.449892759
vt 0.0885108337 0.939079583
vt 0.0340541415 0.993536294
vt 0.0340541415 0.939079523
vt 0.0885108337 0.993536294
vt 0.0340540595 0.930141807
vt 0.0948881879 0.870591342
vt 0.0948881879 0.935235679
vt 0.0340540707 0.875685096
vt 0.2085623 0.909071505
vt 0.269396365 0.968622029
vt 0.20856224 0.963528216
vt 0.269396365 0.903977692
vt 0.889420688 0.880227149
vt 0.950254858 0.939777613
vt 0.889420688 0.934683859
vt 0.950254858 0.875133276
vt 0.929611444 0.696088135
vt 0.990445554 0.636537671
vt 0.990445554 0.701181948
vt 0.929611444 0.641631484
vt 0.334816158 0.856772482
vt 0.399460465 0.856772482
vt 0.399460465 0.921416819
vt 0.334816158 0.921416819
vt 0.943877399 0.998078167
vt 0.889420748 0.998078167
vt 0.943877399 0.943621457
vt 0.889420748 0.943621457
vt 0.89624995 0.26245296
vt 0.957084119 0.322003484
vt 0.89624995 0.316909671
vt 0.957084119 0.257359147
vt 0.929611444 0.764576197
vt 0.929611444 0.710119486
vt 0.990445554 0.705025792
vt 0.990445554 0.769670069
vt 0.899456263 0.186449766
vt 0.899456263 0.131993055
vt 0.960290432 0.126899242
vt 0.960290432 0.191543579
vt 0.477409989 0.933332145
vt 0.538244069 0.992882609
vt 0.477409929 0.987788856
vt 0.538244069 0.928238273
vt 0.408921927 0.859750271
vt 0.473566204 0.859750271
vt 0.408921927 0.924394608
vt 0.473566204 0.924394608
vt 0.95070672 0.380303979
vt 0.89624995 0.325847208
vt 0.95070672 0.325847208
vt 0.89624995 0.380303979
vn 0.983802855 0.178047016 -0.0207676683
vn 0.928408921 -0.370942682 -0.0214132331
vn 0.786218226 -0.347771227 0.510799408
vn 0.846510291 0.200593516 0.493135452
vn -3.7952546e-08 -0.805507421 0.592585683
vn -3.7952546e-08 -0.805507421 0.592585683
vn -3.7952546e-08 -0.805507421 0.592585683
vn -3.7952546e-08 -0.805507421 0.592585683
vn -3.7952546e-08 -0.805507421 0.592585683
vn -3.7952546e-08 -0.805507421 0.592585683
vn -3.7952546e-08 -0.805507421 0.592585683
vn 0.848686397 0.284802318 0.445666909
vn 0.848624647 0.284894943 0.445725232
vn 0.848708868 0.284801155 0.445624977
vn 0 0 -1
vn 0 0 -1
vn 0 0 -1
vn 0 0 -1
vn 0 0 -1
vn 0 0 -1
vn 0 0 -1
vn 0 0 -1
vn 0 0 -1
vn 0 0 -1
vn 0.00321147009 0.991065443 -0.133337975
vn 0.00319945929 0.991063476 -0.133352876
vn 0.00318098068 0.991072476 -0.133286715
vn 0.00320982328 0.991046786 -0.133476868
vn 0.00320452359 0.991064548 -0.133344591
vn 0.00320155988 0.991057575 -0.133396789
vn 0.00325413444 0.991075575 -0.133262172
vn 0.00328257261 0.991041958 -0.133511305
vn -0.996622086 0.0026568037 -0.0820804611
vn -0.996620059 0.00256522605 -0.0821074918
vn -0.996618986 0.00185573788 -0.0821398869
vn -0.996617496 0.00343006849 -0.0821077898
vn -0.996613681 0.0041011814 -0.0821228176
vn -0.996623635 0.00288189389 -0.0820550025
vn -0.996620893 0.0027774577 -0.0820907801
vn -0.996618211 0.00297278026 -0.0821162611
vn 0.990670323 0.00182150118 -0.136267751
vn 0.990672827 0.000202439725 -0.136261195
vn 0.990687072 -5.20050526e-05 -0.1361579
vn 0.990673184 0.00055488036 -0.13625738
vn 0.990678906 0.000554018072 -0.13621603
vn 0.964787602 -0.0374379493 0.260352254
vn 0.964416802 -0.037328653 0.261737972
vn 0.965610266 0.0297954809 0.258281261
vn 0.966803253 0.0294399615 0.253820688
vn -0.589881599 0.480787754 -0.648754776
vn -0.589881599 0.480787754 -0.648754776
vn -0.589881599 0.480787754 -0.648754776
vn -0.589881599 0.480787754 -0.648754776
vn 0.0172988623 0 0.999850392
vn 0.0172988623 0 0.999850392
vn 0.0172988623 0 0.999850392
vn 0.0172988623 0 0.999850392
vn 0.803976953 0.443470627 0.396175414
vn 0.809265196 0.435849071 0.393859684
vn 0.815741599 0.425981522 0.39128685
vn -0.38147217 0.920173466 -0.0880901143
vn -0.381521583 0.92015028 -0.0881175399
vn -0.381503016 0.920164287 -0.0880524293
vn -0.381527156 0.920159459 -0.0879974961
vn 0 1.09259135e-09 -1
vn 0 1.09259135e-09 -1
vn 0 1.09259135e-09 -1
vn 0 1.09259135e-09 -1
vn 0 1.09259135e-09 -1
vn 0 1.09259135e-09 -1
vn 0 1.09259135e-09 -1
vn 0 1.09259135e-09 -1
vn 0 1.09259135e-09 -1
vn 0 1.09259135e-09 -1
vn -0.727551699 0.632377326 -0.26602146
vn -0.727551699 0.632377326 -0.26602146
vn -0.727551699 0.632377326 -0.26602146
vn -0.727551699 0.632377326 -0.26602146
vn -0.727551699 0.632377326 -0.26602146
vn -0.00551396701 -0.987408578 -0.158094734
vn -0.00707235606 -0.989243448 -0.146107465
vn -0.00706751458 -0.989275932 -0.145887524
vn -0.00719581684 -0.989490032 -0.144421995
vn -0.00759486109 -0.990105093 -0.140122354
vn -0.0076956721 -0.990368903 -0.138239488
vn 0.963419914 -0.0606528893 0.261042774
vn 0.963419259 -0.0606528893 0.261045218
vn 0.963419974 0.0606525615 0.261042625
vn 0.963419139 0.0606525503 0.261045814
vn 0.0332969278 0.589034915 0.807421267
vn 0.0332969278 0.589034915 0.807421267
vn 0.0332969278 0.589034915 0.807421267
vn -0.718978584 -0.0227581672 0.694659472
vn -0.719505668 -0.0238200463 0.694078028
vn -0.717544138 -0.0255762804 0.696043372
vn -0.717391074 -0.0254480503 0.696205676
vn -0.718233585 -0.0224432591 0.695440054
vn -0.935250342 -0.0400261991 -0.351717025
vn -0.935250342 -0.0400261991 -0.351717025
vn -0.935250342 -0.0400261991 -0.351717025
vn -0.935250342 -0.0400261991 -0.351717025
vn 0.00309859891 0.999947846 -0.00972886011
vn 0.00556471478 0.999927044 -0.0107218334
vn -0.00514956564 0.999947846 0.00881736446
vn -0.00475109415 0.999927044 0.0111069698
vn 0 -4.23764313e-09 1
vn 0 -4.23764313e-09 1
vn 0 -4.23764313e-09 1
vn 0 -4.23764313e-09 1
vn 0 -4.23764313e-09 1
vn 0 -4.23764313e-09 1
vn 0 -4.23764313e-09 1
vn 0 -4.23764313e-09 1
vn 0 -4.23764313e-09 1
vn 0 -4.23764313e-09 1
vn 2.3827472e-06 0.000498080859 -0.999999881
vn 3.12422958e-06 0.000498080859 -0.999999881
vn 3.0267463e-06 0.000498079462 -0.999999881
vn 3.39701296e-06 0.000498079462 -0.999999881
vn -0.0461052433 0.00214386638 0.998934209
vn -0.046260491 0.0020835672 0.998927176
vn -0.0464872681 0.00192697311 0.998916984
vn -0.0472662263 0.00134974415 0.99888134
vn -0.0462389663 0.00206412096 0.998928249
vn -0.046702344 0.00180559722 0.998907208
vn -0.0464012548 0.00200805743 0.998920858
vn -0.0466973074 0.00177230313 0.998907387
vn -0.0467381217 0.00175384607 0.99890554
vn -0.0463629402 0.00193052646 0.998922765
vn -0.0468344614 0.00171388208 0.998901129
vn -0.0465418212 0.00191072398 0.99891448
vn -0.0460348241 0.00219866447 0.998937368
vn -0.57040143 -0.80322063 -0.171694115
vn -0.57040143 -0.80322063 -0.171694115
vn -0.57040143 -0.80322063 -0.171694115
vn -0.57040143 -0.80322063 -0.171694115
vn 0 -0.638516247 -0.769608319
vn 0 -0.638516247 -0.769608319
vn 0 -0.638516247 -0.769608319
vn 0 -0.638516247 -0.769608319
vn 0 -0.638516247 -0.769608319
vn 0 -0.638516247 -0.769608319
vn 0 -0.638516247 -0.769608319
vn 0 -0.638516247 -0.769608319
vn -0.727964342 0.683372855 -0.0554011352
vn -0.727968097 0.683367908 -0.0554128885
vn -0.727972806 0.68336159 -0.0554278567
vn 0 -1 -3.95265232e-07
vn 0 -1 -3.95265232e-07
vn 0 -1 -3.95265232e-07
vn 0 -1 -3.95265232e-07
vn 0 -1 -3.95265232e-07
vn -0.0647266433 -0.00391930388 -0.997895241
vn -0.0646333918 -0.00389208272 -0.99790138
vn -0.0646249875 -0.00393780321 -0.997901738
vn -0.0649086535 -0.00402640551 -0.997883022
vn -0.999982715 0 0.00586973969
vn -0.999982715 0 0.00586973969
vn -0.999982715 0 0.00586973969
vn -0.999982715 0 0.00586973969
vn -0.992392659 -0.023667993 0.120817192
vn -0.992392659 -0.023667993 0.120817192
vn -0.992392659 -0.023667993 0.120817192
vn -0.992392659 -0.023667993 0.120817192
vn 0 0.6385144 -0.769609749
vn 0 0.6385144 -0.769609749
vn 0 0.6385144 -0.769609749
vn 0 0.6385144 -0.769609749
vn 0 0.6385144 -0.769609749
vn 0 0.6385144 -0.769609749
vn 0 0.6385144 -0.769609749
vn 0 0.6385144 -0.769609749
vn -0.643390536 -0.721773624 0.255129814
vn -0.377531648 -0.632653594 0.676179826
vn -0.646617949 -0.717798054 0.258168608
vn 0 0.997827351 0.0658816993
vn 0 0.997827351 0.0658816993
vn 0 0.997827351 0.0658816993
vn 0 0.997827351 0.0658816993
vn 0 -0.999807775 0.0196079239
vn 0 -0.999807775 0.0196079239
vn 0 -0.999807775 0.0196079239
vn 0 -0.999807775 0.0196079239
vn 0.768840194 -0.636601508 0.0601942092
vn 0.768840194 -0.636601508 0.0601942092
vn 0.768840194 -0.636601508 0.0601942092
vn 0.768840194 -0.636601508 0.0601942092
vn 0.998080194 0 0.061934825
vn 0.998080194 0 0.061934825
vn 0.998080194 0 0.061934825
vn 0.998080194 0 0.061934825
vn -0.851567984 0.282155782 0.441837013
vn -0.851521492 0.282286435 0.441843092
vn -0.85165596 0.281893909 0.441834658
vn 0 -0.995613635 0.0935594738
vn 0 -0.995613635 0.0935594738
vn 0 -0.995613635 0.0935594738
vn 0 -0.995613635 0.0935594738
vn -0.0546765029 0.992792904 0.106643349
vn -0.0546765029 0.992792904 0.106643349
vn -0.0546765029 0.992792904 0.106643349
vn -0.0546765029 0.992792904 0.106643349
vn -0.0546765029 0.992792904 0.106643349
vn -0.0546765029 0.992792904 0.106643349
vn -0.0546765029 0.992792904 0.106643349
vn 0 -0.999541581 0.03027362
vn 0 -0.999541581 0.03027362
vn 0 -0.999541581 0.03027362
vn 0 -0.999541581 0.03027362
vn 0 0.999610603 0.0279027279
vn 0 0.999610603 0.0279027279
vn 0 0.999610603 0.0279027279
vn 0 0.999610603 0.0279027279
vn -0.994127572 0.0420286357 0.0997192711
vn -0.994127572 0.0420286357 0.0997192711
vn -0.994127572 0.0420286357 0.0997192711
vn -0.994127572 0.0420286357 0.0997192711
vn -0.994127572 0.0420286357 0.0997192711
vn -0.994127572 0.0420286357 0.0997192711
vn -0.994127572 0.0420286357 0.0997192711
vn 0.999958873 0 0.00906786695
vn 0.999958873 0 0.00906786695
vn 0.999958873 0 0.00906786695
vn 0.999958873 0 0.00906786695
vn -0.996122479 0 0.0879770666
vn -0.996122479 0 0.0879770666
vn -0.996122479 0 0.0879770666
vn -0.996122479 0 0.0879770666
vn -0.770550847 -0.637151301 0.0170181692
vn -0.770550847 -0.637151301 0.0170181692
vn -0.770550847 -0.637151301 0.0170181692
vn -0.770550847 -0.637151301 0.0170181692
vn 0 -0.999807775 0.0196079034
vn 0 -0.999807775 0.0196079034
vn 0 -0.999807775 0.0196079034
vn 0 -0.999807775 0.0196079034
vn -0.769974113 0.636375606 0.0465401337
vn -0.769974113 0.636375606 0.0465401337
vn -0.769974113 0.636375606 0.0465401337
vn -0.769974113 0.636375606 0.0465401337
vn 0.999965131 0 0.00835718866
vn 0.999965131 0 0.00835718866
vn 0.999965131 0 0.00835718866
vn 0.999965131 0 0.00835718866
vn 0.7688393 -0.636602521 0.0601943843
vn 0.7688393 -0.636602521 0.0601943843
vn 0.7688393 -0.636602521 0.0601943843
vn 0.7688393 -0.636602521 0.0601943843
vn 0.767437637 0.634840429 0.0895382687
vn 0.767437637 0.634840429 0.0895382687
vn 0.767437637 0.634840429 0.0895382687
vn 0.767437637 0.634840429 0.0895382687
vn 0.770433784 -0.636978209 0.0262788218
vn 0.770433784 -0.636978209 0.0262788218
vn 0.770433784 -0.636978209 0.0262788218
vn 0.770433784 -0.636978209 0.0262788218
vn -0.766497791 -0.63552171 0.0926998034
vn -0.766497791 -0.63552171 0.0926998034
vn -0.766497791 -0.63552171 0.0926998034
vn -0.766497791 -0.63552171 0.0926998034
vn -0.76596421 0.633778334 0.107814692
vn -0.76596421 0.633778334 0.107814692
vn -0.76596421 0.633778334 0.107814692
vn -0.76596421 0.633778334 0.107814692
vn 0.769341886 0.634800673 0.0717017576
vn 0.769341886 0.634800673 0.0717017576
vn 0.769341886 0.634800673 0.0717017576
vn 0.769341886 0.634800673 0.0717017576
vn 0.998080194 0 0.0619348399
vn 0.998080194 0 0.0619348399
vn 0.998080194 0 0.0619348399
vn 0.998080194 0 0.0619348399
vn 0 0.997827351 0.0658817589
vn 0 0.997827351 0.0658817589
vn 0 0.997827351 0.0658817589
vn 0 0.997827351 0.0658817589
vn 0.76743716 0.634841084 0.0895380005
vn 0.76743716 0.634841084 0.0895380005
vn 0.76743716 0.634841084 0.0895380005
vn 0.76743716 0.634841084 0.0895380005
vn 0.770472884 0.637012541 0.0242204033
vn 0.770472884 0.637012541 0.0242204033
vn 0.770472884 0.637012541 0.0242204033
vn 0.770472884 0.637012541 0.0242204033
vn -0.767067134 0.635844827 0.0854959711
vn -0.767067134 0.635844827 0.0854959711
vn -0.767067134 0.635844827 0.0854959711
vn -0.767067134 0.635844827 0.0854959711
vn -0.764191806 -0.632378459 0.126918733
vn -0.764191806 -0.632378459 0.126918733
vn -0.764191806 -0.632378459 0.126918733
vn -0.764191806 -0.632378459 0.126918733
vn 0.76954639 -0.635158837 0.0661182702
vn 0.76954639 -0.635158837 0.0661182702
vn 0.76954639 -0.635158837 0.0661182702
vn 0.76954639 -0.635158837 0.0661182702
vn -0.747014761 0.624658763 0.227531046
vn -0.747014761 0.624658763 0.227531046
vn -0.747014761 0.624658763 0.227531046
vn -0.747014761 0.624658763 0.227531046
vn -0.406605005 0 0.91360414
vn -0.406605005 0 0.91360414
vn -0.406605005 0 0.91360414
vn -0.406605005 0 0.91360414
vn -0.999982774 0 0.00586974248
vn -0.999982774 0 0.00586974248
vn -0.999982774 0 0.00586974248
vn -0.999982774 0 0.00586974248
vn 0 -1 -1.4620224e-06
vn 0 -1 -1.4620224e-06
vn 0 -1 -1.4620224e-06
vn 0 -1 -1.4620224e-06
vn 0 -1 -1.4620224e-06
vn 0 1 4.91147887e-07
vn 0 1 4.91147887e-07
vn 0 1 4.91147887e-07
vn 0 1 4.91147887e-07
vn 0 1 4.91147887e-07
vn 0 2.64852895e-09 1
vn 0 2.64852895e-09 1
vn 0 2.64852895e-09 1
vn 0 2.64852895e-09 1
vn 0 2.64852895e-09 1
vn 0 2.64852895e-09 1
vn 0 2.64852895e-09 1
vn 0 2.64852895e-09 1
vn 0 2.64852895e-09 1
vn 0 2.64852895e-09 1
vn 0 -1 0
vn 0 -1 0
vn 0 -1 0
vn 0 -1 0
vn 0 -1 0
vn 0 1 0
vn 0 1 0
vn 0 1 0
vn 0 1 0
vn 0 1 0
vn -0.769973159 0.636376679 0.0465401746
vn -0.769973159 0.636376679 0.0465401746
vn -0.769973159 0.636376679 0.0465401746
vn -0.769973159 0.636376679 0.0465401746
vn 0 0.638510346 -0.769613206
vn 0 0.638510346 -0.769613206
vn 0 0.638510346 -0.769613206
vn 0 0.638510346 -0.769613206
vn 0 0.638510346 -0.769613206
vn 0 0.638510346 -0.769613206
vn 0 0.638510346 -0.769613206
vn 0 0.638510346 -0.769613206
vn 0 -0.638513029 -0.769611001
vn 0 -0.638513029 -0.769611001
vn 0 -0.638513029 -0.769611001
vn 0 -0.638513029 -0.769611001
vn 0 -0.638513029 -0.769611001
vn 0 -0.638513029 -0.769611001
vn 0 -0.638513029 -0.769611001
vn 0 -0.638513029 -0.769611001
vn -1.89761895e-08 0.805502176 0.592592835
vn -1.89761895e-08 0.805502176 0.592592835
vn -1.89761895e-08 0.805502176 0.592592835
vn -1.89761895e-08 0.805502176 0.592592835
vn -1.89761895e-08 0.805502176 0.592592835
vn -1.89761895e-08 0.805502176 0.592592835
vn -1.89761895e-08 0.805502176 0.592592835
vn -2.27714736e-08 -0.805503786 0.59259069
vn -2.27714736e-08 -0.805503786 0.59259069
vn -2.27714736e-08 -0.805503786 0.59259069
vn -2.27714736e-08 -0.805503786 0.59259069
vn -2.27714736e-08 -0.805503786 0.59259069
vn -2.27714736e-08 -0.805503786 0.59259069
vn -2.27714736e-08 -0.805503786 0.59259069
vn -3.79524678e-08 0.805505812 0.592587948
vn -3.79524678e-08 0.805505812 0.592587948
vn -3.79524678e-08 0.805505812 0.592587948
vn -3.79524678e-08 0.805505812 0.592587948
vn -3.79524678e-08 0.805505812 0.592587948
vn -3.79524678e-08 0.805505812 0.592587948
vn -3.79524678e-08 0.805505812 0.592587948
vn 0.333221018 -2.29956822e-06 -0.942848802
vn 0.333221018 -2.29956822e-06 -0.942848802
vn 0.333221018 -2.29956822e-06 -0.942848802
vn 0.333221018 -2.29956822e-06 -0.942848802
vn -0.770549953 -0.637152314 0.0170182697
vn -0.770549953 -0.637152314 0.0170182697
vn -0.770549953 -0.637152314 0.0170182697
vn -0.770549953 -0.637152314 0.0170182697
vn -0.566781759 0.461972862 0.682157934
vn -0.566781759 0.461972862 0.682157934
vn -0.566781759 0.461972862 0.682157934
vn -0.566781759 0.461972862 0.682157934
vn -0.887680531 -0.429978758 -0.164747402
vn -0.876492798 -0.439399749 -0.19669348
vn -0.893129826 -0.404554754 -0.196607977
vn -0.890004218 -0.40823704 -0.203064576
vn 0.940164506 -0.000478121801 -0.340720564
vn 0.94016391 0.000163626595 -0.340722412
vn 0.94016391 -0.00016708253 -0.340722442
vn 0.940164447 0.000479291659 -0.340720594
vn -0.961016059 0.00780879706 0.276382476
vn -0.961012363 0.00781537406 0.276394993
vn -0.961054504 0.00822503865 0.276236475
vn -0.960953295 0.00799756497 0.276595086
vn 0.675597727 -0.69547087 -0.244720519
vn 0.67569989 -0.695368528 -0.2447294
vn 0.67554599 -0.695541263 -0.244663283
vn -0.686510265 -0.699832439 0.197327688
vn -0.686402559 -0.699932992 0.197345674
vn -0.686505973 -0.699831545 0.197345316
vn 0.675496161 0.69557929 -0.244692117
vn 0.675541699 0.695546627 -0.244659379
vn 0.675566733 0.69551146 -0.244690299
vn -0.686505377 0.699815989 0.197403133
vn -0.686376691 0.699953437 0.197363526
vn -0.686387718 0.699951172 0.197333232
vn -0.932318807 -0.0260780957 -0.360695809
vn -0.932318807 -0.0260780957 -0.360695809
vn -0.932318807 -0.0260780957 -0.360695809
vn -0.932318807 -0.0260780957 -0.360695809
vn 0.71216172 -0.000669997942 -0.702015162
vn 0.712170243 -0.000670045207 -0.702006459
vn 0.712163329 0.00095983065 -0.702013135
vn 0.712167799 0.000672219729 -0.702008963
vn -0.0568493083 0.998296201 0.0131442081
vn -0.0575621054 0.998191595 0.0173235293
vn -0.000809576362 0.999633074 0.0270737596
vn -0.000147033483 0.999714434 0.0238960385
vn -0.0737410933 0.182220504 0.980488658
vn -0.058358606 0.184528917 0.98109287
vn -0.0643799752 0.183768913 0.980858922
vn -0.532961369 -0.63711077 0.556814253
vn -0.532961369 -0.63711077 0.556814253
vn -0.532961369 -0.63711077 0.556814253
vn -0.532961369 -0.63711077 0.556814253
vn -0.532961369 -0.63711077 0.556814253
vn 0.0420781299 -0.99689889 -0.066499956
vn 0.0871592984 -0.995048463 -0.0477685742
vn 0.0882537067 -0.99483043 -0.0502382889
vn 0.0431357548 -0.996669114 -0.0692102462
vn -0.00149969244 0.999987841 -0.00470545329
vn -0.00149953854 0.999987781 -0.00470176712
vn -0.00152300252 0.999987364 -0.00478098821
vn -0.00152550777 0.999987423 -0.00478886906
vn 0 -1 4.18632027e-07
vn 0 -1 4.18632027e-07
vn 0 -1 4.18632027e-07
vn 0 -1 4.18632027e-07
vn 0.0176360179 4.00641227e-07 0.999844432
vn 0.0176360179 4.00641227e-07 0.999844432
vn 0.0176360179 4.00641227e-07 0.999844432
vn 0.0176360179 4.00641227e-07 0.999844432
vn 0.0176360179 4.00641227e-07 0.999844432
vn -0.0672458634 0.00994656794 -0.997686863
vn -0.0559889041 0.00487202778 -0.998419523
vn -0.0600816011 -0.00897338428 -0.99815315
vn -0.0550177768 0.00230739242 -0.998482704
vn -0.963596165 0.00731118163 0.267262012
vn -0.962958694 -0.00961650722 0.269477427
vn -0.962970495 -0.00958381686 0.2694363
vn -0.958286822 -0.00735398196 0.285713643
vn 0.683489978 -0.558250844 0.470316529
vn 0.683489978 -0.558250844 0.470316529
vn 0.683489978 -0.558250844 0.470316529
vn 0.940160811 -2.91430138e-06 -0.340731353
vn 0.940160811 -2.91430138e-06 -0.340731353
vn 0.940160811 -2.91430138e-06 -0.340731353
vn 0.940160811 -2.91430138e-06 -0.340731353
vn 0.940160811 -2.91430138e-06 -0.340731353
vn -8.45340082e-07 -1 -3.50300752e-07
vn -8.45340082e-07 -1 -3.50300752e-07
vn -8.45340082e-07 -1 -3.50300752e-07
vn -8.45340082e-07 -1 -3.50300752e-07
vn 0.682658017 4.49551408e-06 -0.730738044
vn 0.682658017 4.49551408e-06 -0.730738044
vn 0.682658017 4.49551408e-06 -0.730738044
vn 0.682658017 4.49551408e-06 -0.730738044
vn -0.68957907 -0.000968963432 0.724209726
vn -0.68957907 -0.000968963432 0.724209726
vn -0.68957907 -0.000968963432 0.724209726
vn -0.68957907 -0.000968963432 0.724209726
vn -0.68957907 -0.000968963432 0.724209726
vn -0.68957907 -0.000968963432 0.724209726
vn -0.168791413 0.612618148 -0.77214545
vn -0.168791413 0.612618148 -0.77214545
vn -0.168791413 0.612618148 -0.77214545
vn 0.786215723 0.347756565 0.510813355
vn 0.92840606 0.370950162 -0.021406889
vn 0.983804405 -0.178037673 -0.0207757652
vn 0.846540928 -0.200668901 0.493052244
vn -0.168821231 -0.612636268 -0.772124469
vn -0.168821231 -0.612636268 -0.772124469
vn -0.168821231 -0.612636268 -0.772124469
vn -0.530766129 0.637268782 0.558726966
vn -0.530766129 0.637268782 0.558726966
vn -0.530766129 0.637268782 0.558726966
vn -0.530766129 0.637268782 0.558726966
vn 0.526075304 -0.637286365 -0.563126028
vn 0.526075304 -0.637286365 -0.563126028
vn 0.526075304 -0.637286365 -0.563126028
vn 0.526075304 -0.637286365 -0.563126028
vn -0.213580146 4.22833955e-06 -0.976925492
vn -0.213580146 4.22833955e-06 -0.976925492
vn -0.213580146 4.22833955e-06 -0.976925492
vn -0.213580146 4.22833955e-06 -0.976925492
vn 0.52608341 0.637270987 -0.563135803
vn 0.52608341 0.637270987 -0.563135803
vn 0.52608341 0.637270987 -0.563135803
vn 0.52608341 0.637270987 -0.563135803
vn 7.87158342e-07 1 6.50863001e-07
vn 7.87158342e-07 1 6.50863001e-07
vn 7.87158342e-07 1 6.50863001e-07
vn 7.87158342e-07 1 6.50863001e-07
vn -0.741027534 -0.477830291 0.471758783
vn -0.741045892 -0.477770627 0.471790284
vn -0.741683245 -0.475570917 0.473009765
vn -0.956985712 -0.114454448 0.266605556
vn -0.956511378 -0.116529301 0.267407835
vn -0.955876589 -0.111346126 0.271849275
vn -0.957590222 -0.105933905 0.267953515
vn -0.95652777 -0.112706296 0.268983126
vn -4.11630737e-07 -1 -6.92621782e-08
vn -4.11630737e-07 -1 -6.92621782e-08
vn -4.11630737e-07 -1 -6.92621782e-08
vn -4.11630737e-07 -1 -6.92621782e-08
vn -0.0182594117 0.456090391 -0.88974613
vn -0.0182594117 0.456090391 -0.88974613
vn -0.0182594117 0.456090391 -0.88974613
vn -0.0182594117 0.456090391 -0.88974613
vn 0.694908917 -0.652766466 -0.301657945
vn 0.694908917 -0.652766466 -0.301657945
vn 0.694908917 -0.652766466 -0.301657945
vn 0.694908917 -0.652766466 -0.301657945
vn 0.0240827464 -0.999536157 -0.0186458975
vn 0.0215670876 -0.999501526 -0.0230531003
vn 0.019561816 -0.999610543 -0.0199013352
vn 0.0186452754 -0.999554336 -0.0233145654
vn 0.00883632805 -0.488031477 -0.872781336
vn 0.00771651044 -0.488181621 -0.872707963
vn 0.0097672157 -0.487991512 -0.872793734
vn 0.0119608566 -0.488204807 -0.872647166
vn 0.0867488757 -0.993773162 -0.0699254945
vn 0.0867488757 -0.993773162 -0.0699254945
vn 0.0867488757 -0.993773162 -0.0699254945
vn 0.0867488757 -0.993773162 -0.0699254945
vn -0.714637995 0.00097218022 0.699493945
vn -0.715075195 -0.0011414882 0.699046671
vn -0.714637995 0.00097218022 0.699493945
vn -0.715190411 -0.00169455074 0.69892776
vn -0.0256772041 -0.999123335 0.0330663137
vn -0.0256771017 -0.999123156 0.0330715217
vn -0.0256838836 -0.999124289 0.0330335051
vn -0.025685152 -0.999123991 0.0330395624
vn 0.726890683 -0.00532183331 -0.68673265
vn 0.724379659 -0.00758535415 -0.689359605
vn 0.726805329 -0.00558444951 -0.686820924
vn 0.724707127 -0.00749223307 -0.689016283
vn 0.701288462 0.625820816 -0.341383636
vn 0.701288462 0.625820816 -0.341383636
vn 0.701288462 0.625820816 -0.341383636
vn 0.701288462 0.625820816 -0.341383636
vn 0.0753333569 0.995828331 -0.0514862351
vn 0.0753333569 0.995828331 -0.0514862351
vn 0.0753333569 0.995828331 -0.0514862351
vn 0.0753333569 0.995828331 -0.0514862351
vn -1.29886939e-05 5.01751245e-12 0.99999994
vn -1.29886939e-05 5.01751245e-12 0.99999994
vn -1.29886939e-05 5.01751245e-12 0.99999994
vn -1.29886939e-05 5.01751245e-12 0.99999994
vn 0.742049336 0.0575779118 -0.667867839
vn 0.745241404 0.047634203 -0.665090978
vn 0.743561983 0.0610509068 -0.665874064
vn 0.745304286 0.0498715527 -0.664856553
vn 8.65629227e-06 0 -1
vn 8.65629227e-06 0 -1
vn 8.65629227e-06 0 -1
vn 8.65629227e-06 0 -1
vn 0.0217753481 0.00217876607 0.999760509
vn 0.0217753481 0.00217876607 0.999760509
vn 0.0215193164 0.00197301549 0.999766469
vn 0.0214115307 0.00186825206 0.999769032
vn 0.0217753481 0.00217876607 0.999760509
vn 0.0217753481 0.00217876607 0.999760509
vn 0.0611975901 -0.749711931 -0.658928692
vn 0.0614149906 -0.749686599 -0.658937275
vn 0.0608311743 -0.749750793 -0.658918381
vn 0.724566758 -0.00100715202 -0.689203799
vn 0.72459811 -0.00100338727 -0.689170897
vn 0.725698471 -0.00185877946 -0.688010216
vn 0.725140274 0.00174363807 -0.688598931
vn -0.00673712231 0.999823868 0.0175112579
vn -0.00661866739 0.99967587 0.0245826133
vn -0.0134352446 0.999829233 0.0126848714
vn -0.00534174778 0.999729514 0.0226308312
vn -0.0263800286 0.999648392 -0.00262900861
vn -0.0289599802 0.999457061 -0.0157024413
vn -0.0305721797 0.999434948 -0.0139534809
vn -0.0271722153 0.999603152 -0.00741533842
vn 0.710062206 -0.61507374 -0.342776626
vn 0.710062206 -0.61507374 -0.342776626
vn 0.710062206 -0.61507374 -0.342776626
vn 0.710062206 -0.61507374 -0.342776626
vn 0.710062206 -0.61507374 -0.342776626
vn -0.0956702903 -0.995207548 0.0202246532
vn -0.0940341353 -0.99515444 0.0287234448
vn -0.0976745188 -0.994981766 0.0217003971
vn -0.0931561291 -0.995396018 0.0225504972
vn -0.750457466 -0.0431459099 0.659508884
vn -0.749568701 -0.0436399803 0.66048646
vn -0.750396073 -0.0430058241 0.659587979
vn -0.750135243 -0.0431151353 0.65987736
vn 0.920878828 -0.0408038981 -0.387707651
vn 0.920878828 -0.0408038981 -0.387707651
vn 0.920878828 -0.0408038981 -0.387707651
vn 0.920878828 -0.0408038981 -0.387707651
vn -0.0226635225 -0.999695599 -0.00976317283
vn -0.0260205492 -0.999632299 -0.00764763495
vn -0.0214130096 -0.999688268 -0.0128517868
vn -0.025446048 -0.999606788 -0.0117916577
vn -0.769942701 -0.0155269392 0.637924075
vn -0.772279441 -0.0109603778 0.63518846
vn -0.772148907 -0.0110486979 0.635345638
vn -0.774121821 -0.0169368722 0.632809997
vn -0.870645821 0.0221762676 -0.491410315
vn -0.870628774 0.0219320282 -0.491451472
vn -0.870452106 0.0220994558 -0.491756827
vn -0.870527327 0.0223314017 -0.49161309
vn -0.952540517 -0.00168852531 -0.304407418
vn -0.952534139 -0.00172890001 -0.304427058
vn -0.952557802 -0.00157669606 -0.304353714
vn -0.952551067 -0.00162047858 -0.304374635
vn -0.000557721534 0.999938846 -0.0110465707
vn -0.000557721534 0.999938846 -0.0110465707
vn -0.000557721534 0.999938846 -0.0110465707
vn -0.000557721534 0.999938846 -0.0110465707
vn -0.888102412 -0.144032136 -0.436496139
vn -0.887111068 -0.156960845 -0.43404752
vn -0.889607251 -0.144197032 -0.433365941
vn -0.888920784 -0.154226124 -0.431316733
vn 0.116534911 0.991783738 0.0527688265
vn 0.117611296 0.991330445 0.0585789233
vn 0.113158725 0.992063165 0.0548252501
vn 0.118921846 0.991457462 0.0535697043
vn 0.294052005 0.00590458931 0.955771148
vn 0.294052005 0.00590458931 0.955771148
vn 0.294052005 0.00590458931 0.955771148
vn 0.294052005 0.00590458931 0.955771148
vn 0.0625667498 0.0107561676 0.9979828
vn 0.0625667498 0.0107561676 0.9979828
vn 0.0625667498 0.0107561676 0.9979828
vn 0.0625667498 0.0107561676 0.9979828
vn 0.908457577 -0.0115245609 -0.417818159
vn 0.908457577 -0.0115245609 -0.417818159
vn 0.908457577 -0.0115245609 -0.417818159
vn 0.908457577 -0.0115245609 -0.417818159
vn 0.0228262935 -0.00984773692 -0.99969095
vn 0.0228262935 -0.00984773692 -0.99969095
vn 0.0228262935 -0.00984773692 -0.99969095
vn 0.0228262935 -0.00984773692 -0.99969095
vn 0.0228262935 -0.00984773692 -0.99969095
vn -0.0160289668 0.00643181242 -0.99985081
vn -0.0147457356 0.00597451907 -0.9998734
vn -0.0149026727 0.00613118522 -0.999870121
vn -0.0147766843 0.00595054962 -0.999873042
vn -0.0149737727 0.00613568304 -0.999869049
vn 0.0621992312 0.693904698 -0.717375517
vn 0.0621992312 0.693904698 -0.717375517
vn 0.0621992312 0.693904698 -0.717375517
vn 0.0621992312 0.693904698 -0.717375517
vn 6.40314113e-07 1 0
vn 6.40314113e-07 1 0
vn 6.40314113e-07 1 0
vn 6.40314113e-07 1 0
vn 1 0 0
vn 1 0 0
vn 1 0 0
vn 1 0 0
vn -0.793313324 0 0.608813524
vn -0.793313324 0 0.608813524
vn -0.793313324 0 0.608813524
vn -0.793313324 0 0.608813524
vn 8.71848806e-06 0 -1
vn 8.71848806e-06 0 -1
vn 8.71848806e-06 0 -1
vn 8.71848806e-06 0 -1
vn -1.29535529e-05 0 1
vn -1.29535529e-05 0 1
vn -1.29535529e-05 0 1
vn -1.29535529e-05 0 1
vn 3.65894891e-07 0.99999994 -1.38524371e-07
vn 3.65894891e-07 0.99999994 -1.38524371e-07
vn 3.65894891e-07 0.99999994 -1.38524371e-07
vn 3.65894891e-07 0.99999994 -1.38524371e-07
vn 1 0 0
vn 1 0 0
vn 1 0 0
vn 1 0 0
vn -0.793312967 4.14725804e-07 0.60881412
vn -0.793312967 4.14725804e-07 0.60881412
vn -0.793312967 4.14725804e-07 0.60881412
vn -0.793312967 4.14725804e-07 0.60881412
vn 0.00129081251 -0.999998808 0.000764412805
vn 0.00129075558 -0.999998808 0.000764035154
vn 0.00129500218 -0.999998748 0.000766859797
vn 0.00129518146 -0.999998748 0.000767204969
vn 2.9463763e-07 1 0
vn 2.9463763e-07 1 0
vn 2.9463763e-07 1 0
vn 2.9463763e-07 1 0
vn 0.030621767 -0.00224498101 0.999528587
vn 0.030621767 -0.00224498101 0.999528587
vn 0.030621767 -0.00224498101 0.999528587
vn 0.030621767 -0.00224498101 0.999528587
vn -1 2.61434138e-06 1.71536144e-07
vn -1 2.61434138e-06 1.71536144e-07
vn -1 2.61434138e-06 1.71536144e-07
vn -1 2.61434138e-06 1.71536144e-07
vn -0.0380124338 0.0397237539 -0.998487473
vn -0.0311884303 0.0442774966 -0.998532414
vn -0.031162506 0.0399954021 -0.998713851
vn -0.0330270454 0.0454156138 -0.998422146
vn 0.989395022 -0.145250186 4.36750511e-08
vn 0.989395022 -0.145250186 4.36750511e-08
vn 0.989395022 -0.145250186 4.36750511e-08
vn 0.989395022 -0.145250186 4.36750511e-08
vn 2.99314138e-07 1 0
vn 2.99314138e-07 1 0
vn 2.99314138e-07 1 0
vn 2.99314138e-07 1 0
vn -0.0033499694 -0.99999243 -0.00201495364
vn -0.00335414568 -0.99999243 -0.00201109331
vn -0.0032944791 -0.999992669 -0.00197956269
vn -0.00329180993 -0.999992609 -0.00197964278
vn 0.0306218415 0.0022449533 0.999528527
vn 0.0306218415 0.0022449533 0.999528527
vn 0.0306218415 0.0022449533 0.999528527
vn 0.0306218415 0.0022449533 0.999528527
vn -0.99999994 1.61696626e-05 1.05565766e-06
vn -0.99999994 1.61696626e-05 1.05565766e-06
vn -0.99999994 1.61696626e-05 1.05565766e-06
vn -0.99999994 1.61696626e-05 1.05565766e-06
vn -0.0316055566 0.0525201783 -0.998119533
vn -0.0266661346 0.052831836 -0.998247325
vn -0.0214885026 0.0429172516 -0.998847485
vn -0.0316447094 0.0447256118 -0.998497903
vn 0.989395201 0.145248383 0
vn 0.989395201 0.145248383 0
vn 0.989395201 0.145248383 0
vn 0.989395201 0.145248383 0
vn -5.94576306e-07 -1 1.38524371e-07
vn -5.94576306e-07 -1 1.38524371e-07
vn -5.94576306e-07 -1 1.38524371e-07
vn -5.94576306e-07 -1 1.38524371e-07
vn 0.71341747 0.597514093 -0.366077185
vn 0.71341747 0.597514093 -0.366077185
vn 0.71341747 0.597514093 -0.366077185
vn 0.71341747 0.597514093 -0.366077185
vn 0.71341747 0.597514093 -0.366077185
vn -0.0917262286 0.994244397 0.0553566404
vn -0.0917030573 0.994247377 0.0553423613
vn -0.0917012319 0.994252324 0.0552557409
vn -0.0916824341 0.994252801 0.0552788004
vn 0.00609040633 -0.993834257 -0.110708021
vn 0.00609040633 -0.993834257 -0.110708021
vn 0.00609040633 -0.993834257 -0.110708021
vn 0.00609040633 -0.993834257 -0.110708021
vn -0.766333044 0.00527151488 0.642421782
vn -0.776531458 0.00136871566 0.630076945
vn -0.759622455 0.00558504229 0.650340319
vn -0.751742601 0.0153437229 0.659278154
vn -0.76662451 0.00239661522 0.642091274
vn -0.747085333 -0.00782075152 0.664682031
vn -0.764203012 0.00407175906 0.644962907
vn 0.726764023 -0.412271976 -0.549405038
vn 0.74390924 -0.420325249 -0.519543648
vn 0.736728311 -0.417435735 -0.531957448
vn 0.728731751 -0.414722979 -0.544935584
vn -0.00774743874 -0.352687508 -0.935709
vn -0.00774743874 -0.352687508 -0.935709
vn -0.00774743874 -0.352687508 -0.935709
vn -0.00774743874 -0.352687508 -0.935709
vn 0.0214897115 0.0204065163 -0.999560773
vn 0.0214897115 0.0204065163 -0.999560773
vn 0.0214897115 0.0204065163 -0.999560773
vn 0.0214897115 0.0204065163 -0.999560773
vn 0.0214897115 0.0204065163 -0.999560773
vn 0.0214897115 0.0204065163 -0.999560773
vn 0.0214897115 0.0204065163 -0.999560773
vn 0.0214897115 0.0204065163 -0.999560773
vn 0.0214897115 0.0204065163 -0.999560773
vn 0.568584085 -0.756767988 -0.322512627
vn 0.568584085 -0.756767988 -0.322512627
vn 0.568584085 -0.756767988 -0.322512627
vn 0.568584085 -0.756767988 -0.322512627
vn 0.873922169 0.0695610121 -0.481062651
vn 0.873922169 0.0695610121 -0.481062651
vn 0.873922169 0.0695610121 -0.481062651
vn 0.873922169 0.0695610121 -0.481062651
vn 0.752612174 0.496254981 -0.432788432
vn 0.735367775 0.494510591 -0.463350326
vn 0.741726816 0.496198475 -0.451252133
vn 0.757739902 0.496454179 -0.423513293
vn 0.0468248725 0.647422016 -0.760691881
vn 0.0468248725 0.647422016 -0.760691881
vn 0.0468248725 0.647422016 -0.760691881
vn 0.0468248725 0.647422016 -0.760691881
vn 0.0410607755 -0.0299521722 0.998707592
vn 0.0410607755 -0.0299521722 0.998707592
vn 0.0410607755 -0.0299521722 0.998707592
vn 0.0410607755 -0.0299521722 0.998707592
vn 0.0410607755 -0.0299521722 0.998707592
vn 0.0410607755 -0.0299521722 0.998707592
vn 0.0410607755 -0.0299521722 0.998707592
vn 0.683246493 0.65061599 -0.331471294
vn 0.683246493 0.65061599 -0.331471294
vn 0.683246493 0.65061599 -0.331471294
vn 0.683246493 0.65061599 -0.331471294
vn 0.691528022 0.138316348 -0.708983481
vn 0.66283524 0.0893098935 -0.743419826
vn 0.710758328 0.0527337305 -0.701456904
vn 0.656778038 -0.0603093058 -0.751668453
vn 0.664753973 0.0185706504 -0.746831357
vn 0.715387225 0.059253227 -0.696211278
vn 0.713046134 0.0446234457 -0.699695587
vn 0.032863792 0.995548248 0.0883374661
vn 0.0328526311 0.995546997 0.0883557275
vn 0.0328626633 0.995554924 0.0882627144
vn 0.0328724235 0.995555758 0.088249445
vn -0.00455336226 0.00285266992 -0.999985516
vn -0.00455336226 0.00285266992 -0.999985516
vn -0.00455336226 0.00285266992 -0.999985516
vn -0.00455336226 0.00285266992 -0.999985516
vn -0.00455336226 0.00285266992 -0.999985516
vn 0.811755538 0.017401129 -0.583737969
vn 0.81176281 0.0167056806 -0.583748102
vn 0.811774671 0.0165774897 -0.583735406
vn 0.811763346 0.0177442282 -0.583716869
vn 0.577660561 -0.731165826 -0.362911463
vn 0.577660561 -0.731165826 -0.362911463
vn 0.577660561 -0.731165826 -0.362911463
vn 0.577660561 -0.731165826 -0.362911463
vn -0.318610698 0.92907536 -0.187899441
vn -0.317608982 0.928918481 -0.19035463
vn -0.320717782 0.928477645 -0.187268034
vn -0.316463619 0.928986371 -0.191924602
vn 0.230592787 0.966588318 0.111955442
vn 0.230592787 0.966588318 0.111955442
vn 0.230592787 0.966588318 0.111955442
vn 0.230592787 0.966588318 0.111955442
vn 0.0634951293 0.620125592 0.781928718
vn 0.055966109 0.615505993 0.786142468
vn 0.0475209802 0.619777381 0.783337533
vn 0.050680384 0.61480397 0.78704989
vn -0.85404861 0.00250936835 -0.520187199
vn -0.854042292 0.0025197221 -0.520197511
vn -0.854044497 0.00251599541 -0.520193875
vn -0.854024231 0.00248660403 -0.520227313
vn 0.00116396591 0.999999046 0.000659874058
vn 0.00232042931 0.999997199 0.000285779824
vn -0.00183960306 0.999979198 0.00617838744
vn 0.00121834641 0.999997377 0.00194292329
vn -0.84484905 4.77977778e-07 -0.535004795
vn -0.84484905 6.57125292e-06 -0.535004795
vn -0.844771981 -4.74505032e-06 -0.535126269
vn -0.844746411 -6.57560304e-06 -0.53516686
vn 0.891770065 -0.0428843126 -0.450452119
vn 0.891770065 -0.0428843126 -0.450452119
vn 0.891770065 -0.0428843126 -0.450452119
vn 0.891770065 -0.0428843126 -0.450452119
vn 0.223846242 -0.941329122 -0.252571344
vn 0.224000111 -0.941405833 -0.252148777
vn 0.223845169 -0.941444457 -0.252142221
vn 0.223695338 -0.941350639 -0.25262475
vn 0.080804348 0.00552949635 0.996714652
vn 0.081669949 0.00525122229 0.996645629
vn 0.0819163844 0.00523434859 0.996625483
vn 0.0823827162 0.00500579365 0.99658829
vn 0.0816030875 0.00529251108 0.996650934
vn 0.0827753842 0.00493080029 0.996556103
vn 0.152841657 -0.786545038 0.59831965
vn 0.151899666 -0.786835134 0.598178089
vn 0.152242452 -0.786695838 0.598274171
vn 0.152788386 -0.786632895 0.598217785
vn 0.155239969 0.68921113 0.707734823
vn 0.155239969 0.68921113 0.707734823
vn 0.155239969 0.68921113 0.707734823
vn 0.155239969 0.68921113 0.707734823
vn 0.155239969 0.68921113 0.707734823
vn 0.178886935 -0.976465583 -0.120475344
vn 0.179723978 -0.976117492 -0.122040212
vn 0.18014276 -0.976354063 -0.119504377
vn 0.179075956 -0.976296604 -0.12155886
vn -0.0600517578 0.502652287 -0.862400413
vn -0.0600517578 0.502652287 -0.862400413
vn -0.0600517578 0.502652287 -0.862400413
vn -0.0600517578 0.502652287 -0.862400413
vn 0.764980555 -0.0239551067 0.643607676
vn 0.764980555 -0.0239551067 0.643607676
vn 0.764980555 -0.0239551067 0.643607676
vn 0.764980555 -0.0239551067 0.643607676
vn -0.115818404 -0.993233979 -0.00850377046
vn -0.11661227 -0.993126333 -0.0100858174
vn -0.114699699 -0.993352652 -0.00972161721
vn -0.114988528 -0.993321657 -0.00946676452
vn -0.0827349275 -0.995832086 -0.0383837298
vn -0.0827349275 -0.995832086 -0.0383837298
vn -0.0827349275 -0.995832086 -0.0383837298
vn -0.0827349275 -0.995832086 -0.0383837298
vn 0.473228514 0.731061518 -0.491532087
vn 0.473228514 0.731061518 -0.491532087
vn 0.473228514 0.731061518 -0.491532087
vn 0.473228514 0.731061518 -0.491532087
vn 0.473228514 0.731061518 -0.491532087
vn 0.473228514 0.731061518 -0.491532087
vn 0 0 1
vn 0 0 1
vn 0 0 1
vn 0 0 1
vn 0 0 -1
vn 0 0 -1
vn 0 0 -1
vn 0 0 -1
vn 0 -0.996488214 0.0837334841
vn 0 -0.996488214 0.0837334841
vn 0 -0.996488214 0.0837334841
vn 0 -0.996488214 0.0837334841
vn 0.996488214 0 0.0837330371
vn 0.996488214 0 0.0837330371
vn 0.996488214 0 0.0837330371
vn 0.996488214 0 0.0837330371
vn 0 0.996488273 0.0837322623
vn 0 0.996488273 0.0837322623
vn 0 0.996488273 0.0837322623
vn 0 0.996488273 0.0837322623
vn -0.996488333 0 0.0837322697
vn -0.996488333 0 0.0837322697
vn -0.996488333 0 0.0837322697
vn -0.996488333 0 0.0837322697
vn -0.996488392 0 0.0837322548
vn -0.996488392 0 0.0837322548
vn -0.996488392 0 0.0837322548
vn -0.996488392 0 0.0837322548
vn 0 -0.996488273 0.0837322623
vn 0 -0.996488273 0.0837322623
vn 0 -0.996488273 0.0837322623
vn 0 -0.996488273 0.0837322623
vn 0.996488273 0 0.0837327689
vn 0.996488273 0 0.0837327689
vn 0.996488273 0 0.0837327689
vn 0.996488273 0 0.0837327689
vn 0 0.996488214 0.0837332606
vn 0 0.996488214 0.0837332606
vn 0 0.996488214 0.0837332606
vn 0 0.996488214 0.0837332606
vn 0 0 -1
vn 0 0 -1
vn 0 0 -1
vn 0 0 -1
vn 0 0 1
vn 0 0 1
vn 0 0 1
vn 0 0 1
vn -0.996488333 0 0.0837322697
vn -0.996488333 0 0.0837322697
vn -0.996488333 0 0.0837322697
vn -0.996488333 0 0.0837322697
vn 0 0.996488273 0.0837323964
vn 0 0.996488273 0.0837323964
vn 0 0.996488273 0.0837323964
vn 0 0.996488273 0.0837323964
vn 0.996488333 0 0.0837327912
vn 0.996488333 0 0.0837327912
vn 0.996488333 0 0.0837327912
vn 0.996488333 0 0.0837327912
vn 0 -0.996488094 0.0837337151
vn 0 -0.996488094 0.0837337151
vn 0 -0.996488094 0.0837337151
vn 0 -0.996488094 0.0837337151
vn 0 0 -1
vn 0 0 -1
vn 0 0 -1
vn 0 0 -1
vn 0 0 1
vn 0 0 1
vn 0 0 1
vn 0 0 1
vn -0.996488333 0 0.0837320015
vn -0.996488333 0 0.0837320015
vn -0.996488333 0 0.0837320015
vn -0.996488333 0 0.0837320015
vn 0 -0.996488333 0.0837322474
vn 0 -0.996488333 0.0837322474
vn 0 -0.996488333 0.0837322474
vn 0 -0.996488333 0.0837322474
vn 0.996488214 0 0.0837327912
vn 0.996488214 0 0.0837327912
vn 0.996488214 0 0.0837327912
vn 0.996488214 0 0.0837327912
vn 0 0.996488273 0.0837329626
vn 0 0.996488273 0.0837329626
vn 0 0.996488273 0.0837329626
vn 0 0.996488273 0.0837329626
vn 0 0 -1
vn 0 0 -1
vn 0 0 -1
vn 0 0 -1
vn 0 0 1
vn 0 0 1
vn 0 0 1
vn 0 0 1
f 1/1/1 2/2/2 3/3/3
f 2/2/2 1/1/1 4/4/4
f 5/5/5 6/6/6 7/7/7
f 6/6/6 8/8/8 9/9/9
f 8/8/8 5/5/5 10/10/10
f 5/5/5 11/11/11 10/10/10
f 5/5/5 8/8/8 6/6/6
f 12/12/12 13/13/13 14/14/14
f 15/15/15 16/16/16 17/17/17
f 18/18/18 19/19/19 20/20/20
f 20/20/20 16/16/16 15/15/15
f 16/16/16 20/20/20 19/19/19
f 21/21/21 17/17/17 22/22/22
f 17/17/17 21/21/21 15/15/15
f 19/19/19 18/18/18 23/23/23
f 18/18/18 24/24/24 23/23/23
f 25/25/25 26/26/26 27/27/27
f 28/28/28 27/27/27 29/29/29
f 30/30/30 27/27/27 26/26/26
f 27/27/27 31/31/31 25/25/25
f 25/25/25 31/31/31 32/32/32
f 27/27/27 30/30/30 29/29/29
f 33/33/33 34/34/34 35/35/35
f 36/36/36 34/34/34 37/37/37
f 34/34/34 36/36/36 38/38/38
f 36/36/36 39/39/39 38/38/38
f 34/34/34 38/38/38 35/35/35
f 35/35/35 40/40/40 33/33/33
f 41/41/41 42/42/42 43/43/43
f 42/42/42 41/41/41 44/44/44
f 41/41/41 45/45/45 44/44/44
f 46/46/46 47/47/47 48/48/48
f 47/47/47 46/46/46 49/49/49
f 50/50/50 51/51/51 52/52/52
f 50/50/50 52/52/52 53/53/53
f 54/54/54 55/55/55 56/56/56
f 55/55/55 54/54/54 57/57/57
f 58/58/58 59/59/59 60/60/60
f 61/61/61 62/62/62 63/63/63
f 62/62/62 61/61/61 64/64/64
f 65/65/65 66/66/66 67/67/67
f 68/68/68 69/69/69 70/70/70
f 71/71/71 72/72/72 68/68/68
f 66/66/66 65/65/65 73/73/73
f 67/67/67 71/71/71 65/65/65
f 68/68/68 74/74/74 69/69/69
f 72/72/72 71/71/71 67/67/67
f 74/74/74 68/68/68 72/72/72
f 75/75/75 76/76/76 77/77/77
f 75/75/75 78/78/78 76/76/76
f 79/79/79 76/76/76 78/78/78
f 80/80/80 81/81/81 82/82/82
f 81/81/81 80/80/80 83/83/83
f 80/80/80 84/84/84 83/83/83
f 82/82/82 85/85/85 80/80/80
f 86/86/86 87/87/87 88/88/88
f 87/87/87 86/86/86 89/89/89
f 90/90/90 91/91/91 92/92/92
f 93/93/93 94/94/94 95/95/95
f 94/94/94 93/93/93 96/96/96
f 94/94/94 96/96/96 97/97/97
f 98/98/98 99/99/99 100/100/100
f 99/99/99 98/98/98 101/101/101
f 102/102/102 103/103/103 104/104/104
f 103/103/103 102/102/102 105/105/105
f 106/106/106 107/107/107 108/108/108
f 109/109/109 110/110/110 111/111/111
f 112/112/112 106/106/106 108/108/108
f 111/111/111 112/112/112 109/109/109
f 113/113/113 111/111/111 110/110/110
f 106/106/106 112/112/112 111/111/111
f 108/108/108 114/114/114 115/115/115
f 114/114/114 108/108/108 107/107/107
f 116/116/116 117/117/117 118/118/118
f 117/117/117 116/116/116 119/119/119
f 120/120/120 121/121/121 122/122/122
f 120/120/120 123/123/123 124/124/124
f 125/125/125 121/121/121 124/124/124
f 125/125/125 124/124/124 126/126/126
f 121/121/121 127/127/127 128/128/128
f 121/121/121 120/120/120 124/124/124
f 121/121/121 128/128/128 122/122/122
f 129/129/129 130/130/130 131/131/131
f 123/123/123 120/120/120 129/129/129
f 130/130/130 129/129/129 120/120/120
f 129/129/129 131/131/131 132/132/132
f 133/133/133 134/134/134 135/135/135
f 134/134/134 133/133/133 136/136/136
f 137/137/137 138/138/138 139/139/139
f 140/140/140 141/141/141 142/142/142
f 139/139/139 138/138/138 143/143/143
f 137/137/137 139/139/139 144/144/144
f 138/138/138 141/141/141 140/140/140
f 140/140/140 143/143/143 138/138/138
f 145/145/145 146/146/146 147/147/147
f 148/148/148 149/149/149 150/150/150
f 149/149/149 151/151/151 152/152/152
f 151/151/151 149/149/149 148/148/148
f 153/153/153 154/154/154 155/155/155
f 154/154/154 153/153/153 156/156/156
f 157/157/157 158/158/158 159/159/159
f 158/158/158 157/157/157 160/160/160
f 161/161/161 162/162/162 163/163/163
f 162/162/162 161/161/161 164/164/164
f 165/165/165 166/166/166 167/167/167
f 167/167/167 168/168/168 165/165/165
f 169/169/169 165/165/165 168/168/168
f 170/170/170 165/165/165 169/169/169
f 169/169/169 171/171/171 170/170/170
f 172/172/172 167/167/167 166/166/166
f 173/173/173 174/174/174 175/175/175
f 176/176/176 177/177/177 178/178/178
f 177/177/177 176/176/176 179/179/179
f 180/180/180 181/181/181 182/182/182
f 181/181/181 183/183/183 182/182/182
f 184/184/184 185/185/185 186/186/186
f 185/185/185 184/184/184 187/187/187
f 188/188/188 189/189/189 190/190/190
f 189/189/189 188/188/188 191/191/191
f 192/192/192 193/193/193 194/194/194
f 195/195/195 196/196/196 197/197/197
f 196/196/196 195/195/195 198/198/198
f 199/199/199 200/200/200 201/201/201
f 199/199/199 202/202/202 203/203/203
f 200/200/200 204/204/204 201/201/201
f 204/204/204 200/200/200 205/205/205
f 202/202/202 199/199/199 201/201/201
f 206/206/206 207/207/207 208/208/208
f 208/208/208 209/209/209 206/206/206
f 210/210/210 211/211/211 212/212/212
f 211/211/211 213/213/213 212/212/212
f 214/214/214 215/215/215 216/216/216
f 217/217/217 214/214/214 216/216/216
f 217/217/217 218/218/218 219/219/219
f 215/215/215 214/214/214 220/220/220
f 218/218/218 217/217/217 216/216/216
f 221/221/221 222/222/222 223/223/223
f 222/222/222 221/221/221 224/224/224
f 225/225/225 226/226/226 227/227/227
f 226/226/226 225/225/225 228/228/228
f 229/229/229 230/230/230 231/231/231
f 231/231/231 230/230/230 232/232/232
f 233/233/233 234/234/234 235/235/235
f 234/234/234 236/236/236 235/235/235
f 237/237/237 238/238/238 239/239/239
f 238/238/238 237/237/237 240/240/240
f 241/241/241 242/242/242 243/243/243
f 242/242/242 241/241/241 244/244/244
f 245/245/245 246/246/246 247/247/247
f 246/246/246 245/245/245 248/248/248
f 249/249/249 250/250/250 251/251/251
f 251/251/251 250/250/250 252/252/252
f 253/253/253 254/254/254 255/255/255
f 254/254/254 253/253/253 256/256/256
f 257/257/257 258/258/258 259/259/259
f 259/259/259 258/258/258 260/260/260
f 261/261/261 262/262/262 263/263/263
f 262/262/262 261/261/261 264/264/264
f 265/265/265 266/266/266 267/267/267
f 268/268/268 267/267/267 266/266/266
f 269/269/269 270/270/270 271/271/271
f 270/270/270 269/269/269 272/272/272
f 273/273/273 274/274/274 275/275/275
f 274/274/274 273/273/273 276/276/276
f 277/277/277 278/278/278 279/279/279
f 279/279/279 278/278/278 280/280/280
f 281/281/281 282/282/282 283/283/283
f 283/283/283 282/282/282 284/284/284
f 285/285/285 286/286/286 287/287/287
f 286/286/286 285/285/285 288/288/288
f 289/289/289 290/290/290 291/291/291
f 291/291/291 290/290/290 292/292/292
f 293/293/293 294/294/294 295/295/295
f 294/294/294 293/293/293 296/296/296
f 297/297/297 298/298/298 299/299/299
f 299/299/299 300/300/300 297/297/297
f 301/301/301 302/302/302 303/303/303
f 301/301/301 303/303/303 304/304/304
f 305/305/305 306/306/306 307/307/307
f 306/306/306 305/305/305 308/308/308
f 309/309/309 310/310/310 311/311/311
f 312/312/312 310/310/310 309/309/309
f 312/312/312 309/309/309 313/313/313
f 314/314/314 315/315/315 316/316/316
f 317/317/317 316/316/316 315/315/315
f 317/317/317 315/315/315 318/318/318
f 319/319/319 320/320/320 321/321/321
f 322/322/322 323/323/323 324/324/324
f 325/325/325 326/326/326 322/322/322
f 320/320/320 319/319/319 327/327/327
f 321/321/321 325/325/325 319/319/319
f 322/322/322 328/328/328 323/323/323
f 326/326/326 325/325/325 321/321/321
f 328/328/328 322/322/322 326/326/326
f 329/329/329 330/330/330 331/331/331
f 329/329/329 331/331/331 332/332/332
f 331/331/331 330/330/330 333/333/333
f 334/334/334 335/335/335 336/336/336
f 337/337/337 335/335/335 334/334/334
f 337/337/337 334/334/334 338/338/338
f 339/339/339 340/340/340 341/341/341
f 340/340/340 339/339/339 342/342/342
f 343/343/343 344/344/344 345/345/345
f 346/346/346 344/344/344 343/343/343
f 343/343/343 347/347/347 346/346/346
f 348/348/348 346/346/346 347/347/347
f 349/349/349 346/346/346 348/348/348
f 348/348/348 350/350/350 349/349/349
f 351/351/351 352/352/352 353/353/353
f 351/351/351 354/354/354 352/352/352
f 354/354/354 355/355/355 356/356/356
f 356/356/356 355/355/355 357/357/357
f 354/354/354 356/356/356 358/358/358
f 354/354/354 358/358/358 352/352/352
f 359/359/359 360/360/360 361/361/361
f 360/360/360 362/362/362 363/363/363
f 360/360/360 364/364/364 362/362/362
f 359/359/359 365/365/365 364/364/364
f 364/364/364 360/360/360 359/359/359
f 366/366/366 367/367/367 368/368/368
f 366/366/366 369/369/369 370/370/370
f 371/371/371 368/368/368 367/367/367
f 367/367/367 370/370/370 372/372/372
f 367/367/367 366/366/366 370/370/370
f 373/373/373 374/374/374 375/375/375
f 374/374/374 376/376/376 377/377/377
f 373/373/373 378/378/378 376/376/376
f 379/379/379 374/374/374 377/377/377
f 376/376/376 374/374/374 373/373/373
f 380/380/380 381/381/381 382/382/382
f 380/380/380 383/383/383 381/381/381
f 384/384/384 385/385/385 386/386/386
f 386/386/386 385/385/385 387/387/387
f 388/388/388 389/389/389 390/390/390
f 389/389/389 388/388/388 391/391/391
f 392/392/392 393/393/393 394/394/394
f 393/393/393 392/392/392 395/395/395
f 396/396/396 397/397/397 398/398/398
f 397/397/397 396/396/396 399/399/399
f 400/400/400 401/401/401 402/402/402
f 401/401/401 400/400/400 403/403/403
f 404/404/404 405/405/405 406/406/406
f 407/407/407 408/408/408 409/409/409
f 410/410/410 411/411/411 412/412/412
f 413/413/413 414/414/414 415/415/415
f 416/416/416 417/417/417 418/418/418
f 417/417/417 416/416/416 419/419/419
f 420/420/420 421/421/421 422/422/422
f 421/421/421 420/420/420 423/423/423
f 424/424/424 425/425/425 426/426/426
f 425/425/425 424/424/424 427/427/427
f 428/428/428 429/429/429 430/430/430
f 431/431/431 432/432/432 433/433/433
f 434/434/434 433/433/433 432/432/432
f 432/432/432 435/435/435 434/434/434
f 436/436/436 437/437/437 438/438/438
f 438/438/438 437/437/437 439/439/439
f 440/440/440 441/441/441 442/442/442
f 441/441/441 440/440/440 443/443/443
f 444/444/444 445/445/445 446/446/446
f 445/445/445 444/444/444 447/447/447
f 448/448/448 449/449/449 450/450/450
f 449/449/449 451/451/451 450/450/450
f 451/451/451 449/449/449 452/452/452
f 453/453/453 454/454/454 455/455/455
f 454/454/454 453/453/453 456/456/456
f 457/457/457 458/458/458 459/459/459
f 457/457/457 459/459/459 460/460/460
f 461/461/461 462/462/462 463/463/463
f 464/464/464 465/465/465 466/466/466
f 464/464/464 466/466/466 467/467/467
f 465/465/465 464/464/464 468/468/468
f 469/469/469 470/470/470 471/471/471
f 471/471/471 470/470/470 472/472/472
f 473/473/473 474/474/474 475/475/475
f 474/474/474 473/473/473 476/476/476
f 477/477/477 478/478/478 479/479/479
f 480/480/480 481/481/481 477/477/477
f 480/480/480 477/477/477 482/482/482
f 478/478/478 477/477/477 481/481/481
f 483/483/483 484/484/484 485/485/485
f 486/486/486 487/487/487 488/488/488
f 488/488/488 487/487/487 489/489/489
f 490/490/490 491/491/491 492/492/492
f 493/493/493 494/494/494 495/495/495
f 494/494/494 493/493/493 496/496/496
f 497/497/497 498/498/498 499/499/499
f 500/500/500 499/499/499 498/498/498
f 501/501/501 502/502/502 503/503/503
f 503/503/503 502/502/502 504/504/504
f 505/505/505 506/506/506 507/507/507
f 506/506/506 505/505/505 508/508/508
f 509/509/509 510/510/510 511/511/511
f 510/510/510 509/509/509 512/512/512
f 513/513/513 514/514/514 515/515/515
f 516/516/516 517/517/517 518/518/518
f 517/517/517 519/519/519 518/518/518
f 520/520/520 517/517/517 516/516/516
f 521/521/521 522/522/522 523/523/523
f 522/522/522 521/521/521 524/524/524
f 525/525/525 526/526/526 527/527/527
f 526/526/526 525/525/525 528/528/528
f 529/529/529 530/530/530 531/531/531
f 530/530/530 529/529/529 532/532/532
f 533/533/533 534/534/534 535/535/535
f 536/536/536 535/535/535 534/534/534
f 537/537/537 538/538/538 539/539/539
f 539/539/539 540/540/540 537/537/537
f 541/541/541 542/542/542 543/543/543
f 542/542/542 541/541/541 544/544/544
f 545/545/545 546/546/546 547/547/547
f 547/547/547 546/546/546 548/548/548
f 549/549/549 550/550/550 551/551/551
f 550/550/550 549/549/549 552/552/552
f 553/553/553 554/554/554 555/555/555
f 554/554/554 556/556/556 555/555/555
f 557/557/557 558/558/558 559/559/559
f 559/559/559 560/560/560 557/557/557
f 561/561/561 562/562/562 563/563/563
f 562/562/562 561/561/561 564/564/564
f 565/565/565 566/566/566 567/567/567
f 566/566/566 565/565/565 568/568/568
f 569/569/569 570/570/570 571/571/571
f 571/571/571 570/570/570 572/572/572
f 573/573/573 574/574/574 575/575/575
f 574/574/574 573/573/573 576/576/576
f 577/577/577 578/578/578 579/579/579
f 578/578/578 577/577/577 580/580/580
f 580/580/580 577/577/577 581/581/581
f 579/579/579 578/578/578 582/582/582
f 583/583/583 584/584/584 585/585/585
f 586/586/586 587/587/587 588/588/588
f 588/588/588 589/589/589 586/586/586
f 590/590/590 591/591/591 592/592/592
f 592/592/592 593/593/593 590/590/590
f 594/594/594 595/595/595 596/596/596
f 594/594/594 597/597/597 595/595/595
f 598/598/598 599/599/599 600/600/600
f 599/599/599 601/601/601 602/602/602
f 601/601/601 599/599/599 598/598/598
f 603/603/603 604/604/604 605/605/605
f 606/606/606 605/605/605 604/604/604
f 607/607/607 608/608/608 609/609/609
f 608/608/608 607/607/607 610/610/610
f 611/611/611 612/612/612 613/613/613
f 611/611/611 613/613/613 614/614/614
f 615/615/615 616/616/616 617/617/617
f 618/618/618 617/617/617 616/616/616
f 619/619/619 620/620/620 621/621/621
f 620/620/620 619/619/619 622/622/622
f 623/623/623 624/624/624 625/625/625
f 624/624/624 623/623/623 626/626/626
f 627/627/627 628/628/628 629/629/629
f 630/630/630 629/629/629 628/628/628
f 631/631/631 632/632/632 633/633/633
f 632/632/632 631/631/631 634/634/634
f 635/635/635 636/636/636 637/637/637
f 636/636/636 635/635/635 638/638/638
f 639/639/639 640/640/640 641/641/641
f 640/640/640 639/639/639 642/642/642
f 643/643/643 644/644/644 645/645/645
f 643/643/643 645/645/645 646/646/646
f 647/647/647 648/648/648 649/649/649
f 650/650/650 649/649/649 648/648/648
f 651/651/651 652/652/652 653/653/653
f 654/654/654 653/653/653 652/652/652
f 655/655/655 656/656/656 657/657/657
f 656/656/656 655/655/655 658/658/658
f 657/657/657 656/656/656 659/659/659
f 660/660/660 661/661/661 662/662/662
f 661/661/661 660/660/660 663/663/663
f 660/660/660 664/664/664 663/663/663
f 665/665/665 666/666/666 667/667/667
f 667/667/667 668/668/668 665/665/665
f 669/669/669 670/670/670 671/671/671
f 671/671/671 672/672/672 669/669/669
f 673/673/673 674/674/674 675/675/675
f 674/674/674 673/673/673 676/676/676
f 677/677/677 678/678/678 679/679/679
f 678/678/678 677/677/677 680/680/680
f 681/681/681 682/682/682 683/683/683
f 682/682/682 681/681/681 684/684/684
f 685/685/685 686/686/686 687/687/687
f 685/685/685 687/687/687 688/688/688
f 689/689/689 690/690/690 691/691/691
f 690/690/690 689/689/689 692/692/692
f 693/693/693 694/694/694 695/695/695
f 695/695/695 694/694/694 696/696/696
f 697/697/697 698/698/698 699/699/699
f 698/698/698 697/697/697 700/700/700
f 701/701/701 702/702/702 703/703/703
f 702/702/702 701/701/701 704/704/704
f 705/705/705 706/706/706 707/707/707
f 706/706/706 705/705/705 708/708/708
f 709/709/709 710/710/710 711/711/711
f 710/710/710 709/709/709 712/712/712
f 713/713/713 714/714/714 715/715/715
f 713/713/713 716/716/716 714/714/714
f 717/717/717 718/718/718 719/719/719
f 717/717/717 719/719/719 720/720/720
f 721/721/721 722/722/722 723/723/723
f 722/722/722 721/721/721 724/724/724
f 725/725/725 726/726/726 727/727/727
f 726/726/726 725/725/725 728/728/728
f 729/729/729 730/730/730 731/731/731
f 730/730/730 729/729/729 732/732/732
f 733/733/733 734/734/734 735/735/735
f 734/734/734 733/733/733 736/736/736
f 737/737/737 738/738/738 739/739/739
f 738/738/738 737/737/737 740/740/740
f 741/741/741 742/742/742 743/743/743
f 742/742/742 741/741/741 744/744/744
f 745/745/745 746/746/746 747/747/747
f 746/746/746 745/745/745 748/748/748
f 749/749/749 750/750/750 751/751/751
f 750/750/750 749/749/749 752/752/752
f 753/753/753 754/754/754 755/755/755
f 754/754/754 753/753/753 756/756/756
f 753/753/753 757/757/757 756/756/756
f 758/758/758 759/759/759 760/760/760
f 759/759/759 758/758/758 761/761/761
f 762/762/762 763/763/763 764/764/764
f 763/763/763 762/762/762 765/765/765
f 766/766/766 767/767/767 768/768/768
f 767/767/767 769/769/769 770/770/770
f 769/769/769 767/767/767 771/771/771
f 767/767/767 766/766/766 771/771/771
f 768/768/768 767/767/767 772/772/772
f 773/773/773 774/774/774 775/775/775
f 773/773/773 775/775/775 776/776/776
f 777/777/777 778/778/778 779/779/779
f 779/779/779 780/780/780 777/777/777
f 781/781/781 782/782/782 783/783/783
f 784/784/784 785/785/785 786/786/786
f 785/785/785 787/787/787 788/788/788
f 785/785/785 789/789/789 787/787/787
f 784/784/784 781/781/781 785/785/785
f 785/785/785 788/788/788 786/786/786
f 782/782/782 781/781/781 784/784/784
f 790/790/790 791/791/791 792/792/792
f 792/792/792 793/793/793 790/790/790
f 794/794/794 795/795/795 796/796/796
f 795/795/795 794/794/794 797/797/797
f 798/798/798 799/799/799 800/800/800
f 799/799/799 798/798/798 801/801/801
f 802/802/802 803/803/803 804/804/804
f 802/802/802 804/804/804 805/805/805
f 806/806/806 807/807/807 808/808/808
f 808/808/808 807/807/807 809/809/809
f 808/808/808 809/809/809 810/810/810
f 808/808/808 811/811/811 806/806/806
f 808/808/808 810/810/810 812/812/812
f 813/813/813 814/814/814 815/815/815
f 815/815/815 816/816/816 813/813/813
f 817/817/817 818/818/818 819/819/819
f 818/818/818 817/817/817 820/820/820
f 821/821/821 820/820/820 817/817/817
f 820/820/820 821/821/821 822/822/822
f 821/821/821 817/817/817 823/823/823
f 824/824/824 825/825/825 826/826/826
f 825/825/825 824/824/824 827/827/827
f 828/828/828 829/829/829 830/830/830
f 829/829/829 828/828/828 831/831/831
f 828/828/828 832/832/832 831/831/831
f 833/833/833 834/834/834 835/835/835
f 834/834/834 833/833/833 836/836/836
f 837/837/837 838/838/838 839/839/839
f 839/839/839 840/840/840 837/837/837
f 841/841/841 842/842/842 843/843/843
f 842/842/842 841/841/841 844/844/844
f 845/845/845 846/846/846 847/847/847
f 846/846/846 845/845/845 848/848/848
f 849/849/849 850/850/850 851/851/851
f 851/851/851 852/852/852 849/849/849
f 853/853/853 854/854/854 855/855/855
f 856/856/856 855/855/855 854/854/854
f 857/857/857 858/858/858 859/859/859
f 859/859/859 860/860/860 857/857/857
f 861/861/861 862/862/862 863/863/863
f 862/862/862 864/864/864 863/863/863
f 865/865/865 866/866/866 867/867/867
f 866/866/866 865/865/865 868/868/868
f 869/869/869 870/870/870 871/871/871
f 870/870/870 869/869/869 872/872/872
f 873/873/873 874/874/874 875/875/875
f 874/874/874 873/873/873 876/876/876
f 876/876/876 873/873/873 877/877/877
f 876/876/876 877/877/877 878/878/878
f 879/879/879 880/880/880 881/881/881
f 879/879/879 881/881/881 882/882/882
f 883/883/883 884/884/884 885/885/885
f 886/886/886 884/884/884 883/883/883
f 885/885/885 884/884/884 887/887/887
f 888/888/888 889/889/889 890/890/890
f 891/891/891 890/890/890 889/889/889
f 892/892/892 893/893/893 894/894/894
f 893/893/893 892/892/892 895/895/895
f 896/896/896 897/897/897 898/898/898
f 896/896/896 898/898/898 899/899/899
f 900/900/900 901/901/901 902/902/902
f 902/902/902 903/903/903 900/900/900
f 904/904/904 905/905/905 906/906/906
f 905/905/905 904/904/904 907/907/907
f 908/908/908 909/909/909 910/910/910
f 911/911/911 912/912/912 913/913/913
f 909/909/909 912/912/912 911/911/911
f 914/914/914 915/915/915 916/916/916
f 916/916/916 915/915/915 917/917/917
f 918/918/918 919/919/919 920/920/920
f 918/918/918 920/920/920 921/921/921
f 922/922/922 923/923/923 924/924/924
f 923/923/923 922/922/922 925/925/925
f 926/926/926 927/927/927 928/928/928
f 927/927/927 926/926/926 929/929/929
f 930/930/930 931/931/931 932/932/932
f 931/931/931 930/930/930 933/933/933
f 934/934/934 935/935/935 936/936/936
f 935/935/935 934/934/934 937/937/937
f 938/938/938 939/939/939 940/940/940
f 939/939/939 938/938/938 941/941/941
f 942/942/942 943/943/943 944/944/944
f 942/942/942 944/944/944 945/945/945
f 946/946/946 947/947/947 948/948/948
f 946/946/946 948/948/948 949/949/949
f 950/950/950 951/951/951 952/952/952
f 951/951/951 950/950/950 953/953/953
f 954/954/954 955/955/955 956/956/956
f 955/955/955 957/957/957 956/956/956
f 958/958/958 959/959/959 960/960/960
f 959/959/959 958/958/958 961/961/961
f 962/962/962 963/963/963 964/964/964
f 963/963/963 962/962/962 965/965/965
f 966/966/966 967/967/967 968/968/968
f 967/967/967 966/966/966 969/969/969
f 970/970/970 971/971/971 972/972/972
f 971/971/971 970/970/970 973/973/973
f 974/974/974 975/975/975 976/976/976
f 975/975/975 974/974/974 977/977/977
f 978/978/978 979/979/979 980/980/980
f 978/978/978 980/980/980 981/981/981
f 982/982/982 983/983/983 984/984/984
f 984/984/984 983/983/983 985/985/985
f 986/986/986 987/987/987 988/988/988
f 987/987/987 986/986/986 989/989/989
f 990/990/990 991/991/991 992/992/992
f 990/990/990 992/992/992 993/993/993
f 994/994/994 995/995/995 996/996/996
f 994/994/994 996/996/996 997/997/997
f 998/998/998 999/999/999 1000/1000/1000
f 999/999/999 998/998/998 1001/1001/1001
f 1002/1002/1002 1003/1003/1003 1004/1004/1004
f 1003/1003/1003 1005/1005/1005 1004/1004/1004
f 1006/1006/1006 1007/1007/1007 1008/1008/1008
f 1007/1007/1007 1006/1006/1006 1009/1009/1009
