# Extracted from the Cocos Creator 3.8.3 playable build
# Geometry-only OBJ preview for Unity; rig and animation stay in the raw assets.
o shed_big
v -2.34484482 -2.24010706 2.90873814
v -2.68989944 -2.48702526 3.11591101
v -2.36613464 -2.19396973 2.95209217
v -2.68003464 -2.54182196 3.07498693
v -0.564731598 -2.00421309 4.67354202
v -2.34484482 -2.24010706 2.90873814
v -2.36613464 -2.19396973 2.95209217
v -0.490190506 -1.97835433 4.64169216
v -2.36613464 -2.19396973 2.95209217
v -0.860538483 -2.25300789 4.71116352
v -0.490190506 -1.97835433 4.64169216
v -2.68989944 -2.48702526 3.11591101
v -0.401767731 -3.75054169 4.70378494
v -1.58424187 -4.30724812 3.01705503
v -0.0457267761 -3.50067139 4.6023407
v -1.89935875 -4.53465796 3.09080458
v -2.68003464 -2.54182196 3.07498693
v -0.860538483 -2.25300789 4.71116352
v -2.68989944 -2.48702526 3.11591101
v -1.94893837 -4.49976587 3.05221128
v -0.401767731 -3.75054169 4.70378494
v -1.89935875 -4.53465796 3.09080458
v -1.62264824 -4.26390076 2.97608757
v -2.68003464 -2.54182196 3.07498693
v -2.34484482 -2.24010706 2.90873814
v -1.94893837 -4.49976587 3.05221128
v -2.34484482 -2.24010706 2.90873814
v -1.57430458 -4.25769615 3.00565434
v -1.62264824 -4.26390076 2.97608757
v -0.149827957 -3.43727541 4.66671753
v -0.564731598 -2.00421309 4.67354202
v -1.57430458 -4.25769615 3.00565434
v -0.149827957 -3.43727541 4.66671753
v -0.0457267761 -3.50067139 4.6023407
v -1.58424187 -4.30724812 3.01705503
v -1.62264824 -4.26390076 2.97608757
v -1.89935875 -4.53465796 3.09080458
v -1.94893837 -4.49976587 3.05221128
v -1.58424187 -4.30724812 3.01705503
v -1.57430458 -4.25769615 3.00565434
v -2.71337128 2.55828285 3.07498717
v -2.38708115 2.32241726 2.99886274
v -2.72323608 2.50348616 3.11591148
v -2.40837288 2.2762804 3.04221678
v -2.40837288 2.2762804 3.04221678
v -0.612897873 1.90581858 4.65219927
v -0.490190506 1.8614701 4.64169264
v -2.38708115 2.32241726 2.99886274
v -0.86054039 2.13612366 4.71116352
v -2.40837288 2.2762804 3.04221678
v -0.490190506 1.8614701 4.64169264
v -2.72323608 2.50348616 3.11591148
v -1.58424187 4.19036293 3.01705503
v -0.401767731 3.63365746 4.70378494
v -0.0457267761 3.3837862 4.6023407
v -1.89935875 4.41777325 3.09080482
v -1.94894028 4.38288069 3.05221176
v -0.401767731 3.63365746 4.70378494
v -1.89935875 4.41777325 3.09080482
v -0.86054039 2.13612366 4.71116352
v -2.71337128 2.55828285 3.07498717
v -2.72323608 2.50348616 3.11591148
v -2.71337128 2.55828285 3.07498717
v -1.94894028 4.38288069 3.05221176
v -1.62264824 4.14701557 2.97608757
v -2.38708115 2.32241726 2.99886274
v -2.38708115 2.32241726 2.99886274
v -1.57430458 4.14081144 3.00565434
v -0.197994232 3.33888054 4.64537477
v -0.612897873 1.90581858 4.65219927
v -1.62264824 4.14701557 2.97608757
v -1.58424187 4.19036293 3.01705503
v -0.0457267761 3.3837862 4.6023407
v -0.197994232 3.33888054 4.64537477
v -1.89935875 4.41777325 3.09080482
v -1.62264824 4.14701557 2.97608757
v -1.94894028 4.38288069 3.05221176
v -1.58424187 4.19036293 3.01705503
v -1.57430458 4.14081144 3.00565434
v 0.228565216 -4.66171646 4.94310951
v -1.25255966 -5.65542698 3.01426554
v 0.447044373 -4.44040775 4.55350018
v -1.57940292 -5.86387157 3.07449389
v -1.96827316 -4.54167223 3.06000972
v -2.30939293 -4.75966549 3.12258172
v -2.3157444 -4.70663071 3.16616869
v -1.94491196 -4.50005102 3.09475279
v -1.28206444 -5.61647034 2.97486472
v -1.57940292 -5.86387157 3.07449389
v -1.6231823 -5.8344636 3.0374372
v -1.25255966 -5.65542698 3.01426554
v -0.0847415924 -3.54601431 4.57427883
v -1.28206444 -5.61647034 2.97486472
v -1.94491196 -4.50005102 3.09475279
v 0.453224182 -4.38441277 4.54740047
v -1.96827316 -4.54167223 3.06000972
v -1.28206444 -5.61647034 2.97486472
v -2.30939293 -4.75966549 3.12258172
v -1.96827316 -4.54167223 3.06000972
v -1.6231823 -5.8344636 3.0374372
v -1.6231823 -5.8344636 3.0374372
v 0.228565216 -4.66171646 4.94310951
v -0.353610992 -3.74091053 4.93392992
v -1.57940292 -5.86387157 3.07449389
v -2.30939293 -4.75966549 3.12258172
v -2.3157444 -4.70663071 3.16616869
v -1.28206444 -5.61647034 2.97486472
v 0.453224182 -4.38441277 4.54740047
v 0.447044373 -4.44040775 4.55350018
v -1.25255966 -5.65542698 3.01426554
v -1.94491196 -4.50005102 3.09475279
v -0.353610992 -3.74091053 4.93392992
v -0.0847415924 -3.54601431 4.57427883
v -2.3157444 -4.70663071 3.16616869
v -1.25255966 5.53854275 3.01426554
v 0.228565216 4.54483128 4.94310951
v 0.447044373 4.32352304 4.55350018
v -1.57940483 5.74698687 3.07449317
v -2.30939293 4.6427803 3.12258148
v -1.96827316 4.42478704 3.06000924
v -2.31574631 4.58974648 3.16616845
v -1.94491386 4.38316584 3.09475231
v -1.57940483 5.74698687 3.07449317
v -1.28206444 5.49958611 2.97486472
v -1.6231842 5.71757889 3.03743696
v -1.25255966 5.53854275 3.01426554
v -1.28206444 5.49958611 2.97486472
v -0.0847415924 3.4291296 4.57427883
v -1.94491386 4.38316584 3.09475231
v 0.453224182 4.26752758 4.5474
v -1.96827316 4.42478704 3.06000924
v -1.28206444 5.49958611 2.97486472
v -2.30939293 4.6427803 3.12258148
v -1.6231842 5.71757889 3.03743696
v -1.96827316 4.42478704 3.06000924
v 0.228565216 4.54483128 4.94310951
v -1.6231842 5.71757889 3.03743696
v -0.3536129 3.62402534 4.93392944
v -2.30939293 4.6427803 3.12258148
v -1.57940483 5.74698687 3.07449317
v -2.31574631 4.58974648 3.16616845
v -1.25255966 5.53854275 3.01426554
v 0.447044373 4.32352304 4.55350018
v -1.28206444 5.49958611 2.97486472
v 0.453224182 4.26752758 4.5474
v -0.3536129 3.62402534 4.93392944
v -1.94491386 4.38316584 3.09475231
v -0.0847415924 3.4291296 4.57427883
v -2.31574631 4.58974648 3.16616845
v -0.991914749 -7.22412777 2.6273737
v 0.865581512 -6.17991114 4.40765667
v -1.25654602 -6.28168964 3.20405269
v 0.101999283 -4.81687737 4.64795589
v -1.6503067 -5.98346567 2.85797954
v -1.40851784 -6.52247524 2.82293463
v -1.47839165 -6.24714136 2.86275649
v 0.865581512 -6.17991114 4.40765667
v -0.991914749 -7.22412777 2.6273737
v -0.929676056 -7.2382884 2.63296199
v 0.91418457 -6.21668768 4.43539381
v -1.39488792 -5.8064909 2.63682079
v 0.101999283 -4.81687737 4.64795589
v 0.35741806 -4.63990259 4.42679691
v -1.6503067 -5.98346567 2.85797954
v -0.941982269 -7.05712795 2.41913056
v 1.12100029 -6.00293636 4.18649769
v -0.879741669 -7.07128906 2.42471886
v 1.16960335 -6.03971291 4.21423531
v 1.12100029 -6.00293636 4.18649769
v -1.00112724 -6.10471439 2.98289418
v 0.35741806 -4.63990259 4.42679691
v -1.39488792 -5.8064909 2.63682079
v -1.22297478 -6.07016706 2.64159751
v -0.941982269 -7.05712795 2.41913056
v -1.15309906 -6.34550095 2.60177588
v 1.12100029 -6.00293636 4.18649769
v 0.865581512 -6.17991114 4.40765667
v 0.91418457 -6.21668768 4.43539381
v 1.16960335 -6.03971291 4.21423531
v -0.929676056 -7.2382884 2.63296199
v -0.941982269 -7.05712795 2.41913056
v -0.879741669 -7.07128906 2.42471886
v -0.991914749 -7.22412777 2.6273737
v -0.991914749 -7.22412777 2.6273737
v -1.40851784 -6.52247524 2.82293463
v -0.941982269 -7.05712795 2.41913056
v -1.15309906 -6.34550095 2.60177588
v -1.00112724 -6.10471439 2.98289418
v -1.47839165 -6.24714136 2.86275649
v -1.22297478 -6.07016706 2.64159751
v -1.25654602 -6.28168964 3.20405269
v -0.879741669 -7.07128906 2.42471886
v 1.16960335 -6.03971291 4.21423531
v -0.929676056 -7.2382884 2.63296199
v 0.91418457 -6.21668768 4.43539381
v -1.22297478 -6.07016706 2.64159751
v -1.6503067 -5.98346567 2.85797954
v -1.39488792 -5.8064909 2.63682079
v -1.47839165 -6.24714136 2.86275649
v 1.12100029 -6.00293636 4.18649769
v 0.101999283 -4.81687737 4.64795589
v 0.865581512 -6.17991114 4.40765667
v 0.35741806 -4.63990259 4.42679691
v -1.40851784 -6.52247524 2.82293463
v -1.00112724 -6.10471439 2.98289418
v -1.15309906 -6.34550095 2.60177588
v -1.25654602 -6.28168964 3.20405269
v 0.843343735 6.26110935 4.40765619
v -1.13798332 5.98914576 3.29057884
v 0.101999283 4.69999599 4.64795589
v -1.6503067 5.86658192 2.95734596
v -1.47839165 6.13025761 2.96212363
v -1.02028275 7.27614498 2.37520027
v -1.40851784 6.40559292 2.92230201
v -1.02028275 7.27614498 2.37520027
v 0.843343735 6.26110935 4.40765619
v -0.958042145 7.29030704 2.38078856
v 0.891946793 6.29788685 4.43539381
v -1.39488792 5.68960857 2.73618793
v 0.35741806 4.52302074 4.42679691
v 0.101999283 4.69999599 4.64795589
v -1.6503067 5.86658192 2.95734596
v 1.0987606 6.08413601 4.18649864
v -0.872198105 7.14637661 2.16695738
v -0.809957504 7.16053772 2.17254591
v 1.14736366 6.12091255 4.21423531
v -0.872198105 7.14637661 2.16695738
v 1.0987606 6.08413601 4.18649864
v -0.882564545 5.81217098 3.0694201
v 0.35741806 4.52302074 4.42679691
v -1.39488792 5.68960857 2.73618793
v -1.15309906 6.22861862 2.70114279
v -1.22297287 5.95328379 2.74096465
v 1.0987606 6.08413601 4.18649864
v 0.891946793 6.29788685 4.43539381
v 0.843343735 6.26110935 4.40765619
v 1.14736366 6.12091255 4.21423531
v -0.958042145 7.29030704 2.38078856
v -0.872198105 7.14637661 2.16695738
v -1.02028275 7.27614498 2.37520027
v -0.809957504 7.16053772 2.17254591
v -0.872198105 7.14637661 2.16695738
v -1.40851784 6.40559292 2.92230201
v -1.02028275 7.27614498 2.37520027
v -1.15309906 6.22861862 2.70114279
v -1.22297287 5.95328379 2.74096465
v -1.13798332 5.98914576 3.29057884
v -0.882564545 5.81217098 3.0694201
v -1.47839165 6.13025761 2.96212363
v 1.14736366 6.12091255 4.21423531
v -0.809957504 7.16053772 2.17254591
v -0.958042145 7.29030704 2.38078856
v 0.891946793 6.29788685 4.43539381
v -1.22297287 5.95328379 2.74096465
v -1.6503067 5.86658192 2.95734596
v -1.47839165 6.13025761 2.96212363
v -1.39488792 5.68960857 2.73618793
v 1.0987606 6.08413601 4.18649864
v 0.101999283 4.69999599 4.64795589
v 0.35741806 4.52302074 4.42679691
v 0.843343735 6.26110935 4.40765619
v -0.882564545 5.81217098 3.0694201
v -1.40851784 6.40559292 2.92230201
v -1.15309906 6.22861862 2.70114279
v -1.13798332 5.98914576 3.29057884
v -0.766166687 -7.67666817 0.896802902
v -1.23168182 -6.92494392 2.38418579e-07
v -0.799312592 -7.77795219 2.38418579e-07
v -1.1303978 -6.95808887 0.896802664
v -1.1303978 -6.95808887 0.896802664
v -0.378673553 -6.49257469 2.38418579e-07
v -1.23168182 -6.92494392 2.38418579e-07
v -0.411819458 -6.59385872 0.896802902
v -0.411819458 -6.59385872 0.896802902
v 0.0536956787 -7.34558249 2.38418579e-07
v -0.378673553 -6.49257469 2.38418579e-07
v -0.0475883484 -7.31243753 0.896802664
v -0.0475883484 -7.31243753 0.896802664
v -0.799312592 -7.77795219 2.38418579e-07
v 0.0536956787 -7.34558249 2.38418579e-07
v -0.766166687 -7.67666817 0.896802902
v 0.0536956787 -7.34558249 2.38418579e-07
v -1.23168182 -6.92494392 2.38418579e-07
v -0.378673553 -6.49257469 2.38418579e-07
v -0.799312592 -7.77795219 2.38418579e-07
v -0.766166687 -7.67666817 0.896802902
v -0.411819458 -6.59385872 0.896802902
v -1.1303978 -6.95808887 0.896802664
v -0.0475883484 -7.31243753 0.896802664
v 2.20944977 -5.98876572 0.896802902
v 1.74393654 -5.23704243 4.76837158e-07
v 2.17630577 -6.09005117 4.76837158e-07
v 1.84522057 -5.27018785 0.896803141
v 1.84522057 -5.27018785 0.896803141
v 2.59694481 -4.80467272 7.15255737e-07
v 1.74393654 -5.23704243 4.76837158e-07
v 2.5637989 -4.9059577 0.896802902
v 2.5637989 -4.9059577 0.896802902
v 3.02931404 -5.65768147 2.38418579e-07
v 2.59694481 -4.80467272 7.15255737e-07
v 2.92802811 -5.62453604 0.896803141
v 2.92802811 -5.62453604 0.896803141
v 2.17630577 -6.09005117 4.76837158e-07
v 3.02931404 -5.65768147 2.38418579e-07
v 2.20944977 -5.98876572 0.896802902
v 3.02931404 -5.65768147 2.38418579e-07
v 1.74393654 -5.23704243 4.76837158e-07
v 2.59694481 -4.80467272 7.15255737e-07
v 2.17630577 -6.09005117 4.76837158e-07
v 1.84522057 -5.27018785 0.896803141
v 2.92802811 -5.62453604 0.896803141
v 2.5637989 -4.9059577 0.896802902
v 2.20944977 -5.98876572 0.896802902
v -0.766168594 7.67666721 0.896803141
v -1.23168182 6.92494392 0
v -1.1303978 6.95808887 0.896803379
v -0.799312592 7.77795219 4.76837158e-07
v -1.1303978 6.95808887 0.896803379
v -0.378673553 6.49257565 4.76837158e-07
v -0.411819458 6.59385967 0.896802664
v -1.23168182 6.92494392 0
v -0.411819458 6.59385967 0.896802664
v 0.0536956787 7.34558296 4.76837158e-07
v -0.0475902557 7.31243706 0.896803141
v -0.378673553 6.49257565 4.76837158e-07
v -0.0475902557 7.31243706 0.896803141
v -0.799312592 7.77795219 4.76837158e-07
v -0.766168594 7.67666721 0.896803141
v 0.0536956787 7.34558296 4.76837158e-07
v -0.799312592 7.77795219 4.76837158e-07
v -0.378673553 6.49257565 4.76837158e-07
v -1.23168182 6.92494392 0
v 0.0536956787 7.34558296 4.76837158e-07
v -0.0475902557 7.31243706 0.896803141
v -1.1303978 6.95808887 0.896803379
v -0.411819458 6.59385967 0.896802664
v -0.766168594 7.67666721 0.896803141
v 2.20944977 5.98876572 0.896803856
v 1.74393654 5.23704243 2.38418579e-07
v 1.84522057 5.27018642 0.896803141
v 2.17630577 6.09004974 7.15255737e-07
v 1.84522057 5.27018642 0.896803141
v 2.59694481 4.80467224 9.53674316e-07
v 2.5637989 4.90595675 0.896803379
v 1.74393654 5.23704243 2.38418579e-07
v 2.5637989 4.90595675 0.896803379
v 3.02931404 5.65768099 4.76837158e-07
v 2.92802811 5.62453461 0.896803379
v 2.59694481 4.80467224 9.53674316e-07
v 2.92802811 5.62453461 0.896803379
v 2.17630577 6.09004974 7.15255737e-07
v 2.20944977 5.98876572 0.896803856
v 3.02931404 5.65768099 4.76837158e-07
v 2.17630577 6.09004974 7.15255737e-07
v 3.02931404 5.65768099 4.76837158e-07
v 1.74393654 5.23704243 2.38418579e-07
v 2.59694481 4.80467224 9.53674316e-07
v 2.92802811 5.62453461 0.896803379
v 1.84522057 5.27018642 0.896803141
v 2.5637989 4.90595675 0.896803379
v 2.20944977 5.98876572 0.896803856
v -0.266777039 0.0220934153 4.94191837
v -0.368776321 -2.80123997 4.04516983
v -0.368778229 0.0220936537 4.04516983
v -0.266777039 -2.80123997 4.94191837
v -1.16352654 -2.80123997 4.94191885
v 1.09919548 -6.85977077 4.97225714
v -0.266777039 -2.80123997 4.94191837
v 1.89249992 -6.41869831 4.97225761
v -1.06152725 -2.80123997 4.04516983
v -0.368778229 0.0220936537 4.04516983
v -0.368776321 -2.80123997 4.04516983
v -1.06152725 0.0220936537 4.04516983
v -1.16352654 0.0220936537 4.94191837
v -1.16352654 -2.80123997 4.94191885
v -0.266777039 0.0220934153 4.94191837
v -0.266777039 -2.80123997 4.94191837
v 1.09919548 -6.85977077 4.97225714
v 1.78359795 -6.41869831 4.01483297
v 1.89249992 -6.41869831 4.97225761
v 1.20809555 -6.85977077 4.0148325
v -0.266777039 -2.80123997 4.94191837
v 1.78359795 -6.41869831 4.01483297
v -0.368776321 -2.80123997 4.04516983
v 1.89249992 -6.41869831 4.97225761
v -1.06152725 -2.80123997 4.04516983
v 1.20809555 -6.85977077 4.0148325
v -1.16352654 -2.80123997 4.94191885
v 1.09919548 -6.85977077 4.97225714
v 1.20809555 -6.85977077 4.0148325
v -0.368776321 -2.80123997 4.04516983
v 1.78359795 -6.41869831 4.01483297
v -1.06152725 -2.80123997 4.04516983
v 2.75617218 -4.99555206 3.98499513
v 1.041996 -5.93826294 4.610497
v 2.94265938 -4.89299297 4.57223701
v 0.918699265 -6.00607014 4.12147713
v 3.07201004 -5.33531284 4.5739975
v 2.97297668 -5.38977671 3.98499537
v 3.12965775 -5.30360937 4.47838783
v 1.25880051 -6.33248711 4.61049747
v 1.13550377 -6.4002943 4.12147713
v 1.25880051 -6.33248711 4.61049747
v 3.07201004 -5.33531284 4.5739975
v 1.041996 -5.93826294 4.610497
v 2.94265938 -4.89299297 4.57223701
v 3.10129356 -5.18144608 4.57223654
v 1.13550377 -6.4002943 4.12147713
v 2.75617218 -4.99555206 3.98499513
v 2.97297668 -5.38977671 3.98499537
v 0.918699265 -6.00607014 4.12147713
v 1.25880051 -6.33248711 4.61049747
v 1.041996 -5.93826294 4.610497
v 0.918699265 -6.00607014 4.12147713
v 1.13550377 -6.4002943 4.12147713
v 3.10129356 -5.18144608 4.57223654
v 3.07201004 -5.33531284 4.5739975
v 3.12965775 -5.30360937 4.47838783
v 2.75617218 -4.99555206 3.98499513
v 3.10129356 -5.18144608 4.57223654
v 3.12965775 -5.30360937 4.47838783
v 2.97297668 -5.38977671 3.98499537
v 2.94265938 -4.89299297 4.57223701
v 0.942193985 -6.50660133 4.06871223
v 0.789299011 -6.5333209 4.62918043
v 0.820749283 -6.57338905 4.57968903
v 0.932256699 -6.45470142 4.02705574
v -1.39055443 -7.27603817 2.41738176
v -1.23354149 -7.18968725 1.9801836
v -1.39567566 -7.33621931 2.38946986
v -1.38308334 -7.32929468 2.45655727
v -1.23682404 -7.24885845 1.94716382
v 0.932256699 -6.45470142 4.02705574
v 0.620939255 -6.22718525 4.62917995
v 0.789299011 -6.5333209 4.62918043
v 0.763896942 -6.14856625 4.02705812
v -1.39567566 -7.33621931 2.38946986
v -1.06846428 -7.55499363 1.94716334
v -1.20799446 -7.63914251 2.42059255
v -1.23682404 -7.24885845 1.94716382
v -1.20799446 -7.63914251 2.42059255
v -1.01673889 -7.58391285 1.98018336
v -1.12125206 -7.64139128 2.47429752
v -1.06846428 -7.55499363 1.94716334
v -1.39567566 -7.33621931 2.38946986
v -1.25777054 -7.55715752 2.45655823
v -1.38308334 -7.32929468 2.45655727
v -1.20799446 -7.63914251 2.42059255
v 0.789299011 -6.5333209 4.62918043
v -1.16779518 -7.60962152 2.50743175
v 0.820749283 -6.57338905 4.57968903
v -1.12125206 -7.64139128 2.47429752
v -1.20799446 -7.63914251 2.42059255
v -1.01673889 -7.58391285 1.98018336
v 0.942193985 -6.50660133 4.06871223
v -1.12125206 -7.64139128 2.47429752
v 0.820749283 -6.57338905 4.57968903
v 0.763896942 -6.14856625 4.02705812
v -1.02803802 -7.53276157 1.93707609
v -1.19639587 -7.2266264 1.93707824
v 0.932256699 -6.45470142 4.02705574
v -1.16779518 -7.60962152 2.50743175
v -1.25777054 -7.55715752 2.45655823
v -1.20799446 -7.63914251 2.42059255
v 0.620939255 -6.22718525 4.62917995
v -1.38308334 -7.32929468 2.45655727
v 0.789299011 -6.5333209 4.62918043
v -1.23354149 -7.18968725 1.9801836
v -1.19639587 -7.2266264 1.93707824
v -1.23682404 -7.24885845 1.94716382
v 0.620939255 -6.22718525 4.62917995
v 0.763896942 -6.14856625 4.02705812
v 0.603946686 -6.17916536 4.57968903
v 0.725391388 -6.11237621 4.06871223
v -1.01673889 -7.58391285 1.98018336
v -1.06846428 -7.55499363 1.94716334
v -1.02803802 -7.53276157 1.93707609
v -1.38308334 -7.32929468 2.45655727
v 0.603946686 -6.17916536 4.57968903
v -1.39055443 -7.27603817 2.41738176
v 0.620939255 -6.22718525 4.62917995
v 0.942193985 -6.50660133 4.06871223
v -1.01673889 -7.58391285 1.98018336
v 0.932256699 -6.45470142 4.02705574
v -1.02803802 -7.53276157 1.93707609
v -1.06846428 -7.55499363 1.94716334
v -1.19639587 -7.2266264 1.93707824
v -1.02803802 -7.53276157 1.93707609
v -1.23682404 -7.24885845 1.94716382
v -1.23354149 -7.18968725 1.9801836
v 0.763896942 -6.14856625 4.02705812
v -1.19639587 -7.2266264 1.93707824
v 0.725391388 -6.11237621 4.06871223
v -1.39055443 -7.27603817 2.41738176
v 0.725391388 -6.11237621 4.06871223
v -1.23354149 -7.18968725 1.9801836
v 0.603946686 -6.17916536 4.57968903
v 2.47268677 -5.61459017 4.01639271
v 2.69324875 -5.565413 0.424266577
v 2.48072433 -5.56664848 4.01639271
v 2.70128632 -5.51747084 0.424266815
v -0.595525742 -7.53573227 0.404313326
v -0.309623718 -7.10492754 2.79661274
v -0.524129868 -7.22931337 2.7966125
v -0.176979065 -7.29302979 0.404313326
v -0.495428085 -6.78450298 2.79661274
v -0.511951447 -6.7153635 0.404313326
v -0.709934235 -6.90889072 2.7966125
v -0.930498123 -6.95806599 0.404313803
v -0.569795609 -7.21243572 2.79661298
v -0.938564301 -7.0060277 0.404313326
v -0.641191483 -7.51885462 0.404313326
v -0.718002319 -6.95685101 2.79661298
v 2.21258736 -5.72213936 4.01639271
v 2.22911453 -5.7912693 0.424266577
v 2.25814819 -5.73899508 4.01639223
v 2.27467728 -5.80812979 0.424266815
v 2.25814819 -5.73899508 4.01639223
v 2.27467728 -5.80812979 0.424266815
v 2.47268677 -5.61459017 4.01639271
v 2.69324875 -5.565413 0.424266577
v 2.07234383 -5.41857147 4.01639271
v 1.93170357 -5.27838087 0.424266577
v 2.06436348 -5.46652174 4.01639271
v 1.9397049 -5.23046589 0.424266338
v -0.30165863 -7.05695057 2.79661274
v -0.466386795 -6.73222494 0.404313564
v -0.449863434 -6.80136585 2.79661274
v -0.169013977 -7.24505281 0.404313326
v 2.33250046 -5.31103611 4.01639271
v 2.70128632 -5.51747084 0.424266815
v 2.40389633 -5.00461674 0.424266577
v 2.48072433 -5.56664848 4.01639271
v 2.35827637 -4.98774767 0.424266338
v 2.07234383 -5.41857147 4.01639271
v 2.2868824 -5.29416656 4.01639271
v 1.9397049 -5.23046589 0.424266338
v 2.33250046 -5.31103611 4.01639271
v 2.35827637 -4.98774767 0.424266338
v 2.2868824 -5.29416656 4.01639271
v 2.40389633 -5.00461674 0.424266577
v -0.449863434 -6.80136585 2.79661274
v -0.466386795 -6.73222494 0.404313564
v -0.495428085 -6.78450298 2.79661274
v -0.511951447 -6.7153635 0.404313326
v -0.709934235 -6.90889072 2.7966125
v -0.930498123 -6.95806599 0.404313803
v -0.718002319 -6.95685101 2.79661298
v -0.938564301 -7.0060277 0.404313326
v -0.569795609 -7.21243572 2.79661298
v -0.595525742 -7.53573227 0.404313326
v -0.524129868 -7.22931337 2.7966125
v -0.641191483 -7.51885462 0.404313326
v -0.309623718 -7.10492754 2.79661274
v -0.169013977 -7.24505281 0.404313326
v -0.30165863 -7.05695057 2.79661274
v -0.176979065 -7.29302979 0.404313326
v 2.06436348 -5.46652174 4.01639271
v 2.22911453 -5.7912693 0.424266577
v 2.21258736 -5.72213936 4.01639271
v 1.93170357 -5.27838087 0.424266577
v -1.16352654 0.0220936537 4.94191837
v -1.06152725 -2.80123997 4.04516983
v -1.16352654 -2.80123997 4.94191885
v -1.06152725 0.0220936537 4.04516983
v -0.266777039 2.84542656 4.94191837
v -0.266777039 0.0220934153 4.94191837
v -0.368778229 0.0220936537 4.04516983
v -0.368778229 2.84542704 4.04516983
v -0.266777039 2.84542656 4.94191837
v 1.89249992 6.4628849 4.97225761
v 1.09919548 6.90395641 4.97225761
v -1.16352654 2.84542656 4.94191837
v -0.368778229 2.84542704 4.04516983
v -0.368778229 0.0220936537 4.04516983
v -1.06152725 0.0220936537 4.04516983
v -1.06152725 2.84542704 4.04516983
v -0.266777039 2.84542656 4.94191837
v -1.16352654 0.0220936537 4.94191837
v -0.266777039 0.0220934153 4.94191837
v -1.16352654 2.84542656 4.94191837
v 1.09919548 6.90395641 4.97225761
v 1.89249992 6.4628849 4.97225761
v 1.78359795 6.46288586 4.0148325
v 1.20809555 6.90395737 4.0148325
v 1.89249992 6.4628849 4.97225761
v -0.266777039 2.84542656 4.94191837
v -0.368778229 2.84542704 4.04516983
v 1.78359795 6.46288586 4.0148325
v 1.09919548 6.90395641 4.97225761
v -1.06152725 2.84542704 4.04516983
v -1.16352654 2.84542656 4.94191837
v 1.20809555 6.90395737 4.0148325
v 1.20809555 6.90395737 4.0148325
v -0.368778229 2.84542704 4.04516983
v -1.06152725 2.84542704 4.04516983
v 1.78359795 6.46288586 4.0148325
v 1.04199791 5.98244953 4.610497
v 2.75617218 5.03973866 3.98499513
v 2.94265938 4.937181 4.57223701
v 0.918699265 6.05025578 4.12147713
v 2.97297668 5.43396282 3.98499489
v 1.25880051 6.3766737 4.61049747
v 3.07201004 5.37949991 4.57399702
v 1.13550377 6.44448185 4.12147713
v 3.12965775 5.34779596 4.47838783
v 2.94265938 4.937181 4.57223701
v 3.07201004 5.37949991 4.57399702
v 1.04199791 5.98244953 4.610497
v 3.10129356 5.22563314 4.57223606
v 1.25880051 6.3766737 4.61049747
v 1.13550377 6.44448185 4.12147713
v 2.75617218 5.03973866 3.98499513
v 0.918699265 6.05025578 4.12147713
v 2.97297668 5.43396282 3.98499489
v 1.25880051 6.3766737 4.61049747
v 0.918699265 6.05025578 4.12147713
v 1.04199791 5.98244953 4.610497
v 1.13550377 6.44448185 4.12147713
v 3.10129356 5.22563314 4.57223606
v 3.12965775 5.34779596 4.47838783
v 3.07201004 5.37949991 4.57399702
v 2.75617218 5.03973866 3.98499513
v 3.10129356 5.22563314 4.57223606
v 2.94265938 4.937181 4.57223701
v 3.12965775 5.34779596 4.47838783
v 2.97297668 5.43396282 3.98499489
v 0.789299011 6.57750702 4.62918091
v 0.932256699 6.49888706 4.02705574
v 0.942193985 6.55078793 4.06871223
v 0.820749283 6.61757755 4.57968903
v -1.2335434 7.23387623 1.98018372
v -1.39055443 7.32022381 2.417382
v -1.39567375 7.38040638 2.38946962
v -1.23682404 7.293046 1.94716358
v -1.38308334 7.37348175 2.45655727
v 0.620939255 6.2713728 4.62917995
v 0.932256699 6.49888706 4.02705574
v 0.789299011 6.57750702 4.62918091
v 0.763896942 6.19275284 4.02705765
v -1.06846428 7.59918118 1.94716322
v -1.39567375 7.38040638 2.38946962
v -1.20799446 7.68333054 2.42059278
v -1.23682404 7.293046 1.94716358
v -1.20799446 7.68333054 2.42059278
v -1.01673889 7.62809944 1.98018301
v -1.06846428 7.59918118 1.94716322
v -1.12125206 7.68557835 2.47429752
v -1.39567375 7.38040638 2.38946962
v -1.25777054 7.60134506 2.45655823
v -1.20799446 7.68333054 2.42059278
v -1.38308334 7.37348175 2.45655727
v 0.820749283 6.61757755 4.57968903
v -1.16779518 7.65380764 2.50743198
v 0.789299011 6.57750702 4.62918091
v -1.12125206 7.68557835 2.47429752
v -1.20799446 7.68333054 2.42059278
v 0.942193985 6.55078793 4.06871223
v -1.01673889 7.62809944 1.98018301
v -1.12125206 7.68557835 2.47429752
v 0.820749283 6.61757755 4.57968903
v -1.02803802 7.57694817 1.93707621
v 0.763896942 6.19275284 4.02705765
v -1.19639778 7.27081394 1.93707836
v 0.932256699 6.49888706 4.02705574
v -1.38308334 7.37348175 2.45655727
v -1.16779518 7.65380764 2.50743198
v -1.25777054 7.60134506 2.45655823
v 0.620939255 6.2713728 4.62917995
v 0.789299011 6.57750702 4.62918091
v -1.20799446 7.68333054 2.42059278
v -1.2335434 7.23387623 1.98018372
v -1.23682404 7.293046 1.94716358
v -1.19639778 7.27081394 1.93707836
v 0.763896942 6.19275284 4.02705765
v 0.620939255 6.2713728 4.62917995
v 0.603946686 6.22335243 4.57968903
v 0.725391388 6.15656376 4.06871223
v -1.01673889 7.62809944 1.98018301
v -1.02803802 7.57694817 1.93707621
v -1.06846428 7.59918118 1.94716322
v 0.603946686 6.22335243 4.57968903
v -1.38308334 7.37348175 2.45655727
v -1.39055443 7.32022381 2.417382
v 0.620939255 6.2713728 4.62917995
v -1.01673889 7.62809944 1.98018301
v 0.942193985 6.55078793 4.06871223
v 0.932256699 6.49888706 4.02705574
v -1.02803802 7.57694817 1.93707621
v -1.06846428 7.59918118 1.94716322
v -1.19639778 7.27081394 1.93707836
v -1.23682404 7.293046 1.94716358
v -1.02803802 7.57694817 1.93707621
v 0.763896942 6.19275284 4.02705765
v -1.2335434 7.23387623 1.98018372
v -1.19639778 7.27081394 1.93707836
v 0.725391388 6.15656376 4.06871223
v 0.603946686 6.22335243 4.57968903
v -1.39055443 7.32022381 2.417382
v 0.725391388 6.15656376 4.06871223
v -1.2335434 7.23387623 1.98018372
v 2.69324875 5.60959911 0.424266577
v 2.47268677 5.65877724 4.01639223
v 2.48072433 5.61083508 4.01639271
v 2.70128632 5.56165791 0.424266338
v -0.309623718 7.14911366 2.79661274
v -0.595525742 7.57991886 0.404313326
v -0.524129868 7.27349949 2.79661274
v -0.176979065 7.33721542 0.404313564
v -0.709934235 6.95307636 2.79661226
v -0.511951447 6.75954914 0.404313326
v -0.495428085 6.82869053 2.79661274
v -0.930498123 7.00225353 0.404313564
v -0.569795609 7.25662327 2.79661274
v -0.938564301 7.05021381 0.404313087
v -0.718002319 7.00103855 2.79661274
v -0.641191483 7.56304264 0.404313803
v 2.22911453 5.83545637 0.424266577
v 2.21258736 5.766325 4.01639271
v 2.25814819 5.78318167 4.01639271
v 2.27467728 5.85231686 0.424266815
v 2.47268677 5.65877724 4.01639223
v 2.27467728 5.85231686 0.424266815
v 2.25814819 5.78318167 4.01639271
v 2.69324875 5.60959911 0.424266577
v 1.93170547 5.32256794 0.424266577
v 2.07234383 5.46275806 4.01639271
v 2.06436348 5.51070786 4.01639271
v 1.9397049 5.27465153 0.424266577
v -0.466386795 6.77641201 0.404313326
v -0.30165863 7.10113716 2.79661322
v -0.449863434 6.8455534 2.79661322
v -0.169013977 7.28923893 0.404313564
v 2.33250046 5.3552227 4.01639271
v 2.70128632 5.56165791 0.424266338
v 2.48072433 5.61083508 4.01639271
v 2.40389633 5.04880381 0.424266338
v 2.07234383 5.46275806 4.01639271
v 2.35827637 5.03193474 0.424266815
v 2.2868824 5.33835411 4.01639271
v 1.9397049 5.27465153 0.424266577
v 2.33250046 5.3552227 4.01639271
v 2.35827637 5.03193474 0.424266815
v 2.40389633 5.04880381 0.424266338
v 2.2868824 5.33835411 4.01639271
v -0.466386795 6.77641201 0.404313326
v -0.449863434 6.8455534 2.79661322
v -0.495428085 6.82869053 2.79661274
v -0.511951447 6.75954914 0.404313326
v -0.930498123 7.00225353 0.404313564
v -0.709934235 6.95307636 2.79661226
v -0.718002319 7.00103855 2.79661274
v -0.938564301 7.05021381 0.404313087
v -0.569795609 7.25662327 2.79661274
v -0.595525742 7.57991886 0.404313326
v -0.641191483 7.56304264 0.404313803
v -0.524129868 7.27349949 2.79661274
v -0.169013977 7.28923893 0.404313564
v -0.309623718 7.14911366 2.79661274
v -0.30165863 7.10113716 2.79661322
v -0.176979065 7.33721542 0.404313564
v 2.06436348 5.51070786 4.01639271
v 2.22911453 5.83545637 0.424266577
v 1.93170547 5.32256794 0.424266577
v 2.21258736 5.766325 4.01639271
v -1.16352654 2.84542656 4.94191837
v -1.06152725 0.0220936537 4.04516983
v -1.16352654 0.0220936537 4.94191837
v -1.06152725 2.84542704 4.04516983
v 0.447277069 -6.68124485 2.79950619
v 1.38256073 -6.15853691 2.79953313
v 0.914958954 -6.41986895 2.82363796
v 2.44416237 -5.61141968 2.73906541
v 2.42955971 -5.57339716 2.7722795
v -0.574783325 -7.29863071 2.73906469
v -0.599515915 -7.26627064 2.77227902
v 2.26486778 -5.38671398 2.47071242
v 1.38250732 -6.15856886 2.54206514
v 1.2638073 -5.94618034 2.54206538
v 0.796262741 -6.207479 2.57580137
v 0.447324753 -6.68121862 2.54202795
v 0.328624725 -6.46883011 2.54202795
v 0.914960861 -6.41986847 2.5758009
v 2.3835659 -5.59910297 2.47071218
v -0.55352211 -7.2405653 2.47071242
v -0.67222023 -7.02817774 2.47071242
v 0.807641983 6.37661457 2.46439457
v 0.220937729 6.420928 2.43062115
v 0.337947845 6.63424969 2.43062115
v -0.784309387 6.97232246 2.35930538
v -0.667299271 7.1856451 2.35930538
v 0.690629959 6.16329098 2.46439457
v 1.27724457 6.11902809 2.43065834
v 1.16023445 5.90570641 2.4306581
v 2.16569519 5.35419321 2.35930538
v 2.28270721 5.56751537 2.35930586
v 0.337900162 6.63427544 2.68809962
v -0.830507278 6.9976635 2.66087246
v 0.220890045 6.4209528 2.68809915
v 1.16028786 5.90567589 2.68812561
v 0.807641983 6.37661457 2.71223116
v 0.690629959 6.16329193 2.71223068
v 2.3289032 5.54217434 2.6608727
v 1.27729988 6.11899853 2.68812585
v 2.21189308 5.32885313 2.66087246
v -0.713497162 7.21098614 2.66087198
v 0.934627533 -6.45506048 2.60920358
v 0.447324753 -6.68121862 2.54202795
v 0.914960861 -6.41986847 2.5758009
v -0.538862228 -7.27855635 2.50355172
v -0.55352211 -7.2405653 2.47071242
v 2.40824318 -5.63149357 2.50355244
v 1.38250732 -6.15856886 2.54206514
v 2.3835659 -5.59910297 2.47071218
v 1.27724457 6.11902809 2.43065834
v 0.807641983 6.37661457 2.46439457
v 0.827030182 6.4119606 2.49779677
v -0.652942657 7.22375011 2.39214468
v 0.337947845 6.63424969 2.43062115
v -0.667299271 7.1856451 2.35930538
v 2.30712509 5.60010242 2.3921454
v 2.28270721 5.56751537 2.35930586
v 0.934627533 -6.45506048 2.60920358
v -0.574783325 -7.29863071 2.73906469
v -0.538862228 -7.27855635 2.50355172
v 2.44416237 -5.61141968 2.73906541
v 2.40824318 -5.63149357 2.50355244
v 2.2502079 -5.34872293 2.5035522
v 0.776594162 -6.17228794 2.60920405
v 2.286129 -5.32864857 2.73906589
v -0.732816696 -7.0158596 2.73906541
v -0.696895599 -6.99578476 2.5035522
v 0.796262741 -6.20747995 2.82363796
v 1.38256073 -6.15853691 2.79953313
v 1.26386261 -5.94614935 2.79953289
v -0.599515915 -7.26627064 2.77227902
v 0.328577042 -6.46885633 2.79950666
v -0.718214035 -7.05388355 2.77227879
v 0.914958954 -6.41986895 2.82363796
v 0.447277069 -6.68124485 2.79950619
v 2.31086159 -5.3610096 2.77227902
v 2.42955971 -5.57339716 2.7722795
v 2.18741608 5.29629755 2.62765884
v -0.844806671 6.95952606 2.62765813
v 0.67124176 6.12794495 2.49779654
v 2.15133858 5.31608772 2.3921454
v -0.808729172 6.93973541 2.39214492
v 0.827030182 6.4119606 2.49779677
v 2.3432045 5.58031273 2.62765837
v 2.30712509 5.60010242 2.3921454
v -0.689020157 7.24354076 2.62765813
v -0.652942657 7.22375011 2.39214468
v 0.776594162 -6.17228794 2.60920405
v 2.2502079 -5.34872293 2.5035522
v 1.2638073 -5.94618034 2.54206538
v 2.26486778 -5.38671398 2.47071242
v 0.328624725 -6.46883011 2.54202795
v 0.796262741 -6.207479 2.57580137
v -0.696895599 -6.99578476 2.5035522
v -0.67222023 -7.02817774 2.47071242
v -0.784309387 6.97232246 2.35930538
v 0.220937729 6.420928 2.43062115
v -0.808729172 6.93973541 2.39214492
v 0.67124176 6.12794495 2.49779654
v 1.16023445 5.90570641 2.4306581
v 0.690629959 6.16329098 2.46439457
v 2.15133858 5.31608772 2.3921454
v 2.16569519 5.35419321 2.35930538
v 1.26386261 -5.94614935 2.79953289
v 0.328577042 -6.46885633 2.79950666
v 0.796262741 -6.20747995 2.82363796
v -0.732816696 -7.0158596 2.73906541
v -0.718214035 -7.05388355 2.77227879
v 2.286129 -5.32864857 2.73906589
v 2.31086159 -5.3610096 2.77227902
v 2.18741608 5.29629755 2.62765884
v 0.220890045 6.4209528 2.68809915
v -0.844806671 6.95952606 2.62765813
v 2.21189308 5.32885313 2.66087246
v 1.16028786 5.90567589 2.68812561
v -0.830507278 6.9976635 2.66087246
v 0.690629959 6.16329193 2.71223068
v 1.27729988 6.11899853 2.68812585
v 0.337900162 6.63427544 2.68809962
v 0.807641983 6.37661457 2.71223116
v -0.689020157 7.24354076 2.62765813
v 2.3432045 5.58031273 2.62765837
v 2.3289032 5.54217434 2.6608727
v -0.713497162 7.21098614 2.66087198
v 2.1401062 5.64127684 3.94612455
v 0.254644394 6.48249531 3.94609737
v 2.05872917 5.49292088 3.94612455
v 0.336019516 6.63085175 3.94609809
v 2.05872917 5.49292183 2.65185046
v -0.61621666 6.96017838 2.651824
v -0.534841537 7.10853481 2.651824
v 2.1401062 5.64127779 2.6518507
v 0.336019516 6.63085175 3.94609809
v 2.1401062 5.64127684 3.94612455
v 2.1401062 5.64127779 2.6518507
v -0.534841537 7.10853481 2.651824
v 2.05872917 5.49292088 3.94612455
v 2.1401062 5.64127779 2.6518507
v 2.1401062 5.64127684 3.94612455
v 2.05872917 5.49292183 2.65185046
v 0.336019516 6.63085175 3.94609809
v -0.61621666 6.96017838 2.651824
v 0.254644394 6.48249531 3.94609737
v -0.534841537 7.10853481 2.651824
v 1.51854897 6.04948711 3.94612455
v 0.834131241 6.42490292 2.67595506
v 0.834131241 6.42490292 3.97022891
v 1.51854897 6.04948616 2.65185022
v 1.48882484 5.96953344 3.94612479
v 0.807641983 6.37661457 2.71223116
v 1.48882484 5.96953344 2.65185046
v 0.793544769 6.35090828 3.97022939
v 1.51854897 6.04948711 3.94612455
v 0.793544769 6.35090828 3.97022939
v 1.48882484 5.96953344 3.94612479
v 0.834131241 6.42490292 3.97022891
v 0.834131241 6.42490292 3.97022891
v 0.807641983 6.37661457 2.71223116
v 0.793544769 6.35090828 3.97022939
v 0.834131241 6.42490292 2.67595506
v 0.834131241 6.42490292 2.67595506
v 1.51854897 6.04948616 2.65185022
v 0.807641983 6.37661457 2.71223116
v 1.48882484 5.96953344 2.65185046
v 1.48882484 5.96953344 3.94612479
v 1.48882484 5.96953344 2.65185046
v 1.51854897 6.04948711 3.94612455
v 1.51854897 6.04948616 2.65185022
v 0.254644394 6.48249531 3.94609737
v 2.05872917 5.49292183 2.65185046
v 2.05872917 5.49292088 3.94612455
v -0.61621666 6.96017838 2.651824
v 0.744104385 -6.52670097 4.02422905
v 2.20921516 -5.61613274 2.7632575
v 2.20921516 -5.61613321 4.05753183
v -0.454017639 -7.10454559 2.7632308
v -0.430904388 2.24577904 4.12608051
v 1.20915794 2.28986931 4.11502409
v 1.24807739 2.23783922 4.09959412
v -0.417804718 2.28979111 4.16041279
v 1.23568726 -1.20738351 4.43519115
v 1.02469826 -1.26835465 4.08108616
v 1.06442261 -1.21775997 4.06309748
v 1.18964577 -1.25867474 4.44010067
v -0.962490082 -2.25469923 4.64566708
v -3.12965965 -2.27543545 2.43319917
v -0.890422821 -2.24335003 4.16648197
v -2.98093414 -2.26408625 1.98321235
v 1.02469826 -1.26835465 4.08108616
v -0.597160339 -1.23698699 4.05184841
v -0.570095062 -1.18084848 4.02113533
v 1.06442261 -1.21775997 4.06309748
v -0.357244492 1.20609343 4.55977631
v 1.19284821 1.37181437 4.12759686
v 1.31397057 1.33766377 4.46230221
v -0.478610992 1.20200884 4.16635227
v -0.962490082 -1.10951519 4.64566708
v -3.12576294 -1.0921123 2.43394327
v -0.962490082 -2.25469923 4.64566708
v -3.12965965 -2.27543545 2.43319917
v -0.386762619 -1.21928573 4.46758699
v 1.02469826 -1.26835465 4.08108616
v 1.18964577 -1.25867474 4.44010067
v -0.597160339 -1.23698699 4.05184841
v -0.780696869 0.101737857 3.98935604
v -2.58552551 0.194651723 2.09522104
v -0.780696869 1.10968387 3.98935604
v -2.56546211 1.42867529 2.09904957
v 1.20915794 2.28986931 4.11502409
v 1.36385345 2.29387474 4.44015121
v 1.40496635 2.24157047 4.42872286
v 1.24807739 2.23783922 4.09959412
v 1.03775024 -0.028470993 4.07496357
v -0.392110825 0.100006938 4.467803
v 1.20284081 -0.0187643766 4.43427372
v -0.561624527 0.0950857401 4.05460644
v -0.980772018 1.13250196 4.1412077
v -2.74220085 1.24714148 2.08618259
v -0.980772018 2.38330507 4.14120722
v -2.92596626 2.32999706 2.08319449
v 1.20284081 -0.0187643766 4.43427372
v 1.18964577 -1.25867474 4.44010067
v 1.24716377 -0.0750844479 4.42890835
v -0.386762619 -1.21928573 4.46758699
v -0.392110825 0.100006938 4.467803
v 1.23568726 -1.20738351 4.43519115
v 1.19284821 1.37181437 4.12759686
v -0.478610992 1.20200884 4.16635227
v 1.18175125 1.40364206 4.09178066
v -2.97703171 -1.08076274 1.98395693
v -0.890422821 -1.09816563 4.16648197
v -0.890422821 -2.24335003 4.16648197
v -2.98093414 -2.26408625 1.98321235
v -0.890422821 -1.09816563 4.16648197
v -2.97703171 -1.08076274 1.98395693
v -3.12576294 -1.0921123 2.43394327
v -0.962490082 -1.10951519 4.64566708
v -3.03370476 2.32999754 2.29984069
v -0.980772018 2.38330507 4.14120722
v -2.92596626 2.32999706 2.08319449
v -1.03921127 2.38330507 4.48477745
v 1.23507309 1.43032706 4.11057472
v 1.19284821 1.37181437 4.12759686
v 1.18175125 1.40364206 4.09178066
v 1.35732269 1.39562619 4.44770908
v 1.31397057 1.33766377 4.46230221
v -1.03921127 1.13250172 4.48477745
v -2.82901573 1.31356466 2.3190794
v -0.980772018 1.13250196 4.1412077
v -2.74220085 1.24714148 2.08618259
v -1.03921127 2.38330507 4.48477745
v -2.82901573 1.31356466 2.3190794
v -1.03921127 1.13250172 4.48477745
v -3.03370476 2.32999754 2.29984069
v 1.40496635 2.24157047 4.42872286
v 1.35732269 1.39562619 4.44770908
v 1.23507309 1.43032706 4.11057472
v 1.24807739 2.23783922 4.09959412
v -0.972459793 0.0996159315 4.5135293
v -2.74361229 0.192508101 2.34085083
v -0.780696869 0.101737857 3.98935604
v -2.58552551 0.194651723 2.09522104
v -0.972459793 1.10755956 4.5135293
v -2.74361229 0.192508101 2.34085083
v -0.972459793 0.0996159315 4.5135293
v -2.72354126 1.42652905 2.40431643
v -2.56546211 1.42867529 2.09904957
v -2.74361229 0.192508101 2.34085083
v -2.72354126 1.42652905 2.40431643
v -2.58552551 0.194651723 2.09522104
v -2.97703171 -1.08076274 1.98395693
v -2.98093414 -2.26408625 1.98321235
v -3.12576294 -1.0921123 2.43394327
v -3.12965965 -2.27543545 2.43319917
v 1.20915794 2.28986931 4.11502409
v -0.296697617 2.29386806 4.5529747
v 1.36385345 2.29387474 4.44015121
v -0.417804718 2.28979111 4.16041279
v -2.92596626 2.32999706 2.08319449
v -2.82901573 1.31356466 2.3190794
v -3.03370476 2.32999754 2.29984069
v -2.74220085 1.24714148 2.08618259
v -2.72354126 1.42652905 2.40431643
v -0.780696869 1.10968387 3.98935604
v -2.56546211 1.42867529 2.09904957
v -0.972459793 1.10755956 4.5135293
v 1.36385345 2.29387474 4.44015121
v 1.31397057 1.33766377 4.46230221
v 1.35732269 1.39562619 4.44770908
v 1.40496635 2.24157047 4.42872286
v -0.357244492 1.20609343 4.55977631
v 1.31397057 1.33766377 4.46230221
v -0.296697617 2.29386806 4.5529747
v 1.36385345 2.29387474 4.44015121
v 1.06442261 -1.21775997 4.06309748
v 1.07589722 -0.0854605436 4.05681515
v 1.23568726 -1.20738351 4.43519115
v 1.24716377 -0.0750844479 4.42890835
v -0.570095062 -1.18084848 4.02113533
v 1.02641678 -0.0636992455 4.03870583
v 1.06442261 -1.21775997 4.06309748
v -0.575212479 0.0604609251 4.02113533
v 1.07589722 -0.0854605436 4.05681515
v 1.18175125 1.40364206 4.09178066
v 1.24807739 2.23783922 4.09959412
v 1.23507309 1.43032706 4.11057472
v -0.430904388 2.24577904 4.12608051
v -0.478610992 1.20200884 4.16635227
v 1.02641678 -0.0636992455 4.03870583
v -0.575212479 0.0604609251 4.02113533
v -0.561624527 0.0950857401 4.05460644
v 1.03775024 -0.028470993 4.07496357
v 2.12666702 -5.46842861 4.05753136
v 2.20921516 -5.61613274 2.7632575
v 2.12666702 -5.46842766 2.76325774
v 2.20921516 -5.61613321 4.05753183
v 0.661556244 -6.3789959 4.02422905
v -0.536565781 -6.95684004 2.76323128
v -0.454017639 -7.10454559 2.7632308
v 0.744104385 -6.52670097 4.02422905
v 2.20921516 -5.61613274 2.7632575
v -0.536565781 -6.95684004 2.76323128
v 2.12666702 -5.46842766 2.76325774
v -0.454017639 -7.10454559 2.7632308
v 0.661556244 -6.3789959 4.02422905
v 2.20921516 -5.61613321 4.05753183
v 2.12666702 -5.46842861 4.05753136
v 0.744104385 -6.52670097 4.02422905
v 2.12666702 -5.46842766 2.76325774
v 0.661556244 -6.3789959 4.02422905
v 2.12666702 -5.46842861 4.05753136
v -0.536565781 -6.95684004 2.76323128
v 1.59091187 -6.02925301 4.05753183
v 0.914958954 -6.41986895 2.82363796
v 1.59091187 -6.02925253 2.76325774
v 0.909492493 -6.41008186 4.08163643
v 1.5605545 -5.9495368 4.05753136
v 0.868318558 -6.33641005 2.7873621
v 0.868318558 -6.33641052 4.08163643
v 1.5605545 -5.94953585 2.7632575
v 0.868318558 -6.33641052 4.08163643
v 1.59091187 -6.02925301 4.05753183
v 1.5605545 -5.9495368 4.05753136
v 0.909492493 -6.41008186 4.08163643
v 0.868318558 -6.33641052 4.08163643
v 0.914958954 -6.41986895 2.82363796
v 0.909492493 -6.41008186 4.08163643
v 0.868318558 -6.33641005 2.7873621
v 0.868318558 -6.33641005 2.7873621
v 1.5605545 -5.94953585 2.7632575
v 1.59091187 -6.02925253 2.76325774
v 0.914958954 -6.41986895 2.82363796
v 1.5605545 -5.9495368 4.05753136
v 1.59091187 -6.02925253 2.76325774
v 1.5605545 -5.94953585 2.7632575
v 1.59091187 -6.02925301 4.05753183
v 1.03775024 -0.028470993 4.07496357
v 1.07589722 -0.0854605436 4.05681515
v 1.02641678 -0.0636992455 4.03870583
v 1.24716377 -0.0750844479 4.42890835
v 1.20284081 -0.0187643766 4.43427372
v -0.361730576 -2.40389681 4.45517349
v 1.15829659 -2.34925604 4.04828072
v 1.30187225 -2.38509655 4.34894323
v -0.578966141 -2.36699963 4.0830164
v -0.939699173 -1.08045292 4.55519962
v -2.65406799 -0.561326265 2.51353741
v -2.81657982 -1.08851647 2.33382177
v -2.80825043 0.151786923 2.32713699
v -2.80336952 -0.557914376 2.32806921
v -0.939699173 0.129989505 4.55519962
v -2.81658745 -0.657623529 2.33382106
v 1.22413445 -1.7649138 4.10748243
v 1.4099884 -1.80723298 4.41680717
v 1.38102913 -1.84879363 4.38014507
v 1.22490692 -1.81544662 4.12935686
v -0.597162247 -2.320158 4.05184793
v 1.20500183 -2.31202269 4.0475235
v 1.15829659 -2.34925604 4.04828072
v -0.578966141 -2.36699963 4.0830164
v 0.904333115 -1.90605962 4.10562134
v 1.22413445 -1.7649138 4.10748243
v 1.22490692 -1.81544662 4.12935686
v 1.21689415 -1.30141306 4.11005116
v 0.76039505 -1.87705719 4.08060837
v -0.597162247 -1.23698699 4.05184841
v 1.20500183 -2.31202269 4.0475235
v -0.597162247 -2.320158 4.05184793
v 1.16744614 -2.03263044 4.06011677
v 1.33568954 -2.06495905 4.32066393
v 1.20500183 -2.31202269 4.0475235
v 1.16744614 -2.03263044 4.06011677
v 1.33575249 -2.3443203 4.32080269
v 1.37417603 -1.28774393 4.38753128
v 1.21689415 -1.30141306 4.11005116
v 1.22482872 -1.25618064 4.14766645
v 1.40233994 -1.33566844 4.41940022
v 1.21689415 -1.30141306 4.11005116
v -0.597162247 -1.23698699 4.05184841
v -0.575670242 -1.19688535 4.08867216
v 1.22482872 -1.25618064 4.14766645
v 1.40233994 -1.33566844 4.41940022
v -0.354839325 -1.27814722 4.46698761
v 0.640890121 -1.97323024 4.39647484
v -0.361730576 -2.40389681 4.45517349
v 1.30187225 -2.38509655 4.34894323
v 1.4099884 -1.80723298 4.41680717
v 1.31224251 -2.07062149 4.35893345
v -2.54393959 -0.587353349 2.21638775
v -2.64328766 -1.08624423 2.05888128
v -2.64328766 -0.655351043 2.05888128
v -1.2589798 -0.92470336 3.37033916
v -2.63658333 0.154056668 2.0501771
v -0.800430298 0.132235169 4.02284431
v -2.63169479 -0.555642247 2.05110931
v 1.22482872 -1.25618064 4.14766645
v -0.386762619 -1.21928596 4.46758699
v 1.37417603 -1.28774393 4.38753128
v -0.575670242 -1.19688535 4.08867216
v 1.40233994 -1.33566844 4.41940022
v 1.22413445 -1.7649138 4.10748243
v 1.21689415 -1.30141306 4.11005116
v 1.4099884 -1.80723298 4.41680717
v 1.20500183 -2.31202269 4.0475235
v 1.33575249 -2.3443203 4.32080269
v 1.30187225 -2.38509655 4.34894323
v 1.15829659 -2.34925604 4.04828072
v -2.81658745 -0.657623529 2.33382106
v -2.54393959 -0.587353349 2.21638775
v -2.64328766 -0.655351043 2.05888128
v -2.65406799 -0.561326265 2.51353741
v 1.11352539 -1.9885112 4.06180573
v 0.894073486 -1.96838033 4.34000397
v 1.28135109 -2.02098322 4.32129669
v 0.904333115 -1.90605962 4.10562134
v -0.354839325 -1.27814722 4.46698761
v 1.40233994 -1.33566844 4.41940022
v 1.37417603 -1.28774393 4.38753128
v -0.386762619 -1.21928596 4.46758699
v -2.63658333 0.154056668 2.0501771
v -2.63169479 -0.555642247 2.05110931
v -2.80825043 0.151786923 2.32713699
v -2.80336952 -0.557914376 2.32806921
v -0.800430298 0.132235169 4.02284431
v -2.63658333 0.154056668 2.0501771
v -2.80825043 0.151786923 2.32713699
v -0.939699173 0.129989505 4.55519962
v -2.81657982 -1.08851647 2.33382177
v -2.81658745 -0.657623529 2.33382106
v -2.64328766 -1.08624423 2.05888128
v -2.64328766 -0.655351043 2.05888128
v 0.894073486 -1.96838033 4.34000397
v 1.22490692 -1.81544662 4.12935686
v 1.38102913 -1.84879363 4.38014507
v 0.904333115 -1.90605962 4.10562134
v 1.4099884 -1.80723298 4.41680717
v 0.640890121 -1.97323024 4.39647484
v 0.894073486 -1.96838033 4.34000397
v 1.38102913 -1.84879363 4.38014507
v 0.894073486 -1.96838033 4.34000397
v 1.31224251 -2.07062149 4.35893345
v 1.28135109 -2.02098322 4.32129669
v 0.640890121 -1.97323024 4.39647484
v 1.33568954 -2.06495905 4.32066393
v -0.939699173 -1.08045292 4.55519962
v -2.81657982 -1.08851647 2.33382177
v -1.2589798 -0.92470336 3.37033916
v -2.64328766 -1.08624423 2.05888128
v 1.31224251 -2.07062149 4.35893345
v 1.30187225 -2.38509655 4.34894323
v 1.33575249 -2.3443203 4.32080269
v 1.33568954 -2.06495905 4.32066393
v -2.80336952 -0.557914376 2.32806921
v -2.63169479 -0.555642247 2.05110931
v -2.54393959 -0.587353349 2.21638775
v -2.65406799 -0.561326265 2.51353741
v 0.904333115 -1.90605962 4.10562134
v 1.11352539 -1.9885112 4.06180573
v 0.76039505 -1.87705719 4.08060837
v 1.16744614 -2.03263044 4.06011677
v 1.28135109 -2.02098322 4.32129669
v 1.33568954 -2.06495905 4.32066393
v 1.23135948 1.35912216 4.05115318
v -0.357242584 1.20609295 4.55977631
v 1.40768814 1.35209334 4.40152836
v -0.530826569 1.19091713 4.08511257
v 1.21321297 0.0345696211 4.04663181
v 1.3976078 0.0276123285 4.41234684
v 1.3492794 -0.0212752819 4.41755533
v 1.1607666 0.0117639303 4.03198671
v 1.23135948 1.35912216 4.05115318
v 1.40768814 1.35209334 4.40152836
v 1.45070076 1.30441916 4.39589882
v 1.26630402 1.31137645 4.03018379
v 1.1607666 0.0117639303 4.03198671
v 1.26630402 1.31137645 4.03018379
v 1.21321297 0.0345696211 4.04663181
v -0.545850754 1.14770377 4.05167961
v -0.553760529 0.151255012 4.04334974
v 1.21321297 0.0345696211 4.04663181
v 1.45070076 1.30441916 4.39589882
v 1.3976078 0.0276123285 4.41234684
v 1.26630402 1.31137645 4.03018379
v 1.3492794 -0.0212752819 4.41755533
v -0.357242584 1.20609295 4.55977631
v -0.338748932 0.117445588 4.52232552
v 1.40768814 1.35209334 4.40152836
v 1.3976078 0.0276123285 4.41234684
v 1.45070076 1.30441916 4.39589882
v -0.545850754 1.14770377 4.05167961
v 1.23135948 1.35912216 4.05115318
v 1.26630402 1.31137645 4.03018379
v -0.530826569 1.19091713 4.08511257
v -0.338748932 0.117445588 4.52232552
v 1.1607666 0.0117639303 4.03198671
v 1.3492794 -0.0212752819 4.41755533
v -0.553760529 0.151255012 4.04334974
v 1.96112633 -3.96077442 4.31389856
v 0.609491348 -5.00793934 3.99465084
v 0.460939407 -5.03784084 4.46956587
v 1.80681801 -4.04578257 3.96337438
v 2.48719025 -5.18233967 3.95240784
v 2.64834976 -5.09310579 4.31828022
v 2.6329174 -5.1601162 4.32319927
v 2.45452118 -5.22922754 3.93759656
v 1.86160088 -4.06795263 3.94221044
v 1.96112633 -3.96077442 4.31389856
v 2.0227623 -3.9787178 4.30808306
v 1.80681801 -4.04578257 3.96337438
v 1.86160088 -4.06795263 3.94221044
v 2.45452118 -5.22922754 3.93759656
v 0.619354248 -5.05244446 3.96099281
v 2.48719025 -5.18233967 3.95240784
v 1.13606834 -5.90442657 3.94781971
v 2.48719025 -5.18233967 3.95240784
v 1.86160088 -4.06795263 3.94221044
v 2.64834976 -5.09310579 4.31828022
v 2.0227623 -3.9787178 4.30808306
v 2.6329174 -5.1601162 4.32319927
v 0.460939407 -5.03784084 4.46956587
v 1.04850769 -5.9542675 4.42685413
v 1.96112633 -3.96077442 4.31389856
v 2.64834976 -5.09310579 4.31828022
v 2.0227623 -3.9787178 4.30808306
v 1.80681801 -4.04578257 3.96337438
v 0.619354248 -5.05244446 3.96099281
v 0.609491348 -5.00793934 3.99465084
v 1.86160088 -4.06795263 3.94221044
v 1.04850769 -5.9542675 4.42685413
v 2.45452118 -5.22922754 3.93759656
v 2.6329174 -5.1601162 4.32319927
v 1.13606834 -5.90442657 3.94781971
v 1.96112633 3.84388638 4.31389809
v 0.460939407 4.92095184 4.46956539
v 0.609491348 4.89105129 3.99465084
v 1.80681992 3.92889357 3.9633739
v 2.48719215 5.06545162 3.95240736
v 2.6329174 5.04322624 4.32319975
v 2.64835167 4.97621632 4.31828022
v 2.45452118 5.11233902 3.93759632
v 1.96112633 3.84388638 4.31389809
v 1.86160088 3.95106316 3.9422102
v 2.0227623 3.8618288 4.30808258
v 1.80681992 3.92889357 3.9633739
v 2.45452118 5.11233902 3.93759632
v 0.619352341 4.93555593 3.96099281
v 1.13606834 5.78753757 3.94781995
v 1.86160088 3.95106316 3.9422102
v 2.48719215 5.06545162 3.95240736
v 2.64835167 4.97621632 4.31828022
v 2.0227623 3.8618288 4.30808258
v 1.86160088 3.95106316 3.9422102
v 2.48719215 5.06545162 3.95240736
v 1.96112633 3.84388638 4.31389809
v 2.6329174 5.04322624 4.32319975
v 0.460939407 4.92095184 4.46956539
v 1.0485096 5.83737803 4.42685318
v 2.64835167 4.97621632 4.31828022
v 2.0227623 3.8618288 4.30808258
v 0.619352341 4.93555593 3.96099281
v 1.80681992 3.92889357 3.9633739
v 0.609491348 4.89105129 3.99465084
v 1.86160088 3.95106316 3.9422102
v 1.0485096 5.83737803 4.42685318
v 2.45452118 5.11233902 3.93759632
v 1.13606834 5.78753757 3.94781995
v 2.6329174 5.04322624 4.32319975
v -0.651287079 -2.425735 4.46698761
v 0.723157883 -4.7965045 4.45517349
v 1.57176971 -3.55846596 4.39647532
v 1.39913559 -2.52869415 4.41940117
v 2.0694313 -3.81901741 4.34894371
v 1.82342339 -3.28507423 4.41680717
v 1.89601326 -3.55647516 4.35893345
v -0.651287079 -2.425735 4.46698761
v 1.39913559 -2.52869415 4.41940117
v 1.34844398 -2.50588608 4.38753176
v -0.711374283 -2.39618063 4.46758699
v 0.723157883 -4.79650497 4.07376862
v 2.0694313 -3.81901741 4.34894371
v 0.723157883 -4.7965045 4.45517349
v 2.0694313 -3.81901741 3.9675386
v 1.39913559 -2.52869415 4.03799582
v -0.651287079 -2.425735 4.08558273
v 1.34844398 -2.50588608 4.0061264
v -0.711374283 -2.39618063 4.08618212
v 1.57176971 -3.55846596 4.01507044
v 2.0694313 -3.81901741 3.9675386
v 0.723157883 -4.79650497 4.07376862
v -0.651287079 -2.425735 4.08558273
v 1.39913559 -2.52869415 4.03799582
v 1.82342148 -3.28507423 4.03540182
v 1.89601517 -3.55647516 3.97752881
v -0.651287079 -2.425735 4.46698761
v -0.711374283 -2.39618063 4.08618212
v -0.651287079 -2.425735 4.08558273
v -0.711374283 -2.39618063 4.46758699
v 1.34844398 -2.50588608 4.38753176
v 1.39913559 -2.52869415 4.03799582
v 1.34844398 -2.50588608 4.0061264
v 1.39913559 -2.52869415 4.41940117
v 1.82342148 -3.28507423 4.03540182
v 1.39913559 -2.52869415 4.03799582
v 1.82342339 -3.28507423 4.41680717
v 1.39913559 -2.52869415 4.41940117
v 1.57176971 -3.55846596 4.39647532
v 1.89601326 -3.55647516 4.35893345
v 1.57176971 -3.55846596 4.01507044
v 1.89601517 -3.55647516 3.97752881
v 1.34844398 -2.50588608 4.0061264
v -0.711374283 -2.39618063 4.08618212
v 1.34844398 -2.50588608 4.38753176
v -0.711374283 -2.39618063 4.46758699
v 1.89601326 -3.55647516 4.35893345
v 2.0694313 -3.81901741 4.34894371
v 1.89601517 -3.55647516 3.97752881
v 2.0694313 -3.81901741 3.9675386
v -0.651287079 -2.425735 4.08558273
v 0.723157883 -4.7965045 4.45517349
v -0.651287079 -2.425735 4.46698761
v 0.723157883 -4.79650497 4.07376862
v 1.82342339 -3.28507423 4.41680717
v 1.57176971 -3.55846596 4.39647532
v 1.82342148 -3.28507423 4.03540182
v 1.57176971 -3.55846596 4.01507044
v 1.57176971 3.44157887 4.39647579
v 2.0694313 3.70212984 4.34894371
v 0.72315979 4.67961645 4.45517349
v -0.651288986 2.30884695 4.46698761
v 1.3991375 2.41180706 4.41940022
v 1.82342339 3.16818523 4.41680717
v 1.89601517 3.43958759 4.35893345
v 1.3991375 2.41180706 4.41940022
v -0.651288986 2.30884695 4.46698761
v 1.34844398 2.38899851 4.38753128
v -0.711374283 2.27929211 4.46758699
v 2.0694313 3.70212984 4.34894371
v 0.72315979 4.67961645 4.07376862
v 0.72315979 4.67961645 4.45517349
v 2.0694313 3.70213032 3.9675386
v -0.651288986 2.30884647 4.08558273
v 1.3991375 2.41180658 4.03799534
v 1.34844398 2.38899803 4.0061264
v -0.711374283 2.27929211 4.08618212
v -0.651288986 2.30884647 4.08558273
v 0.72315979 4.67961645 4.07376862
v 1.57176971 3.44157839 4.01507044
v 1.3991375 2.41180658 4.03799534
v 2.0694313 3.70213032 3.9675386
v 1.82342339 3.16818571 4.03540182
v 1.89601517 3.43958759 3.97752881
v -0.651288986 2.30884695 4.46698761
v -0.711374283 2.27929211 4.08618212
v -0.711374283 2.27929211 4.46758699
v -0.651288986 2.30884647 4.08558273
v 1.34844398 2.38899851 4.38753128
v 1.3991375 2.41180658 4.03799534
v 1.3991375 2.41180706 4.41940022
v 1.34844398 2.38899803 4.0061264
v 1.82342339 3.16818523 4.41680717
v 1.3991375 2.41180706 4.41940022
v 1.3991375 2.41180658 4.03799534
v 1.82342339 3.16818571 4.03540182
v 1.57176971 3.44157887 4.39647579
v 1.57176971 3.44157839 4.01507044
v 1.89601517 3.43958759 4.35893345
v 1.89601517 3.43958759 3.97752881
v 1.34844398 2.38899851 4.38753128
v -0.711374283 2.27929211 4.46758699
v -0.711374283 2.27929211 4.08618212
v 1.34844398 2.38899803 4.0061264
v 1.89601517 3.43958759 4.35893345
v 1.89601517 3.43958759 3.97752881
v 2.0694313 3.70212984 4.34894371
v 2.0694313 3.70213032 3.9675386
v 0.72315979 4.67961645 4.45517349
v -0.651288986 2.30884647 4.08558273
v -0.651288986 2.30884695 4.46698761
v 0.72315979 4.67961645 4.07376862
v 1.82342339 3.16818523 4.41680717
v 1.82342339 3.16818571 4.03540182
v 1.57176971 3.44157887 4.39647579
v 1.57176971 3.44157839 4.01507044
vt 0.559048116 0.0979027152
vt 0.58117646 0.0904468298
vt 0.560606599 0.100000024
vt 0.580220401 0.0880836248
vt 0.0581687354 0.322352886
vt 0.0581687354 0.194954336
vt 0.0608962066 0.195653558
vt 0.06117649 0.322294712
vt 0.430247307 0.709435403
vt 0.456886292 0.821054816
vt 0.439279199 0.835294068
vt 0.450354576 0.699720025
vt 0.618534207 0.811489105
vt 0.633203566 0.715903938
vt 0.63539654 0.825463235
vt 0.618534207 0.703110754
vt 0.451233596 0.698812664
vt 0.456886292 0.821054816
vt 0.450354576 0.699720025
vt 0.514841914 0.722502649
vt 0.507240117 0.835294068
vt 0.516470551 0.725534976
vt 0.559048116 0.00720149279
vt 0.580220401 0.0880836248
vt 0.559048116 0.0979027152
vt 0.576319337 8.18371773e-05
vt 0.701176465 0.688952029
vt 0.635474205 0.716260672
vt 0.635490716 0.71340239
vt 0.637519002 0.825882316
vt 0.683685005 0.814109445
vt 0.635474205 0.716260672
vt 0.637519002 0.825882316
vt 0.63539654 0.825463235
vt 0.633203566 0.715903938
vt 0.635490716 0.71340239
vt 0.618534207 0.703110754
vt 0.620294213 0.700147927
vt 0.633203566 0.715903938
vt 0.635474205 0.716260672
vt 0.900659144 0.188753366
vt 0.883892715 0.185510576
vt 0.901176512 0.185608566
vt 0.884997487 0.182500005
vt 0.878823519 0.890289724
vt 0.852525771 0.766269505
vt 0.855773568 0.76554054
vt 0.875917852 0.89176476
vt 0.784036219 0.265236378
vt 0.800000012 0.152187586
vt 0.800000012 0.278823495
vt 0.786085606 0.141182363
vt 0.694647908 0.302617908
vt 0.710588336 0.401880383
vt 0.694507599 0.413849533
vt 0.708510637 0.29153192
vt 0.76125294 0.901176512
vt 0.760575712 0.782151043
vt 0.76352942 0.898643255
vt 0.692710996 0.777185321
vt 0.672207892 0.901176512
vt 0.669433773 0.899296522
vt 0.900659144 0.188753366
vt 0.901176512 0.275294065
vt 0.884410083 0.272051334
vt 0.883892715 0.185510576
vt 0.875917852 0.89176476
vt 0.788110077 0.889062524
vt 0.790352583 0.771849751
vt 0.852525771 0.766269505
vt 0.788997829 0.89176476
vt 0.694647908 0.302617908
vt 0.694507599 0.413849533
vt 0.693021059 0.414117575
vt 0.708510637 0.29153192
vt 0.693252265 0.299958706
vt 0.707607448 0.28847146
vt 0.694647908 0.302617908
vt 0.693021059 0.302803695
vt 0.777961791 0.489997864
vt 0.799828768 0.375645757
vt 0.800151646 0.494556367
vt 0.788599968 0.3599509
vt 0.23456569 0.901393056
vt 0.216311976 0.902452111
vt 0.216068625 0.900021195
vt 0.235294119 0.900010347
vt 0.802352846 0.37395519
vt 0.788599968 0.3599509
vt 0.790627837 0.357564688
vt 0.799828768 0.375645757
vt 0.0363863818 0.830333412
vt 0.000404703431 0.722227275
vt 0.0482352562 0.711117566
vt 0.000404703431 0.842352927
vt 0.0474363826 0.708867371
vt 0.234322339 0.954235017
vt 0.216311976 0.902452111
vt 0.23456569 0.901393056
vt 0.216068625 0.955294073
vt 0.739678323 0.612225652
vt 0.750637293 0.485285938
vt 0.788235307 0.506186783
vt 0.73852551 0.609333098
vt 0.785918415 0.632941186
vt 0.788235307 0.631564319
vt 0.802352846 0.37395519
vt 0.802352905 0.495294094
vt 0.800151646 0.494556367
vt 0.799828768 0.375645757
vt 0.775327384 0.650132239
vt 0.795294106 0.768434703
vt 0.775327384 0.774117649
vt 0.787345588 0.633443356
vt 0.805840075 0.293589056
vt 0.825882375 0.411764622
vt 0.804174542 0.411759377
vt 0.817836106 0.280380785
vt 0.367051661 0.896149337
vt 0.35018158 0.89621973
vt 0.367058873 0.893042207
vt 0.349293232 0.894348443
vt 0.817836106 0.280380785
vt 0.804174542 0.291483641
vt 0.816694021 0.27768898
vt 0.805840075 0.293589056
vt 0.0554538965 0.837506175
vt 0.101629689 0.710201263
vt 0.11647059 0.835012853
vt 0.0551871508 0.70854646
vt 0.115486547 0.83764708
vt 0.349293232 0.952941179
vt 0.367051661 0.896149337
vt 0.366163254 0.952870786
vt 0.35018158 0.89621973
vt 0.204705834 0.663296759
vt 0.202592343 0.807058811
vt 0.153697401 0.66606611
vt 0.141952604 0.806916535
vt 0.204705834 0.804864228
vt 0.139496535 0.80463779
vt 0.0536326319 0.835789502
vt 0.0536326207 0.709386528
vt 0.0554538965 0.837506175
vt 0.0551871508 0.70854646
vt 0.780970216 0.139495671
vt 0.795024693 0.0140649676
vt 0.802352905 0.139999986
vt 0.780970216 0.000466763973
vt 0.52545464 0.830343723
vt 0.519086242 0.707877994
vt 0.565550506 0.814477801
vt 0.578823507 0.720097601
vt 0.578823507 0.839999974
vt 0.558322489 0.834208012
vt 0.567406952 0.834828138
vt 0.519086242 0.707877994
vt 0.52545464 0.830343723
vt 0.52316767 0.828446805
vt 0.517171443 0.70536232
vt 0.796699822 0.642086327
vt 0.811764657 0.762868583
vt 0.796699822 0.770588279
vt 0.811764657 0.634366691
vt 0.219485 0.662945807
vt 0.208255053 0.799942911
vt 0.217229247 0.665035427
vt 0.206419632 0.802352905
vt 0.208255053 0.799942911
vt 0.252690673 0.687126219
vt 0.26705882 0.791642427
vt 0.265146196 0.662945807
vt 0.253988177 0.667273045
vt 0.219485 0.662945807
vt 0.245089397 0.666653752
vt 0.14054808 0.689411759
vt 0.14054808 0.6724841
vt 0.14352937 0.671894073
vt 0.14352937 0.688821673
vt 0.637268245 0.580653608
vt 0.624083757 0.584705889
vt 0.624153316 0.581924081
vt 0.637198687 0.583435416
vt 0.230355561 0.463529408
vt 0.230355561 0.428297043
vt 0.242339924 0.461133182
vt 0.249411792 0.430090904
vt 0.855350018 0.149523795
vt 0.872941256 0.168057084
vt 0.855350018 0.169411778
vt 0.872941256 0.1481691
vt 0.624153316 0.581924081
vt 0.624083757 0.443737984
vt 0.637268245 0.580653608
vt 0.639999986 0.451351166
vt 0.848359644 0.597079754
vt 0.861176491 0.578506529
vt 0.861176491 0.597647011
vt 0.848359644 0.577939212
vt 0.926798165 0.235294104
vt 0.94588232 0.168714345
vt 0.94588232 0.234777927
vt 0.926798165 0.169230521
vt 0.374117613 0.81838268
vt 0.358358204 0.842352867
vt 0.358358204 0.824562252
vt 0.374117613 0.836173296
vt 0.691595972 0.00880581141
vt 0.632268608 0.107001126
vt 0.610308528 0.000636816025
vt 0.615558207 0.133282304
vt 0.6302495 0.131556869
vt 0.691730678 0.15529412
vt 0.64265579 0.134777486
vt 0.691730678 0.15529412
vt 0.691595972 0.00880581141
vt 0.694117665 0.153373837
vt 0.694117665 0.00681197643
vt 0.818823516 0.145669401
vt 0.818823576 0.276470602
vt 0.802779198 0.271968067
vt 0.802779198 0.141166806
vt 0.344067037 0.672856629
vt 0.494117647 0.672858536
vt 0.49215433 0.675294161
vt 0.342041969 0.675294161
vt 0.494117647 0.672858536
vt 0.344067037 0.672856629
vt 0.443155199 0.614694774
vt 0.336984873 0.592516661
vt 0.469663739 0.598523736
vt 0.470814466 0.625118196
vt 0.467744291 0.612977564
vt 0.00470584491 0.630588233
vt 0.00229637069 0.613892436
vt 0.00470590778 0.613924146
vt 0.00229637069 0.630556583
vt 0.782180607 0.24352181
vt 0.770578563 0.240958691
vt 0.78303057 0.240882516
vt 0.769728601 0.243597984
vt 0.941346884 0.625882328
vt 0.952941179 0.568573177
vt 0.952941179 0.621949911
vt 0.936735868 0.573679745
vt 0.786196709 0.298498869
vt 0.802352905 0.318230987
vt 0.786196709 0.322353005
vt 0.802352905 0.29437685
vt 0.769728601 0.385882318
vt 0.769728601 0.243597984
vt 0.782180607 0.24352181
vt 0.785882354 0.381750941
vt 0.802352905 0.343529463
vt 0.789157152 0.32407999
vt 0.802352905 0.326538563
vt 0.789157152 0.341070771
vt 0.92235291 0.251764715
vt 0.90560317 0.168152571
vt 0.92235291 0.170647681
vt 0.90560323 0.249269545
vt 0.52705878 0.600000024
vt 0.511181295 0.568921328
vt 0.52705878 0.573981047
vt 0.511181295 0.594940305
vt 0.722450733 0.905429244
vt 0.757647097 0.950588167
vt 0.71886307 0.950588167
vt 0.755122602 0.905429244
vt 0.635391772 0.931311607
vt 0.670588195 0.97647059
vt 0.631804168 0.97647059
vt 0.6680637 0.931311607
vt 0.948333144 0.886605799
vt 0.983529389 0.931764722
vt 0.944745421 0.931764722
vt 0.981004953 0.886605859
vt 0.717744827 0.952488184
vt 0.752941191 0.997647047
vt 0.714157224 0.997647047
vt 0.750416696 0.952488184
vt 0.420238376 0.983529449
vt 0.468235254 0.93553251
vt 0.468235284 0.983529449
vt 0.420238376 0.93553251
vt 0.291331828 0.640000045
vt 0.331764668 0.599567175
vt 0.331764668 0.640000045
vt 0.291331828 0.599567175
vt 0.964803636 0.677194059
vt 1 0.722352922
vt 0.961215973 0.722352922
vt 0.997475445 0.677194059
vt 0.96009773 0.566605806
vt 0.995294094 0.611764669
vt 0.956510067 0.611764669
vt 0.992769599 0.566605806
vt 0.945980191 0.938370407
vt 0.981176555 0.983529329
vt 0.942392528 0.983529329
vt 0.978652 0.938370407
vt 0.950686038 0.194841027
vt 0.985882401 0.24000001
vt 0.947098374 0.24000001
vt 0.983357847 0.194841027
vt 0.197646976 0.962353051
vt 0.149650097 0.914356112
vt 0.197647035 0.914356112
vt 0.149650097 0.962353051
vt 0.376470596 0.562352955
vt 0.336037755 0.521920085
vt 0.376470596 0.521920085
vt 0.336037755 0.562352955
vt 0.983529449 0.833864927
vt 0.938361466 0.789650142
vt 0.983529449 0.793432176
vt 0.938361526 0.83764708
vt 0.521890938 0.941667378
vt 0.567058861 0.985882282
vt 0.521890938 0.982100248
vt 0.567058861 0.937885344
vt 0.940714419 0.840491056
vt 0.985882342 0.884705961
vt 0.940714359 0.880923927
vt 0.985882342 0.836709023
vt 0.988235295 0.513864994
vt 0.943067431 0.469650149
vt 0.988235295 0.473432243
vt 0.943067431 0.517647088
vt 0.628235281 0.97647059
vt 0.580238342 0.928473651
vt 0.628235281 0.928473651
vt 0.580238342 0.97647059
vt 0.169411808 0.357214212
vt 0.128979012 0.397647083
vt 0.128979012 0.357214272
vt 0.169411808 0.397647023
vt 0.517647028 0.977394342
vt 0.472479075 0.933179498
vt 0.517647028 0.936961532
vt 0.472479075 0.981176436
vt 0.943067431 0.520491004
vt 0.988235295 0.564705849
vt 0.943067431 0.560923874
vt 0.988235295 0.51670897
vt 0.00659669749 0.939314604
vt 0.0517646708 0.983529449
vt 0.00659669749 0.979747415
vt 0.0517646708 0.93553251
vt 0.945420265 0.398138046
vt 0.990588248 0.442352951
vt 0.945420265 0.438570976
vt 0.990588248 0.394356072
vt 0.416470528 0.96941179
vt 0.368473649 0.96941179
vt 0.416470587 0.921414852
vt 0.368473649 0.921414852
vt 0.451764643 0.305449486
vt 0.411331862 0.345882356
vt 0.411331862 0.305449486
vt 0.451764733 0.345882356
vt 0.423730254 0.494702101
vt 0.484479517 0.60246253
vt 0.396086216 0.533501387
vt 0.512123525 0.563663244
vt 0.510404587 0.228716433
vt 0.602464378 0.456385851
vt 0.480693758 0.265617371
vt 0.558034003 0.474404812
vt 0.243005827 0.0850958824
vt 0.336271524 0.207181573
vt 0.220098794 0.113552809
vt 0.359178603 0.178724647
vt 0.394245505 0.135098636
vt 0.510404587 0.228716433
vt 0.364534706 0.171999633
vt 0.480693758 0.265617371
vt 0.943529427 0.909330964
vt 0.902779281 0.959999979
vt 0.898335636 0.909330964
vt 0.94036901 0.959788442
vt 0.00370311993 0.117163181
vt 0.207007691 0.164705873
vt 0.000349506707 0.164705873
vt 0.210588202 0.113946319
vt 0.317004353 0.276659846
vt 0.492927372 0.414322972
vt 0.284119427 0.311062574
vt 0.457817376 0.45105356
vt 0.000881109503 0.043810606
vt 0.220098794 0.113552809
vt 4.06367207e-09 0.0820782185
vt 0.243005827 0.0850958824
vt 0.229520634 0.896170259
vt 0.255756587 0.802376986
vt 0.261176467 0.903529406
vt 0.229520634 0.797948837
vt 0.526292741 0.109337628
vt 0.55764699 0.104785025
vt 0.531186044 0.112776279
vt 0.529191971 0.00652325153
vt 0.555333257 0.000415921211
vt 0.894117653 0.69594574
vt 0.894117653 0.805313647
vt 0.870340347 0.695944965
vt 0.870340347 0.810587704
vt 0.887738168 0.810588241
vt 0.268006027 0.783064008
vt 0.291764706 0.894107103
vt 0.268006027 0.894117653
vt 0.291764706 0.783053517
vt 0.825674951 0.336066306
vt 0.847058833 0.338669181
vt 0.847058833 0.36470592
vt 0.825674951 0.362103045
vt 0.526292741 0.116470575
vt 0.526292741 0.109337628
vt 0.531186044 0.112776279
vt 0.486646265 0.207058787
vt 0.502442837 0.173337579
vt 0.508235276 0.177635312
vt 0.508235276 0.204225779
vt 0.486646324 0.175410509
vt 0.364217222 0.0611764789
vt 0.390588224 0.0469787121
vt 0.388866782 0.0502612591
vt 0.361540288 0.0598375201
vt 0.156256482 0.533516228
vt 0.167442352 0.511562526
vt 0.159271732 0.534539223
vt 0.15623109 0.536470592
vt 0.170588255 0.512329042
vt 0.361540288 0.0598375201
vt 0.385678858 0.030798316
vt 0.390588224 0.0469787121
vt 0.35663107 0.0436571836
vt 0.396281332 0.021214962
vt 0.423504114 0.00580972433
vt 0.412266582 0.0284100175
vt 0.407672912 0.000405490398
vt 0.412266582 0.0284100175
vt 0.425882369 0.00846588612
vt 0.41491884 0.0323153734
vt 0.423504114 0.00580972433
vt 0.396281332 0.021214962
vt 0.407223314 0.0286967754
vt 0.395439833 0.0246742964
vt 0.412266582 0.0284100175
vt 0.422584891 0.15529418
vt 0.411536008 0.0330106616
vt 0.425882369 0.153656125
vt 0.41491884 0.0323153734
vt 0.412266582 0.0284100175
vt 0.390047729 0.265293121
vt 0.232468188 0.266593814
vt 0.375591993 0.242859662
vt 0.218056232 0.242859602
vt 0.357647091 0.8917647
vt 0.336442113 0.779273212
vt 0.354889393 0.77958113
vt 0.339199871 0.891456723
vt 0.886726737 0.579767048
vt 0.881999135 0.577025056
vt 0.887058854 0.577303588
vt 0.868543327 0.694117725
vt 0.868255675 0.577025056
vt 0.887007654 0.694117725
vt 0.357647091 0.77872622
vt 0.354889393 0.77958113
vt 0.354946434 0.777118325
vt 0.385678858 0.030798316
vt 0.35663107 0.0436571836
vt 0.382544816 0.0294250846
vt 0.357895255 0.0403402448
vt 0.33389172 0.77832967
vt 0.336499184 0.776810408
vt 0.336442113 0.779273212
vt 0.15623109 0.536470592
vt 0.000905135821 0.533516526
vt 0.156256482 0.533516228
vt 0.000138362433 0.536470592
vt 0.232468188 0.266593814
vt 0.390047729 0.265293121
vt 0.232899278 0.269411802
vt 0.390588284 0.268110275
vt 0.336499184 0.776810408
vt 0.354889393 0.77958113
vt 0.336442113 0.779273212
vt 0.354946434 0.777118325
vt 0.235347927 0.0294250846
vt 0.35663107 0.0436571836
vt 0.233998641 0.0327343941
vt 0.357895255 0.0403402448
vt 0.156256482 0.533516228
vt 0.0162190367 0.510290027
vt 0.167442352 0.511562526
vt 0.000905135821 0.533516526
vt 0.0103803631 0.415785432
vt 0.199931785 0.423699617
vt 0.0104485769 0.417968154
vt 0.200000003 0.425882339
vt 0.607058823 0.832941175
vt 0.582832575 0.706143081
vt 0.59524858 0.706571519
vt 0.582832634 0.832105219
vt 0.864794195 0.624239087
vt 0.86823535 0.750588238
vt 0.853082418 0.6242221
vt 0.845383346 0.750555098
vt 0.829599977 0.0794479847
vt 0.851764679 0.205881774
vt 0.823087275 0.20588237
vt 0.843892276 0.0794477463
vt 0.005959203 0.193686843
vt 0.00308383396 0.383529425
vt 0.00348941516 0.193686485
vt 0.000613795011 0.383529067
vt 0.0104153473 0.403360248
vt 0.200000003 0.399457574
vt 0.0103803631 0.415785432
vt 0.199931785 0.423699617
vt 0.000177171838 0.189414024
vt 0.189821497 0.191764653
vt 0.000138786243 0.191764653
vt 0.189859897 0.189414978
vt 0.841187596 0.207761645
vt 0.825149536 0.334069788
vt 0.826750457 0.207737803
vt 0.854117692 0.334117532
vt 0.0688622817 0.210573494
vt 0.0929412246 0.399999976
vt 0.0639716089 0.399952173
vt 0.0833011344 0.210597336
vt 0.190588236 0.166573167
vt 0.000177171838 0.189414024
vt 0.00055046397 0.17770648
vt 0.189859897 0.189414978
vt 0.0688622817 0.210573494
vt 0.0615164898 0.399999976
vt 0.0664070994 0.210621357
vt 0.0639716089 0.399952173
vt 0.826750457 0.207737803
vt 0.825149536 0.334069788
vt 0.824297786 0.207785606
vt 0.822696924 0.334117532
vt 0.853082418 0.6242221
vt 0.845383346 0.750555098
vt 0.850728691 0.62425518
vt 0.843029618 0.750588238
vt 0.829599977 0.0794479847
vt 0.820612311 0.205882072
vt 0.827124953 0.0794477463
vt 0.823087275 0.20588237
vt 0.582832575 0.706143081
vt 0.580649912 0.832104504
vt 0.580649912 0.706142306
vt 0.582832634 0.832105219
vt 0.0202533528 0.193686843
vt 0.00308383396 0.383529425
vt 0.005959203 0.193686843
vt 0.0317646749 0.383529425
vt 0.257645786 0.291594267
vt 0.132439464 0.252162278
vt 0.160220534 0.213568747
vt 0.229864746 0.330187798
vt 0.335336953 0.425740957
vt 0.423730254 0.494702101
vt 0.396086216 0.533501387
vt 0.307692915 0.464540243
vt 0.248375639 0.078381896
vt 0.0280531589 0.0472696424
vt 0.0361899249 0
vt 0.278086454 0.0414808989
vt 0.452444285 0.300810337
vt 0.336271524 0.207181573
vt 0.359178603 0.178724647
vt 0.475351334 0.272353411
vt 0.248375639 0.078381896
vt 0.394245505 0.135098636
vt 0.364534706 0.171999633
vt 0.278086454 0.0414808989
vt 0.672546208 0.906986952
vt 0.720000029 0.906986952
vt 0.715213954 0.957647085
vt 0.67689383 0.957481503
vt 0.167127609 0.285615623
vt 0.335336953 0.425740957
vt 0.307692915 0.464540243
vt 0.137613088 0.327040195
vt 0.545795679 0.523333311
vt 0.327290028 0.408213377
vt 0.355071068 0.369619846
vt 0.516134918 0.564538181
vt 0.567222297 0.500250161
vt 0.452444285 0.300810337
vt 0.475351334 0.272353411
vt 0.530043304 0.509263694
vt 0.848771095 0.00745993853
vt 0.879999995 0.110573649
vt 0.848771095 0.121176481
vt 0.874742687 0.000544369221
vt 0.850994766 0.291551709
vt 0.879348874 0.188093543
vt 0.882352948 0.296170354
vt 0.853202045 0.181812525
vt 0.877463162 0.299811721
vt 0.330588222 0.894116521
vt 0.306820512 0.888842642
vt 0.330588222 0.779461622
vt 0.313197523 0.894117653
vt 0.306820571 0.779463291
vt 0.896470606 0.304233909
vt 0.872700095 0.415292621
vt 0.872700095 0.304232419
vt 0.896470606 0.415294111
vt 0.103529409 0.841951609
vt 0.0798293352 0.86823535
vt 0.0798293352 0.842510283
vt 0.103529409 0.867676735
vt 0.882352948 0.302352965
vt 0.877463162 0.299811721
vt 0.882352948 0.296170354
vt 0.501176417 0.468235254
vt 0.484232485 0.43555367
vt 0.501176417 0.436733842
vt 0.478019416 0.440155208
vt 0.478019416 0.466622293
vt 0.671939492 0.272732019
vt 0.664813519 0.303474188
vt 0.662801445 0.300951362
vt 0.668850303 0.274863362
vt 0.470863998 0.176183522
vt 0.494047225 0.1669842
vt 0.494431049 0.169516921
vt 0.470976859 0.178823531
vt 0.496470541 0.166520476
vt 0.689733624 0.275615096
vt 0.664813519 0.303474188
vt 0.671939492 0.272732019
vt 0.682607651 0.306357145
vt 0.847058833 0.392941177
vt 0.828212202 0.369192123
vt 0.847058833 0.367780089
vt 0.828650534 0.39272964
vt 0.497739315 0.166511297
vt 0.52122283 0.175486922
vt 0.521683276 0.177647054
vt 0.498102248 0.161916435
vt 0.828212202 0.369192123
vt 0.842017472 0.365817904
vt 0.847058833 0.367780089
vt 0.828315854 0.365660548
vt 0.0317646749 0.19555366
vt 0.0288758874 0.303716898
vt 0.0288759507 0.193164349
vt 0.0317646749 0.305253983
vt 0.0293904971 0.308235288
vt 0.522198319 0.0144621134
vt 0.52122283 0.175486922
vt 0.498102248 0.161916435
vt 0.497739315 0.00100558996
vt 0.670866549 0.420646548
vt 0.682607651 0.306357145
vt 0.688660741 0.423529387
vt 0.664813519 0.303474188
vt 0.870588243 0.456145704
vt 0.852138698 0.458418608
vt 0.856855869 0.455760717
vt 0.870588243 0.575294137
vt 0.852138638 0.574776888
vt 0.8517344 0.455863416
vt 0.0478648506 0.759758949
vt 0.0494117178 0.762459219
vt 0.0469449721 0.762468398
vt 0.682607651 0.306357145
vt 0.689733624 0.275615096
vt 0.691764772 0.278575897
vt 0.685715854 0.304663897
vt 0.0478648804 0.78352946
vt 0.0469449721 0.78092736
vt 0.0494117513 0.780918241
vt 0.494047523 0.00177162886
vt 0.496470541 0.166520476
vt 0.494047225 0.1669842
vt 0.496470541 0.000519394875
vt 0.52122283 0.175486922
vt 0.522198319 0.0144621134
vt 0.524705887 0.0151339173
vt 0.523729622 0.176270604
vt 0.0494117513 0.780918241
vt 0.0469449721 0.762468398
vt 0.0494117178 0.762459219
vt 0.0469449721 0.78092736
vt 0.682607651 0.306357145
vt 0.691764772 0.421754837
vt 0.688660741 0.423529387
vt 0.685715854 0.304663897
vt 0.494047523 0.00177162886
vt 0.494047225 0.1669842
vt 0.469520181 0.0152046084
vt 0.470863998 0.176183522
vt 0.0581208691 0.383475065
vt 0.0476031564 0.193843901
vt 0.0494822189 0.193898261
vt 0.0599999949 0.383529425
vt 0.868710816 0.327900231
vt 0.84335345 0.454117656
vt 0.855715036 0.327999949
vt 0.868710756 0.453923106
vt 0.131404668 0.734743893
vt 0.116924837 0.861176491
vt 0.118372679 0.734743893
vt 0.142352909 0.861176491
vt 0.835978508 0.413746357
vt 0.816059887 0.539972961
vt 0.820387423 0.413746357
vt 0.847343087 0.539972961
vt 0.365855306 0.00212067366
vt 0.176056683 0.0054846406
vt 0.176083699 0.0034199357
vt 0.365882337 5.57303429e-05
vt 0.0476031564 0.193843901
vt 0.0327614173 0.383529425
vt 0.0346051827 0.193871737
vt 0.0581208691 0.383475065
vt 0.365855336 0.0334076285
vt 0.176083714 0.0229662657
vt 0.176056683 0.0210776329
vt 0.365882337 0.0352941155
vt 0.844799817 0.668179929
vt 0.826827407 0.541902661
vt 0.842143774 0.541875064
vt 0.814067721 0.668235302
vt 0.116123118 0.210656464
vt 0.0940638632 0.399999976
vt 0.100805014 0.210684121
vt 0.12479762 0.399944544
vt 0.0654227808 0.193393946
vt 0.255294144 0.218823552
vt 0.0654365122 0.206427813
vt 0.255267441 0.193393946
vt 0.116123118 0.210656464
vt 0.127058819 0.399999976
vt 0.12479762 0.399944544
vt 0.118384309 0.210711896
vt 0.844799817 0.668179929
vt 0.842143774 0.541875064
vt 0.84440279 0.541930437
vt 0.847058892 0.668235302
vt 0.814173281 0.540000081
vt 0.818500817 0.413773417
vt 0.820387423 0.413746357
vt 0.816059887 0.539972961
vt 0.835978508 0.413746357
vt 0.849411726 0.540000081
vt 0.847343087 0.539972961
vt 0.838047147 0.413773417
vt 0.870588243 0.453967214
vt 0.868710816 0.327900231
vt 0.870588243 0.327944398
vt 0.868710756 0.453923106
vt 0.176056683 0.0210776329
vt 0.365855306 0.00212067366
vt 0.365855336 0.0334076285
vt 0.176056683 0.0054846406
vt 0.355071068 0.369619846
vt 0.229864746 0.330187798
vt 0.257645786 0.291594267
vt 0.327290028 0.408213377
vt 0.292726368 0.499744654
vt 0.239337116 0.499743283
vt 0.266013384 0.498470187
vt 0.180609852 0.502856135
vt 0.179589227 0.501182616
vt 0.352941155 0.502856195
vt 0.35249877 0.501182556
vt 0.311550021 0.474504232
vt 0.250800431 0.487201214
vt 0.250828028 0.474352956
vt 0.222466588 0.47428143
vt 0.194262713 0.487201333
vt 0.194290265 0.474353075
vt 0.222438946 0.487129748
vt 0.311522454 0.48735249
vt 0.133956477 0.48735249
vt 0.133984029 0.474504232
vt 0.0895193815 0.493207932
vt 0.0613928288 0.506019771
vt 0.0613735095 0.493164897
vt 0.00115118315 0.505928934
vt 0.00113187707 0.493074059
vt 0.0895387232 0.506062865
vt 0.117882177 0.493164957
vt 0.117901489 0.506019831
vt 0.178625822 0.505928934
vt 0.178606495 0.493074059
vt 0.0635022223 0.439958811
vt 0.000161273085 0.427146673
vt 0.0635078624 0.427105427
vt 0.120126344 0.427105427
vt 0.0917944685 0.439922333
vt 0.0918001086 0.427068949
vt 0.183523908 0.439999938
vt 0.120120704 0.439958811
vt 0.183529481 0.427146673
vt 0.000155693691 0.439999938
vt 0.222340107 0.489187837
vt 0.194262713 0.487201333
vt 0.222438946 0.487129748
vt 0.133556351 0.489411771
vt 0.133956477 0.48735249
vt 0.31172803 0.489411771
vt 0.250800431 0.487201214
vt 0.311522454 0.48735249
vt 0.117882177 0.493164957
vt 0.0895193815 0.493207932
vt 0.0894061923 0.491120458
vt 0.000717863091 0.49098587
vt 0.0613735095 0.493164897
vt 0.00113187707 0.493074059
vt 0.178797796 0.49098587
vt 0.178606495 0.493074059
vt 0.266865492 0.509714425
vt 0.352941155 0.502856195
vt 0.351047426 0.515294015
vt 0.180609852 0.502856135
vt 0.182817012 0.515294075
vt 0.441708714 0.595294178
vt 0.36257109 0.589711428
vt 0.443529397 0.582849503
vt 0.281501234 0.582849562
vt 0.283536285 0.595294178
vt 0.091790162 0.454111695
vt 0.120127484 0.441255927
vt 0.120126575 0.454114556
vt 0.000235850734 0.441259086
vt 0.0635312051 0.454114497
vt 0.000234957872 0.454117656
vt 0.0917910039 0.441253066
vt 0.063532114 0.441255927
vt 0.183528498 0.454117656
vt 0.183529407 0.441259086
vt 0.463765293 0.000520646572
vt 0.463765293 0.181774497
vt 0.456902146 0.0911514163
vt 0.451318502 0.00267755985
vt 0.451318562 0.17961812
vt 0.09206146 0.461676598
vt 0.00170077803 0.468536675
vt 0.00390627002 0.456095338
vt 0.18235293 0.468536675
vt 0.180259541 0.456095338
vt 0.222376809 0.47208178
vt 0.311764717 0.472305655
vt 0.250828028 0.474352956
vt 0.311550021 0.474504232
vt 0.194290265 0.474353075
vt 0.222466588 0.47428143
vt 0.133593097 0.472305715
vt 0.133984029 0.474504232
vt 0.00115118315 0.505928934
vt 0.0613928288 0.506019771
vt 0.000743604091 0.508100808
vt 0.0894319117 0.508235335
vt 0.117901489 0.506019831
vt 0.0895387232 0.506062865
vt 0.178823531 0.508100748
vt 0.178625822 0.505928934
vt 0.3865951 0.579694033
vt 0.336397916 0.579695404
vt 0.361487776 0.578420341
vt 0.281501234 0.582849562
vt 0.280228466 0.58113414
vt 0.443529397 0.582849503
vt 0.442800373 0.58113414
vt 0.463765293 0.000520646572
vt 0.466959983 0.119504809
vt 0.463765293 0.181774497
vt 0.465520978 0.000490903854
vt 0.466961354 0.0633513927
vt 0.465521038 0.18235296
vt 0.468235284 0.0914255977
vt 0.063711375 0.471667826
vt 0.119678415 0.471666455
vt 0.0916866958 0.47294116
vt 0.18235293 0.468536675
vt 0.00170077803 0.468536675
vt 0.00106597994 0.470228076
vt 0.182324439 0.470228076
vt 0.400469154 0.13882333
vt 0.409411758 0.0300896168
vt 0.409411758 0.138823509
vt 0.400469154 0.030089438
vt 0.593485236 0.401176453
vt 0.593485236 0.240001738
vt 0.602352917 0.239968717
vt 0.602352917 0.401143432
vt 0.10985861 0.607058346
vt 0.00111191079 0.607058764
vt 0.00111250347 0.53865695
vt 0.162352934 0.53865695
vt 0.835294068 0.00218641758
vt 0.826375246 0.0705882311
vt 0.826375246 0.00218641758
vt 0.835294068 0.0705882311
vt 0.223529413 0.816303968
vt 0.214586824 0.884705901
vt 0.214586854 0.816304088
vt 0.223529413 0.884705842
vt 0.959999979 0.646892309
vt 0.918744624 0.714020193
vt 0.918744624 0.645618379
vt 0.959999979 0.715294123
vt 0.920444429 0.256305099
vt 0.962352931 0.321530819
vt 0.920429111 0.324705839
vt 0.962352931 0.255038321
vt 0.517892659 0.225227714
vt 0.522352934 0.183957636
vt 0.522352934 0.225882351
vt 0.517892659 0.183957696
vt 0.759999931 0.213951111
vt 0.757089138 0.280435741
vt 0.755539656 0.213951111
vt 0.759999931 0.282352924
vt 0.579907298 0.270896673
vt 0.58117646 0.312152147
vt 0.576773167 0.270936966
vt 0.576773167 0.312941194
vt 0.275294095 0.708068728
vt 0.275294095 0.776470542
vt 0.270798028 0.708068728
vt 0.270798028 0.776470542
vt 0.543364406 0.130078673
vt 0.611764669 0.238823533
vt 0.543363988 0.238820374
vt 0.611764669 0.0775904655
vt 0.619223237 0.603859127
vt 0.68588233 0.687058866
vt 0.617481053 0.686958015
vt 0.68588233 0.537162423
vt 0.768365204 0.962352931
vt 0.766268551 0.912644207
vt 0.769020498 0.912132263
vt 0.766048729 0.96046102
vt 0.335572481 0.896077812
vt 0.338823527 0.917788327
vt 0.33614853 0.917351842
vt 0.338285208 0.897271156
vt 0.182721764 0.220939398
vt 0.34582746 0.219092071
vt 0.198427513 0.241176486
vt 0.357647061 0.241176426
vt 0.338823527 0.917788327
vt 0.337248772 0.968667626
vt 0.33428213 0.969167113
vt 0.33614853 0.917351842
vt 0.762471318 0.779626131
vt 0.781615853 0.862921774
vt 0.763662875 0.86823535
vt 0.783529401 0.774171233
vt 0.169445962 0.517305613
vt 0.332941175 0.516633093
vt 0.169280827 0.577503383
vt 0.332941175 0.578823566
vt 0.894117653 0.499031305
vt 0.872357607 0.425826132
vt 0.891166568 0.416762114
vt 0.872357607 0.510588229
vt 0.428235263 0.677982152
vt 0.428235263 0.814912081
vt 0.375 0.679890811
vt 0.363031477 0.816470563
vt 0.766268551 0.912644207
vt 0.766151369 0.89389962
vt 0.768918991 0.893148184
vt 0.769020498 0.912132263
vt 0.901636243 0.0100659728
vt 0.880055964 0.0839612484
vt 0.882754564 0.00110596418
vt 0.901784599 0.0931581259
vt 0.762352943 3.68356705e-05
vt 0.756297112 0.142484605
vt 0.696248531 3.68356705e-05
vt 0.699070334 0.148235261
vt 0.910102069 0.0125433803
vt 0.91016525 0.07764709
vt 0.908680379 0.0156950951
vt 0.966663599 0.0694102645
vt 0.967058778 3.8921833e-05
vt 0.908680379 0.0751469135
vt 0.781615853 0.862921774
vt 0.783529401 0.774171233
vt 0.783529401 0.862647176
vt 0.275294065 0.661176383
vt 0.117401801 0.660644174
vt 0.117255151 0.600121856
vt 0.275294065 0.598638058
vt 0.427343816 0.159555972
vt 0.427343816 0.000559687614
vt 0.44941178 0.0124100447
vt 0.447555691 0.175294101
vt 0.275328279 0.597646952
vt 0.130611017 0.583171368
vt 0.280000001 0.585769117
vt 0.119234055 0.597647011
vt 0.811697185 0.912270486
vt 0.814787209 0.912844181
vt 0.81309557 0.914718688
vt 0.813623607 0.894011199
vt 0.816683829 0.894723952
vt 0.463424146 0.614446163
vt 0.610650003 0.614446163
vt 0.475625366 0.628235281
vt 0.617647052 0.625347972
vt 0.60248524 0.442352951
vt 0.65981406 0.294247866
vt 0.668235302 0.442352951
vt 0.605647385 0.286043167
vt 0.768918991 0.893148184
vt 0.813623607 0.894011199
vt 0.811697185 0.912270486
vt 0.769020498 0.912132263
vt 0.640000045 0.131324053
vt 0.639999926 0.278596163
vt 0.614822745 0.146636784
vt 0.625408232 0.283529401
vt 0.761998355 0.630055308
vt 0.709031165 0.776470542
vt 0.709031165 0.628733218
vt 0.774117649 0.774935424
vt 0.212464035 0.188235283
vt 0.228121519 0.123194218
vt 0.230588228 0.188235283
vt 0.212890118 0.123142958
vt 0.203288153 0.468235254
vt 0.203288272 0.405777931
vt 0.228235304 0.467511773
vt 0.228235304 0.40505445
vt 0.882613182 0.175860941
vt 0.903529406 0.0963067412
vt 0.900016427 0.183529437
vt 0.882613182 0.0904958844
vt 0.896470606 0.892877638
vt 0.883602679 0.946277618
vt 0.883729935 0.892024159
vt 0.896470606 0.950588226
vt 0.68773973 0.680870473
vt 0.71294117 0.552868009
vt 0.704316676 0.688235223
vt 0.68773973 0.537594914
vt 0.877293229 0.898806572
vt 0.827305555 0.898068547
vt 0.830159366 0.897141576
vt 0.874376237 0.897642672
vt 0.825404286 0.955294132
vt 0.827305555 0.898068547
vt 0.882352889 0.955294132
vt 0.877293229 0.898806572
vt 0.33614853 0.917351842
vt 0.276306778 0.917351842
vt 0.335572481 0.896077812
vt 0.275730729 0.896077812
vt 0.33428213 0.969167113
vt 0.275160134 0.919647515
vt 0.33614853 0.917351842
vt 0.268679798 0.969411731
vt 0.276306778 0.917351842
vt 0.81309557 0.914718688
vt 0.769020498 0.912132263
vt 0.811697185 0.912270486
vt 0.768365204 0.962352931
vt 0.823529363 0.962352931
vt 0.903529465 0.0109130144
vt 0.903529465 0.0941176414
vt 0.901784599 0.0931581259
vt 0.901636243 0.0100659728
vt 0.582560599 0.240104675
vt 0.56284225 0.2901811
vt 0.554814637 0.288490295
vt 0.590588212 0.24179548
vt 0.53234458 0.179709315
vt 0.545882285 0.275581121
vt 0.537295043 0.276470661
vt 0.523757279 0.180598736
vt 0.56284225 0.2901811
vt 0.582560599 0.398309231
vt 0.554814637 0.288490295
vt 0.590588212 0.400000036
vt 0.53234458 0.179709315
vt 0.537295043 0.112823606
vt 0.545882285 0.111934125
vt 0.523757279 0.180598736
vt 0.616470635 0.703529418
vt 0.533525467 0.636856854
vt 0.616277158 0.635129511
vt 0.467121452 0.703529418
vt 0.921647131 0.326892734
vt 0.959781706 0.392044127
vt 0.921647131 0.39529413
vt 0.959999979 0.325561941
vt 0.957647085 0.719835103
vt 0.918827891 0.786851168
vt 0.918827891 0.718450963
vt 0.957647085 0.788235247
vt 0.541176379 0.196509063
vt 0.537023485 0.168145895
vt 0.541169047 0.166526973
vt 0.537023485 0.197647095
vt 0.409411758 0.268971503
vt 0.404878944 0.330890179
vt 0.405410558 0.269753098
vt 0.409411758 0.331764698
vt 0.590241432 0.917647064
vt 0.57596463 0.892746329
vt 0.5802719 0.892985821
vt 0.595294118 0.91595453
vt 0.590986907 0.839030921
vt 0.5802719 0.892985821
vt 0.57596463 0.892746329
vt 0.595294118 0.839270413
vt 0.273295909 0.917740762
vt 0.276306778 0.917351842
vt 0.275160134 0.919647515
vt 0.275730729 0.896077812
vt 0.272756219 0.897206545
vt 0.535372436 0.541236043
vt 0.555294096 0.604916453
vt 0.539228916 0.611764669
vt 0.555294096 0.531305969
vt 0.571136534 0.473182678
vt 0.582692921 0.582260549
vt 0.559708536 0.600945652
vt 0.611333013 0.581767023
vt 0.582110882 0.592794955
vt 0.621176422 0.454217553
vt 0.577521503 0.594194591
vt 0.249000385 0.157956302
vt 0.232337207 0.162726283
vt 0.234268621 0.16007036
vt 0.247785404 0.155974984
vt 0.447678745 0.835916042
vt 0.448162645 0.930965602
vt 0.446193874 0.928500056
vt 0.445218414 0.836766362
vt 0.469634593 0.914906979
vt 0.477104604 0.931764722
vt 0.47444433 0.931728959
vt 0.501600444 0.931373954
vt 0.471151173 0.907404184
vt 0.504921615 0.835916042
vt 0.448162645 0.930965602
vt 0.447678745 0.835916042
vt 0.462932557 0.928941071
vt 0.600162446 0.730497837
vt 0.611079812 0.747580171
vt 0.601592302 0.745198369
vt 0.611060441 0.732558906
vt 0.717160702 0.543001115
vt 0.731764674 0.549660385
vt 0.72967732 0.55071187
vt 0.71560365 0.540223598
vt 0.501600444 0.931373954
vt 0.504921615 0.835916042
vt 0.507058799 0.8369205
vt 0.50400877 0.931660712
vt 0.0199755784 0.934006989
vt 0.0158276968 0.841149807
vt 0.0531423576 0.893413961
vt 0.0752941146 0.840093017
vt 0.0752941146 0.928140163
vt 0.0448945276 0.934117615
vt 0.0586940348 0.92887181
vt 0.897377908 0.816808343
vt 0.870927036 0.8121714
vt 0.893698573 0.812127709
vt 0.880252361 0.880563378
vt 0.936470568 0.812429547
vt 0.936470568 0.902352929
vt 0.898965895 0.812756121
vt 0.72967732 0.55071187
vt 0.711904943 0.618908107
vt 0.717160702 0.543001115
vt 0.731764674 0.628235221
vt 0.23275733 0.181176484
vt 0.249000385 0.157956302
vt 0.249411792 0.176100671
vt 0.232337207 0.162726283
vt 0.611079812 0.747580171
vt 0.611060441 0.732558906
vt 0.614117682 0.731713593
vt 0.614117682 0.748235285
vt 0.577521503 0.594194591
vt 0.590045094 0.596387804
vt 0.587373078 0.606190026
vt 0.582692921 0.582260549
vt 0.404646993 0.565163791
vt 0.41882354 0.55483371
vt 0.4187361 0.572778285
vt 0.40648219 0.553671777
vt 0.0158276968 0.841149807
vt 0.0199755784 0.934006989
vt 0.0173956323 0.93259567
vt 0.0126972487 0.839499533
vt 0.621176422 0.593877852
vt 0.591954589 0.604905665
vt 0.611333013 0.581767023
vt 0.582110882 0.592794955
vt 0.661176443 0.154679835
vt 0.654845119 0.285882354
vt 0.640918732 0.277751803
vt 0.640918732 0.134524047
vt 0.559708536 0.600945652
vt 0.577521503 0.594194591
vt 0.569559872 0.612941206
vt 0.587373078 0.606190026
vt 0.236975834 0.13833636
vt 0.247785404 0.155974984
vt 0.234268621 0.16007036
vt 0.249411792 0.14119494
vt 0.0448945276 0.934117615
vt 0.0531423576 0.893413961
vt 0.0530002564 0.906873465
vt 0.0470377915 0.932614625
vt 0.0530002564 0.906873465
vt 0.0586940348 0.92887181
vt 0.0560164414 0.927325726
vt 0.0531423576 0.893413961
vt 0.058375068 0.930169344
vt 0.778823495 0.0959491134
vt 0.778823495 0.232786417
vt 0.752761602 0.153765678
vt 0.766574383 0.242352962
vt 0.0586940348 0.92887181
vt 0.0752941146 0.928140163
vt 0.0731359944 0.929996371
vt 0.058375068 0.930169344
vt 0.609411716 0.713198483
vt 0.607412159 0.729411721
vt 0.600053012 0.722736955
vt 0.600053012 0.706094086
vt 0.40648219 0.553671777
vt 0.404646993 0.565163791
vt 0.40482837 0.546754658
vt 0.404677659 0.568845093
vt 0.4187361 0.572778285
vt 0.41882354 0.576470613
vt 0.919525266 0.560221016
vt 0.938823462 0.496442795
vt 0.938823462 0.566059768
vt 0.913041472 0.492046773
vt 0.396699816 0.057482481
vt 0.376846313 0.0627117157
vt 0.376749992 0.0590762496
vt 0.397647053 0.0547887683
vt 0.919525266 0.560221016
vt 0.938823462 0.566059768
vt 0.938821852 0.569411814
vt 0.918677807 0.563315213
vt 0.505164027 0.929104149
vt 0.574021995 0.931764781
vt 0.506491542 0.931764781
vt 0.561287284 0.836581767
vt 0.508654058 0.838422418
vt 0.396699816 0.057482481
vt 0.376749992 0.115294158
vt 0.376846313 0.0627117157
vt 0.396603435 0.110064924
vt 0.669411719 0.922255814
vt 0.608486593 0.829262793
vt 0.665883899 0.832700372
vt 0.596761167 0.922322094
vt 0.666719794 0.924705923
vt 0.599178433 0.924705923
vt 0.561287284 0.836581767
vt 0.576470613 0.929743171
vt 0.574021995 0.931764781
vt 0.563613653 0.837159097
vt 0.892255127 0.418889999
vt 0.917647123 0.486374974
vt 0.897200465 0.495294154
vt 0.917647123 0.40885371
vt 0.908235371 0.589411795
vt 0.883703947 0.505946815
vt 0.908235371 0.497924328
vt 0.889078557 0.582998633
vt 0.602123082 0.082377553
vt 0.582259953 0.090588212
vt 0.582094371 0.0873782039
vt 0.603038073 0.0794174671
vt 0.923663914 0.400069118
vt 0.943529427 0.400639057
vt 0.943283021 0.403802752
vt 0.924733877 0.397050321
vt 0.145758435 0.974117637
vt 0.0769411772 0.971445382
vt 0.132364169 0.891470611
vt 0.0782940984 0.974117637
vt 0.0797522515 0.893298924
vt 0.923910201 0.462148666
vt 0.923663914 0.400069118
vt 0.943529427 0.465882361
vt 0.943283021 0.403802752
vt 0.211764663 0.90578407
vt 0.149974123 0.808637202
vt 0.207402393 0.812092602
vt 0.139112964 0.905849755
vt 0.209074751 0.908235312
vt 0.141533285 0.908235312
vt 0.148235276 0.972108543
vt 0.132364169 0.891470611
vt 0.134741485 0.892070472
vt 0.145758435 0.974117637
vt 0.582094371 0.000464498997
vt 0.603038073 0.0794174671
vt 0.582094371 0.0873782039
vt 0.607058883 0.00671821833
vt 0.712071598 0.396470547
vt 0.712071598 0.298525751
vt 0.73647058 0.307880044
vt 0.731307089 0.388823986
vt 0.817610443 0.756134152
vt 0.83764708 0.761889577
vt 0.83747077 0.764705837
vt 0.816700995 0.753300786
vt 0.911862075 0.57342875
vt 0.931764722 0.57426852
vt 0.912095904 0.576292515
vt 0.93070519 0.571473718
vt 0.974117637 0.162041783
vt 0.918642282 0.0820925832
vt 0.9712708 0.0839297175
vt 0.905271053 0.164705873
vt 0.972777724 0.164705873
vt 0.911862075 0.642352998
vt 0.912095904 0.576292515
vt 0.931764722 0.57426852
vt 0.931531012 0.640329063
vt 0.444705874 0.912913144
vt 0.372099251 0.91284585
vt 0.434068114 0.815801859
vt 0.376594901 0.819211543
vt 0.374780834 0.915294051
vt 0.442277908 0.915294051
vt 0.918642282 0.0820925832
vt 0.902809262 0.162687898
vt 0.916291773 0.0826765299
vt 0.905271053 0.164705873
vt 0.83764708 0.669772029
vt 0.816700995 0.753300786
vt 0.812683046 0.676400244
vt 0.83764708 0.761889577
vt 0.145265147 0.706311047
vt 0.000451632688 0.708235264
vt 0.0335984267 0.636104405
vt 0.0849894881 0.616059065
vt 0.00828605983 0.62052232
vt 0.0391732678 0.617319763
vt 0.0248975512 0.621285677
vt 0.145265147 0.706311047
vt 0.0849894881 0.616059065
vt 0.0874009654 0.617684543
vt 0.148235291 0.708235204
vt 0.91529417 0.68231684
vt 0.895182908 0.767081141
vt 0.895182908 0.681162775
vt 0.91529417 0.768235207
vt 0.369411737 0.696596444
vt 0.279191107 0.636457324
vt 0.367821395 0.694262683
vt 0.277268201 0.633492529
vt 0.349402875 0.748037696
vt 0.365019649 0.773402691
vt 0.277268201 0.781176507
vt 0.279191107 0.636457324
vt 0.369411737 0.696596444
vt 0.368150711 0.742381632
vt 0.364247859 0.756784499
vt 0.791607797 0.500279665
vt 0.811750174 0.496892691
vt 0.811764657 0.50037837
vt 0.791593313 0.496793926
vt 0.821804047 0.0901654959
vt 0.803381562 0.093167901
vt 0.801656187 0.0903218985
vt 0.823529422 0.0930114388
vt 0.80304265 0.13529408
vt 0.803381562 0.093167901
vt 0.82319051 0.135137558
vt 0.823529422 0.0930114388
vt 0.400000006 0.538445294
vt 0.399419367 0.552068472
vt 0.379916996 0.540067196
vt 0.379336357 0.553690374
vt 0.801656187 0.0903218985
vt 0.803381562 0.000403821468
vt 0.821804047 0.0901654959
vt 0.823529422 0.000247359276
vt 0.399419367 0.552068472
vt 0.400000006 0.567789912
vt 0.379336357 0.553690374
vt 0.379916996 0.569411755
vt 0.811764657 0.50037837
vt 0.791593313 0.632842422
vt 0.791607797 0.500279665
vt 0.811750174 0.632941186
vt 0.850955367 0.124648273
vt 0.870588243 0.125738084
vt 0.850955367 0.144792557
vt 0.870588243 0.145882368
vt 0.67848599 0.200630307
vt 0.662940979 0.175260603
vt 0.750588357 0.167553186
vt 0.748663783 0.312325358
vt 0.658414304 0.252047181
vt 0.659674346 0.206245542
vt 0.663696349 0.191880703
vt 0.658414304 0.252047181
vt 0.748663783 0.312325358
vt 0.660071254 0.254405558
vt 0.750588357 0.315294147
vt 0.908235312 0.67873168
vt 0.888126791 0.591929615
vt 0.908235312 0.590661287
vt 0.888126791 0.680000067
vt 0.741607368 0.396392882
vt 0.651413083 0.45657897
vt 0.652987063 0.454217315
vt 0.743529379 0.393425822
vt 0.741607368 0.396392882
vt 0.743529379 0.541176438
vt 0.671402514 0.508016348
vt 0.651413083 0.45657897
vt 0.65577203 0.533365428
vt 0.65267396 0.50238502
vt 0.656547546 0.516746342
vt 0.76700896 0.320017338
vt 0.746904612 0.317046165
vt 0.767058849 0.316970408
vt 0.746854722 0.320093155
vt 0.261802882 0.952941179
vt 0.243385106 0.950266838
vt 0.26352939 0.950266838
vt 0.241658583 0.952941179
vt 0.263051927 0.905440152
vt 0.26352939 0.950266838
vt 0.243385106 0.950266838
vt 0.242907643 0.905440152
vt 0.11999999 0.709625363
vt 0.11999999 0.729782462
vt 0.106100135 0.711607575
vt 0.106100135 0.731764674
vt 0.897515118 0.361347675
vt 0.897515118 0.276755691
vt 0.917647064 0.277760923
vt 0.917647064 0.362352908
vt 0.915294051 0.772188008
vt 0.915294051 0.792332292
vt 0.898822069 0.772796869
vt 0.898822069 0.792941153
vt 0.767058849 0.464630008
vt 0.746854722 0.320093155
vt 0.76700896 0.320017338
vt 0.746904612 0.464705825
vt 0.136470571 0.863582015
vt 0.136470571 0.883730471
vt 0.117123745 0.864557445
vt 0.117123745 0.884705901
vn -0.654724658 0.355075836 -0.667275608
vn -0.654724658 0.355075836 -0.667275608
vn -0.654724658 0.355075836 -0.667275608
vn -0.654724658 0.355075836 -0.667275608
vn 0.675814807 -0.332684696 -0.657719791
vn 0.677085936 -0.284999192 -0.678476393
vn 0.668357849 -0.339953631 -0.66161114
vn 0.681529284 -0.292442173 -0.670817018
vn -0.469379961 0.771721482 0.429101765
vn -0.468599647 0.771567702 0.430229753
vn -0.468891382 0.771640599 0.429780781
vn -0.469999075 0.771778107 0.428321451
vn 0.555018723 -0.823527515 -0.117288381
vn 0.555018723 -0.823527515 -0.117288381
vn 0.555018723 -0.823527515 -0.117288381
vn 0.555018723 -0.823527515 -0.117288381
vn -0.64214921 -0.233492777 0.730154395
vn -0.64214921 -0.233492777 0.730154395
vn -0.64214921 -0.233492777 0.730154395
vn -0.64214921 -0.233492777 0.730154395
vn -0.64214921 -0.233492777 0.730154395
vn -0.64214921 -0.233492777 0.730154395
vn -0.264139175 -0.107138105 -0.958515525
vn -0.264139175 -0.107138105 -0.958515525
vn -0.264139175 -0.107138105 -0.958515525
vn -0.264139175 -0.107138105 -0.958515525
vn 0.67712307 0.214247748 -0.703990161
vn 0.67712307 0.214247748 -0.703990161
vn 0.67712307 0.214247748 -0.703990161
vn 0.67712307 0.214247748 -0.703990161
vn 0.67712307 0.214247748 -0.703990161
vn 0.384999275 0.635068417 -0.669674277
vn 0.384999275 0.635068417 -0.669674277
vn 0.384999275 0.635068417 -0.669674277
vn 0.384999275 0.635068417 -0.669674277
vn 0.236011177 -0.551510572 -0.800084233
vn 0.236011177 -0.551510572 -0.800084233
vn 0.236011177 -0.551510572 -0.800084233
vn 0.236011177 -0.551510572 -0.800084233
vn 0.236011177 -0.551510572 -0.800084233
vn -0.502052963 -0.457722217 -0.733780086
vn -0.502052963 -0.457722217 -0.733780086
vn -0.502052963 -0.457722217 -0.733780086
vn -0.502052963 -0.457722217 -0.733780086
vn 0.634314597 0.495535463 -0.593371332
vn 0.634314597 0.495535463 -0.593371332
vn 0.634314597 0.495535463 -0.593371332
vn 0.634314597 0.495535463 -0.593371332
vn -0.101344988 -0.987856865 0.117763281
vn -0.11603491 -0.988350272 0.0984866023
vn -0.115513466 -0.988288462 0.0997126848
vn -0.0972355604 -0.987504363 0.124017999
vn 0.643651724 0.590989351 -0.486255169
vn 0.643940628 0.590813577 -0.486086309
vn 0.645854592 0.589776397 -0.484804779
vn 0.642104566 0.591970325 -0.487106591
vn -0.629652739 0.244581401 0.737371922
vn -0.629652739 0.244581401 0.737371922
vn -0.629652739 0.244581401 0.737371922
vn -0.629652739 0.244581401 0.737371922
vn -0.629652739 0.244581401 0.737371922
vn -0.629652739 0.244581401 0.737371922
vn -0.357234418 0.0542753041 -0.932436407
vn -0.346260041 -0.00164414942 -0.938137114
vn -0.357356429 0.0603578389 -0.932015777
vn -0.352084577 0.0174227878 -0.935805976
vn 0.651081204 -0.246249214 -0.717951655
vn 0.651081204 -0.246249214 -0.717951655
vn 0.651081204 -0.246249214 -0.717951655
vn 0.651081204 -0.246249214 -0.717951655
vn 0.651081204 -0.246249214 -0.717951655
vn 0.418181479 -0.809194386 -0.412709057
vn 0.194681212 -0.936484993 -0.291711152
vn 0.275360018 -0.901894808 -0.332810432
vn 0.630059481 0.620209455 -0.467295557
vn 0.626142025 0.625888824 -0.464983046
vn 0.604605317 0.658152223 -0.448651373
vn 0.621528268 0.624201477 -0.473365664
vn 0.625794768 0.638890147 -0.447437406
vn 0.588463843 -0.808347523 -0.016871091
vn 0.581160009 -0.813498259 -0.0217636377
vn 0.591999948 -0.805768967 -0.0165087208
vn 0.584293544 -0.811290085 -0.020233836
vn -0.481575757 0.608487546 -0.630735874
vn -0.481575757 0.608487546 -0.630735874
vn -0.481575757 0.608487546 -0.630735874
vn -0.481575757 0.608487546 -0.630735874
vn 0.240764901 -0.597405374 -0.764943838
vn 0.240764901 -0.597405374 -0.764943838
vn 0.240764901 -0.597405374 -0.764943838
vn 0.240764901 -0.597405374 -0.764943838
vn 0.472926974 0.351348966 -0.808018446
vn 0.472926974 0.351348966 -0.808018446
vn 0.472926974 0.351348966 -0.808018446
vn 0.472926974 0.351348966 -0.808018446
vn 0.472926974 0.351348966 -0.808018446
vn -0.163925335 -0.026539512 -0.986115694
vn -0.163925335 -0.026539512 -0.986115694
vn -0.163925335 -0.026539512 -0.986115694
vn -0.163925335 -0.026539512 -0.986115694
vn -0.528803587 -0.381716073 0.758063018
vn -0.527905524 -0.382657051 0.758214533
vn -0.52761519 -0.382598609 0.758446038
vn -0.528230488 -0.383703291 0.757458985
vn -0.527535915 -0.381585985 0.75901109
vn -0.525886357 -0.38333863 0.759272635
vn 0.719858587 -0.148122251 -0.678132236
vn 0.719858587 -0.148122251 -0.678132236
vn 0.719858587 -0.148122251 -0.678132236
vn 0.719858587 -0.148122251 -0.678132236
vn -0.495351583 0.865766943 0.0712357238
vn -0.495351583 0.865766943 0.0712357238
vn -0.495351583 0.865766943 0.0712357238
vn -0.495351583 0.865766943 0.0712357238
vn 0.228408501 0.911863506 0.34107855
vn 0.362862855 0.815782368 0.45036602
vn 0.396665275 0.790181041 0.467194378
vn 0.289338022 0.867115676 0.405455291
vn -0.183607638 -0.876481175 -0.445049703
vn -0.169542253 -0.86859411 -0.465617687
vn -0.197640643 -0.879577935 -0.432759821
vn -0.183445856 -0.877279222 -0.443541408
vn 0.0864226669 0.338167787 -0.937109172
vn 0.0840723217 0.339430004 -0.936866462
vn 0.0957680568 0.333370298 -0.937919259
vn 0.137570739 0.315077603 -0.939042151
vn 0.472926438 -0.351349235 -0.808018684
vn 0.472926438 -0.351349235 -0.808018684
vn 0.472926438 -0.351349235 -0.808018684
vn 0.472926438 -0.351349235 -0.808018684
vn 0.472926438 -0.351349235 -0.808018684
vn -0.163924739 0.026539376 -0.986115754
vn -0.163924739 0.026539376 -0.986115754
vn -0.163924739 0.026539376 -0.986115754
vn -0.163924739 0.026539376 -0.986115754
vn -0.532477081 0.368469507 0.762035549
vn -0.532477081 0.368469507 0.762035549
vn -0.532477081 0.368469507 0.762035549
vn -0.532477081 0.368469507 0.762035549
vn -0.532477081 0.368469507 0.762035549
vn -0.532477081 0.368469507 0.762035549
vn 0.588195503 -0.0792893171 -0.804822445
vn 0.585276306 -0.0762996376 -0.807235956
vn 0.576514661 -0.066364482 -0.814387202
vn 0.575071096 -0.0645385534 -0.815553784
vn -0.835482597 -0.503389955 0.220380217
vn -0.842880487 -0.500964284 0.196436092
vn -0.84707284 -0.500265539 0.179449424
vn -0.818664968 -0.509669244 0.264622271
vn -0.487002611 -0.409909487 0.771234512
vn -0.487002611 -0.409909487 0.771234512
vn -0.487002611 -0.409909487 0.771234512
vn -0.487002611 -0.409909487 0.771234512
vn -0.487002611 -0.409909487 0.771234512
vn -0.487002611 -0.409909487 0.771234512
vn -0.487002611 -0.409909487 0.771234512
vn -0.21081838 -0.737222254 0.641918182
vn -0.177745134 -0.704822659 0.686754405
vn -0.191481352 -0.723504901 0.663231134
vn -0.213807136 -0.73014015 0.648985326
vn -0.562514365 0.826701999 0.011885359
vn -0.562514365 0.826701999 0.011885359
vn -0.562514365 0.826701999 0.011885359
vn -0.562514365 0.826701999 0.011885359
vn 0.519205272 0.643501818 -0.562433362
vn 0.293661624 0.096480459 -0.951028109
vn 0.304711521 0.0890425444 -0.948273301
vn 0.499569416 0.655883193 -0.5659042
vn 0.499773383 0.373700976 -0.781392455
vn 0.499773383 0.373700976 -0.781392455
vn 0.499773383 0.373700976 -0.781392455
vn 0.499773383 0.373700976 -0.781392455
vn 0.499773383 0.373700976 -0.781392455
vn 0.499773383 0.373700976 -0.781392455
vn 0.499773383 0.373700976 -0.781392455
vn 0.260469884 0.37915355 0.887917876
vn 0.468865633 0.717176497 0.515580237
vn -0.131306291 0.545143962 0.827995598
vn 0.314599246 0.464977652 0.827540398
vn -0.119169407 -0.948342264 -0.29401648
vn 0.198379293 -0.699073434 -0.686980367
vn 0.274506867 -0.743134499 -0.61024344
vn -0.192554086 -0.515442133 -0.83501029
vn -0.742151439 -0.155143976 -0.652028859
vn -0.742151439 -0.155143976 -0.652028859
vn -0.742151439 -0.155143976 -0.652028859
vn -0.742151439 -0.155143976 -0.652028859
vn 0.343031913 -0.885769248 -0.312637389
vn 0.343031913 -0.885769248 -0.312637389
vn 0.343031913 -0.885769248 -0.312637389
vn 0.343031913 -0.885769248 -0.312637389
vn 0.645426452 -0.578633428 -0.498606116
vn 0.678506136 -0.572556853 -0.460226029
vn 0.226183295 -0.905932486 -0.357948989
vn 0.771070004 -0.636716902 0.00652395468
vn -0.478877544 -0.326982498 -0.814714015
vn -0.478877544 -0.326982498 -0.814714015
vn -0.478877544 -0.326982498 -0.814714015
vn -0.478877544 -0.326982498 -0.814714015
vn 0.570576489 0.178312287 0.801652849
vn 0.570576489 0.178312287 0.801652849
vn 0.570576489 0.178312287 0.801652849
vn 0.570576489 0.178312287 0.801652849
vn -0.66528815 0.72180897 -0.190744802
vn -0.66528815 0.72180897 -0.190744802
vn -0.66528815 0.72180897 -0.190744802
vn -0.66528815 0.72180897 -0.190744802
vn -0.481789887 0.437305748 0.759369612
vn -0.481789887 0.437305748 0.759369612
vn -0.481789887 0.437305748 0.759369612
vn -0.481789887 0.437305748 0.759369612
vn -0.481789887 0.437305748 0.759369612
vn -0.481789887 0.437305748 0.759369612
vn -0.481789887 0.437305748 0.759369612
vn -0.385056376 0.609327793 0.693145871
vn -0.462636471 0.55374074 0.692342877
vn -0.462636471 0.55374074 0.692342877
vn -0.462636471 0.55374074 0.692342877
vn -0.246955872 -0.865880191 -0.435045093
vn -0.256302059 -0.85962671 -0.441985577
vn -0.220833778 -0.883324802 -0.413484901
vn -0.218366727 -0.884969234 -0.411273122
vn 0.352499634 -0.16115053 -0.921832144
vn 0.457627654 -0.527592659 -0.715697467
vn 0.362874538 -0.169139251 -0.916359067
vn 0.457627654 -0.527592659 -0.715697467
vn 0.488591045 -0.414925069 -0.767538846
vn 0.488591045 -0.414925069 -0.767538846
vn 0.488591045 -0.414925069 -0.767538846
vn 0.488591045 -0.414925069 -0.767538846
vn 0.488591045 -0.414925069 -0.767538846
vn 0.488591045 -0.414925069 -0.767538846
vn 0.488591045 -0.414925069 -0.767538846
vn 0.172683328 -0.565677524 0.806343198
vn -0.197248474 -0.479093015 0.855314553
vn 0.126265988 -0.698279321 0.704601228
vn 0.126265988 -0.698279321 0.704601228
vn -0.220399052 0.947587311 -0.231306314
vn 0.232391685 0.678565443 -0.696809173
vn -0.0404878668 0.617771745 -0.78531456
vn 0.330936462 0.790332496 -0.515611887
vn -0.760539889 -0.10304033 -0.641062915
vn -0.760539889 -0.10304033 -0.641062915
vn -0.760539889 -0.10304033 -0.641062915
vn -0.760539889 -0.10304033 -0.641062915
vn 0.104089886 0.859803498 -0.499903291
vn 0.0325860083 0.914691269 -0.402837515
vn -0.0097072795 0.954226196 -0.29892844
vn 0.0116815642 0.932974458 -0.359753132
vn 0.654509246 0.694126666 -0.29967612
vn 0.675045311 0.635989666 -0.373939782
vn 0.0929343551 0.937922716 -0.334161967
vn 0.87579006 0.404948264 0.262695014
vn -0.478874832 0.326984406 -0.814714789
vn -0.478874832 0.326984406 -0.814714789
vn -0.478874832 0.326984406 -0.814714789
vn -0.478874832 0.326984406 -0.814714789
vn 0.583457232 -0.154338881 0.797343731
vn 0.583457232 -0.154338881 0.797343731
vn 0.583457232 -0.154338881 0.797343731
vn 0.583457232 -0.154338881 0.797343731
vn -0.934587836 -0.333909243 0.122679561
vn -0.872373164 -0.43536067 0.222320244
vn -0.941233635 -0.320732087 0.105878204
vn -0.888538301 -0.411476582 0.202945113
vn -0.88882798 -0.45052579 0.0837328956
vn -0.88882798 -0.45052579 0.0837328956
vn -0.88882798 -0.45052579 0.0837328956
vn -0.88882798 -0.45052579 0.0837328956
vn -0.450525492 0.888828218 0.0837324858
vn -0.450525492 0.888828218 0.0837324858
vn -0.450525492 0.888828218 0.0837324858
vn -0.450525492 0.888828218 0.0837324858
vn 0.88882798 0.450525999 0.0837326422
vn 0.88882798 0.450525999 0.0837326422
vn 0.88882798 0.450525999 0.0837326422
vn 0.88882798 0.450525999 0.0837326422
vn 0.450525999 -0.88882798 0.0837325305
vn 0.450525999 -0.88882798 0.0837325305
vn 0.450525999 -0.88882798 0.0837325305
vn 0.450525999 -0.88882798 0.0837325305
vn 0 0 -1
vn 0 0 -1
vn 0 0 -1
vn 0 0 -1
vn -4.59190126e-08 0 1
vn -4.59190126e-08 0 1
vn -4.59190126e-08 0 1
vn -4.59190126e-08 0 1
vn -0.888828397 -0.450525135 0.0837319344
vn -0.888828397 -0.450525135 0.0837319344
vn -0.888828397 -0.450525135 0.0837319344
vn -0.888828397 -0.450525135 0.0837319344
vn -0.45052588 0.888828099 0.0837328508
vn -0.45052588 0.888828099 0.0837328508
vn -0.45052588 0.888828099 0.0837328508
vn -0.45052588 0.888828099 0.0837328508
vn 0.888828397 0.450524867 0.0837338641
vn 0.888828397 0.450524867 0.0837338641
vn 0.888828397 0.450524867 0.0837338641
vn 0.888828397 0.450524867 0.0837338641
vn 0.450525641 -0.888828039 0.0837341174
vn 0.450525641 -0.888828039 0.0837341174
vn 0.450525641 -0.888828039 0.0837341174
vn 0.450525641 -0.888828039 0.0837341174
vn -1.12714574e-07 2.22370943e-07 -1
vn -1.12714574e-07 2.22370943e-07 -1
vn -1.12714574e-07 2.22370943e-07 -1
vn -1.12714574e-07 2.22370943e-07 -1
vn -9.18382241e-08 0 1
vn -9.18382241e-08 0 1
vn -9.18382241e-08 0 1
vn -9.18382241e-08 0 1
vn -0.888828456 0.450525135 0.0837321207
vn -0.888828456 0.450525135 0.0837321207
vn -0.888828456 0.450525135 0.0837321207
vn -0.888828456 0.450525135 0.0837321207
vn -0.450524777 -0.888828695 0.0837318674
vn -0.450524777 -0.888828695 0.0837318674
vn -0.450524777 -0.888828695 0.0837318674
vn -0.450524777 -0.888828695 0.0837318674
vn 0.888828158 -0.450525641 0.0837334543
vn 0.888828158 -0.450525641 0.0837334543
vn 0.888828158 -0.450525641 0.0837334543
vn 0.888828158 -0.450525641 0.0837334543
vn 0.450525552 0.888828099 0.0837336183
vn 0.450525552 0.888828099 0.0837336183
vn 0.450525552 0.888828099 0.0837336183
vn 0.450525552 0.888828099 0.0837336183
vn 3.35085502e-07 1.09656618e-07 -1
vn 3.35085502e-07 1.09656618e-07 -1
vn 3.35085502e-07 1.09656618e-07 -1
vn 3.35085502e-07 1.09656618e-07 -1
vn 3.67352783e-07 -3.32686795e-07 1
vn 3.67352783e-07 -3.32686795e-07 1
vn 3.67352783e-07 -3.32686795e-07 1
vn 3.67352783e-07 -3.32686795e-07 1
vn -0.888828456 0.450525194 0.0837321207
vn -0.888828456 0.450525194 0.0837321207
vn -0.888828456 0.450525194 0.0837321207
vn -0.888828456 0.450525194 0.0837321207
vn -0.45052582 -0.888828099 0.0837324113
vn -0.45052582 -0.888828099 0.0837324113
vn -0.45052582 -0.888828099 0.0837324113
vn -0.45052582 -0.888828099 0.0837324113
vn 0.888828456 -0.450524956 0.0837334991
vn 0.888828456 -0.450524956 0.0837334991
vn 0.888828456 -0.450524956 0.0837334991
vn 0.888828456 -0.450524956 0.0837334991
vn 0.45052585 0.88882798 0.0837335885
vn 0.45052585 0.88882798 0.0837335885
vn 0.45052585 0.88882798 0.0837335885
vn 0.45052585 0.88882798 0.0837335885
vn 2.22370929e-07 -1.12714474e-07 -0.99999994
vn 2.22370929e-07 -1.12714474e-07 -0.99999994
vn 2.22370929e-07 -1.12714474e-07 -0.99999994
vn 2.22370929e-07 -1.12714474e-07 -0.99999994
vn 0 -4.6285794e-07 1
vn 0 -4.6285794e-07 1
vn 0 -4.6285794e-07 1
vn 0 -4.6285794e-07 1
vn 0.993593216 3.27479427e-07 -0.113015823
vn 0.993593216 3.27479427e-07 -0.113015823
vn 0.993593216 3.27479427e-07 -0.113015823
vn 0.993593216 3.27479427e-07 -0.113015823
vn -0.00179371075 0.00687153591 0.999974847
vn -0.00179371075 0.00687153591 0.999974847
vn -0.00179371075 0.00687153591 0.999974847
vn -0.00179371075 0.00687153591 0.999974847
vn 0 0 -1
vn 0 0 -1
vn 0 0 -1
vn 0 0 -1
vn 7.53349923e-07 8.4445773e-08 1
vn 7.53349923e-07 8.4445773e-08 1
vn 7.53349923e-07 8.4445773e-08 1
vn 7.53349923e-07 8.4445773e-08 1
vn 0.541712403 -0.840563834 -9.17519515e-07
vn 0.541712403 -0.840563834 -9.17519515e-07
vn 0.541712403 -0.840563834 -9.17519515e-07
vn 0.541712403 -0.840563834 -9.17519515e-07
vn 0.854952395 0.509509206 -0.0972457454
vn 0.854952395 0.509509206 -0.0972457454
vn 0.854952395 0.509509206 -0.0972457454
vn 0.854952395 0.509509206 -0.0972457454
vn -0.868836999 -0.485134959 -0.0988242775
vn -0.868836999 -0.485134959 -0.0988242775
vn -0.868836999 -0.485134959 -0.0988242775
vn -0.868836999 -0.485134959 -0.0988242775
vn -0.00228964002 0.00658511324 -0.999975681
vn -0.00228964002 0.00658511324 -0.999975681
vn -0.00228964002 0.00658511324 -0.999975681
vn -0.00228964002 0.00658511324 -0.999975681
vn -0.479144871 0.877681851 -0.00973041169
vn -0.476973921 0.87885201 -0.0107233757
vn -0.486372173 0.873707235 0.00881581381
vn -0.486012995 0.873880982 0.0111054247
vn 0.481885105 -0.876234353 8.23125959e-07
vn 0.481885105 -0.876234353 8.23125959e-07
vn 0.481885105 -0.876234353 8.23125959e-07
vn 0.481885105 -0.876234353 8.23125959e-07
vn 0.481885105 -0.876234353 8.23125959e-07
vn 0.0154525405 0.00849897414 0.999844551
vn 0.0154525405 0.00849897414 0.999844551
vn 0.0154525405 0.00849897414 0.999844551
vn 0.0154525405 0.00849897414 0.999844551
vn 0.0154525405 0.00849897414 0.999844551
vn -0.0637160391 -0.0236895401 -0.997686923
vn -0.0514069535 -0.0227114484 -0.998419583
vn -0.0483212061 -0.0368154868 -0.99815321
vn -0.0493201502 -0.0244907048 -0.998482764
vn -0.847858787 -0.457937717 0.267261177
vn -0.839142978 -0.472463131 0.269476593
vn -0.839169145 -0.472440183 0.269435465
vn -0.836139619 -0.468229324 0.285712808
vn 0.867910862 -0.159793466 0.470315695
vn 0.867910862 -0.159793466 0.470315695
vn 0.867910862 -0.159793466 0.470315695
vn 0.823802352 0.453047097 -0.34073171
vn 0.823802352 0.453047097 -0.34073171
vn 0.823802352 0.453047097 -0.34073171
vn 0.823802352 0.453047097 -0.34073171
vn 0.823802352 0.453047097 -0.34073171
vn 0.64512068 0.583662987 0.493109226
vn 0.856512308 0.0741688907 0.510769606
vn 0.776256442 0.630076826 -0.0207148306
vn 0.992253423 0.12237674 -0.0213793293
vn -0.942237139 0.203529462 -0.26601702
vn -0.942237139 0.203529462 -0.26601702
vn -0.942237139 0.203529462 -0.26601702
vn -0.942237139 0.203529462 -0.26601702
vn -0.942237139 0.203529462 -0.26601702
vn 0.81495285 0.517403722 0.26104629
vn 0.814953625 0.517404199 0.261043012
vn 0.873408973 0.411112189 0.261043102
vn 0.873408437 0.411111891 0.261045456
vn -0.800209999 -0.48575598 -0.351717383
vn -0.800209999 -0.48575598 -0.351717383
vn -0.800209999 -0.48575598 -0.351717383
vn -0.800209999 -0.48575598 -0.351717383
vn -0.112754777 -0.978675723 -0.171698347
vn -0.112754777 -0.978675723 -0.171698347
vn -0.112754777 -0.978675723 -0.171698347
vn -0.112754777 -0.978675723 -0.171698347
vn -0.858161271 -0.498957187 0.120834112
vn -0.858161271 -0.498957187 0.120834112
vn -0.858161271 -0.498957187 0.120834112
vn -0.858161271 -0.498957187 0.120834112
vn -0.159985855 -0.815085828 0.556811988
vn -0.159985855 -0.815085828 0.556811988
vn -0.159985855 -0.815085828 0.556811988
vn -0.159985855 -0.815085828 0.556811988
vn -0.159985855 -0.815085828 0.556811988
vn 0.481884569 -0.87623471 -7.72401222e-07
vn 0.481884569 -0.87623471 -7.72401222e-07
vn 0.481884569 -0.87623471 -7.72401222e-07
vn 0.481884569 -0.87623471 -7.72401222e-07
vn 0.598166347 0.328966409 -0.730738044
vn 0.598166347 0.328966409 -0.730738044
vn 0.598166347 0.328966409 -0.730738044
vn 0.598166347 0.328966409 -0.730738044
vn -0.603765368 -0.333148122 0.724209666
vn -0.603765368 -0.333148122 0.724209666
vn -0.603765368 -0.333148122 0.724209666
vn -0.603765368 -0.333148122 0.724209666
vn -0.603765368 -0.333148122 0.724209666
vn -0.603765368 -0.333148122 0.724209666
vn -0.4430933 0.455469459 -0.772150099
vn -0.4430933 0.455469459 -0.772150099
vn -0.4430933 0.455469459 -0.772150099
vn 0.521382332 0.683563828 0.510784805
vn 0.634786665 0.772391796 -0.0213743746
vn 0.947832823 0.318092287 -0.0207424909
vn 0.83848995 0.232116401 0.493007749
vn 0.147291884 -0.618169606 -0.772121429
vn 0.147291884 -0.618169606 -0.772121429
vn 0.147291884 -0.618169606 -0.772121429
vn -0.772165239 0.302637249 0.558723271
vn -0.772165239 0.302637249 0.558723271
vn -0.772165239 0.302637249 0.558723271
vn -0.772165239 0.302637249 0.558723271
vn 0.768063307 -0.304911345 -0.563123226
vn 0.768063307 -0.304911345 -0.563123226
vn 0.768063307 -0.304911345 -0.563123226
vn 0.768063307 -0.304911345 -0.563123226
vn -0.187143371 -0.102914572 -0.976926804
vn -0.187143371 -0.102914572 -0.976926804
vn -0.187143371 -0.102914572 -0.976926804
vn -0.187143371 -0.102914572 -0.976926804
vn 0.153892383 0.811902881 -0.563143849
vn 0.153892383 0.811902881 -0.563143849
vn 0.153892383 0.811902881 -0.563143849
vn 0.153892383 0.811902881 -0.563143849
vn -0.481885463 0.876234233 3.38849964e-06
vn -0.481885463 0.876234233 3.38849964e-06
vn -0.481885463 0.876234233 3.38849964e-06
vn -0.481885463 0.876234233 3.38849964e-06
vn 0.984564304 -0.165065646 0.0581935532
vn 0.984564304 -0.165065646 0.0581935532
vn 0.984564304 -0.165065646 0.0581935532
vn 0.984564304 -0.165065646 0.0581935532
vn 0.499346107 -0.861134648 0.0953964964
vn 0.499346107 -0.861134648 0.0953964964
vn 0.499346107 -0.861134648 0.0953964964
vn 0.499346107 -0.861134648 0.0953964964
vn -0.501432717 0.86472863 0.0284552705
vn -0.501432717 0.86472863 0.0284552705
vn -0.501432717 0.86472863 0.0284552705
vn -0.501432717 0.86472863 0.0284552705
vn -0.861591935 -0.499612033 0.089706324
vn -0.861591935 -0.499612033 0.089706324
vn -0.861591935 -0.499612033 0.089706324
vn -0.861591935 -0.499612033 0.089706324
vn -0.3469657 -0.937733591 0.0164509993
vn -0.3469657 -0.937733591 0.0164509993
vn -0.3469657 -0.937733591 0.0164509993
vn -0.3469657 -0.937733591 0.0164509993
vn 0.501544178 -0.864924312 0.0189545248
vn 0.501544178 -0.864924312 0.0189545248
vn 0.501544178 -0.864924312 0.0189545248
vn 0.501544178 -0.864924312 0.0189545248
vn -0.9853881 0.164274275 0.0449913181
vn -0.9853881 0.164274275 0.0449913181
vn -0.9853881 0.164274275 0.0449913181
vn -0.9853881 0.164274275 0.0449913181
vn 0.865049481 0.501614213 0.00852262136
vn 0.865049481 0.501614213 0.00852262136
vn 0.865049481 0.501614213 0.00852262136
vn 0.865049481 0.501614213 0.00852262136
vn 0.863526046 0.500736833 0.0598773435
vn 0.863526046 0.500736833 0.0598773435
vn 0.863526046 0.500736833 0.0598773435
vn 0.863526046 0.500736833 0.0598773435
vn -0.500617027 0.863322496 0.0636940226
vn -0.500617027 0.863322496 0.0636940226
vn -0.500617027 0.863322496 0.0636940226
vn -0.500617027 0.863322496 0.0636940226
vn 0.345530063 0.934405565 0.086575076
vn 0.345530063 0.934405565 0.086575076
vn 0.345530063 0.934405565 0.086575076
vn 0.345530063 0.934405565 0.086575076
vn 0.346961498 0.937554061 0.0246999022
vn 0.346961498 0.937554061 0.0246999022
vn 0.346961498 0.937554061 0.0246999022
vn 0.346961498 0.937554061 0.0246999022
vn -0.982392907 0.16523993 0.0871774703
vn -0.982392907 0.16523993 0.0871774703
vn -0.982392907 0.16523993 0.0871774703
vn -0.982392907 0.16523993 0.0871774703
vn -0.343756616 -0.930101812 0.129391178
vn -0.343756616 -0.930101812 0.129391178
vn -0.343756616 -0.930101812 0.129391178
vn -0.343756616 -0.930101812 0.129391178
vn 0.984252632 -0.163404763 0.0674206316
vn 0.984252632 -0.163404763 0.0674206316
vn 0.984252632 -0.163404763 0.0674206316
vn 0.984252632 -0.163404763 0.0674206316
vn -0.865065455 -0.501626968 0.0056740013
vn -0.865065455 -0.501626968 0.0056740013
vn -0.865065455 -0.501626968 0.0056740013
vn -0.865065455 -0.501626968 0.0056740013
vn -0.993593276 0 -0.113014691
vn -0.993593276 0 -0.113014691
vn -0.993593276 0 -0.113014691
vn -0.993593276 0 -0.113014691
vn 0.993593097 0 -0.113016777
vn 0.993593097 0 -0.113016777
vn 0.993593097 0 -0.113016777
vn 0.993593097 0 -0.113016777
vn -0.00179339177 -0.0068716458 0.999974787
vn -0.00179339177 -0.0068716458 0.999974787
vn -0.00179339177 -0.0068716458 0.999974787
vn -0.00179339177 -0.0068716458 0.999974787
vn 0 0 -0.99999994
vn 0 0 -0.99999994
vn 0 0 -0.99999994
vn 0 0 -0.99999994
vn -3.76675047e-07 0 1
vn -3.76675047e-07 0 1
vn -3.76675047e-07 0 1
vn -3.76675047e-07 0 1
vn 0.541711271 0.840564609 6.11679809e-07
vn 0.541711271 0.840564609 6.11679809e-07
vn 0.541711271 0.840564609 6.11679809e-07
vn 0.541711271 0.840564609 6.11679809e-07
vn 0.854952157 -0.509509146 -0.0972473696
vn 0.854952157 -0.509509146 -0.0972473696
vn 0.854952157 -0.509509146 -0.0972473696
vn 0.854952157 -0.509509146 -0.0972473696
vn -0.868837118 0.485134959 -0.0988240093
vn -0.868837118 0.485134959 -0.0988240093
vn -0.868837118 0.485134959 -0.0988240093
vn -0.868837118 0.485134959 -0.0988240093
vn -0.00229029753 -0.00658498798 -0.999975741
vn -0.00229029753 -0.00658498798 -0.999975741
vn -0.00229029753 -0.00658498798 -0.999975741
vn -0.00229029753 -0.00658498798 -0.999975741
vn -0.476972759 -0.878852725 -0.0107192509
vn -0.479144186 -0.877682328 -0.00972662307
vn -0.486371458 -0.873707652 0.00881972164
vn -0.486012518 -0.87388128 0.0111091379
vn 0.481885314 0.876234293 5.14453632e-07
vn 0.481885314 0.876234293 5.14453632e-07
vn 0.481885314 0.876234293 5.14453632e-07
vn 0.481885314 0.876234293 5.14453632e-07
vn 0.481885314 0.876234293 5.14453632e-07
vn 0.0154529484 -0.00849853642 0.999844491
vn 0.0154529484 -0.00849853642 0.999844491
vn 0.0154529484 -0.00849853642 0.999844491
vn 0.0154529484 -0.00849853642 0.999844491
vn 0.0154529484 -0.00849853642 0.999844491
vn -0.0637163818 0.0236890391 -0.997686803
vn -0.0514073111 0.0227109641 -0.998419464
vn -0.0493205078 0.0244902186 -0.998482645
vn -0.0483215638 0.0368149951 -0.99815309
vn -0.847859979 0.457934171 0.267263442
vn -0.839170098 0.47243759 0.269437104
vn -0.839144289 0.47246027 0.269477785
vn -0.836140633 0.468226701 0.285714447
vn 0.86790818 0.15979813 0.470319033
vn 0.86790818 0.15979813 0.470319033
vn 0.86790818 0.15979813 0.470319033
vn 0.823801935 -0.453047872 -0.340731472
vn 0.823801935 -0.453047872 -0.340731472
vn 0.823801935 -0.453047872 -0.340731472
vn 0.823801935 -0.453047872 -0.340731472
vn 0.823801935 -0.453047872 -0.340731472
vn 0.856544673 -0.0741681904 0.510715544
vn 0.992252946 -0.122388124 -0.0213356018
vn 0.645161211 -0.58365941 0.49306044
vn 0.776291966 -0.63003397 -0.0206864774
vn -0.942241788 -0.20350644 -0.266018033
vn -0.942241788 -0.20350644 -0.266018033
vn -0.942241788 -0.20350644 -0.266018033
vn -0.942241788 -0.20350644 -0.266018033
vn -0.942241788 -0.20350644 -0.266018033
vn 0.814952552 -0.517405927 0.261043072
vn 0.814951837 -0.51740551 0.261046261
vn 0.873408198 -0.411114037 0.261043191
vn 0.873407543 -0.411113709 0.261045605
vn -0.800211668 0.485754073 -0.351716042
vn -0.800211668 0.485754073 -0.351716042
vn -0.800211668 0.485754073 -0.351716042
vn -0.800211668 0.485754073 -0.351716042
vn -0.112743199 0.978677452 -0.171695739
vn -0.112743199 0.978677452 -0.171695739
vn -0.112743199 0.978677452 -0.171695739
vn -0.112743199 0.978677452 -0.171695739
vn -0.858165205 0.498954594 0.120817892
vn -0.858165205 0.498954594 0.120817892
vn -0.858165205 0.498954594 0.120817892
vn -0.858165205 0.498954594 0.120817892
vn -0.159998283 0.815079093 0.556818306
vn -0.159998283 0.815079093 0.556818306
vn -0.159998283 0.815079093 0.556818306
vn -0.159998283 0.815079093 0.556818306
vn -0.159998283 0.815079093 0.556818306
vn 0.48188585 0.876233995 -2.74631248e-06
vn 0.48188585 0.876233995 -2.74631248e-06
vn 0.48188585 0.876233995 -2.74631248e-06
vn 0.48188585 0.876233995 -2.74631248e-06
vn 0.598165274 -0.328968316 -0.730738103
vn 0.598165274 -0.328968316 -0.730738103
vn 0.598165274 -0.328968316 -0.730738103
vn 0.598165274 -0.328968316 -0.730738103
vn -0.603764951 0.33314836 0.724210024
vn -0.603764951 0.33314836 0.724210024
vn -0.603764951 0.33314836 0.724210024
vn -0.603764951 0.33314836 0.724210024
vn -0.603764951 0.33314836 0.724210024
vn -0.603764951 0.33314836 0.724210024
vn -0.443110317 -0.455474198 -0.772137523
vn -0.443110317 -0.455474198 -0.772137523
vn -0.443110317 -0.455474198 -0.772137523
vn 0.634818017 -0.772366762 -0.0213459153
vn 0.521416366 -0.683564425 0.510748982
vn 0.947832346 -0.318097651 -0.0206805207
vn 0.838471532 -0.232175142 0.493011117
vn 0.147302672 0.618152857 -0.772132814
vn 0.147302672 0.618152857 -0.772132814
vn 0.147302672 0.618152857 -0.772132814
vn -0.772166669 -0.302633464 0.558723152
vn -0.772166669 -0.302633464 0.558723152
vn -0.772166669 -0.302633464 0.558723152
vn -0.772166669 -0.302633464 0.558723152
vn 0.768063784 0.30490759 -0.563124597
vn 0.768063784 0.30490759 -0.563124597
vn 0.768063784 0.30490759 -0.563124597
vn 0.768063784 0.30490759 -0.563124597
vn -0.18714039 0.102913819 -0.976927459
vn -0.18714039 0.102913819 -0.976927459
vn -0.18714039 0.102913819 -0.976927459
vn -0.18714039 0.102913819 -0.976927459
vn 0.153879747 -0.811911404 -0.563134909
vn 0.153879747 -0.811911404 -0.563134909
vn 0.153879747 -0.811911404 -0.563134909
vn 0.153879747 -0.811911404 -0.563134909
vn -0.481883883 -0.876235127 0
vn -0.481883883 -0.876235127 0
vn -0.481883883 -0.876235127 0
vn -0.481883883 -0.876235127 0
vn 0.984564841 0.16506283 0.0581937246
vn 0.984564841 0.16506283 0.0581937246
vn 0.984564841 0.16506283 0.0581937246
vn 0.984564841 0.16506283 0.0581937246
vn 0.499347121 0.861134112 0.0953963846
vn 0.499347121 0.861134112 0.0953963846
vn 0.499347121 0.861134112 0.0953963846
vn 0.499347121 0.861134112 0.0953963846
vn -0.501432776 -0.86472857 0.0284551382
vn -0.501432776 -0.86472857 0.0284551382
vn -0.501432776 -0.86472857 0.0284551382
vn -0.501432776 -0.86472857 0.0284551382
vn -0.861592531 0.49961099 0.0897060037
vn -0.861592531 0.49961099 0.0897060037
vn -0.861592531 0.49961099 0.0897060037
vn -0.861592531 0.49961099 0.0897060037
vn -0.346973598 0.937730551 0.0164507329
vn -0.346973598 0.937730551 0.0164507329
vn -0.346973598 0.937730551 0.0164507329
vn -0.346973598 0.937730551 0.0164507329
vn 0.501544595 0.864924133 0.0189544298
vn 0.501544595 0.864924133 0.0189544298
vn 0.501544595 0.864924133 0.0189544298
vn 0.501544595 0.864924133 0.0189544298
vn -0.985391498 -0.164254084 0.0449904464
vn -0.985391498 -0.164254084 0.0449904464
vn -0.985391498 -0.164254084 0.0449904464
vn -0.985391498 -0.164254084 0.0449904464
vn 0.865048945 -0.501615167 0.00852282345
vn 0.865048945 -0.501615167 0.00852282345
vn 0.865048945 -0.501615167 0.00852282345
vn 0.865048945 -0.501615167 0.00852282345
vn 0.863526404 -0.500736356 0.059877228
vn 0.863526404 -0.500736356 0.059877228
vn 0.863526404 -0.500736356 0.059877228
vn 0.863526404 -0.500736356 0.059877228
vn -0.500614583 -0.863323867 0.063694343
vn -0.500614583 -0.863323867 0.063694343
vn -0.500614583 -0.863323867 0.063694343
vn -0.500614583 -0.863323867 0.063694343
vn 0.345521361 -0.934408844 0.0865749195
vn 0.345521361 -0.934408844 0.0865749195
vn 0.345521361 -0.934408844 0.0865749195
vn 0.345521361 -0.934408844 0.0865749195
vn 0.346974522 -0.937549233 0.0247003529
vn 0.346974522 -0.937549233 0.0247003529
vn 0.346974522 -0.937549233 0.0247003529
vn 0.346974522 -0.937549233 0.0247003529
vn -0.982393146 -0.165238902 0.087177299
vn -0.982393146 -0.165238902 0.087177299
vn -0.982393146 -0.165238902 0.087177299
vn -0.982393146 -0.165238902 0.087177299
vn -0.343731046 0.930111051 0.129392207
vn -0.343731046 0.930111051 0.129392207
vn -0.343731046 0.930111051 0.129392207
vn -0.343731046 0.930111051 0.129392207
vn 0.984252334 0.163406447 0.0674218759
vn 0.984252334 0.163406447 0.0674218759
vn 0.984252334 0.163406447 0.0674218759
vn 0.984252334 0.163406447 0.0674218759
vn -0.86506629 0.501625597 0.00567393471
vn -0.86506629 0.501625597 0.00567393471
vn -0.86506629 0.501625597 0.00567393471
vn -0.86506629 0.501625597 0.00567393471
vn -0.993593276 0 -0.11301472
vn -0.993593276 0 -0.11301472
vn -0.993593276 0 -0.11301472
vn -0.993593276 0 -0.11301472
vn 0.39296636 -0.703140855 0.592596233
vn 0.39296636 -0.703140855 0.592596233
vn 0.39296636 -0.703140855 0.592596233
vn 0.39296636 -0.703140855 0.592596233
vn 0.39296636 -0.703140855 0.592596233
vn 0.39296636 -0.703140855 0.592596233
vn 0.39296636 -0.703140855 0.592596233
vn -1.45617804e-07 6.04370769e-07 -1
vn -1.45617804e-07 6.04370769e-07 -1
vn -1.45617804e-07 6.04370769e-07 -1
vn -1.45617804e-07 6.04370769e-07 -1
vn -1.45617804e-07 6.04370769e-07 -1
vn -1.45617804e-07 6.04370769e-07 -1
vn -1.45617804e-07 6.04370769e-07 -1
vn -1.45617804e-07 6.04370769e-07 -1
vn -1.45617804e-07 6.04370769e-07 -1
vn -1.45617804e-07 6.04370769e-07 -1
vn 5.09665028e-07 5.52895528e-07 -1
vn 5.09665028e-07 5.52895528e-07 -1
vn 5.09665028e-07 5.52895528e-07 -1
vn 5.09665028e-07 5.52895528e-07 -1
vn 5.09665028e-07 5.52895528e-07 -1
vn 5.09665028e-07 5.52895528e-07 -1
vn 5.09665028e-07 5.52895528e-07 -1
vn 5.09665028e-07 5.52895528e-07 -1
vn 5.09665028e-07 5.52895528e-07 -1
vn 5.09665028e-07 5.52895528e-07 -1
vn -5.64783477e-07 -7.80697178e-07 1
vn -5.64783477e-07 -7.80697178e-07 1
vn -5.64783477e-07 -7.80697178e-07 1
vn -5.64783477e-07 -7.80697178e-07 1
vn -5.64783477e-07 -7.80697178e-07 1
vn -5.64783477e-07 -7.80697178e-07 1
vn -5.64783477e-07 -7.80697178e-07 1
vn -5.64783477e-07 -7.80697178e-07 1
vn -5.64783477e-07 -7.80697178e-07 1
vn -5.64783477e-07 -7.80697178e-07 1
vn 0.311503291 -0.55737561 -0.769609094
vn 0.311503291 -0.55737561 -0.769609094
vn 0.311503291 -0.55737561 -0.769609094
vn 0.311503291 -0.55737561 -0.769609094
vn 0.311503291 -0.55737561 -0.769609094
vn 0.311503291 -0.55737561 -0.769609094
vn 0.311503291 -0.55737561 -0.769609094
vn 0.311503291 -0.55737561 -0.769609094
vn 0.307071775 0.559824646 -0.769612491
vn 0.307071775 0.559824646 -0.769612491
vn 0.307071775 0.559824646 -0.769612491
vn 0.307071775 0.559824646 -0.769612491
vn 0.307071775 0.559824646 -0.769612491
vn 0.307071775 0.559824646 -0.769612491
vn 0.307071775 0.559824646 -0.769612491
vn 0.307071775 0.559824646 -0.769612491
vn 0.487855375 -0.872924447 -1.52230621e-06
vn 0.487855375 -0.872924447 -1.52230621e-06
vn 0.487855375 -0.872924447 -1.52230621e-06
vn 0.487855375 -0.872924447 -1.52230621e-06
vn 0.487855375 -0.872924447 -1.52230621e-06
vn -0.487855405 0.872924447 2.56888848e-06
vn -0.487855405 0.872924447 2.56888848e-06
vn -0.487855405 0.872924447 2.56888848e-06
vn -0.487855405 0.872924447 2.56888848e-06
vn -0.487855405 0.872924447 2.56888848e-06
vn -1.4119631e-07 1.19134384e-07 1
vn -1.4119631e-07 1.19134384e-07 1
vn -1.4119631e-07 1.19134384e-07 1
vn -1.4119631e-07 1.19134384e-07 1
vn -1.4119631e-07 1.19134384e-07 1
vn -1.4119631e-07 1.19134384e-07 1
vn -1.4119631e-07 1.19134384e-07 1
vn -1.4119631e-07 1.19134384e-07 1
vn -1.4119631e-07 1.19134384e-07 1
vn -1.4119631e-07 1.19134384e-07 1
vn -0.480920255 -0.876764357 2.23588404e-06
vn -0.480920255 -0.876764357 2.23588404e-06
vn -0.480920255 -0.876764357 2.23588404e-06
vn -0.480920255 -0.876764357 2.23588404e-06
vn -0.480920255 -0.876764357 2.23588404e-06
vn 0.480920672 0.876764178 -3.04461105e-06
vn 0.480920672 0.876764178 -3.04461105e-06
vn 0.480920672 0.876764178 -3.04461105e-06
vn 0.480920672 0.876764178 -3.04461105e-06
vn 0.480920672 0.876764178 -3.04461105e-06
vn -0.311503172 0.557370186 -0.769613206
vn -0.311503172 0.557370186 -0.769613206
vn -0.311503172 0.557370186 -0.769613206
vn -0.311503172 0.557370186 -0.769613206
vn -0.311503172 0.557370186 -0.769613206
vn -0.311503172 0.557370186 -0.769613206
vn -0.311503172 0.557370186 -0.769613206
vn -0.311503172 0.557370186 -0.769613206
vn -0.307069123 -0.559817672 -0.76961863
vn -0.307069123 -0.559817672 -0.76961863
vn -0.307069123 -0.559817672 -0.76961863
vn -0.307069123 -0.559817672 -0.76961863
vn -0.307069123 -0.559817672 -0.76961863
vn -0.307069123 -0.559817672 -0.76961863
vn -0.307069123 -0.559817672 -0.76961863
vn -0.307069123 -0.559817672 -0.76961863
vn -0.392968476 0.703142524 0.592593014
vn -0.392968476 0.703142524 0.592593014
vn -0.392968476 0.703142524 0.592593014
vn -0.392968476 0.703142524 0.592593014
vn -0.392968476 0.703142524 0.592593014
vn -0.392968476 0.703142524 0.592593014
vn -0.392968476 0.703142524 0.592593014
vn -0.38738361 -0.706234932 0.592592895
vn -0.38738361 -0.706234932 0.592592895
vn -0.38738361 -0.706234932 0.592592895
vn -0.38738361 -0.706234932 0.592592895
vn -0.38738361 -0.706234932 0.592592895
vn -0.38738361 -0.706234932 0.592592895
vn -0.38738361 -0.706234932 0.592592895
vn 0.387381762 0.706238151 0.592590094
vn 0.387381762 0.706238151 0.592590094
vn 0.387381762 0.706238151 0.592590094
vn 0.387381762 0.706238151 0.592590094
vn 0.387381762 0.706238151 0.592590094
vn 0.387381762 0.706238151 0.592590094
vn 0.387381762 0.706238151 0.592590094
vn -1.215461e-05 4.41584098e-06 1
vn -1.215461e-05 4.41584098e-06 1
vn -1.215461e-05 4.41584098e-06 1
vn -1.215461e-05 4.41584098e-06 1
vn 7.85112024e-06 -3.57270051e-06 -1
vn 7.85112024e-06 -3.57270051e-06 -1
vn 7.85112024e-06 -3.57270051e-06 -1
vn 7.85112024e-06 -3.57270051e-06 -1
vn 0.480920911 0.87676394 5.76944274e-07
vn 0.480920911 0.87676394 5.76944274e-07
vn 0.480920911 0.87676394 5.76944274e-07
vn 0.480920911 0.87676394 5.76944274e-07
vn 0.876761556 -0.4809255 -2.72163845e-07
vn 0.876761556 -0.4809255 -2.72163845e-07
vn 0.876761556 -0.4809255 -2.72163845e-07
vn 0.876761556 -0.4809255 -2.72163845e-07
vn -0.695551455 0.381516069 0.608813226
vn -0.695551455 0.381516069 0.608813226
vn -0.695551455 0.381516069 0.608813226
vn -0.695551455 0.381516069 0.608813226
vn 0.480921477 0.876763642 -4.71959908e-07
vn 0.480921477 0.876763642 -4.71959908e-07
vn 0.480921477 0.876763642 -4.71959908e-07
vn 0.480921477 0.876763642 -4.71959908e-07
vn -0.483854473 -0.875146151 -0.0020139832
vn -0.483858973 -0.875143707 -0.00200856011
vn -0.483805954 -0.875173032 -0.00197860599
vn -0.4838036 -0.875174344 -0.00197867816
vn 0.0279319696 -0.0127517562 0.999528468
vn 0.0279319696 -0.0127517562 0.999528468
vn 0.0279319696 -0.0127517562 0.999528468
vn 0.0279319696 -0.0127517562 0.999528468
vn -0.876760066 0.480928093 1.00767102e-06
vn -0.876760066 0.480928093 1.00767102e-06
vn -0.876760066 0.480928093 1.00767102e-06
vn -0.876760066 0.480928093 1.00767102e-06
vn -0.00629541278 0.0543394834 -0.998502672
vn 0.00197777897 0.0590687022 -0.998251915
vn -0.00250199996 0.0611721203 -0.998124123
vn 0.00173769891 0.047873944 -0.998851836
vn 0.937321246 -0.348466456 0
vn 0.937321246 -0.348466456 0
vn 0.937321246 -0.348466456 0
vn 0.937321246 -0.348466456 0
vn -0.48092109 -0.876763821 0
vn -0.48092109 -0.876763821 0
vn -0.48092109 -0.876763821 0
vn -0.48092109 -0.876763821 0
vn 0.502266407 -0.863779306 -0.0401701741
vn 0.502266407 -0.863779306 -0.0401701741
vn 0.502266407 -0.863779306 -0.0401701741
vn 0.502266407 -0.863779306 -0.0401701741
vn -0.0182593223 0.456094325 -0.889744043
vn -0.0182593223 0.456094325 -0.889744043
vn -0.0182593223 0.456094325 -0.889744043
vn -0.0182593223 0.456094325 -0.889744043
vn 0.694912136 -0.652762115 -0.30166018
vn 0.694912136 -0.652762115 -0.30166018
vn 0.694912136 -0.652762115 -0.30166018
vn 0.694912136 -0.652762115 -0.30166018
vn 0.0240822434 -0.999536097 -0.0186454114
vn 0.0215665866 -0.999501526 -0.023052616
vn 0.0195610244 -0.999610543 -0.0198996924
vn 0.0186447762 -0.999554336 -0.023314083
vn 0.00883655716 -0.488030344 -0.872781932
vn 0.00771711767 -0.488180518 -0.872708499
vn 0.00976855122 -0.48799032 -0.87279433
vn 0.0119611975 -0.488203704 -0.872647703
vn 0.086748898 -0.993773222 -0.0699249804
vn 0.086748898 -0.993773222 -0.0699249804
vn 0.086748898 -0.993773222 -0.0699249804
vn 0.086748898 -0.993773222 -0.0699249804
vn -0.714637876 0.000972400536 0.699493825
vn -0.715075076 -0.00114126771 0.699046552
vn -0.714637876 0.000972400536 0.699493825
vn -0.715190291 -0.00169433013 0.698927641
vn -0.0256788377 -0.999123216 0.0330663957
vn -0.0256771483 -0.999123096 0.033071164
vn -0.0256839283 -0.999124229 0.0330331437
vn -0.0256851967 -0.999123931 0.0330391973
vn 0.726890624 -0.00532196136 -0.68673259
vn 0.724363685 -0.00762753654 -0.689375818
vn 0.726837814 -0.00559020368 -0.686786294
vn 0.724684894 -0.00758310501 -0.689038634
vn 0.701286554 0.625822365 -0.341384679
vn 0.701286554 0.625822365 -0.341384679
vn 0.701286554 0.625822365 -0.341384679
vn 0.701286554 0.625822365 -0.341384679
vn 0.0753332525 0.995828331 -0.0514864326
vn 0.0753332525 0.995828331 -0.0514864326
vn 0.0753332525 0.995828331 -0.0514864326
vn 0.0753332525 0.995828331 -0.0514864326
vn 0.742049396 0.0575778484 -0.667867899
vn 0.745241463 0.0476341397 -0.665091038
vn 0.743544817 0.0610109307 -0.665897071
vn 0.745304346 0.0498714894 -0.664856613
vn 0.0217754785 0.00217861752 0.999760509
vn 0.0217754785 0.00217861752 0.999760509
vn 0.0217754785 0.00217861752 0.999760509
vn 0.0214116611 0.0018681034 0.999769032
vn 0.0217754785 0.00217861752 0.999760509
vn 0.0217754785 0.00217861752 0.999760509
vn 0.0611968301 -0.749710143 -0.658930659
vn 0.0614141561 -0.74968487 -0.658939242
vn 0.0608325601 -0.749748826 -0.658920467
vn 0.724566698 -0.00100650033 -0.689204037
vn 0.72459805 -0.00100273569 -0.689171135
vn 0.725698411 -0.00185812754 -0.688010454
vn 0.725140214 0.00174429151 -0.688599169
vn -0.0067375768 0.999823987 0.0175117664
vn -0.00661911909 0.999675989 0.0245831199
vn -0.0134357288 0.999829352 0.0126853818
vn -0.0053422004 0.999729633 0.0226313397
vn -0.0263792835 0.999648571 -0.00262900908
vn -0.028959237 0.99945724 -0.0157024469
vn -0.0305714272 0.999435186 -0.0139534734
vn -0.0271714684 0.999603331 -0.00741534121
vn 0.710062563 -0.615073323 -0.342776746
vn 0.710062563 -0.615073323 -0.342776746
vn 0.710062563 -0.615073323 -0.342776746
vn 0.710062563 -0.615073323 -0.342776746
vn 0.710062563 -0.615073323 -0.342776746
vn -0.0956695825 -0.995207548 0.0202244557
vn -0.0940280557 -0.995154738 0.0287324879
vn -0.0976737887 -0.994981766 0.0217002388
vn -0.0931554362 -0.995396078 0.0225503482
vn -0.750457346 -0.0431460254 0.659508884
vn -0.749567211 -0.0436409302 0.66048795
vn -0.750395954 -0.0430059358 0.659587979
vn -0.750135124 -0.0431152508 0.65987736
vn 0.920878351 -0.0408041254 -0.387708902
vn 0.920878351 -0.0408041254 -0.387708902
vn 0.920878351 -0.0408041254 -0.387708902
vn 0.920878351 -0.0408041254 -0.387708902
vn -0.0226633251 -0.99969548 -0.00976328179
vn -0.0260203481 -0.99963218 -0.00764774298
vn -0.0214128066 -0.999688148 -0.0128518939
vn -0.0254452396 -0.999606669 -0.0117921513
vn -0.769942701 -0.0155272409 0.637923956
vn -0.772369683 -0.0109767839 0.635078311
vn -0.772210121 -0.0110487267 0.635271132
vn -0.774121821 -0.0169371758 0.632809877
vn -0.870645404 0.0221768264 -0.49141106
vn -0.870628119 0.0219319221 -0.491452694
vn -0.87045145 0.0220993496 -0.491758078
vn -0.870526671 0.0223312974 -0.491614342
vn -0.952540755 -0.00169003347 -0.304406375
vn -0.952534556 -0.00172946253 -0.304425597
vn -0.952558219 -0.00157726393 -0.304352254
vn -0.952551484 -0.00162105192 -0.304373145
vn -0.000557442952 0.999938786 -0.0110470206
vn -0.000557442952 0.999938786 -0.0110470206
vn -0.000557442952 0.999938786 -0.0110470206
vn -0.000557442952 0.999938786 -0.0110470206
vn -0.888102531 -0.144032523 -0.436495781
vn -0.887111187 -0.156961158 -0.434047133
vn -0.88960737 -0.144197509 -0.433365583
vn -0.888920963 -0.154226482 -0.431316346
vn 0.116551638 0.991779447 0.0528134294
vn 0.117606342 0.991333842 0.0585316792
vn 0.113206163 0.99205792 0.0548221581
vn 0.118838333 0.991464913 0.0536174662
vn 0.294054657 0.00590394763 0.955770433
vn 0.294054657 0.00590394763 0.955770433
vn 0.294054657 0.00590394763 0.955770433
vn 0.294054657 0.00590394763 0.955770433
vn 0.0625667423 0.0107559236 0.9979828
vn 0.0625667423 0.0107559236 0.9979828
vn 0.0625667423 0.0107559236 0.9979828
vn 0.0625667423 0.0107559236 0.9979828
vn 0.908456981 -0.0115251886 -0.417819351
vn 0.908456981 -0.0115251886 -0.417819351
vn 0.908456981 -0.0115251886 -0.417819351
vn 0.908456981 -0.0115251886 -0.417819351
vn 0.0228265896 -0.00984821096 -0.99969101
vn 0.0228265896 -0.00984821096 -0.99969101
vn 0.0228265896 -0.00984821096 -0.99969101
vn 0.0228265896 -0.00984821096 -0.99969101
vn 0.0228265896 -0.00984821096 -0.99969101
vn -0.0160288326 0.00643172674 -0.99985075
vn -0.0147457365 0.00597448973 -0.99987334
vn -0.0149026718 0.00613114983 -0.999870062
vn -0.0147766815 0.0059505105 -0.999872983
vn -0.0149756167 0.0061364281 -0.999868929
vn 0.0621998273 0.693906784 -0.717373312
vn 0.0621998273 0.693906784 -0.717373312
vn 0.0621998273 0.693906784 -0.717373312
vn 0.0621998273 0.693906784 -0.717373312
vn 0.872925401 0.487853736 4.08251253e-07
vn 0.872925401 0.487853736 4.08251253e-07
vn 0.872925401 0.487853736 4.08251253e-07
vn 0.872925401 0.487853736 4.08251253e-07
vn -0.601131082 -0.335955471 0.725103617
vn -0.601131082 -0.335955471 0.725103617
vn -0.601131082 -0.335955471 0.725103617
vn -0.601131082 -0.335955471 0.725103617
vn 6.75436331e-06 6.09576773e-06 -1
vn 6.75436331e-06 6.09576773e-06 -1
vn 6.75436331e-06 6.09576773e-06 -1
vn 6.75436331e-06 6.09576773e-06 -1
vn -0.0168678351 -0.00942557584 0.999813259
vn -0.0168678351 -0.00942557584 0.999813259
vn -0.0168678351 -0.00942557584 0.999813259
vn -0.0168678351 -0.00942557584 0.999813259
vn -0.502266347 0.863779306 0.0401708148
vn -0.502266347 0.863779306 0.0401708148
vn -0.502266347 0.863779306 0.0401708148
vn -0.502266347 0.863779306 0.0401708148
vn 0.488982141 -0.872293532 0.000763487536
vn 0.488982081 -0.872293591 0.000763113145
vn 0.488985777 -0.872291446 0.000765928591
vn 0.488985926 -0.872291327 0.000766287441
vn -0.48785615 0.872924089 9.29172131e-07
vn -0.48785615 0.872924089 9.29172131e-07
vn -0.48785615 0.872924089 9.29172131e-07
vn -0.48785615 0.872924089 9.29172131e-07
vn 0.0278270859 0.0129793771 0.999528527
vn 0.0278270859 0.0129793771 0.999528527
vn 0.0278270859 0.0129793771 0.999528527
vn 0.0278270859 0.0129793771 0.999528527
vn -0.872928917 -0.487847298 1.03699779e-06
vn -0.872928917 -0.487847298 1.03699779e-06
vn -0.872928917 -0.487847298 1.03699779e-06
vn -0.872928917 -0.487847298 1.03699779e-06
vn -0.0466721058 0.019617334 -0.998717666
vn -0.0509492904 0.0234507807 -0.998425901
vn -0.0524933413 0.0160491616 -0.99849236
vn -0.0487855598 0.0233544726 -0.99853617
vn 0.934529424 0.355886012 2.69941097e-07
vn 0.934529424 0.355886012 2.69941097e-07
vn 0.934529424 0.355886012 2.69941097e-07
vn 0.934529424 0.355886012 2.69941097e-07
vn 0.713418067 0.597511888 -0.366079628
vn 0.713418067 0.597511888 -0.366079628
vn 0.713418067 0.597511888 -0.366079628
vn 0.713418067 0.597511888 -0.366079628
vn 0.713418067 0.597511888 -0.366079628
vn 0.00609035371 -0.993834376 -0.110707715
vn 0.00609035371 -0.993834376 -0.110707715
vn 0.00609035371 -0.993834376 -0.110707715
vn 0.00609035371 -0.993834376 -0.110707715
vn -0.766333163 0.00527223619 0.642421722
vn -0.776531458 0.00136867072 0.630077064
vn -0.759622455 0.00558539573 0.650340378
vn -0.751742661 0.0153444912 0.659278154
vn -0.76662457 0.00239740079 0.642091274
vn -0.747085392 -0.007819972 0.664682031
vn -0.764234304 0.00406825589 0.644925952
vn 0.726789236 -0.412229896 -0.549403429
vn 0.743930995 -0.420282125 -0.519547701
vn 0.736751795 -0.41739279 -0.531958997
vn 0.728756487 -0.414680839 -0.544934809
vn -0.00774776796 -0.352689028 -0.935708523
vn -0.00774776796 -0.352689028 -0.935708523
vn -0.00774776796 -0.352689028 -0.935708523
vn -0.00774776796 -0.352689028 -0.935708523
vn 0.0214894414 0.0204066392 -0.999560714
vn 0.0214894414 0.0204066392 -0.999560714
vn 0.0214894414 0.0204066392 -0.999560714
vn 0.0214894414 0.0204066392 -0.999560714
vn 0.0214894414 0.0204066392 -0.999560714
vn 0.0214894414 0.0204066392 -0.999560714
vn 0.0214894414 0.0204066392 -0.999560714
vn 0.0214894414 0.0204066392 -0.999560714
vn 0.0214894414 0.0204066392 -0.999560714
vn 0.87392354 0.0695604905 -0.481060326
vn 0.87392354 0.0695604905 -0.481060326
vn 0.87392354 0.0695604905 -0.481060326
vn 0.87392354 0.0695604905 -0.481060326
vn 0.752630532 0.496218562 -0.432798505
vn 0.735390127 0.494474649 -0.463353217
vn 0.741745532 0.496165454 -0.451257676
vn 0.757756293 0.496420741 -0.423523247
vn 0.0468245894 0.647420943 -0.760692835
vn 0.0468245894 0.647420943 -0.760692835
vn 0.0468245894 0.647420943 -0.760692835
vn 0.0468245894 0.647420943 -0.760692835
vn 0.0410606302 -0.0299518406 0.998707652
vn 0.0410606302 -0.0299518406 0.998707652
vn 0.0410606302 -0.0299518406 0.998707652
vn 0.0410606302 -0.0299518406 0.998707652
vn 0.0410606302 -0.0299518406 0.998707652
vn 0.0410606302 -0.0299518406 0.998707652
vn 0.0410606302 -0.0299518406 0.998707652
vn 0.691538692 0.138277024 -0.708980799
vn 0.6628353 0.0893094689 -0.743419886
vn 0.710758388 0.0527333021 -0.701456904
vn 0.65680027 -0.0602687523 -0.751652241
vn 0.664754033 0.0185702816 -0.746831417
vn 0.715387285 0.0592527948 -0.696211278
vn 0.713046193 0.044623021 -0.699695587
vn 0.0328650922 0.995548129 0.0883385688
vn 0.0328525603 0.995546877 0.0883566365
vn 0.0328625813 0.995554864 0.0882636309
vn 0.0328723677 0.995555699 0.0882503465
vn 0.811755955 0.0173994452 -0.583737552
vn 0.811763287 0.0167038981 -0.583747685
vn 0.811775267 0.0165756941 -0.583734751
vn 0.811763883 0.0177425444 -0.583716214
vn 0.57765919 -0.731168628 -0.362908095
vn 0.57765919 -0.731168628 -0.362908095
vn 0.57765919 -0.731168628 -0.362908095
vn 0.57765919 -0.731168628 -0.362908095
vn -0.318610042 0.929075718 -0.187898919
vn -0.317608356 0.928918839 -0.190354094
vn -0.320716739 0.928478122 -0.187267646
vn -0.316462994 0.928986728 -0.191924065
vn 0.230593577 0.96658808 0.111955993
vn 0.230593577 0.96658808 0.111955993
vn 0.230593577 0.96658808 0.111955993
vn 0.230593577 0.96658808 0.111955993
vn 0.0634991378 0.620085478 0.781960309
vn 0.055961296 0.6154598 0.786179185
vn 0.0475198403 0.619738281 0.783368647
vn 0.0506826788 0.614757836 0.787085891
vn -0.85404855 0.00251044659 -0.520187497
vn -0.854041934 0.00252118148 -0.520198226
vn -0.854044437 0.00251707621 -0.520194173
vn -0.854024172 0.0024876867 -0.520227611
vn 0.00116446416 0.999999046 0.000659594196
vn 0.0023209285 0.999997199 0.000285499031
vn -0.00183910457 0.999979198 0.00617810525
vn 0.00124034123 0.999997199 0.00198552641
vn -0.844848633 9.92300556e-07 -0.535005331
vn -0.844848633 7.08715288e-06 -0.535005331
vn -0.844771564 -4.23090296e-06 -0.535126805
vn -0.844745994 -6.06062167e-06 -0.535167396
vn 0.223847643 -0.941328585 -0.25257197
vn 0.224001437 -0.941405296 -0.252149493
vn 0.22384651 -0.94144398 -0.252142936
vn 0.223696709 -0.941350162 -0.252625376
vn 0.15284203 -0.7865448 0.598319709
vn 0.15189968 -0.786834955 0.598178208
vn 0.152242482 -0.786695659 0.598274231
vn 0.15278852 -0.786632657 0.598217905
vn 0.155240223 0.689212382 0.707733631
vn 0.155240223 0.689212382 0.707733631
vn 0.155240223 0.689212382 0.707733631
vn 0.155240223 0.689212382 0.707733631
vn 0.155240223 0.689212382 0.707733631
vn 0.178886712 -0.976465702 -0.12047527
vn 0.179723755 -0.976117611 -0.122040145
vn 0.180142522 -0.976354182 -0.119504303
vn 0.179075733 -0.976296723 -0.121558785
vn 0.764981449 -0.0239549596 0.643606663
vn 0.764981449 -0.0239549596 0.643606663
vn 0.764981449 -0.0239549596 0.643606663
vn 0.764981449 -0.0239549596 0.643606663
vn -0.115818053 -0.993233979 -0.00850310642
vn -0.116611898 -0.993126333 -0.0100851627
vn -0.114699364 -0.993352652 -0.00972095225
vn -0.114988193 -0.993321657 -0.00946609117
vn 0.473226786 0.731061757 -0.491533309
vn 0.473226786 0.731061757 -0.491533309
vn 0.473226786 0.731061757 -0.491533309
vn 0.473226786 0.731061757 -0.491533309
vn 0.473226786 0.731061757 -0.491533309
vn 0.473226786 0.731061757 -0.491533309
vn -0.0917261392 0.994244456 0.0553572066
vn -0.0917029828 0.994247437 0.0553429276
vn -0.0917011574 0.994252324 0.0552563183
vn -0.0916823596 0.994252861 0.0552793704
vn 0.568582177 -0.756770253 -0.322510421
vn 0.568582177 -0.756770253 -0.322510421
vn 0.568582177 -0.756770253 -0.322510421
vn 0.568582177 -0.756770253 -0.322510421
vn 0.683249414 0.650610864 -0.331475109
vn 0.683249414 0.650610864 -0.331475109
vn 0.683249414 0.650610864 -0.331475109
vn 0.683249414 0.650610864 -0.331475109
vn -0.00455328869 0.00285252277 -0.999985516
vn -0.00455328869 0.00285252277 -0.999985516
vn -0.00455328869 0.00285252277 -0.999985516
vn -0.00455328869 0.00285252277 -0.999985516
vn -0.00455328869 0.00285252277 -0.999985516
vn 0.891770244 -0.0428841822 -0.450451642
vn 0.891770244 -0.0428841822 -0.450451642
vn 0.891770244 -0.0428841822 -0.450451642
vn 0.891770244 -0.0428841822 -0.450451642
vn 0.0808041543 0.00552952057 0.996714592
vn 0.0816697925 0.00525120087 0.99664557
vn 0.0819162354 0.00523432065 0.996625423
vn 0.0823826417 0.0050057862 0.996588171
vn 0.081602931 0.00529245753 0.996650875
vn 0.0827753097 0.00493070064 0.996556044
vn -0.06005124 0.50264889 -0.86240238
vn -0.06005124 0.50264889 -0.86240238
vn -0.06005124 0.50264889 -0.86240238
vn -0.06005124 0.50264889 -0.86240238
vn -0.0827348456 -0.995832086 -0.0383837745
vn -0.0827348456 -0.995832086 -0.0383837745
vn -0.0827348456 -0.995832086 -0.0383837745
vn -0.0827348456 -0.995832086 -0.0383837745
vn -0.608649135 0.793144941 -0.0216149762
vn -0.619544864 0.784457088 -0.0281309374
vn -0.61453402 0.78857851 -0.0221787076
vn -0.608851373 0.793037117 -0.0198024809
vn 0.88082844 -0.343714207 -0.325579137
vn 0.88082844 -0.343714207 -0.325579137
vn 0.88082844 -0.343714207 -0.325579137
vn 0.88082844 -0.343714207 -0.325579137
vn 0.239040524 0.914082527 -0.327586174
vn 0.239040524 0.914082527 -0.327586174
vn 0.239040524 0.914082527 -0.327586174
vn 0.239040524 0.914082527 -0.327586174
vn -0.00756786251 0.00438041426 -0.999961734
vn -0.00756786251 0.00438041426 -0.999961734
vn -0.00756786251 0.00438041426 -0.999961734
vn -0.00756786251 0.00438041426 -0.999961734
vn -0.00756786251 0.00438041426 -0.999961734
vn 0.780594051 0.434089631 -0.449710041
vn 0.780594051 0.434089631 -0.449710041
vn 0.780594051 0.434089631 -0.449710041
vn 0.780594051 0.434089631 -0.449710041
vn 0.0646924525 0.0407923162 0.997071087
vn 0.0657026395 0.0410302654 0.99699527
vn 0.0657936409 0.0411175713 0.996985734
vn 0.0663894266 0.0411950462 0.996942997
vn 0.0654784068 0.0409846045 0.9970119
vn 0.0666668862 0.0412923619 0.996920466
vn -0.32830736 0.389305532 -0.860613406
vn -0.32830736 0.389305532 -0.860613406
vn -0.32830736 0.389305532 -0.860613406
vn -0.32830736 0.389305532 -0.860613406
vn 0.450586706 -0.89231056 -0.0274497718
vn 0.450586706 -0.89231056 -0.0274497718
vn 0.450586706 -0.89231056 -0.0274497718
vn 0.450586706 -0.89231056 -0.0274497718
vn -0.608708978 -0.637014151 0.472955108
vn -0.730644703 -0.540245593 0.417484254
vn -0.835030735 -0.45314905 0.312057018
vn -0.594135761 -0.648877323 0.475353718
vn 0.585003316 0.648511648 -0.487035722
vn 0.584008574 0.646158993 -0.491337538
vn 0.57807672 0.642004311 -0.503644347
vn 0.579196155 0.652923226 -0.488080889
vn 0.239035368 -0.914084852 -0.327583253
vn 0.239035368 -0.914084852 -0.327583253
vn 0.239035368 -0.914084852 -0.327583253
vn 0.239035368 -0.914084852 -0.327583253
vn -0.0075681149 -0.00438017026 -0.999961734
vn -0.0075681149 -0.00438017026 -0.999961734
vn -0.0075681149 -0.00438017026 -0.999961734
vn -0.0075681149 -0.00438017026 -0.999961734
vn -0.0075681149 -0.00438017026 -0.999961734
vn 0.78059274 -0.434090912 -0.449711144
vn 0.78059274 -0.434090912 -0.449711144
vn 0.78059274 -0.434090912 -0.449711144
vn 0.78059274 -0.434090912 -0.449711144
vn 0.0694060028 -0.0261148661 0.997246683
vn 0.0694060028 -0.0261148661 0.997246683
vn 0.0694060028 -0.0261148661 0.997246683
vn 0.0694060028 -0.0261148661 0.997246683
vn 0.0694060028 -0.0261148661 0.997246683
vn 0.0694060028 -0.0261148661 0.997246683
vn -0.0418892652 -0.320281208 -0.946395874
vn -0.0419782698 -0.317866683 -0.947205663
vn -0.0430143028 -0.312125057 -0.949066818
vn -0.0354943648 -0.338600516 -0.94026053
vn 0.0774303824 0.934994161 -0.346107721
vn 0.070145905 0.938922107 -0.336904764
vn 0.0609886646 0.943857551 -0.324674278
vn 0.0415781885 0.954584956 -0.295023471
vn 0.038312763 0.00209149974 0.999263644
vn 0.038312763 0.00209149974 0.999263644
vn 0.038312763 0.00209149974 0.999263644
vn 0.038312763 0.00209149974 0.999263644
vn 0.038312763 0.00209149974 0.999263644
vn 0.038312763 0.00209149974 0.999263644
vn 0.038312763 0.00209149974 0.999263644
vn -0.0958943442 0.822642922 0.560413182
vn -0.0764023736 0.819352031 0.568176866
vn -0.00506544346 0.841039598 0.540949941
vn -0.00903831422 0.832256496 0.554317236
vn 0.587534368 -0.809199274 0
vn 0.587534368 -0.809199274 0
vn 0.587534368 -0.809199274 0
vn 0.587534368 -0.809199274 0
vn -0.310186267 -0.678374469 -0.666027606
vn 0.248763382 -0.328714937 -0.911078095
vn 0.250567943 -0.328554034 -0.910641551
vn -0.212248787 -0.765194178 -0.607806265
vn -0.0383127369 -0.00209161662 -0.999263585
vn -0.0383127369 -0.00209161662 -0.999263585
vn -0.0383127369 -0.00209161662 -0.999263585
vn -0.0383127369 -0.00209161662 -0.999263585
vn -0.0383127369 -0.00209161662 -0.999263585
vn -0.0383127369 -0.00209161662 -0.999263585
vn -0.0383127369 -0.00209161662 -0.999263585
vn -0.553864658 -0.75648284 -0.34780398
vn -0.701103628 -0.711055696 0.0534162372
vn -0.719004869 -0.675257385 0.164497405
vn -0.369234145 -0.874288201 0.315097004
vn 0.211516857 0.917229354 0.337566018
vn 0.212776542 0.94326061 -0.25492242
vn 0.051134944 0.989391088 -0.135979652
vn 0.529108524 0.800931215 -0.280273438
vn 0.872154713 0.489230186 -2.16236162e-06
vn 0.872154713 0.489230186 -2.16236162e-06
vn 0.872154713 0.489230186 -2.16236162e-06
vn 0.872154713 0.489230186 -2.16236162e-06
vn -0.00613968261 0.999981105 0
vn -0.00613968261 0.999981105 0
vn -0.00613968261 0.999981105 0
vn -0.00613968261 0.999981105 0
vn 0.104550056 0.918990135 -0.380166233
vn 0.0943044573 0.943810642 -0.316745937
vn 0.428147495 0.901755393 0.0593877062
vn -0.265182376 0.962956786 -0.048910927
vn 0.834406257 0.551149786 2.08245456e-06
vn 0.834406257 0.551149786 2.08245456e-06
vn 0.834406257 0.551149786 2.08245456e-06
vn 0.834406257 0.551149786 2.08245456e-06
vn -0.86512655 -0.501553655 0
vn -0.86512655 -0.501553655 0
vn -0.86512655 -0.501553655 0
vn -0.86512655 -0.501553655 0
vn 0.735753536 -0.677249372 -2.05139418e-06
vn 0.735753536 -0.677249372 -2.05139418e-06
vn 0.735753536 -0.677249372 -2.05139418e-06
vn 0.735753536 -0.677249372 -2.05139418e-06
vn 0.0383129828 -0.00209184363 0.999263525
vn 0.0383129828 -0.00209184363 0.999263525
vn 0.0383129828 -0.00209184363 0.999263525
vn 0.0383129828 -0.00209184363 0.999263525
vn 0.0383129828 -0.00209184363 0.999263525
vn 0.0383129828 -0.00209184363 0.999263525
vn 0.0383129828 -0.00209184363 0.999263525
vn -0.0760230646 -0.837724447 0.540775537
vn -0.117756747 -0.841461957 0.527328253
vn 0.0054114759 -0.831810772 0.555032849
vn -0.00582945906 -0.830921173 0.556359529
vn 0.0662446022 0.997786224 -0.00586104253
vn 0.066221565 0.997802734 -0.00211215694
vn 0.0679619089 0.996539116 -0.0478639007
vn 0.0682628751 0.996320546 -0.0518233366
vn 0.296726197 0.191518128 -0.935561061
vn -0.0557196401 0.596169829 -0.800922573
vn 0.307933301 0.194174975 -0.931382477
vn -0.0557196401 0.596169829 -0.800922573
vn -0.038312871 0.00209180173 -0.999263525
vn -0.038312871 0.00209180173 -0.999263525
vn -0.038312871 0.00209180173 -0.999263525
vn -0.038312871 0.00209180173 -0.999263525
vn -0.038312871 0.00209180173 -0.999263525
vn -0.038312871 0.00209180173 -0.999263525
vn -0.038312871 0.00209180173 -0.999263525
vn -0.441372931 0.897323668 -5.83465066e-07
vn -0.441372931 0.897323668 -5.83465066e-07
vn -0.441372931 0.897323668 -5.83465066e-07
vn -0.441372931 0.897323668 -5.83465066e-07
vn 0.399306208 -0.916530967 0.0229247157
vn 0.410310864 -0.911945701 1.40565794e-06
vn 0.410310864 -0.911945701 1.40565794e-06
vn 0.158752814 -0.980260134 -0.117845759
vn 0.872155011 -0.489229709 0
vn 0.872155011 -0.489229709 0
vn 0.872155011 -0.489229709 0
vn 0.872155011 -0.489229709 0
vn -0.0700803995 -0.997541368 -0.000137868381
vn -0.0692876354 -0.997546256 -0.0100401603
vn -0.0692567676 -0.997546434 -0.0102322744
vn -0.0700792372 -0.997541368 -0.000413730886
vn 0.05318477 -0.998584688 6.06093806e-07
vn -0.472924352 -0.877312601 -0.081640996
vn 0.0788673609 -0.97720772 -0.197090998
vn 0.0908538029 -0.956009209 -0.278912067
vn 0.834408045 -0.551147223 -4.96675e-07
vn 0.834408045 -0.551147223 -4.96675e-07
vn 0.834408045 -0.551147223 -4.96675e-07
vn 0.834408045 -0.551147223 -4.96675e-07
vn -0.865125835 0.501554728 0
vn -0.865125835 0.501554728 0
vn -0.865125835 0.501554728 0
vn -0.865125835 0.501554728 0
vn 0.243043482 0.969996691 0.00603597285
vn 0.2430439 0.969995856 0.00615794212
vn 0.243023992 0.970017552 0.0023642797
vn 0.243023545 0.970018387 0.00201161532
f 1/1/1 2/2/2 3/3/3
f 1/1/1 4/4/4 2/2/2
f 5/5/5 6/6/6 7/7/7
f 5/5/5 7/7/7 8/8/8
f 9/9/9 10/10/10 11/11/11
f 10/10/10 9/9/9 12/12/12
f 13/13/13 14/14/14 15/15/15
f 14/14/14 13/13/13 16/16/16
f 17/17/17 18/18/18 19/19/19
f 18/18/18 20/20/20 21/21/21
f 20/20/20 18/18/18 17/17/17
f 22/22/22 21/21/21 20/20/20
f 23/23/23 24/24/24 25/25/25
f 24/24/24 23/23/23 26/26/26
f 27/27/27 28/28/28 29/29/29
f 28/28/28 27/27/27 30/30/30
f 30/30/30 27/27/27 31/31/31
f 32/32/32 33/33/33 34/34/34
f 34/34/34 35/35/35 32/32/32
f 36/36/36 37/37/37 38/38/38
f 39/39/39 36/36/36 40/40/40
f 37/37/37 36/36/36 39/39/39
f 41/41/41 42/42/42 43/43/43
f 43/43/43 42/42/42 44/44/44
f 45/45/45 46/46/46 47/47/47
f 48/48/48 46/46/46 45/45/45
f 49/49/49 50/50/50 51/51/51
f 50/50/50 49/49/49 52/52/52
f 53/53/53 54/54/54 55/55/55
f 54/54/54 53/53/53 56/56/56
f 57/57/57 58/58/58 59/59/59
f 58/58/58 57/57/57 60/60/60
f 60/60/60 61/61/61 62/62/62
f 61/61/61 60/60/60 57/57/57
f 63/63/63 64/64/64 65/65/65
f 63/63/63 65/65/65 66/66/66
f 67/67/67 68/68/68 69/69/69
f 67/67/67 69/69/69 70/70/70
f 68/68/68 67/67/67 71/71/71
f 72/72/72 73/73/73 74/74/74
f 75/75/75 76/76/76 77/77/77
f 76/76/76 78/78/78 79/79/79
f 76/76/76 75/75/75 78/78/78
f 80/80/80 81/81/81 82/82/82
f 81/81/81 80/80/80 83/83/83
f 84/84/84 85/85/85 86/86/86
f 86/86/86 87/87/87 84/84/84
f 88/88/88 89/89/89 90/90/90
f 89/89/89 88/88/88 91/91/91
f 92/92/92 93/93/93 94/94/94
f 93/93/93 92/92/92 95/95/95
f 94/94/94 93/93/93 96/96/96
f 97/97/97 98/98/98 99/99/99
f 98/98/98 97/97/97 100/100/100
f 101/101/101 102/102/102 103/103/103
f 102/102/102 101/101/101 104/104/104
f 105/105/105 103/103/103 106/106/106
f 101/101/101 103/103/103 105/105/105
f 107/107/107 108/108/108 109/109/109
f 107/107/107 109/109/109 110/110/110
f 111/111/111 112/112/112 113/113/113
f 112/112/112 111/111/111 114/114/114
f 115/115/115 116/116/116 117/117/117
f 116/116/116 115/115/115 118/118/118
f 119/119/119 120/120/120 121/121/121
f 122/122/122 121/121/121 120/120/120
f 123/123/123 124/124/124 125/125/125
f 124/124/124 123/123/123 126/126/126
f 127/127/127 128/128/128 129/129/129
f 128/128/128 127/127/127 130/130/130
f 127/127/127 129/129/129 131/131/131
f 132/132/132 133/133/133 134/134/134
f 133/133/133 132/132/132 135/135/135
f 136/136/136 137/137/137 138/138/138
f 138/138/138 137/137/137 139/139/139
f 137/137/137 136/136/136 140/140/140
f 138/138/138 139/139/139 141/141/141
f 142/142/142 143/143/143 144/144/144
f 145/145/145 144/144/144 143/143/143
f 146/146/146 147/147/147 148/148/148
f 147/147/147 146/146/146 149/149/149
f 150/150/150 151/151/151 152/152/152
f 153/153/153 154/154/154 152/152/152
f 152/152/152 151/151/151 153/153/153
f 152/152/152 155/155/155 150/150/150
f 152/152/152 154/154/154 156/156/156
f 157/157/157 158/158/158 159/159/159
f 159/159/159 160/160/160 157/157/157
f 161/161/161 162/162/162 163/163/163
f 164/164/164 162/162/162 161/161/161
f 165/165/165 166/166/166 167/167/167
f 168/168/168 167/167/167 166/166/166
f 169/169/169 170/170/170 171/171/171
f 172/172/172 170/170/170 173/173/173
f 170/170/170 169/169/169 174/174/174
f 170/170/170 174/174/174 175/175/175
f 170/170/170 172/172/172 171/171/171
f 176/176/176 177/177/177 178/178/178
f 178/178/178 179/179/179 176/176/176
f 180/180/180 181/181/181 182/182/182
f 181/181/181 180/180/180 183/183/183
f 184/184/184 185/185/185 186/186/186
f 185/185/185 187/187/187 186/186/186
f 188/188/188 189/189/189 190/190/190
f 189/189/189 188/188/188 191/191/191
f 192/192/192 193/193/193 194/194/194
f 194/194/194 193/193/193 195/195/195
f 196/196/196 197/197/197 198/198/198
f 197/197/197 196/196/196 199/199/199
f 200/200/200 201/201/201 202/202/202
f 201/201/201 200/200/200 203/203/203
f 204/204/204 205/205/205 206/206/206
f 205/205/205 204/204/204 207/207/207
f 208/208/208 209/209/209 210/210/210
f 211/211/211 209/209/209 212/212/212
f 209/209/209 208/208/208 213/213/213
f 209/209/209 213/213/213 214/214/214
f 209/209/209 211/211/211 210/210/210
f 215/215/215 216/216/216 217/217/217
f 218/218/218 217/217/217 216/216/216
f 219/219/219 220/220/220 221/221/221
f 219/219/219 221/221/221 222/222/222
f 223/223/223 224/224/224 225/225/225
f 225/225/225 226/226/226 223/223/223
f 227/227/227 228/228/228 229/229/229
f 230/230/230 231/231/231 229/229/229
f 229/229/229 228/228/228 230/230/230
f 229/229/229 232/232/232 227/227/227
f 229/229/229 231/231/231 233/233/233
f 234/234/234 235/235/235 236/236/236
f 237/237/237 235/235/235 234/234/234
f 238/238/238 239/239/239 240/240/240
f 239/239/239 238/238/238 241/241/241
f 242/242/242 243/243/243 244/244/244
f 243/243/243 242/242/242 245/245/245
f 246/246/246 247/247/247 248/248/248
f 247/247/247 246/246/246 249/249/249
f 250/250/250 251/251/251 252/252/252
f 250/250/250 252/252/252 253/253/253
f 254/254/254 255/255/255 256/256/256
f 255/255/255 254/254/254 257/257/257
f 258/258/258 259/259/259 260/260/260
f 259/259/259 258/258/258 261/261/261
f 262/262/262 263/263/263 264/264/264
f 263/263/263 262/262/262 265/265/265
f 266/266/266 267/267/267 268/268/268
f 267/267/267 266/266/266 269/269/269
f 270/270/270 271/271/271 272/272/272
f 271/271/271 270/270/270 273/273/273
f 274/274/274 275/275/275 276/276/276
f 275/275/275 274/274/274 277/277/277
f 278/278/278 279/279/279 280/280/280
f 279/279/279 278/278/278 281/281/281
f 282/282/282 283/283/283 284/284/284
f 283/283/283 282/282/282 285/285/285
f 286/286/286 287/287/287 288/288/288
f 287/287/287 286/286/286 289/289/289
f 290/290/290 291/291/291 292/292/292
f 291/291/291 290/290/290 293/293/293
f 294/294/294 295/295/295 296/296/296
f 295/295/295 294/294/294 297/297/297
f 298/298/298 299/299/299 300/300/300
f 299/299/299 298/298/298 301/301/301
f 302/302/302 303/303/303 304/304/304
f 303/303/303 302/302/302 305/305/305
f 306/306/306 307/307/307 308/308/308
f 307/307/307 306/306/306 309/309/309
f 310/310/310 311/311/311 312/312/312
f 311/311/311 310/310/310 313/313/313
f 314/314/314 315/315/315 316/316/316
f 315/315/315 314/314/314 317/317/317
f 318/318/318 319/319/319 320/320/320
f 319/319/319 318/318/318 321/321/321
f 322/322/322 323/323/323 324/324/324
f 323/323/323 322/322/322 325/325/325
f 326/326/326 327/327/327 328/328/328
f 327/327/327 326/326/326 329/329/329
f 330/330/330 331/331/331 332/332/332
f 331/331/331 330/330/330 333/333/333
f 334/334/334 335/335/335 336/336/336
f 335/335/335 334/334/334 337/337/337
f 338/338/338 339/339/339 340/340/340
f 339/339/339 338/338/338 341/341/341
f 342/342/342 343/343/343 344/344/344
f 343/343/343 342/342/342 345/345/345
f 346/346/346 347/347/347 348/348/348
f 347/347/347 346/346/346 349/349/349
f 350/350/350 351/351/351 352/352/352
f 351/351/351 350/350/350 353/353/353
f 354/354/354 355/355/355 356/356/356
f 356/356/356 355/355/355 357/357/357
f 358/358/358 359/359/359 360/360/360
f 359/359/359 358/358/358 361/361/361
f 362/362/362 363/363/363 364/364/364
f 363/363/363 362/362/362 365/365/365
f 366/366/366 367/367/367 368/368/368
f 368/368/368 367/367/367 369/369/369
f 370/370/370 371/371/371 372/372/372
f 371/371/371 370/370/370 373/373/373
f 374/374/374 375/375/375 376/376/376
f 376/376/376 375/375/375 377/377/377
f 378/378/378 379/379/379 380/380/380
f 379/379/379 378/378/378 381/381/381
f 382/382/382 383/383/383 384/384/384
f 383/383/383 382/382/382 385/385/385
f 386/386/386 387/387/387 388/388/388
f 389/389/389 388/388/388 387/387/387
f 390/390/390 391/391/391 392/392/392
f 391/391/391 390/390/390 393/393/393
f 394/394/394 395/395/395 396/396/396
f 395/395/395 394/394/394 397/397/397
f 398/398/398 399/399/399 400/400/400
f 399/399/399 401/401/401 402/402/402
f 401/401/401 399/399/399 398/398/398
f 403/403/403 404/404/404 405/405/405
f 406/406/406 404/404/404 407/407/407
f 404/404/404 406/406/406 405/405/405
f 408/408/408 409/409/409 410/410/410
f 409/409/409 408/408/408 411/411/411
f 412/412/412 413/413/413 414/414/414
f 412/412/412 414/414/414 415/415/415
f 416/416/416 417/417/417 418/418/418
f 419/419/419 420/420/420 421/421/421
f 419/419/419 421/421/421 422/422/422
f 420/420/420 419/419/419 423/423/423
f 424/424/424 425/425/425 426/426/426
f 427/427/427 425/425/425 424/424/424
f 428/428/428 429/429/429 430/430/430
f 428/428/428 430/430/430 431/431/431
f 432/432/432 430/430/430 429/429/429
f 433/433/433 434/434/434 435/435/435
f 434/434/434 433/433/433 436/436/436
f 437/437/437 438/438/438 439/439/439
f 438/438/438 437/437/437 440/440/440
f 441/441/441 442/442/442 443/443/443
f 442/442/442 441/441/441 444/444/444
f 445/445/445 446/446/446 447/447/447
f 446/446/446 445/445/445 448/448/448
f 449/449/449 450/450/450 451/451/451
f 452/452/452 451/451/451 450/450/450
f 450/450/450 453/453/453 452/452/452
f 454/454/454 455/455/455 456/456/456
f 456/456/456 455/455/455 457/457/457
f 458/458/458 459/459/459 460/460/460
f 459/459/459 458/458/458 461/461/461
f 462/462/462 463/463/463 464/464/464
f 465/465/465 466/466/466 462/462/462
f 462/462/462 467/467/467 465/465/465
f 463/463/463 462/462/462 466/466/466
f 468/468/468 469/469/469 470/470/470
f 471/471/471 472/472/472 473/473/473
f 473/473/473 472/472/472 474/474/474
f 475/475/475 476/476/476 477/477/477
f 478/478/478 479/479/479 480/480/480
f 479/479/479 478/478/478 481/481/481
f 482/482/482 483/483/483 484/484/484
f 485/485/485 484/484/484 483/483/483
f 486/486/486 487/487/487 488/488/488
f 487/487/487 486/486/486 489/489/489
f 490/490/490 491/491/491 492/492/492
f 491/491/491 490/490/490 493/493/493
f 494/494/494 495/495/495 496/496/496
f 495/495/495 494/494/494 497/497/497
f 498/498/498 499/499/499 500/500/500
f 500/500/500 499/499/499 501/501/501
f 502/502/502 503/503/503 504/504/504
f 503/503/503 502/502/502 505/505/505
f 506/506/506 507/507/507 508/508/508
f 507/507/507 509/509/509 508/508/508
f 510/510/510 511/511/511 512/512/512
f 511/511/511 510/510/510 513/513/513
f 514/514/514 515/515/515 516/516/516
f 516/516/516 515/515/515 517/517/517
f 518/518/518 519/519/519 520/520/520
f 519/519/519 521/521/521 520/520/520
f 522/522/522 523/523/523 524/524/524
f 523/523/523 522/522/522 525/525/525
f 526/526/526 527/527/527 528/528/528
f 527/527/527 526/526/526 529/529/529
f 530/530/530 531/531/531 532/532/532
f 531/531/531 530/530/530 533/533/533
f 534/534/534 535/535/535 536/536/536
f 535/535/535 534/534/534 537/537/537
f 538/538/538 539/539/539 540/540/540
f 539/539/539 538/538/538 541/541/541
f 542/542/542 543/543/543 544/544/544
f 544/544/544 543/543/543 545/545/545
f 546/546/546 547/547/547 548/548/548
f 548/548/548 547/547/547 549/549/549
f 550/550/550 551/551/551 552/552/552
f 551/551/551 550/550/550 553/553/553
f 554/554/554 555/555/555 556/556/556
f 555/555/555 554/554/554 557/557/557
f 558/558/558 559/559/559 560/560/560
f 559/559/559 558/558/558 561/561/561
f 562/562/562 563/563/563 564/564/564
f 563/563/563 562/562/562 565/565/565
f 566/566/566 567/567/567 568/568/568
f 566/566/566 568/568/568 569/569/569
f 570/570/570 571/571/571 572/572/572
f 570/570/570 572/572/572 573/573/573
f 574/574/574 575/575/575 576/576/576
f 576/576/576 577/577/577 574/574/574
f 578/578/578 579/579/579 580/580/580
f 579/579/579 578/578/578 581/581/581
f 582/582/582 583/583/583 584/584/584
f 582/582/582 584/584/584 585/585/585
f 586/586/586 587/587/587 588/588/588
f 586/586/586 588/588/588 589/589/589
f 590/590/590 591/591/591 592/592/592
f 591/591/591 590/590/590 593/593/593
f 594/594/594 595/595/595 596/596/596
f 595/595/595 594/594/594 597/597/597
f 598/598/598 599/599/599 600/600/600
f 599/599/599 598/598/598 601/601/601
f 602/602/602 603/603/603 604/604/604
f 603/603/603 602/602/602 605/605/605
f 602/602/602 604/604/604 606/606/606
f 607/607/607 608/608/608 609/609/609
f 608/608/608 607/607/607 610/610/610
f 609/609/609 608/608/608 611/611/611
f 612/612/612 613/613/613 614/614/614
f 613/613/613 612/612/612 615/615/615
f 616/616/616 617/617/617 618/618/618
f 617/617/617 616/616/616 619/619/619
f 620/620/620 621/621/621 622/622/622
f 623/623/623 624/624/624 625/625/625
f 626/626/626 623/623/623 627/627/627
f 624/624/624 623/623/623 626/626/626
f 628/628/628 629/629/629 630/630/630
f 628/628/628 630/630/630 631/631/631
f 632/632/632 633/633/633 634/634/634
f 634/634/634 635/635/635 632/632/632
f 634/634/634 633/633/633 636/636/636
f 637/637/637 638/638/638 639/639/639
f 638/638/638 637/637/637 640/640/640
f 641/641/641 642/642/642 643/643/643
f 642/642/642 641/641/641 644/644/644
f 645/645/645 646/646/646 647/647/647
f 646/646/646 645/645/645 648/648/648
f 649/649/649 650/650/650 651/651/651
f 650/650/650 649/649/649 652/652/652
f 653/653/653 654/654/654 655/655/655
f 654/654/654 653/653/653 656/656/656
f 656/656/656 657/657/657 654/654/654
f 658/658/658 659/659/659 660/660/660
f 660/660/660 661/661/661 658/658/658
f 662/662/662 663/663/663 664/664/664
f 663/663/663 662/662/662 665/665/665
f 666/666/666 667/667/667 668/668/668
f 667/667/667 669/669/669 670/670/670
f 667/667/667 671/671/671 668/668/668
f 669/669/669 667/667/667 666/666/666
f 672/672/672 673/673/673 674/674/674
f 675/675/675 676/676/676 677/677/677
f 675/675/675 677/677/677 678/678/678
f 679/679/679 680/680/680 681/681/681
f 682/682/682 683/683/683 684/684/684
f 683/683/683 682/682/682 685/685/685
f 686/686/686 687/687/687 688/688/688
f 688/688/688 689/689/689 686/686/686
f 690/690/690 691/691/691 692/692/692
f 691/691/691 690/690/690 693/693/693
f 694/694/694 695/695/695 696/696/696
f 695/695/695 694/694/694 697/697/697
f 698/698/698 699/699/699 700/700/700
f 701/701/701 700/700/700 699/699/699
f 702/702/702 703/703/703 704/704/704
f 704/704/704 705/705/705 702/702/702
f 706/706/706 707/707/707 708/708/708
f 707/707/707 706/706/706 709/709/709
f 710/710/710 711/711/711 712/712/712
f 711/711/711 710/710/710 713/713/713
f 714/714/714 715/715/715 716/716/716
f 715/715/715 714/714/714 717/717/717
f 718/718/718 719/719/719 720/720/720
f 720/720/720 721/721/721 718/718/718
f 722/722/722 723/723/723 724/724/724
f 723/723/723 722/722/722 725/725/725
f 726/726/726 727/727/727 728/728/728
f 727/727/727 726/726/726 729/729/729
f 730/730/730 731/731/731 732/732/732
f 731/731/731 730/730/730 733/733/733
f 734/734/734 735/735/735 736/736/736
f 735/735/735 734/734/734 737/737/737
f 738/738/738 739/739/739 740/740/740
f 739/739/739 738/738/738 741/741/741
f 742/742/742 743/743/743 744/744/744
f 743/743/743 742/742/742 745/745/745
f 746/746/746 747/747/747 748/748/748
f 748/748/748 749/749/749 746/746/746
f 750/750/750 751/751/751 752/752/752
f 752/752/752 753/753/753 750/750/750
f 754/754/754 755/755/755 756/756/756
f 755/755/755 754/754/754 757/757/757
f 758/758/758 759/759/759 760/760/760
f 759/759/759 758/758/758 761/761/761
f 762/762/762 763/763/763 764/764/764
f 763/763/763 762/762/762 765/765/765
f 766/766/766 767/767/767 768/768/768
f 767/767/767 766/766/766 769/769/769
f 770/770/770 771/771/771 772/772/772
f 771/771/771 773/773/773 774/774/774
f 771/771/771 775/775/775 773/773/773
f 770/770/770 776/776/776 775/775/775
f 775/775/775 771/771/771 770/770/770
f 777/777/777 778/778/778 779/779/779
f 780/780/780 781/781/781 782/782/782
f 781/781/781 780/780/780 783/783/783
f 783/783/783 779/779/779 778/778/778
f 779/779/779 783/783/783 780/780/780
f 778/778/778 777/777/777 784/784/784
f 782/782/782 785/785/785 786/786/786
f 785/785/785 782/782/782 781/781/781
f 787/787/787 788/788/788 789/789/789
f 789/789/789 790/790/790 791/791/791
f 792/792/792 793/793/793 794/794/794
f 788/788/788 787/787/787 792/792/792
f 795/795/795 794/794/794 793/793/793
f 793/793/793 796/796/796 795/795/795
f 793/793/793 792/792/792 787/787/787
f 790/790/790 789/789/789 788/788/788
f 797/797/797 798/798/798 799/799/799
f 800/800/800 801/801/801 802/802/802
f 803/803/803 804/804/804 805/805/805
f 798/798/798 797/797/797 806/806/806
f 802/802/802 801/801/801 799/799/799
f 804/804/804 800/800/800 805/805/805
f 801/801/801 800/800/800 804/804/804
f 799/799/799 801/801/801 797/797/797
f 807/807/807 808/808/808 809/809/809
f 810/810/810 811/811/811 808/808/808
f 807/807/807 810/810/810 808/808/808
f 812/812/812 807/807/807 813/813/813
f 812/812/812 813/813/813 814/814/814
f 809/809/809 813/813/813 807/807/807
f 815/815/815 816/816/816 817/817/817
f 818/818/818 819/819/819 820/820/820
f 817/817/817 821/821/821 815/815/815
f 819/819/819 817/817/817 816/816/816
f 818/818/818 817/817/817 819/819/819
f 815/815/815 821/821/821 822/822/822
f 823/823/823 824/824/824 825/825/825
f 826/826/826 824/824/824 823/823/823
f 826/826/826 823/823/823 827/827/827
f 828/828/828 829/829/829 830/830/830
f 831/831/831 830/830/830 829/829/829
f 831/831/831 829/829/829 832/832/832
f 833/833/833 834/834/834 835/835/835
f 836/836/836 837/837/837 838/838/838
f 839/839/839 837/837/837 840/840/840
f 841/841/841 835/835/835 834/834/834
f 834/834/834 842/842/842 841/841/841
f 834/834/834 833/833/833 839/839/839
f 837/837/837 836/836/836 840/840/840
f 837/837/837 839/839/839 833/833/833
f 843/843/843 844/844/844 845/845/845
f 843/843/843 845/845/845 846/846/846
f 845/845/845 844/844/844 847/847/847
f 848/848/848 849/849/849 850/850/850
f 851/851/851 849/849/849 848/848/848
f 851/851/851 848/848/848 852/852/852
f 853/853/853 854/854/854 855/855/855
f 855/855/855 854/854/854 856/856/856
f 857/857/857 853/853/853 858/858/858
f 853/853/853 855/855/855 858/858/858
f 859/859/859 853/853/853 857/857/857
f 857/857/857 860/860/860 859/859/859
f 861/861/861 862/862/862 863/863/863
f 864/864/864 863/863/863 862/862/862
f 865/865/865 864/864/864 866/866/866
f 867/867/867 865/865/865 868/868/868
f 867/867/867 864/864/864 865/865/865
f 864/864/864 862/862/862 866/866/866
f 869/869/869 870/870/870 871/871/871
f 870/870/870 872/872/872 873/873/873
f 870/870/870 874/874/874 872/872/872
f 869/869/869 875/875/875 874/874/874
f 874/874/874 870/870/870 869/869/869
f 876/876/876 877/877/877 878/878/878
f 876/876/876 879/879/879 880/880/880
f 881/881/881 878/878/878 877/877/877
f 877/877/877 880/880/880 882/882/882
f 877/877/877 876/876/876 880/880/880
f 883/883/883 884/884/884 885/885/885
f 886/886/886 883/883/883 887/887/887
f 883/883/883 888/888/888 887/887/887
f 889/889/889 884/884/884 886/886/886
f 883/883/883 886/886/886 884/884/884
f 890/890/890 891/891/891 892/892/892
f 891/891/891 890/890/890 893/893/893
f 894/894/894 895/895/895 896/896/896
f 896/896/896 897/897/897 894/894/894
f 898/898/898 899/899/899 900/900/900
f 900/900/900 901/901/901 898/898/898
f 902/902/902 903/903/903 904/904/904
f 903/903/903 902/902/902 905/905/905
f 906/906/906 907/907/907 908/908/908
f 907/907/907 906/906/906 909/909/909
f 910/910/910 911/911/911 912/912/912
f 911/911/911 910/910/910 913/913/913
f 914/914/914 915/915/915 916/916/916
f 915/915/915 914/914/914 917/917/917
f 918/918/918 919/919/919 920/920/920
f 919/919/919 918/918/918 921/921/921
f 922/922/922 923/923/923 924/924/924
f 923/923/923 922/922/922 925/925/925
f 926/926/926 927/927/927 928/928/928
f 928/928/928 927/927/927 929/929/929
f 930/930/930 931/931/931 932/932/932
f 932/932/932 931/931/931 933/933/933
f 934/934/934 935/935/935 936/936/936
f 935/935/935 934/934/934 937/937/937
f 938/938/938 939/939/939 940/940/940
f 939/939/939 938/938/938 941/941/941
f 942/942/942 943/943/943 944/944/944
f 943/943/943 942/942/942 945/945/945
f 946/946/946 947/947/947 948/948/948
f 947/947/947 946/946/946 949/949/949
f 950/950/950 951/951/951 952/952/952
f 953/953/953 952/952/952 951/951/951
f 954/954/954 955/955/955 956/956/956
f 956/956/956 957/957/957 954/954/954
f 958/958/958 959/959/959 960/960/960
f 959/959/959 958/958/958 961/961/961
f 962/962/962 963/963/963 964/964/964
f 964/964/964 963/963/963 965/965/965
f 966/966/966 967/967/967 968/968/968
f 967/967/967 966/966/966 969/969/969
f 970/970/970 971/971/971 972/972/972
f 971/971/971 973/973/973 972/972/972
f 974/974/974 975/975/975 976/976/976
f 976/976/976 977/977/977 974/974/974
f 978/978/978 979/979/979 980/980/980
f 979/979/979 978/978/978 981/981/981
f 982/982/982 983/983/983 984/984/984
f 984/984/984 983/983/983 985/985/985
f 986/986/986 987/987/987 988/988/988
f 987/987/987 986/986/986 989/989/989
f 989/989/989 986/986/986 990/990/990
f 988/988/988 987/987/987 991/991/991
f 992/992/992 993/993/993 994/994/994
f 995/995/995 996/996/996 997/997/997
f 997/997/997 998/998/998 995/995/995
f 999/999/999 1000/1000/1000 1001/1001/1001
f 1001/1001/1001 1002/1002/1002 999/999/999
f 1003/1003/1003 1004/1004/1004 1005/1005/1005
f 1003/1003/1003 1006/1006/1006 1004/1004/1004
f 1007/1007/1007 1008/1008/1008 1009/1009/1009
f 1008/1008/1008 1010/1010/1010 1011/1011/1011
f 1010/1010/1010 1008/1008/1008 1007/1007/1007
f 1012/1012/1012 1013/1013/1013 1014/1014/1014
f 1015/1015/1015 1014/1014/1014 1013/1013/1013
f 1016/1016/1016 1017/1017/1017 1018/1018/1018
f 1017/1017/1017 1016/1016/1016 1019/1019/1019
f 1020/1020/1020 1021/1021/1021 1022/1022/1022
f 1020/1020/1020 1022/1022/1022 1023/1023/1023
f 1024/1024/1024 1025/1025/1025 1026/1026/1026
f 1027/1027/1027 1026/1026/1026 1025/1025/1025
f 1028/1028/1028 1029/1029/1029 1030/1030/1030
f 1029/1029/1029 1028/1028/1028 1031/1031/1031
f 1032/1032/1032 1033/1033/1033 1034/1034/1034
f 1033/1033/1033 1032/1032/1032 1035/1035/1035
f 1036/1036/1036 1037/1037/1037 1038/1038/1038
f 1039/1039/1039 1038/1038/1038 1037/1037/1037
f 1040/1040/1040 1041/1041/1041 1042/1042/1042
f 1041/1041/1041 1040/1040/1040 1043/1043/1043
f 1044/1044/1044 1045/1045/1045 1046/1046/1046
f 1045/1045/1045 1044/1044/1044 1047/1047/1047
f 1048/1048/1048 1049/1049/1049 1050/1050/1050
f 1049/1049/1049 1048/1048/1048 1051/1051/1051
f 1052/1052/1052 1053/1053/1053 1054/1054/1054
f 1052/1052/1052 1054/1054/1054 1055/1055/1055
f 1056/1056/1056 1057/1057/1057 1058/1058/1058
f 1059/1059/1059 1058/1058/1058 1057/1057/1057
f 1060/1060/1060 1061/1061/1061 1062/1062/1062
f 1063/1063/1063 1062/1062/1062 1061/1061/1061
f 1064/1064/1064 1065/1065/1065 1066/1066/1066
f 1065/1065/1065 1064/1064/1064 1067/1067/1067
f 1066/1066/1066 1065/1065/1065 1068/1068/1068
f 1069/1069/1069 1070/1070/1070 1071/1071/1071
f 1070/1070/1070 1069/1069/1069 1072/1072/1072
f 1069/1069/1069 1073/1073/1073 1072/1072/1072
f 1074/1074/1074 1075/1075/1075 1076/1076/1076
f 1076/1076/1076 1077/1077/1077 1074/1074/1074
f 1078/1078/1078 1079/1079/1079 1080/1080/1080
f 1079/1079/1079 1078/1078/1078 1081/1081/1081
f 1082/1082/1082 1083/1083/1083 1084/1084/1084
f 1084/1084/1084 1085/1085/1085 1082/1082/1082
f 1086/1086/1086 1087/1087/1087 1088/1088/1088
f 1087/1087/1087 1086/1086/1086 1089/1089/1089
f 1090/1090/1090 1091/1091/1091 1092/1092/1092
f 1091/1091/1091 1090/1090/1090 1093/1093/1093
f 1094/1094/1094 1095/1095/1095 1096/1096/1096
f 1095/1095/1095 1094/1094/1094 1097/1097/1097
f 1098/1098/1098 1099/1099/1099 1100/1100/1100
f 1099/1099/1099 1098/1098/1098 1101/1101/1101
f 1102/1102/1102 1103/1103/1103 1104/1104/1104
f 1103/1103/1103 1102/1102/1102 1105/1105/1105
f 1106/1106/1106 1107/1107/1107 1108/1108/1108
f 1107/1107/1107 1106/1106/1106 1109/1109/1109
f 1110/1110/1110 1111/1111/1111 1112/1112/1112
f 1110/1110/1110 1113/1113/1113 1111/1111/1111
f 1114/1114/1114 1115/1115/1115 1116/1116/1116
f 1116/1116/1116 1117/1117/1117 1114/1114/1114
f 1118/1118/1118 1119/1119/1119 1120/1120/1120
f 1119/1119/1119 1118/1118/1118 1121/1121/1121
f 1122/1122/1122 1123/1123/1123 1124/1124/1124
f 1123/1123/1123 1122/1122/1122 1125/1125/1125
f 1122/1122/1122 1126/1126/1126 1125/1125/1125
f 1127/1127/1127 1128/1128/1128 1129/1129/1129
f 1128/1128/1128 1127/1127/1127 1130/1130/1130
f 1131/1131/1131 1132/1132/1132 1133/1133/1133
f 1132/1132/1132 1134/1134/1134 1135/1135/1135
f 1134/1134/1134 1132/1132/1132 1136/1136/1136
f 1132/1132/1132 1131/1131/1131 1136/1136/1136
f 1133/1133/1133 1132/1132/1132 1137/1137/1137
f 1138/1138/1138 1139/1139/1139 1140/1140/1140
f 1138/1138/1138 1140/1140/1140 1141/1141/1141
f 1142/1142/1142 1143/1143/1143 1144/1144/1144
f 1144/1144/1144 1145/1145/1145 1142/1142/1142
f 1146/1146/1146 1147/1147/1147 1148/1148/1148
f 1149/1149/1149 1150/1150/1150 1151/1151/1151
f 1150/1150/1150 1152/1152/1152 1153/1153/1153
f 1150/1150/1150 1154/1154/1154 1152/1152/1152
f 1149/1149/1149 1146/1146/1146 1150/1150/1150
f 1150/1150/1150 1153/1153/1153 1151/1151/1151
f 1147/1147/1147 1146/1146/1146 1149/1149/1149
f 1155/1155/1155 1156/1156/1156 1157/1157/1157
f 1156/1156/1156 1155/1155/1155 1158/1158/1158
f 1159/1159/1159 1160/1160/1160 1161/1161/1161
f 1160/1160/1160 1159/1159/1159 1162/1162/1162
f 1163/1163/1163 1164/1164/1164 1165/1165/1165
f 1163/1163/1163 1165/1165/1165 1166/1166/1166
f 1167/1167/1167 1168/1168/1168 1169/1169/1169
f 1169/1169/1169 1168/1168/1168 1170/1170/1170
f 1169/1169/1169 1170/1170/1170 1171/1171/1171
f 1169/1169/1169 1172/1172/1172 1167/1167/1167
f 1169/1169/1169 1171/1171/1171 1173/1173/1173
f 1174/1174/1174 1175/1175/1175 1176/1176/1176
f 1175/1175/1175 1174/1174/1174 1177/1177/1177
f 1178/1178/1178 1177/1177/1177 1174/1174/1174
f 1177/1177/1177 1178/1178/1178 1179/1179/1179
f 1178/1178/1178 1174/1174/1174 1180/1180/1180
f 1181/1181/1181 1182/1182/1182 1183/1183/1183
f 1182/1182/1182 1181/1181/1181 1184/1184/1184
f 1185/1185/1185 1186/1186/1186 1187/1187/1187
f 1186/1186/1186 1185/1185/1185 1188/1188/1188
f 1189/1189/1189 1190/1190/1190 1191/1191/1191
f 1191/1191/1191 1192/1192/1192 1189/1189/1189
f 1193/1193/1193 1194/1194/1194 1195/1195/1195
f 1194/1194/1194 1193/1193/1193 1196/1196/1196
f 1197/1197/1197 1198/1198/1198 1199/1199/1199
f 1198/1198/1198 1197/1197/1197 1200/1200/1200
f 1201/1201/1201 1202/1202/1202 1203/1203/1203
f 1203/1203/1203 1204/1204/1204 1201/1201/1201
f 1205/1205/1205 1206/1206/1206 1207/1207/1207
f 1208/1208/1208 1207/1207/1207 1206/1206/1206
f 1209/1209/1209 1210/1210/1210 1211/1211/1211
f 1211/1211/1211 1212/1212/1212 1209/1209/1209
f 1213/1213/1213 1214/1214/1214 1215/1215/1215
f 1214/1214/1214 1216/1216/1216 1215/1215/1215
f 1217/1217/1217 1218/1218/1218 1219/1219/1219
f 1218/1218/1218 1217/1217/1217 1220/1220/1220
f 1221/1221/1221 1222/1222/1222 1223/1223/1223
f 1221/1221/1221 1223/1223/1223 1224/1224/1224
f 1225/1225/1225 1226/1226/1226 1227/1227/1227
f 1228/1228/1228 1226/1226/1226 1225/1225/1225
f 1227/1227/1227 1226/1226/1226 1229/1229/1229
f 1230/1230/1230 1231/1231/1231 1232/1232/1232
f 1233/1233/1233 1232/1232/1232 1231/1231/1231
f 1234/1234/1234 1235/1235/1235 1236/1236/1236
f 1234/1234/1234 1236/1236/1236 1237/1237/1237
f 1238/1238/1238 1239/1239/1239 1240/1240/1240
f 1240/1240/1240 1241/1241/1241 1238/1238/1238
f 1242/1242/1242 1243/1243/1243 1244/1244/1244
f 1245/1245/1245 1246/1246/1246 1247/1247/1247
f 1243/1243/1243 1246/1246/1246 1245/1245/1245
f 1248/1248/1248 1249/1249/1249 1250/1250/1250
f 1249/1249/1249 1248/1248/1248 1251/1251/1251
f 1252/1252/1252 1253/1253/1253 1254/1254/1254
f 1254/1254/1254 1255/1255/1255 1252/1252/1252
f 1256/1256/1256 1257/1257/1257 1258/1258/1258
f 1258/1258/1258 1259/1259/1259 1256/1256/1256
f 1260/1260/1260 1261/1261/1261 1262/1262/1262
f 1261/1261/1261 1260/1260/1260 1263/1263/1263
f 1260/1260/1260 1264/1264/1264 1263/1263/1263
f 1265/1265/1265 1266/1266/1266 1267/1267/1267
f 1266/1266/1266 1265/1265/1265 1268/1268/1268
f 1269/1269/1269 1270/1270/1270 1271/1271/1271
f 1270/1270/1270 1269/1269/1269 1272/1272/1272
f 1272/1272/1272 1269/1269/1269 1273/1273/1273
f 1272/1272/1272 1273/1273/1273 1274/1274/1274
f 1275/1275/1275 1276/1276/1276 1277/1277/1277
f 1276/1276/1276 1275/1275/1275 1278/1278/1278
f 1279/1279/1279 1280/1280/1280 1281/1281/1281
f 1280/1280/1280 1279/1279/1279 1282/1282/1282
f 1283/1283/1283 1284/1284/1284 1285/1285/1285
f 1284/1284/1284 1283/1283/1283 1286/1286/1286
f 1287/1287/1287 1288/1288/1288 1289/1289/1289
f 1289/1289/1289 1290/1290/1290 1287/1287/1287
f 1291/1291/1291 1292/1292/1292 1293/1293/1293
f 1292/1292/1292 1291/1291/1291 1294/1294/1294
f 1295/1295/1295 1296/1296/1296 1297/1297/1297
f 1296/1296/1296 1295/1295/1295 1298/1298/1298
f 1297/1297/1297 1296/1296/1296 1299/1299/1299
f 1300/1300/1300 1301/1301/1301 1302/1302/1302
f 1303/1303/1303 1302/1302/1302 1301/1301/1301
f 1304/1304/1304 1305/1305/1305 1306/1306/1306
f 1305/1305/1305 1304/1304/1304 1307/1307/1307
f 1307/1307/1307 1304/1304/1304 1308/1308/1308
f 1307/1307/1307 1308/1308/1308 1309/1309/1309
f 1310/1310/1310 1311/1311/1311 1312/1312/1312
f 1311/1311/1311 1310/1310/1310 1313/1313/1313
f 1314/1314/1314 1315/1315/1315 1316/1316/1316
f 1315/1315/1315 1314/1314/1314 1317/1317/1317
f 1318/1318/1318 1319/1319/1319 1320/1320/1320
f 1318/1318/1318 1320/1320/1320 1321/1321/1321
f 1322/1322/1322 1323/1323/1323 1324/1324/1324
f 1323/1323/1323 1322/1322/1322 1325/1325/1325
f 1326/1326/1326 1327/1327/1327 1328/1328/1328
f 1327/1327/1327 1326/1326/1326 1329/1329/1329
f 1330/1330/1330 1331/1331/1331 1332/1332/1332
f 1333/1333/1333 1330/1330/1330 1334/1334/1334
f 1330/1330/1330 1333/1333/1333 1331/1331/1331
f 1335/1335/1335 1336/1336/1336 1337/1337/1337
f 1335/1335/1335 1337/1337/1337 1338/1338/1338
f 1339/1339/1339 1340/1340/1340 1341/1341/1341
f 1341/1341/1341 1340/1340/1340 1342/1342/1342
f 1343/1343/1343 1339/1339/1339 1344/1344/1344
f 1340/1340/1340 1339/1339/1339 1343/1343/1343
f 1345/1345/1345 1346/1346/1346 1347/1347/1347
f 1346/1346/1346 1345/1345/1345 1348/1348/1348
f 1349/1349/1349 1350/1350/1350 1351/1351/1351
f 1350/1350/1350 1349/1349/1349 1352/1352/1352
f 1353/1353/1353 1354/1354/1354 1355/1355/1355
f 1353/1353/1353 1355/1355/1355 1356/1356/1356
f 1354/1354/1354 1357/1357/1357 1355/1355/1355
f 1355/1355/1355 1358/1358/1358 1356/1356/1356
f 1355/1355/1355 1357/1357/1357 1359/1359/1359
f 1360/1360/1360 1361/1361/1361 1362/1362/1362
f 1362/1362/1362 1363/1363/1363 1360/1360/1360
f 1364/1364/1364 1365/1365/1365 1366/1366/1366
f 1365/1365/1365 1364/1364/1364 1367/1367/1367
f 1368/1368/1368 1369/1369/1369 1370/1370/1370
f 1371/1371/1371 1370/1370/1370 1369/1369/1369
f 1372/1372/1372 1373/1373/1373 1374/1374/1374
f 1372/1372/1372 1375/1375/1375 1376/1376/1376
f 1376/1376/1376 1377/1377/1377 1372/1372/1372
f 1373/1373/1373 1372/1372/1372 1378/1378/1378
f 1375/1375/1375 1372/1372/1372 1374/1374/1374
f 1379/1379/1379 1380/1380/1380 1381/1381/1381
f 1380/1380/1380 1379/1379/1379 1382/1382/1382
f 1383/1383/1383 1384/1384/1384 1385/1385/1385
f 1384/1384/1384 1383/1383/1383 1386/1386/1386
f 1387/1387/1387 1388/1388/1388 1389/1389/1389
f 1390/1390/1390 1389/1389/1389 1388/1388/1388
f 1391/1391/1391 1392/1392/1392 1393/1393/1393
f 1392/1392/1392 1394/1394/1394 1393/1393/1393
f 1395/1395/1395 1396/1396/1396 1397/1397/1397
f 1398/1398/1398 1397/1397/1397 1396/1396/1396
f 1399/1399/1399 1400/1400/1400 1401/1401/1401
f 1400/1400/1400 1402/1402/1402 1401/1401/1401
f 1403/1403/1403 1404/1404/1404 1405/1405/1405
f 1404/1404/1404 1403/1403/1403 1406/1406/1406
f 1407/1407/1407 1408/1408/1408 1409/1409/1409
f 1408/1408/1408 1410/1410/1410 1409/1409/1409
f 1411/1411/1411 1412/1412/1412 1413/1413/1413
f 1411/1411/1411 1414/1414/1414 1415/1415/1415
f 1415/1415/1415 1416/1416/1416 1411/1411/1411
f 1412/1412/1412 1411/1411/1411 1417/1417/1417
f 1414/1414/1414 1411/1411/1411 1413/1413/1413
f 1418/1418/1418 1419/1419/1419 1420/1420/1420
f 1421/1421/1421 1420/1420/1420 1419/1419/1419
f 1422/1422/1422 1423/1423/1423 1424/1424/1424
f 1423/1423/1423 1422/1422/1422 1425/1425/1425
f 1426/1426/1426 1427/1427/1427 1428/1428/1428
f 1428/1428/1428 1429/1429/1429 1426/1426/1426
f 1430/1430/1430 1431/1431/1431 1432/1432/1432
f 1430/1430/1430 1432/1432/1432 1433/1433/1433
f 1431/1431/1431 1434/1434/1434 1432/1432/1432
f 1432/1432/1432 1435/1435/1435 1433/1433/1433
f 1432/1432/1432 1434/1434/1434 1436/1436/1436
f 1437/1437/1437 1438/1438/1438 1439/1439/1439
f 1438/1438/1438 1437/1437/1437 1440/1440/1440
f 1441/1441/1441 1442/1442/1442 1443/1443/1443
f 1442/1442/1442 1441/1441/1441 1444/1444/1444
f 1445/1445/1445 1446/1446/1446 1447/1447/1447
f 1445/1445/1445 1447/1447/1447 1448/1448/1448
f 1449/1449/1449 1450/1450/1450 1451/1451/1451
f 1451/1451/1451 1450/1450/1450 1452/1452/1452
f 1453/1453/1453 1454/1454/1454 1455/1455/1455
f 1453/1453/1453 1455/1455/1455 1456/1456/1456
f 1457/1457/1457 1458/1458/1458 1459/1459/1459
f 1459/1459/1459 1458/1458/1458 1460/1460/1460
f 1461/1461/1461 1462/1462/1462 1463/1463/1463
f 1462/1462/1462 1461/1461/1461 1464/1464/1464
f 1465/1465/1465 1466/1466/1466 1467/1467/1467
f 1467/1467/1467 1466/1466/1466 1468/1468/1468
